word_id,word,explanation
5001,trivial,"# trivial

## Meaning (easy English)

Something that is **trivial** is very small, not important, or not worth much attention. It doesn't have a big effect or significance.

You can use it to describe problems, details, differences, or concerns that are minor and don't matter very much.

⸻

## Nuance
*   **How it feels:** When you call something ""trivial,"" you are saying it's not serious or doesn't deserve much worry or effort. It often suggests that something is easy to solve or ignore.
*   **When it is used:** It's often used to downplay a problem or a detail, or to compare something small to something much larger or more important.
*   **Formality:** It is a standard word, neither very formal nor very informal. You can use it in everyday conversation and in more formal writing.

If someone says ""that's trivial,"" they mean ""don't worry about it"" or ""it's not a big deal.""

⸻

## Example sentences
*   Please don't waste time arguing over such **trivial** details; let's focus on the main goal.
*   The mistake in her report was so **trivial** that no one even noticed it.
*   Compared to the global challenges we face, my personal worries often feel **trivial**.

⸻

## Synonyms (with short notes about the differences)
*   **unimportant** — A direct synonym, meaning ""not important."" It's very similar to trivial, but ""trivial"" can sometimes emphasize the *smallness* of something more.
*   **minor** — Means small in amount, degree, or significance. Often used for problems, injuries, or differences that are not serious. ""Trivial"" can be a bit stronger in suggesting something is almost worthless of attention.
*   **insignificant** — Means not important or large enough to be worth considering. It emphasizes a lack of impact or meaning. ""Trivial"" and ""insignificant"" are very close in meaning.
*   **petty** — Often used for small, unimportant things, especially complaints or arguments. However, ""petty"" often carries a negative feeling, suggesting someone is being overly concerned with minor things in a mean or narrow-minded way (e.g., ""petty arguments,"" ""a petty person""). ""Trivial"" doesn't usually have this negative judgment about the person."
5002,misunderstanding,"# misunderstanding

## Meaning (easy English)

A **misunderstanding** happens when someone does not correctly understand what another person means, or when they interpret a situation or information in the wrong way. It means you thought one thing, but the truth or the other person's intention was different.

This can cause confusion, small problems, or disagreements because people are not on the same page.

⸻

## Nuance
*   Often describes an honest mistake or a simple communication problem, not an intentional lie or bad action.
*   It's a common word used in everyday life, in relationships, at work, or when people are talking.
*   Can be used to explain why a small problem or disagreement happened, often to reduce tension (""It was just a misunderstanding"").
*   It's a neutral word, not very formal or informal.

⸻

## Example sentences
*   I think there's been a **misunderstanding** about the meeting time; I thought it was at 10 AM, but you said 11 AM.
*   The argument was just a **misunderstanding**; she thought I was angry, but I was just tired.
*   To avoid any **misunderstanding**, let me repeat the instructions clearly one more time.

⸻

## Synonyms (with short notes about the differences)
*   **Misconception** — A wrong idea or belief, often shared by many people, about a fact or concept. (A misunderstanding is usually a specific event, while a misconception is a general wrong belief.)
*   **Mistake** — A wrong action, decision, or judgment. (A misunderstanding is about not understanding correctly; it can *cause* a mistake, but it's not the mistake itself.)
*   **Confusion** — A state of not being clear or not understanding what is happening. (Confusion is a feeling or a condition of being unclear, while a misunderstanding is the specific event of interpreting something incorrectly.)
*   **Misinterpretation** — When you understand the meaning of something (like words, actions, or data) in the wrong way. (Very similar to misunderstanding, but often focuses more on analyzing or explaining something wrongly, rather than a general communication breakdown.)"
5003,hostility,"# hostility

## Meaning (easy English)

Hostility is a strong feeling of unfriendliness or opposition towards someone or something. It can also describe aggressive or unfriendly behavior.
When there is hostility, people might feel angry, dislike each other deeply, or be ready to argue or fight.

⸻

## Nuance
    •	Hostility describes a negative and often aggressive attitude or feeling. It's stronger than just ""dislike"" or ""being annoyed.""
    •	It can be a hidden feeling, or it can be shown through unfriendly words, actions, or even a tense atmosphere.
    •	It often suggests a readiness for conflict or disagreement, rather than just a simple difference of opinion.
    •	It can exist between individuals, groups, or even countries.

If you sense hostility, it means there's a strong negative energy or potential for conflict in a situation.

⸻

## Example sentences
    •	There was a lot of **hostility** between the two rival teams before the match.
    •	The new manager faced some **hostility** from employees who were unhappy with the changes.
    •	He tried to hide his **hostility** towards his colleague, but his tone of voice gave him away.

⸻

## Synonyms (with nuance)
    •	**Anger** — a strong emotion of displeasure; hostility is a more sustained *attitude* or *readiness* to act on that anger. Anger can be a quick reaction, while hostility is often a deeper feeling.
    •	**Aggression** — refers more to the *behavior* itself (attacking, fighting, or pushing limits); hostility is the *feeling* or *attitude* that can lead to aggression.
    •	**Antipathy** — a deep-seated feeling of dislike or aversion; similar to hostility, but antipathy might be more passive (just strongly disliking), while hostility often implies a more active opposition or readiness for conflict.
    •	**Enmity** — a state of being an enemy; a very deep and lasting hatred, often mutual. Hostility can be a sign or expression of enmity, which is usually a more fundamental and long-term state.
    •	**Unfriendliness** — a milder form of not being friendly. Hostility is a much stronger and often more active form of unfriendliness, usually with a sense of opposition or potential for aggression."
5004,accumulate,"# accumulate

## Meaning (easy English)

To ""accumulate"" means to slowly gather or collect more and more of something over a period of time, so that the total amount becomes larger. It often describes a gradual increase.

You can accumulate physical things (like money or objects) or non-physical things (like knowledge, experience, or debt).

⸻

## Nuance
*   **Process:** ""Accumulate"" usually describes a gradual process, not something that happens suddenly. It suggests things building up steadily.
*   **Usage:** It can be used in both positive ways (e.g., accumulating wealth, knowledge) and negative ways (e.g., accumulating dust, debt, problems).
*   **Formality:** It is a standard verb, neither very formal nor very informal, suitable for most contexts.

⸻

## Example sentences
*   She hopes to **accumulate** enough money to buy a house in the next few years.
*   Over the years, he has **accumulated** a lot of valuable experience in his field.
*   If you don't clean regularly, dust will quickly **accumulate** on the furniture.

⸻

## Synonyms (with nuance)
*   **Gather** — More general; can be quick or slow, and often means bringing things together from different places (e.g., ""gather information,"" ""gather your belongings""). ""Accumulate"" specifically implies a growing amount.
*   **Collect** — Often implies a purpose or choice, usually for specific items or data (e.g., ""collect stamps,"" ""collect data for a report""). ""Accumulate"" focuses on the *increase* of the total.
*   **Build up** — Very similar to ""accumulate,"" often used as a phrasal verb. It can sound a bit more natural in some everyday contexts and emphasizes the process of increasing (e.g., ""build up strength,"" ""build up a good reputation"").
*   **Amass** — Often implies gathering a very large quantity, sometimes quickly or with great effort. It sounds a bit more formal or powerful than ""accumulate"" (e.g., ""amass a fortune,"" ""amass an army"")."
5005,tourism,"# tourism

## Meaning (easy English)

**Tourism** is the activity of traveling to places for pleasure or business, often for a short time.
It also refers to the entire industry that provides services for these travelers, such as hotels, airlines, restaurants, and tour guides.
When people go on vacation or visit new cities and countries, they are participating in tourism.

⸻

## Nuance
*   **Tourism** is a broad term that covers both the act of traveling for leisure and the business side of providing services for those travelers.
*   It is a neutral, standard word, used in everyday conversation and in formal contexts like news or business reports.
*   It often implies visiting new places, experiencing different cultures, relaxing, or seeing famous sights.
*   The word can be used to discuss the positive effects (like creating jobs and bringing money to a region) or negative effects (like overcrowding or environmental damage) that travel can have on a place.

⸻

## Example sentences
*   Many countries rely heavily on **tourism** to support their economy.
*   The city's **tourism** board launched a new campaign to attract more international visitors.
*   Eco-**tourism**, which focuses on visiting natural areas responsibly, is becoming increasingly popular.

⸻

## Synonyms (with nuance)
*   **Travel** — This is a more general word that means moving from one place to another. It can be for any reason (work, family, pleasure), while **tourism** specifically means travel for pleasure or business *as a visitor*.
*   **Vacation/Holiday** — These words refer to a period of time when someone stops working or studying to rest or travel for pleasure. **Tourism** describes the *activity* or *industry* related to what people do during these trips.
*   **Sightseeing** — This is the activity of visiting interesting places and famous sights, especially as a tourist. **Sightseeing** is a *part* of **tourism**, but **tourism** includes all aspects of the visit, not just seeing sights.
*   **Trip/Journey** — These words refer to a single instance of traveling from one place to another. **Tourism** is the overall concept of such travel and the industry around it, not just one specific journey."
5006,boom,"# boom

## Meaning (easy English)

""Boom"" has two main meanings:

1.  **A loud, deep sound:** It is a sudden, strong, low sound, like thunder or an explosion.
2.  **A period of rapid growth or success:** It describes a time when something (like an economy, an industry, or a population) grows very quickly and becomes very successful. It can also be used as a verb to mean ""to grow quickly and successfully.""

⸻

## Nuance
*   **For the sound:** It emphasizes a sudden, powerful, and often startling deep noise.
*   **For growth/success:** It suggests a rapid, energetic, and often exciting increase or development. It implies a very positive and active period.
*   **Formality:** Generally neutral. It's commonly used in everyday conversation, news, and business reports. It's a strong, direct word.

⸻

## Example sentences
*   We heard a loud **boom** of thunder, and then it started to rain heavily.
*   The city is experiencing a housing **boom** because so many new people are moving here.
*   After the new software became popular, the company's business really began to **boom**.

⸻

## Synonyms (with short notes about the differences)
*   **For the sound:**
    *   **Bang** — often a sharper, shorter, and less deep sound (e.g., a door bang).
    *   **Crash** — usually implies a violent impact or breaking (e.g., a car crash).
    *   **Rumble** — a continuous, low, deep sound, often less sudden (e.g., distant thunder rumbling).
*   **For rapid growth/success:**
    *   **Growth** — more general; can be slow or fast, positive or negative. ""Boom"" specifically means *rapid* and *positive* growth.
    *   **Surge** — a sudden, strong increase, often temporary or short-lived (e.g., a surge in demand).
    *   **Expansion** — increasing in size, volume, or scope, often planned and continuous. ""Boom"" implies more dramatic and often less controlled speed.
    *   **Upturn** — a positive change or improvement, especially in an economy or business, but ""boom"" suggests a much stronger and faster positive change."
5007,unsteady,"# unsteady

## Meaning (easy English)

When something or someone is **unsteady**, it means they are not firm, stable, or balanced. They might be shaking, wobbling, or in danger of falling.

It can describe:
*   **Physical things:** like a table that shakes, or a person who is having trouble walking.
*   **Non-physical things:** like a situation that is not stable, or a voice that is shaking with emotion.

⸻

## Nuance
    •	**Lack of balance/firmness:** The word often suggests a temporary lack of control or stability.
    •	**Feeling of risk:** It can imply a risk of falling, breaking, or changing quickly.
    •	**Common uses:**
        *   **Physical state:** A person might be unsteady after an illness, injury, or from being tired or nervous.
        *   **Objects:** An old chair, a ladder, or a bridge can be unsteady.
        *   **Abstract situations:** A relationship or a market can be described as unsteady if it's not stable or predictable.
        *   **Emotions:** A person's voice or hands can be unsteady when they are very emotional (sad, nervous, angry).
    •	**Formality:** It's a neutral word, commonly used in everyday conversation and writing.

⸻

## Example sentences
    •	After the long flight, his legs felt a little **unsteady** when he stood up.
    •	The old wooden bridge looked **unsteady**, so we decided to find another way across.
    •	Her voice was **unsteady** as she tried to thank everyone, showing how emotional she was.

⸻

## Synonyms (with short notes about the differences)
    •	**Shaky** — Very similar to unsteady, especially when something is trembling or vibrating slightly. Often used for hands or voices.
    •	**Wobbly** — Describes something that moves from side to side because it's not firmly fixed. Often used for objects like furniture.
    •	**Unstable** — A more general word. It means not firm, not likely to last, or easily broken. Can describe physical things, situations, or even people's emotions. It often suggests a greater risk or unpredictability.
    •	**Faltering** — Means losing strength, confidence, or momentum. Often describes steps, actions, or speech that start to weaken or hesitate."
5008,jolly,"# jolly

## Meaning (easy English)

""Jolly"" means very happy, cheerful, and full of fun. When someone is jolly, they usually show their happiness in an open, warm, and friendly way, often with a smile or a laugh.

It can describe a person, an event, or a general feeling.

⸻

## Nuance
*   **How it feels:** ""Jolly"" sounds warm, hearty, and good-natured. It often suggests a cheerful person who is friendly and enjoys life. It's a more traditional or slightly old-fashioned word for happiness, especially linked to holidays and celebrations.
*   **When it's used:**
    *   It is very common when talking about Christmas or festive times (e.g., ""Jolly Old Saint Nicholas"").
    *   It describes people who are consistently cheerful and good-humored, sometimes with a slightly robust or plump appearance.
    *   It's less common in everyday modern conversation to describe general happiness, but it is still easily understood and used for its specific warm feeling.
*   **Formality:** It is informal and friendly.

⸻

## Example sentences
*   Santa Claus is always shown as a **jolly** man with a big belly and a hearty laugh.
*   We had a **jolly** time singing carols and exchanging gifts at the Christmas party.
*   Her **jolly** personality made her popular with all the children in the neighborhood.

⸻

## Synonyms (with short notes about the differences)
*   **Happy:** This is the most general word for feeling good. ""Jolly"" is a specific, more enthusiastic and often outwardly expressed kind of happiness.
*   **Cheerful:** Similar to ""jolly,"" meaning positive and in good spirits. ""Cheerful"" can be quieter and more consistent, while ""jolly"" often suggests more outward, boisterous fun.
*   **Merry:** Very close to ""jolly,"" especially used for celebrations and festive occasions (e.g., ""Merry Christmas""). ""Merry"" often implies a lively, celebratory happiness.
*   **Joyful:** This suggests a deeper, often more profound or spiritual feeling of happiness, which can be less about outward fun and more about inner contentment.
*   **Glad:** This is a simpler feeling of happiness, usually about a specific event or piece of news (e.g., ""I'm glad you came""). It's less about a general personality or a boisterous mood."
5009,brighten,"# brighten

## Meaning (easy English)

To ""brighten"" means to make something **lighter** or **more colorful**. It can also mean to make someone **happier** or a situation **more hopeful**.

It suggests an increase in light, color, or positive feeling.

⸻

## Nuance
*   **Positive feeling:** ""Brighten"" always carries a positive feeling. It implies an improvement in mood, appearance, or outlook.
*   **Versatile:** It can be used for physical things (like a room or the sky) or for abstract things (like a person's mood or future prospects).
*   **Common and neutral:** It is a common word used in everyday conversation and writing. It is not overly formal or informal.
*   **Often used with ""up"":** You will often hear ""brighten up"" which means the same thing, often with a sense of completion or improvement.

⸻

## Example sentences
*   The colorful flowers really **brighten** the garden.
*   Her kind words helped to **brighten** my day after a difficult morning.
*   We hope the new economic policies will **brighten** the country's future.

⸻

## Synonyms (with short notes about the differences)
*   **Lighten:** Very similar, especially when talking about making something less dark. However, ""lighten"" can also mean to make something less heavy, which ""brighten"" does not.
*   **Cheer up:** Specifically means to make someone feel happier. ""Brighten"" can apply to things, situations, or a general atmosphere, not just a person's mood.
*   **Illuminate:** More formal, usually means to light up something clearly, often for visibility or understanding. ""Brighten"" is about increasing the *level* of light or happiness, not just making something visible.
*   **Liven (up):** To make something more lively, active, or interesting. Similar to brightening a mood or atmosphere, but focuses more on energy and excitement."
5010,depressed,"# depressed

## Meaning (easy English)

If someone is **depressed**, they feel a very deep sadness and unhappiness that lasts for a long time, not just a few hours or a day. This feeling is much stronger than just being 'sad' and can affect their daily life.

A person who is depressed might also:
*   Feel very tired and have little energy.
*   Lose interest in activities they usually enjoy.
*   Have trouble sleeping or sleep too much.
*   Feel hopeless or worthless.

""Depressed"" can also refer to a serious medical condition called ""clinical depression,"" which often needs help from a doctor or therapist.

⸻

## Nuance
*   **Intensity:** It's a much stronger and deeper feeling of sadness than simply ""sad"" or ""unhappy."" It suggests a more profound emotional state.
*   **Duration:** It strongly implies the feeling has lasted for a significant period (weeks or months), not just a moment or a day.
*   **Seriousness:** It often implies a significant struggle that affects daily life, and it can refer to a serious mental health condition.
*   **Usage:** People use ""depressed"" to describe their own strong feelings (""I feel depressed"") or to refer to someone who has been medically diagnosed (""She is clinically depressed"").
*   **Formality:** It's a common word in everyday language, neither very formal nor informal. However, because it describes a serious state, people usually use it with care and empathy.

⸻

## Example sentences
*   After losing his job, he felt very **depressed** for a few months and didn't want to see anyone.
*   If you're feeling **depressed** for a long time, it's important to talk to a doctor or a trusted friend.
*   She was so **depressed** that she found it hard to get out of bed in the morning and lost her appetite.

⸻

## Synonyms (with short notes about the differences)
*   **Sad:** This is a general feeling of unhappiness; it's less intense and usually much shorter than being depressed.
*   **Unhappy:** Similar to 'sad', but also less intense and usually not as long-lasting as 'depressed'.
*   **Down:** This is an informal way to say you feel a bit sad or low, often for a short time. It's much milder than 'depressed'.
*   **Miserable:** Feeling extremely unhappy or uncomfortable, usually because of a specific bad situation or condition. It's intense but doesn't necessarily imply the long-term, deep emotional state or medical condition of 'depressed'."
5011,symbolic,"# symbolic

## Meaning (easy English)

When something is **symbolic**, it means it represents or stands for something else, often a bigger idea, feeling, or quality, rather than just being its literal self. It has a deeper meaning beyond what it physically is.

For example, a heart shape is not a real heart, but it is **symbolic** of love.

⸻

## Nuance
*   It suggests that something is more than just its physical form; it carries a special message or idea.
*   Often used when talking about art, literature, culture, history, or important actions and gestures.
*   It can describe objects (like a flag), actions (like a protest), colors (like red for danger), or even sounds.
*   The word itself is quite standard and not overly formal, but the concept it describes often relates to significant or meaningful things.

⸻

## Example sentences
*   The wedding ring is **symbolic** of eternal love and commitment between two people.
*   Raising the flag was a **symbolic** act to show their national pride, even if it didn't change anything immediately.
*   In many cultures, the color white is **symbolic** of purity and new beginnings.

⸻

## Synonyms (with short notes about the differences)
*   **Representative** (adjective): Directly means ""serving to represent something."" This is very close, but ""symbolic"" often implies a deeper, more abstract, or culturally recognized meaning, while ""representative"" can be more literal (e.g., ""a representative sample of the product"").
*   **Emblematic** (adjective): Means serving as an emblem; a perfect or typical example of a quality or idea. It often suggests a strong, defining representation that is widely recognized (e.g., ""The lion is emblematic of courage"").
*   **Suggestive (of)** (adjective): Means bringing an idea, image, or feeling to mind without explicitly stating it. Similar in that it hints at a deeper meaning, but ""symbolic"" is more about direct representation, while ""suggestive"" is more about indirect hinting (e.g., ""The music was suggestive of a coming storm"")."
5012,unconscious,"# unconscious

## Meaning (easy English)

1.  **Not awake or aware:** This is the most common meaning. If someone is unconscious, they are not awake and cannot see, hear, feel, or think. This usually happens because of an injury, illness, or shock.
2.  **Not aware of something you are doing or feeling:** This refers to thoughts, feelings, or actions that happen in your mind without you knowing or realizing them.

⸻

## Nuance
*   When used for a person (meaning 1), ""unconscious"" sounds serious. It often suggests a medical emergency, an accident, or a temporary loss of awareness (like fainting). It's not the same as sleeping.
*   When used for actions or thoughts (meaning 2), it suggests something is happening automatically or hidden in your mind, influencing you without you actively thinking about it. For example, an ""unconscious habit"" is something you do without noticing.
*   The word itself is generally neutral in formality, but the situations it describes are often serious or clinical.

⸻

## Example sentences
*   After the car accident, the driver was found **unconscious** and was immediately taken to the hospital.
*   She hit her head hard and was **unconscious** for a few minutes before slowly waking up.
*   He made an **unconscious** gesture of nervousness, like tapping his foot, even though he felt calm.

⸻

## Synonyms (with short notes about the differences)
*   **Fainted / Passed out** (verbs): These describe the *action* of suddenly losing consciousness for a short time, usually because of shock, pain, or lack of blood to the brain. ""Unconscious"" is the *state* someone is in after fainting.
*   **Asleep:** This is a natural, healthy state of rest where your body recovers. Being ""unconscious"" is usually caused by something negative (like an injury or illness) and is not a natural rest.
*   **Comatose:** This describes a very deep and long-lasting state of unconsciousness, often due to severe brain injury or illness. It is more serious and prolonged than being simply ""unconscious.""
*   **Unaware:** This means you don't know about something. It's similar to the second meaning of ""unconscious"" (not knowing something in your mind), but ""unaware"" often means you just haven't been told or haven't noticed, rather than an automatic or hidden mental process."
5013,correspond,"# correspond

## Meaning (easy English)

""Correspond"" has two main meanings:

1.  **To match or be very similar to something else.** This means two things fit together, agree, or are consistent.
    *   *Example:* The description *corresponds* to what we saw.
2.  **To communicate with someone by exchanging letters or emails.** You send messages to each other, often over a period of time.
    *   *Example:* They *corresponded* for years.

⸻

## Nuance
*   **Formality:** It's a moderately formal word. For the first meaning, ""match"" or ""agree"" are more common in everyday speech. For the second meaning, ""write to each other"" or ""exchange emails"" are more common.
*   **When it's used:**
    *   For the ""match/agree"" meaning, it's often used in academic, professional, or analytical situations (e.g., comparing data, reports, descriptions, or expectations).
    *   For the ""communicate"" meaning, it suggests a regular exchange of written messages, often over a distance or for a long time.
*   **How it feels:** Precise, professional, and slightly formal.

⸻

## Example sentences
*   The colors on the map **correspond** to different types of land, like forests or water.
*   The company's sales figures did not **correspond** with their initial predictions for the year.
*   My pen pal and I have been **corresponding** by email for over five years, sharing news and stories.

⸻

## Synonyms (with short notes about the differences)
*   **match** (verb): More common and less formal. Often means an exact fit or agreement.
*   **agree** (verb): Similar to ""match,"" often used for ideas, opinions, or data that are consistent.
*   **relate** (verb): To have a connection or relationship with something. ""Correspond"" often implies a stronger similarity or direct link.
*   **communicate by letter/email** (phrase): This is the everyday way to say the second meaning of ""correspond."" ""Correspond"" is a single, more formal verb."
5014,bodily,"# bodily

## Meaning (easy English)

""Bodily"" means relating to a person's physical body, or involving the body itself. It focuses on the physical aspect of a person, not their mind, feelings, or spirit.

You use ""bodily"" when you are talking about things that affect the body, actions done by the body, or needs of the body.

⸻

## Nuance
*   **Focus on the physical organism:** ""Bodily"" emphasizes the body as a living system. It often distinguishes physical aspects from mental or emotional ones.
*   **Context:** It's frequently used in more specific or formal contexts, such as medical discussions (""bodily functions,"" ""bodily fluids"") or legal terms (""bodily harm,"" ""bodily injury"").
*   **Less common in casual speech:** While understandable, ""physical"" is generally more common in everyday conversation. ""Bodily"" can sound a bit more formal or clinical.

If you hear ""bodily,"" think of something directly connected to or affecting the human (or animal) physical form.

⸻

## Example sentences
*   We all have basic **bodily** needs, such as food, water, and sleep.
*   The athlete showed impressive **bodily** control and flexibility during the performance.
*   Thankfully, the accident caused him no serious **bodily** injury, only a few minor bruises.

⸻

## Synonyms (with short notes about the differences)
*   **Physical:** This is the most common and general word. ""Physical"" can refer to anything related to the material world (e.g., a physical object) or to the body. ""Bodily"" is *always* about the living body specifically.
    *   *Example:* ""Physical exercise"" (general activity) vs. ""bodily movements"" (specific actions of the body).
*   **Corporeal:** More formal and less common. ""Corporeal"" is often used to mean ""having a body"" or ""of the body,"" especially when contrasting with things that are spiritual or non-physical.
    *   *Example:* Some religions believe in a spirit that exists separately from the corporeal (bodily) form."
5015,beneficial,"# beneficial

## Meaning (easy English)

Something that is **beneficial** has a good effect or result. It means that it helps you, improves a situation, or is good for someone or something.

For example, if something is beneficial, it brings an advantage or a positive outcome.

⸻

## Nuance
*   **How it feels:** Positive, helpful, and implies that something brings an advantage or an improvement. It suggests a positive impact.
*   **When it is used:** Often used when talking about health, education, business decisions, policies, or actions that have a good effect. You use it to explain *why* something is good.
*   **Formality:** It's a standard adjective, suitable for both formal and informal situations, but it sounds more considered and precise than simply ""good.""

⸻

## Example sentences
*   Regular exercise is very **beneficial** for your physical and mental health.
*   Learning a second language can be **beneficial** for your career opportunities.
*   The new recycling program proved **beneficial** for the local environment.

⸻

## Synonyms (with short notes about the differences)
*   **Helpful** — More general; often means giving direct assistance or making something easier. ""Beneficial"" focuses more on the overall positive *outcome* or *effect*.
*   **Advantageous** — Very similar; emphasizes giving an advantage, often in a competitive or strategic way.
*   **Useful** — Focuses on practical value and serving a purpose. Something can be useful (like a tool), and its *use* might be beneficial.
*   **Good (for)** — Much simpler and less formal; a very general term. ""Beneficial"" explains *how* something is good (by having a positive effect)."
5016,deepen,"# deepen

## Meaning (easy English)

To ""deepen"" means to make something **more deep**. This can be in two main ways:

1.  **Physically deeper**: To make a hole, a river, or a color go further down or become darker/more intense.
2.  **More intense or serious**: To make feelings, relationships, knowledge, or problems stronger, more profound, or more severe.

## Nuance
*   ""Deepen"" can be used for both physical things (like a swimming pool or a color) and abstract things (like a friendship, your understanding, or a crisis).
*   It often suggests a **gradual process** of becoming more profound, intense, or serious over time.
*   The word itself is **neutral** in formality and can be used in many different situations, from everyday talk to academic discussions.
*   It can have a **positive meaning** (e.g., deepening a friendship, deepening understanding) or a **negative meaning** (e.g., deepening a crisis, deepening a wound).

## Example sentences
*   The workers used special machines to **deepen** the harbor so larger ships could enter.
*   Reading different books on the same topic can help you **deepen** your understanding of it.
*   Their shared experience during the difficult project helped to **deepen** their professional relationship.

## Synonyms (with short notes about the differences)
*   **Intensify** — To make something stronger or more extreme, often referring to feelings, qualities, or situations. ""Deepen"" can be similar but often implies going *further into* something, making it more profound.
    *   *Example:* The storm **intensified** (became stronger). The mystery **deepened** (became more complex/serious).
*   **Strengthen** — To make something more powerful, firm, or secure. While you can ""strengthen a relationship,"" ""deepen a relationship"" often suggests more intimacy, understanding, or emotional connection.
    *   *Example:* We need to **strengthen** our team's communication.
*   **Worsen** — To make a bad situation or problem more severe or serious. This is specifically for negative situations, whereas ""deepen"" can be neutral or positive.
    *   *Example:* The patient's condition **worsened**.
*   **Enrich** — To improve the quality or value of something, often by adding something extra or making it more complex. Similar to deepening understanding, but ""enrich"" can also imply broadening knowledge or making life more fulfilling.
    *   *Example:* Traveling can **enrich** your life experiences."
5017,cooperative,"# cooperative

## Meaning (easy English)

When someone or something is **cooperative**, it means they are willing to work with others and help them achieve a shared goal. It describes a person, a group, or an action that shows a good attitude towards working together.

They are ready to listen, share, and contribute positively to a common effort.

⸻

## Nuance
*   **How it feels:** Positive, friendly, and constructive. It suggests a good spirit of teamwork and mutual support.
*   **When it's used:** Often used to describe people in a team, students in a group project, or different organizations working together. It can also describe a general attitude or atmosphere.
*   **Formality:** It's a common word, suitable for most situations – from daily conversations to business reports. It's not too formal or informal.

If someone is described as ""cooperative,"" it means they are easy to work with and contribute positively to a group's efforts.

⸻

## Example sentences
*   The new team member is very **cooperative**; she always offers to help with tasks.
*   For the project to succeed, we need a more **cooperative** effort from everyone involved.
*   The children were surprisingly **cooperative** during the long car journey, playing together quietly.

⸻

## Synonyms (with nuance)
*   **Helpful** — Means willing to give assistance or aid. ""Cooperative"" is about *working together* towards a goal, while ""helpful"" is more about *providing assistance* to someone. (e.g., A helpful person might carry your bags. A cooperative person would work with you to plan the trip.)
*   **Collaborative** — Means working together, especially on a creative or intellectual project. ""Collaborative"" often implies a more active, equal partnership in creating something new. ""Cooperative"" can be simpler, just about getting along and doing tasks together. (e.g., Artists have a collaborative project. Students are cooperative when sharing notes.)
*   **Accommodating** — Means willing to adjust or make things easier for someone else. ""Cooperative"" is about sharing effort, while ""accommodating"" is more about being flexible to suit others' needs or wishes. (e.g., An accommodating host makes sure guests are comfortable. A cooperative team member shares the workload.)
*   **Supportive** — Means providing encouragement, help, or approval. ""Supportive"" focuses on emotional or practical backing. ""Cooperative"" is more about actively participating *with* others in a task. (e.g., A supportive friend listens to your problems. A cooperative friend helps you move house.)"
5018,multimedia,"# multimedia

## Meaning (easy English)

**Multimedia** means using many different types of media together to present information or create something. These types of media can include text, pictures, sound (audio), video, and animation.

It's about combining these elements, often on a computer or digital device, to make content richer, more interesting, and easier to understand.

⸻

## Nuance
*   Sounds modern, technological, and often implies a richer, more engaging experience than just text or pictures alone.
*   Commonly used to describe digital content, educational materials, presentations, websites, and software.
*   It emphasizes the *combination* of different ways to share information, making it more dynamic.
*   It's a neutral term in terms of formality, widely used in both professional and everyday conversations related to technology and communication.

⸻

## Example sentences
*   The online course uses a lot of **multimedia**, like videos and interactive quizzes, to help students learn effectively.
*   Our new website features rich **multimedia** content, including photo galleries and podcasts, to attract visitors.
*   She created a fantastic **multimedia** presentation with music, animations, and text to explain her project to the class.

⸻

## Synonyms (with short notes about the differences)
*   **Rich media** — Very similar, often used interchangeably, especially in web and advertising. It usually means content that includes video, sound, and often interactive features, emphasizing its advanced and engaging nature.
*   **Audiovisual (AV)** — This term refers specifically to things that combine sound (audio) and pictures/video (visual). Multimedia is broader because it also includes text, animation, and other forms of media in addition to audio and video.
*   **Digital content** — A very general term for any information stored digitally (on computers, phones, etc.). Multimedia is a specific *type* of digital content that combines different forms of media."
5019,diminish,"# diminish

## Meaning (easy English)

To **diminish** means to make something smaller or less. It can also mean for something to become smaller or less itself.

This can apply to:
*   **Size or amount:** For example, the amount of water in a glass.
*   **Strength or intensity:** For example, the strength of a pain or the brightness of a light.
*   **Importance or value:** For example, someone's confidence or the value of an idea.

⸻

## Nuance
*   ""Diminish"" often suggests a **gradual** process of becoming smaller or weaker, rather than a sudden one.
*   It can be used for both physical things (like light, sound, or supplies) and abstract things (like hope, fear, or value).
*   It is a **slightly more formal** word than ""reduce"" or ""decrease,"" but it is still commonly used in everyday language, especially when talking about things becoming weaker or fading away.
*   It can sometimes carry a negative feeling, implying a loss or decline.

⸻

## Example sentences
*   The pain in my knee began to **diminish** after I took the medicine.
*   We need to find ways to **diminish** the amount of plastic waste in our oceans.
*   His confidence had **diminished** after he failed the exam several times.

⸻

## Synonyms (with short notes about the differences)
*   **Reduce** — This is the most common and general word for making something smaller or less. It can be used in almost any situation.
*   **Decrease** — Very similar to ""reduce,"" often used specifically for numbers, amounts, or levels that can be measured (e.g., ""The temperature decreased"").
*   **Lessen** — Means to make something less severe, strong, or important. It is very close in meaning to ""diminish,"" especially when talking about feelings or problems.
*   **Shrink** — Usually means to become physically smaller, often due to heat, cold, or washing (e.g., ""My sweater shrunk in the wash"").
*   **Wane** — Means to gradually become weaker, smaller, or less important over time. It often implies a slow fading away, like the moon waning or enthusiasm waning."
5020,obstacle,"# obstacle

## Meaning (easy English)

An obstacle is something that makes it difficult for you to move forward or achieve a goal. It can be a physical object blocking your path, or a problem or difficulty that prevents progress.

Think of it as something that stands in your way.

⸻

## Nuance
*   ""Obstacle"" often suggests something you need to overcome, remove, or find a way around to continue.
*   It implies a challenge that needs to be solved or dealt with.
*   It's a common word, not too formal or informal, and can be used in many situations, from daily life to bigger projects or personal struggles.
*   It usually has a negative feeling because it represents a difficulty.

⸻

## Example sentences
*   The fallen tree created a huge **obstacle** on the road, so we had to drive a different way.
*   Lack of funding was the biggest **obstacle** for the scientists to continue their research.
*   Despite facing many **obstacles** in her career, she eventually became a very successful artist.

⸻

## Synonyms (with nuance)
*   **Barrier** — Often a physical structure that blocks entry or passage (e.g., a fence, a wall). It can also be abstract, like a ""language barrier."" Similar to an obstacle, but often implies a more complete block or separation.
*   **Hindrance** — Something that slows down or makes progress more difficult, but doesn't necessarily stop it completely. It's less about a physical block and more about making things slower or harder.
*   **Challenge** — A difficult task or situation that tests your abilities. This word often has a more positive feeling than ""obstacle,"" as it's something you can learn from or grow by overcoming.
*   **Difficulty** — A general word for a problem or a situation that is hard to deal with. It's a broader term than ""obstacle."""
5021,completion,"# completion

## Meaning (easy English)

**Completion** means the act of finishing something, or the state of something being finished. It is when a task, project, or process has reached its end and is entirely done.

⸻

## Nuance
*   **Sounds official and final**: ""Completion"" suggests that all necessary steps have been taken and nothing more needs to be done.
*   **Often used for tasks, projects, or processes**: You'll hear it for things like building projects, academic studies, official forms, or important tasks that require effort.
*   **More formal than ""finish""**: While ""finish"" is a very common and general word, ""completion"" is often used in more formal or professional contexts. For example, you might talk about ""the completion of a building project"" rather than ""the finish of a building project.""

If you hear ""completion,"" you can imagine a definite end to something that required effort or a series of steps.

⸻

## Example sentences
*   The team celebrated the successful **completion** of the new software.
*   Students receive their certificates upon the **completion** of the course.
*   We need to ensure all documents are signed before the **completion** of the sale.

⸻

## Synonyms (with short notes about the differences)
*   **finish** — The most common and general word for ending something. Can be less formal than ""completion."" (e.g., ""I finished my homework."")
*   **end** — Can mean the final part of something, or the point where something stops. Very general. (e.g., ""The end of the movie."")
*   **conclusion** — Often used for the formal end of an event, discussion, or report. It can also mean the final decision or summary. (e.g., ""The meeting came to a conclusion."")
*   **accomplishment** — Focuses on the *achievement* of finishing something important or difficult, emphasizing success and effort. (e.g., ""Building the bridge was a great accomplishment."")
*   **termination** — A more formal word for ending something, often officially or abruptly, especially for contracts, employment, or processes. (e.g., ""The termination of the contract."")"
5022,objection,"# objection

## Meaning (easy English)

An ""objection"" is a statement or a reason that shows you disagree with something, or you disapprove of it, or you think it is wrong. It is often used when someone presents an idea, a plan, or a statement, and you want to express your opposition or concern with a specific reason.

⸻

## Nuance
*   **Formal and Serious:** ""Objection"" sounds more formal and serious than simply saying ""I don't agree."" It strongly implies that you have a specific reason or argument against something.
*   **Legal/Debate Context:** It is very common in formal settings like legal courtrooms or debates, where people formally state their opposition to a point, action, or statement.
*   **Expressing a Problem:** It can also be used to express a strong problem or concern you have about a plan or proposal.
*   If you hear ""objection,"" it suggests a formal disagreement that usually comes with a clear, stated reason.

⸻

## Example sentences
*   The committee members raised an **objection** to the new budget proposal, saying it was too expensive.
*   ""**Objection**, Your Honor!"" shouted the lawyer, arguing that the witness's answer was not relevant.
*   My main **objection** to the restaurant was the slow service, even though the food was good.

⸻

## Synonyms (with short notes about the differences)
*   **Protest** — A stronger, often public expression of disagreement or disapproval, sometimes involving a group of people taking action. (e.g., *They staged a protest against the new law.*)
*   **Complaint** — An expression of dissatisfaction about something that is unsatisfactory or unacceptable. Usually less formal than an objection and often about a service or product. (e.g., *I made a complaint about the noisy neighbors.*)
*   **Disagreement** — A general term for not having the same opinion as someone else. It is less formal and can be about any topic, without necessarily needing a formal reason. (e.g., *We had a disagreement about where to go for dinner.*)
*   **Reservation** — A feeling of doubt or hesitation about something. It's a less direct opposition, more like a specific concern that makes you less willing to accept something fully. (e.g., *I have some reservations about signing the contract without reading it carefully.*)"
5023,evolve,"# evolve

## Meaning (easy English)

To **evolve** means to change or develop slowly over a long period, often becoming more advanced, complex, or better adapted to new conditions.

This change can happen to living things (like plants and animals) over many generations, or it can happen to ideas, systems, technology, or even a person's skills. It is a gradual process, not a sudden one.

⸻

## Nuance
*   **Pace:** The most important thing about ""evolve"" is that the change is always **gradual** and happens over time, not suddenly.
*   **Direction:** It often suggests a positive development, like becoming better, more complex, or more suited to its environment.
*   **Scope:** It can be used in many contexts:
    *   **Biology:** How species change over millions of years.
    *   **Technology:** How products or tools improve.
    *   **Ideas/Systems:** How theories, societies, or plans develop.
    *   **Personal:** How a person's skills or understanding improves.
*   **Formality:** It's a widely used word, generally neutral in formality, suitable for both everyday conversations and more academic discussions.

⸻

## Example sentences
*   Over millions of years, different species of birds have **evolved** unique beaks to eat specific foods.
*   The way we work has **evolved** significantly since the introduction of new technology.
*   As the project continued, our initial ideas began to **evolve** into a more detailed plan.

⸻

## Synonyms (with nuance)
*   **develop** — Very similar, but ""develop"" often suggests a more intentional or directed process of growth, or reaching a more mature state. For example, ""A company *develops* new software,"" whereas ""Software *evolves* over many versions.""
*   **change** — This is a very general word for any difference. ""Evolve"" specifically means a *gradual* change, often becoming more complex or adapted. Not all ""changes"" are ""evolutions.""
*   **grow** — Often means to increase in size, maturity, or complexity. While evolution involves growth, ""grow"" doesn't always imply the same kind of structural or adaptive transformation. For example, ""A child *grows* taller,"" but ""Human intelligence *evolved*."""
5024,ape,"# ape

## Meaning (easy English)

**1. (Noun) An ape is a type of large, intelligent animal that is closely related to humans.**
Apes are known for having no tails and for using their hands and feet in similar ways to people. Examples of apes include gorillas, chimpanzees, and orangutans.

**2. (Verb) To ape means to copy or imitate someone's actions, behavior, or style, often in a way that seems silly, unthinking, or without understanding.**
It suggests that someone is trying to be like another person without being original or genuine.

⸻

## Nuance
*   **As a noun:** ""Ape"" refers specifically to a group of mammals that are different from monkeys because they don't have tails. It's a common and accurate term for these animals.
*   **As a verb:** When you ""ape"" someone, it usually means you are copying them in a way that is not creative or genuine. It often carries a slightly critical or negative feeling, implying the person is merely copying without adding their own touch or understanding the original.
    *   It's less formal than ""imitate"" and often used to describe copying mannerisms, speech patterns, or styles.

⸻

## Example sentences
*   **Noun:** Chimpanzees are very intelligent and are often considered one of the great apes.
*   **Verb:** The young comedian tried to ape the famous actor's unique voice, but it sounded forced and unnatural.
*   **Verb:** She didn't want to just ape her older sister's fashion sense; she wanted to find her own unique style.

⸻

## Synonyms (with short notes about the differences)
*   **For the verb meaning (""to copy""):**
    *   **Copy** — A general word for making something similar or identical. Can be neutral or positive. (e.g., *copy a document*)
    *   **Mimic** — To imitate someone's voice, movements, or expressions, often for entertainment or mockery. Can be more precise than ""ape."" (e.g., *mimic a bird's song*)
    *   **Imitate** — A more formal and neutral word for copying someone's actions or behavior. Can be for learning or admiration. (e.g., *children imitate their parents*)
    *   **Emulate** — To try to be like someone because you admire them and want to achieve the same success. This is usually positive. (e.g., *emulate a successful entrepreneur*)

*   **For the noun meaning (""the animal""):**
    *   **Primate** — A broader scientific category that includes apes, monkeys, and humans. (e.g., *humans are primates*)
    *   **Monkey** — A type of primate that usually has a tail, which is the main visible difference from apes. (e.g., *monkeys often swing by their tails*)"
5025,flatten,"# flatten

## Meaning (easy English)

To **flatten** something means to make it flat or flatter. This usually involves pressing it down so that it becomes smooth, level, and loses any bumps, curves, or height it had before.

It can also mean to make something less intense or less varied, like making a sound less sharp or a graph line less steep.

⸻

## Nuance
*   **Flatten** often suggests applying pressure or force to an object.
*   It can be done on purpose (e.g., flattening dough with a rolling pin) or by accident (e.g., a car flattening a soda can).
*   The word is common and neutral, used in everyday conversation as well as in more technical or descriptive contexts.
*   While usually about physical objects, it can be used figuratively, for example, ""to flatten a curve"" (to reduce the peak of something, like an infection rate) or ""to flatten someone's hopes"" (to destroy them).

⸻

## Example sentences
*   The baker used a rolling pin to **flatten** the dough into a thin sheet.
*   After the strong wind, many of the tall flowers were **flattened** to the ground.
*   Please **flatten** all the cardboard boxes before you put them in the recycling bin.

⸻

## Synonyms (with short notes about the differences)
*   **Press** — This is the action of applying force. You often *press* something to *flatten* it. ""Press"" is more general; ""flatten"" describes the *result* of that pressing.
*   **Crush** — To damage something severely by pressing it, often making it much smaller, crumpled, and destroying its original shape. When you ""flatten"" something, you make it flat, but not necessarily destroyed or crumpled.
*   **Level** — To make a surface even, without high or low parts. This is very similar, especially for ground or surfaces. ""Flatten"" can also refer to making an object thinner, not just making a surface even.
*   **Smooth** — To make a surface free from roughness or bumps. Flattening often makes something smooth, but smoothing doesn't always mean making something thin (e.g., smoothing hair)."
5026,swimsuit,"# swimsuit

## Meaning (easy English)

A swimsuit is a piece of clothing that you wear for swimming, sunbathing, or doing other activities in water.
It is made from special fabric that dries quickly.
Both men, women, and children wear swimsuits.

⸻

## Nuance
    •	""Swimsuit"" is a very common and neutral word to describe clothing for swimming.
    •	It is used in everyday situations when talking about going to the beach, a swimming pool, or a water park.
    •	It is an informal word, suitable for casual conversations. You would use it when packing for a holiday or getting ready for a swim.

⸻

## Example sentences
    •	Don't forget to pack your swimsuit for our trip to the beach tomorrow.
    •	She bought a new swimsuit for her swimming lessons at the community pool.
    •	You must wear a swimsuit to enter the water at this hotel.

⸻

## Synonyms (with short notes about the differences)
    •	**Bathing suit** — Very similar to ""swimsuit"" and often used interchangeably, especially in American English. Some people might feel it sounds slightly older or more general (for just ""bathing"" or relaxing by water, not always active swimming).
    •	**Swimming costume** — This is the common term for a woman's swimsuit, especially a one-piece, in British English. In American English, ""swimsuit"" is more common.
    •	**Trunks** — This word usually refers specifically to men's swimwear, which looks like shorts. (e.g., ""swimming trunks"").
    •	**Bikini** — This is a specific type of two-piece swimsuit worn by women. It has separate top and bottom parts.
    •	**Board shorts** — These are longer, looser shorts worn by men for swimming, often associated with surfing or casual beachwear.
    •	**Speedos** — (often used as a common noun, ""speedos"") This refers to a very brief, tight style of men's swimwear, often associated with competitive swimming. It's also a brand name."
5027,generate,"# generate

## Meaning (easy English)

To **generate** something means to create it or cause it to come into existence, often through a process or system. It usually refers to producing things like energy, ideas, data, or income.

For example, a machine can generate electricity, or a discussion can generate new ideas.

⸻

## Nuance
*   **Generate** often implies that something is produced as a result of a process, system, or effort. It suggests an active creation.
*   It is commonly used in technical, business, and academic contexts (e.g., ""generate data,"" ""generate revenue""), but also in general English for things like ideas or emotions.
*   It is a standard, neutral word; it is not overly formal or informal.

⸻

## Example sentences
*   Solar panels can **generate** clean electricity from sunlight.
*   Our team had a great brainstorming session and managed to **generate** many new ideas for the project.
*   The company needs to **generate** more sales to reach its financial goals this quarter.

⸻

## Synonyms (with short notes about the differences)
*   **create** — Very similar, but ""create"" can sometimes suggest a more original or artistic act (e.g., *create* a painting), while ""generate"" often implies producing something through a process or system (e.g., *generate* a report).
*   **produce** — Often used for making tangible goods (e.g., *produce* cars) or general output. ""Generate"" often emphasizes the *process* of bringing something into existence, especially for abstract things like ideas or data.
*   **make** — A very general word for creating or causing something. ""Generate"" is more specific and often used in more formal or technical contexts, implying a systematic process.
*   **cause** — Focuses on being the reason something happens. ""Generate"" is a specific way to *cause* something to come into existence, usually through a system or effort that brings it about."
5028,resentment,"# resentment

## Meaning (easy English)

Resentment is a strong, negative feeling of anger and bitterness that you have when you believe someone has treated you unfairly or done something wrong to you. It's not a sudden burst of anger, but a feeling that often builds up over time and can be difficult to let go of.

⸻

## Nuance
*   Resentment is a deep, often hidden feeling. It's a slow burn of anger rather than a quick explosion.
*   It usually comes from feeling that you have been treated badly, ignored, or not given what you deserve, especially when someone else seems to benefit unfairly.
*   This feeling can grow over time and make relationships difficult, as it often involves remembering past wrongs.
*   It's a common word used to describe a serious and lasting emotional state.

⸻

## Example sentences
*   Years of feeling unappreciated led to a deep **resentment** between the siblings.
*   There was a lot of **resentment** among the employees after some people received promotions while others didn't, despite working just as hard.
*   She tried to let go of her **resentment** towards her ex-friend, but it was difficult to forgive.

⸻

## Synonyms (with short notes about the differences)
*   **Anger** — a strong feeling of displeasure or hostility; often sudden and short-lived. Resentment is a specific, deeper, and longer-lasting form of anger, specifically about perceived unfairness.
*   **Bitterness** — a feeling of strong unhappiness or anger about unfair treatment, often without hope for change. Bitterness is a key part of resentment; resentment is the emotion directed *towards* someone/something, while bitterness describes the *quality* of that feeling.
*   **Grudge** — a persistent feeling of ill will or resentment resulting from a past insult or injury. ""Holding a grudge"" means you actively keep that negative feeling and remember the past wrong. Resentment is the underlying emotion, a grudge is more like the *decision* to hold onto it.
*   **Indignation** — anger or annoyance provoked by what is perceived as unfair treatment. Indignation is often more outward and immediate, a feeling that demands justice, whereas resentment can be more internal and long-lasting."
5029,grower,"# grower

## Meaning (easy English)

A ""grower"" is a person or a company that cultivates (grows) plants, crops, or sometimes animals.
They are responsible for planting, taking care of, and harvesting living things.
Most often, ""grower"" refers to someone who produces food (like fruit, vegetables), flowers, or other plants to sell.

⸻

## Nuance
*   **Focus**: The word ""grower"" emphasizes the act of producing something by making it grow.
*   **Context**: It is commonly used in agriculture, farming, horticulture (gardening for profit), and industries that produce specific plants (e.g., a coffee grower, a flower grower).
*   **Formality**: It is a neutral, everyday term when talking about people or companies in these fields.
*   It often implies a commercial purpose, meaning they grow things to sell them, rather than just for a hobby.

⸻

## Example sentences
*   The local **grower** brings fresh strawberries and blueberries to the market every summer.
*   Our restaurant buys most of its organic herbs directly from a small **grower** nearby.
*   Being a successful mushroom **grower** requires specific knowledge about temperature and humidity.

⸻

## Synonyms (with nuance)
*   **Farmer** — A broader term, usually referring to someone who works on a farm, often growing large-scale crops (like wheat or corn) and sometimes raising animals. A grower can be a type of farmer, but ""grower"" is often more specific to produce, flowers, or specialized plants.
*   **Cultivator** — A more formal or technical word for someone who prepares land or grows plants. ""Grower"" is more common in everyday speech for commercial producers.
*   **Producer** — A very general term for anyone or any company that makes or supplies goods. ""Grower"" is more specific, indicating the method of production involves growing things.
*   **Gardener** — Someone who tends a garden, usually for personal enjoyment, for a beautiful landscape, or for small-scale personal use. A gardener grows plants, but they are typically not called a ""grower"" in the commercial sense."
5030,gem,"# gem

## Meaning (easy English)

A **gem** is a beautiful and valuable stone, like a diamond, ruby, or emerald. People often cut and polish these stones to use them in jewelry.

In a more general way, a **gem** can also mean anything that is especially good, valuable, beautiful, or rare. It can be a person, a place, an idea, or even a piece of advice.

⸻

## Nuance
*   **Positive and Appreciative:** When you call something a ""gem,"" you are showing strong positive feelings about it. You think it's excellent and special.
*   **Often Implies Rarity or Specialness:** It suggests that the thing is not common or easy to find, which makes it even more valuable.
*   **Can be ""Hidden"":** It's common to hear ""hidden gem"" to describe something wonderful that many people don't know about yet, like a small restaurant or a quiet park.
*   **Formality:** It's a generally positive and appreciative word. It's not overly formal or informal and can be used in many everyday situations.

⸻

## Example sentences
*   The museum displayed a stunning necklace with a large blue **gem** at its center.
*   This small coffee shop is a real hidden **gem**; their pastries are delicious and fresh every day.
*   Her advice on how to prepare for the interview was a **gem**; it helped me feel much more confident.

⸻

## Synonyms (with nuance)
*   **Jewel** — Very similar to ""gem,"" especially for precious stones. Figuratively, it also means something highly valued or beautiful. Sometimes ""jewel"" can feel slightly more poetic or grand.
*   **Treasure** — Something very valuable or cherished, often kept safe. It can be a single item or a collection. ""Treasure"" often implies something sought after or deeply loved, whereas ""gem"" can be more about its inherent quality or beauty when discovered.
*   **Masterpiece** — A work of art or skill that is excellent and considered the best of its kind (e.g., a painting, a novel, a piece of music). A ""gem"" can be a masterpiece, but ""gem"" can also refer to something smaller, less formal, or even an experience or an idea.
*   **Find** (as in ""a great find"") — This emphasizes the act of discovering something good or valuable, similar to a ""hidden gem."" It's less about the inherent preciousness and more about the satisfaction of finding something useful or enjoyable."
5031,glitter,"# glitter

## Meaning (easy English)

**As a verb:** When something *glitters*, it shines with many small, quick flashes of light. This often happens when light reflects off a surface that has many tiny, bright points, or when something moves.

**As a noun:** *Glitter* is a collection of very small, shiny pieces of material (like plastic or metal) that reflect light. It is often used for decoration on crafts, clothes, or makeup.

⸻

## Nuance
*   **Feel:** ""Glitter"" often brings to mind things that are festive, decorative, or exciting. It can make things look magical or beautiful, like stars or jewelry.
*   **Usage:** It's commonly used to describe light reflecting off water, snow, shiny particles, or a person's eyes when they are excited or happy.
*   **Formality:** It's a neutral word, not particularly formal or informal. You can use it in everyday conversation.
*   **Connotation:** Sometimes, ""glitter"" can suggest something that looks attractive but might be superficial or not very valuable. (For example, the saying ""all that glitters is not gold"" means things that look good on the outside might not be truly valuable.)

⸻

## Example sentences
*   The children decorated their cards with colorful *glitter* for the holiday.
*   Her eyes *glittered* with excitement when she saw the surprise gift.
*   The surface of the lake *glittered* in the morning sun, reflecting the bright light.

⸻

## Synonyms (with short notes about the differences)
*   **Sparkle:** Very similar to glitter. ""Sparkle"" often suggests a softer, more continuous twinkling, or a natural quality (like a diamond sparkling). ""Glitter"" can be more intense or refers directly to the decorative material.
*   **Shine:** A much more general word. ""Shine"" simply means to give off or reflect light. ""Glitter"" is a specific *way* of shining, with many small, quick flashes.
*   **Twinkle:** Usually describes a light that flashes on and off quickly, like a star in the night sky or a small light. It's often used for a single point of light, while ""glitter"" can be from a larger area or many particles.
*   **Gleam:** Often implies a soft, steady, and often polished reflection of light, like from clean metal or smooth wood. It's usually less about quick flashes and more about a steady glow."
5032,harden,"# harden

## Meaning (easy English)

""Harden"" means to make something become firm, solid, or difficult to break or bend.
It can also mean to make someone less sensitive or more determined and strong in their feelings or ideas.

⸻

## Nuance

*   **Physical Change:** Often describes a process where something changes from being soft to firm, or from a liquid to a solid state. This can happen naturally (like clay drying) or be done on purpose (like treating metal or mixing concrete).
*   **Emotional/Mental Change:**
    *   When talking about people's feelings or attitudes, ""harden"" can mean becoming less kind, less sympathetic, or less easily affected by emotions. This can sometimes have a negative feeling.
    *   It can also mean becoming more determined, resilient (able to recover quickly), or tough in one's resolve or character, which can be neutral or even positive.
*   **Formality:** It is a common verb used in everyday language, as well as in more technical or specific contexts. Its formality is generally neutral.

⸻

## Example sentences

*   The wet cement will **harden** completely in about 24 hours.
*   After many disappointments, her heart seemed to **harden** against trusting new people.
*   The company decided to **harden** its cybersecurity defenses to prevent future attacks.

⸻

## Synonyms (with nuance)

*   **Solidify** — To become or make something become solid, especially from a liquid or gas state.
    *   *Difference:* ""Solidify"" strongly implies a change of state from liquid to solid (e.g., water solidifies into ice). ""Harden"" can refer to something becoming firm from a soft state, not just liquid.
*   **Stiffen** — To make or become less flexible or more rigid.
    *   *Difference:* ""Stiffen"" focuses on losing flexibility or becoming rigid (e.g., a stiff neck, a stiff fabric). ""Harden"" is about the overall firmness or density of a material.
*   **Strengthen** — To make or become stronger, more powerful, or more resilient.
    *   *Difference:* ""Strengthen"" is a broader term for increasing power or resistance. ""Harden"" can be one way to strengthen something (e.g., hardening steel makes it stronger), but ""strengthen"" applies to many things (e.g., strengthening an argument, strengthening muscles).
*   **Toughen** — To make or become tougher, more resilient, or better able to deal with difficult conditions or damage.
    *   *Difference:* ""Toughen"" focuses on increasing resistance to wear, damage, or difficult experiences (e.g., toughening glass, toughening up for a challenge). ""Harden"" is about making something physically firm or making someone emotionally less sensitive or more resolute."
5033,dreadful,"# dreadful

## Meaning (easy English)

""Dreadful"" means extremely bad, unpleasant, or shocking. It describes something that causes strong negative feelings like worry, fear, or great unhappiness. You use it when something is much worse than just ""bad.""

⸻

## Nuance
*   **Strong Negative Feeling**: ""Dreadful"" expresses a very strong negative feeling. It's not just a little bad; it's terrible, often making you feel worried or upset.
*   **Common Usage**: It's often used to describe situations (like weather or news), experiences (like a trip or a meal), or the quality of something (like a performance or a mistake).
*   **Formality**: It's a strong word that is commonly used in everyday conversation and writing. It is neither very formal nor very informal.

⸻

## Example sentences
*   The weather was dreadful yesterday; it rained non-stop, and we couldn't go outside.
*   I made a dreadful mistake on my presentation, and I felt very embarrassed.
*   The food at that restaurant was absolutely dreadful; I couldn't even finish my meal.

⸻

## Synonyms (with short notes about the differences)
*   **Terrible** — Very similar to ""dreadful,"" often interchangeable. It means extremely bad.
*   **Awful** — Also means extremely bad or unpleasant. It can sometimes feel slightly less intense than ""dreadful"" but is often used in the same way.
*   **Horrible** — Suggests something that causes fear, disgust, or shock. It often describes things that are very unpleasant to see or experience.
*   **Frightful** — Similar to ""dreadful,"" meaning causing fear or shock. It can sound a little more old-fashioned or literary than ""dreadful.""
*   **Bad** — This is a general word for something not good. ""Dreadful"" is much stronger and more intense than ""bad."""
5034,haunt,"# haunt

## Meaning (easy English)

""Haunt"" has a few main meanings:

1.  **When a ghost or spirit repeatedly appears in a place.** If a ghost ""haunts"" a house, it means the ghost often shows up there, making the place feel scary or mysterious.
2.  **When a memory, thought, or feeling stays in your mind and causes you worry or sadness.** If a bad experience ""haunts"" you, it means you keep thinking about it, and it bothers you for a long time.
3.  **To visit a place very often.** (This meaning is less common now, but you might hear it.) For example, a person might ""haunt"" their favorite coffee shop if they go there almost every day.

⸻

## Nuance
*   **Persistence:** The word ""haunt"" always suggests something that stays or comes back repeatedly, whether it's a ghost, a memory, or a problem.
*   **Often negative:** In its most common uses (ghosts, memories), ""haunt"" usually carries a feeling of unease, sadness, worry, or fear. It implies an unwelcome presence or thought.
*   **Literal or figurative:** It can describe a real ghost or be used metaphorically for things that bother our minds.
*   **Formality:** It's a standard word, not particularly formal or informal, and used in everyday conversation and writing.

⸻

## Example sentences
*   Many people believe an old pirate's ghost still **haunts** the lighthouse.
*   The images of the accident continued to **haunt** her dreams for months.
*   For years, the company's past mistakes **haunted** its efforts to grow.

⸻

## Synonyms (with short notes about the differences)
*   **Torment** — Means to cause great suffering or pain, often mentally. When a memory ""torments"" someone, it usually causes more intense distress than just ""haunting"" them.
*   **Plague** — Means to cause continuous trouble or distress, often for a group of people or over a long period. Like ""haunt,"" it implies persistence, but often on a larger scale or for a problem that affects many.
*   **Linger** — Means to stay in a place or continue to exist for longer than expected. A ghost or a smell might ""linger,"" but it doesn't necessarily bother or repeatedly appear in the active way ""haunt"" implies.
*   **Frequent** — Means to visit a place often. This is a neutral term for the less common meaning of ""haunt"" (visiting a place), without the negative or persistent feeling."
5035,deserted,"# deserted

## Meaning (easy English)

When a place is **deserted**, it means there are no people there. It is completely empty of people, especially when it would normally have people or when people were there before but have now left.

You can use it to describe streets, buildings, towns, beaches, or any place where you expect to see people but don't.

⸻

## Nuance
*   **How it feels:** The word ""deserted"" often creates a feeling of emptiness, quietness, and sometimes a little loneliness or even a strange, eerie atmosphere. It suggests that a place *should* have people but doesn't.
*   **When it is used:** It is used to describe places that are unusually empty. For example, a busy street late at night, a school during summer holidays, or a restaurant after closing.
*   **Formality:** It is a common, everyday word and is not particularly formal or informal.

⸻

## Example sentences
*   The playground was completely **deserted** after school hours.
*   We explored a small, **deserted** village high in the mountains.
*   After the storm, the usually busy market street looked completely **deserted**.

⸻

## Synonyms (with short notes about the differences)
*   **Empty** — More general; can refer to anything without contents (e.g., an empty box, an empty glass). ""Deserted"" specifically means a place without people.
*   **Abandoned** — Very similar. Often implies something was left behind intentionally and permanently (e.g., an abandoned car, an abandoned building). ""Deserted"" focuses more on the current state of a place lacking people.
*   **Desolate** — Stronger; suggests a place that feels very sad, lonely, or barren, often remote or wild. ""Deserted"" just means empty of people, without necessarily the strong emotional feeling of ""desolate.""
*   **Uninhabited** — Factual; means no one lives there. It doesn't carry the same feeling of emptiness where people *should* be, like ""deserted"" does (e.g., an uninhabited island)."
5036,infect,"# infect

## Meaning (easy English)

To ""**infect**"" means to spread a disease, illness, or a harmful computer program from one living thing (or computer) to another. When something is infected, it means a disease or virus has entered it and started to cause problems.

It can also mean to spread a strong feeling or idea quickly from one person to many others, making them feel or think the same way.

⸻

## Nuance
*   Most commonly used when talking about diseases (like the flu, a cold) or computer viruses. In these cases, it usually has a negative meaning because it causes harm or sickness.
*   Can also be used in a more figurative way to describe how strong emotions (like laughter, enthusiasm, or fear) spread quickly among people. This can sometimes be positive (e.g., ""an infectious laugh"") or negative (e.g., ""fear infected the crowd"").
*   It's a common, everyday verb, not particularly formal or informal.

⸻

## Example sentences
*   The doctor explained that the virus could easily **infect** other people if we weren't careful.
*   My computer got **infected** with a virus after I opened a suspicious email attachment.
*   Her enthusiasm for the project was so strong that it started to **infect** the whole team.

⸻

## Synonyms (with short notes about the differences)
*   **Contaminate** — To make something dirty or unsafe, often by adding a harmful substance (like chemicals in food or water). While contamination can *lead* to infection, ""contaminate"" doesn't always mean a disease will spread to a living body.
*   **Spread** — A very general word meaning to move or cause something to move over a wider area. ""Infect"" is a specific way that diseases or feelings *spread* by taking hold in a new host.
*   **Transmit** — To pass something (like a disease, information, or a signal) from one person or place to another. ""Transmit"" focuses on the *act* of passing something on, while ""infect"" focuses more on the *result* of that thing taking hold and causing an effect in the new host."
5037,virus,"# virus

## Meaning (easy English)

A **virus** is a tiny living thing that can make people, animals, or plants sick. It spreads quickly and needs to live inside another living cell (like a human cell) to grow and reproduce.

It can also be a harmful computer program that spreads from one computer to another, often damaging files or making the computer work slowly.

⸻

## Nuance
*   This word has two main uses:
    1.  **Biological**: Refers to a tiny agent that causes diseases like the flu, measles, or COVID-19. When used this way, it often brings to mind sickness, infection, and health concerns.
    2.  **Computer**: Refers to a harmful computer program. In this context, it suggests computer problems, data loss, or security risks.
*   It's a common, everyday word in both contexts and is not particularly formal or informal.

⸻

## Example sentences
*   The flu **virus** spreads easily from person to person, especially in winter.
*   Scientists are working hard to develop new medicines against dangerous **viruses**.
*   My computer got a **virus** last week, and now it's running very slowly.

⸻

## Synonyms (with short notes about the differences)
*   **Germ** (biological) — A general term for any tiny organism that can cause disease (like bacteria, fungi, or viruses). A virus is a *type* of germ.
*   **Pathogen** (biological) — A more formal, scientific word for *any* organism or substance that causes disease. A virus is a type of pathogen.
*   **Malware** (computer) — A general term for any harmful software that can damage or disrupt computers. A computer virus is a specific *kind* of malware."
5038,outbreak,"# outbreak

## Meaning (easy English)

An **outbreak** is a sudden and often unexpected start of something unpleasant or unwanted, especially a disease or violence, that then spreads quickly.

It describes when a problem begins and rapidly affects more people or a larger area than expected.

⸻

## Nuance
*   **Urgent and Serious:** The word ""outbreak"" often sounds urgent and serious. It suggests a problem that needs attention and action.
*   **Suddenness and Spread:** The main idea is a sudden beginning followed by rapid spreading. It's not just a single event, but something that grows.
*   **Common Uses:** Most commonly used for diseases (like flu, measles, food poisoning) or for acts of violence, fighting, or protests.
*   **Formality:** It is a neutral to formal word, often used in news reports, medical discussions, or official warnings.

⸻

## Example sentences
*   Doctors are trying to stop the **outbreak** of a new flu virus in the region.
*   There was an unexpected **outbreak** of protests in the capital city last night.
*   The school closed for a week due to an **outbreak** of chickenpox among the students.

⸻

## Synonyms (with short notes about the differences)
*   **Epidemic** — A larger and more widespread occurrence of a disease, affecting many people in a community or region. An outbreak is usually smaller and more localized, and can sometimes grow into an epidemic.
*   **Flare-up** — A sudden return or worsening of a problem, often something that was already present (like a disease symptom or a conflict). It implies a recurrence rather than a completely new start.
*   **Onset** — Simply the beginning or start of something, often a disease or symptoms. It doesn't necessarily imply rapid spread to many people, just the initial appearance.
*   **Spike / Surge** — A sudden, sharp increase in the number or amount of something (e.g., cases, prices). While similar in showing a rapid increase, ""outbreak"" specifically refers to the *start* and *spread* of something problematic, often a disease or conflict."
5039,loosen,"# loosen

## Meaning (easy English)

To **loosen** means to make something less tight, less firm, or less strict. It can also mean for something to become less tight, firm, or strict by itself.

You can loosen:
*   **Physical things:** like a knot, a screw, or tight clothing.
*   **Abstract things:** like rules, control, or your grip on something.
*   **Parts of your body:** like your muscles.

⸻

## Nuance
*   **How it feels:** When you loosen something, you are giving it more space, less tension, or less restriction. It often creates a feeling of relief or freedom.
*   **When it is used:** It is a very common verb used in everyday situations, from adjusting clothes to changing policies.
*   **Formality:** It is a neutral word, suitable for both casual and more formal conversations.

⸻

## Example sentences
*   Could you please **loosen** the lid of this jar for me? It's stuck.
*   The company decided to **loosen** its strict dress code, allowing employees to wear more casual clothes.
*   After a long run, I stretched to **loosen** my leg muscles and prevent soreness.

⸻

## Synonyms (with short notes about the differences)
*   **untie** — Specifically means to undo a knot or something that is tied (e.g., untie your shoelaces). ""Loosen"" is broader; you can loosen something without completely untying it.
*   **relax** — Often used for muscles, the mind, or a person's mood, meaning to make or become less tense. While ""loosen"" can apply to muscles, ""relax"" is more about a state of being or internal tension, especially for people.
*   **unfasten** — To open something that was closed or fixed, such as a belt, a button, or a buckle. ""Loosen"" means to make something *less tight*, but it might still be fastened. ""Unfasten"" means to *open* it.
*   **ease** — To make something less difficult, tense, or painful (e.g., ease the pain, ease the pressure). ""Loosen"" is often about physical tightness or strictness, while ""ease"" is broader and can refer to making a situation more comfortable or less severe."
5040,disturbing,"# disturbing

## Meaning (easy English)

""Disturbing"" describes something that makes you feel worried, anxious, or uncomfortable. It can make you feel uneasy, shocked, or a little scared because it suggests something bad, wrong, or unpleasant has happened or is happening. It takes away your peace of mind.

⸻

## Nuance
*   **Feeling:** It makes you feel uneasy, worried, or a bit shocked. It's not usually terrifying, but it makes you feel uncomfortable or that something isn't right. It 'disturbs' your calm state.
*   **When used:** Often used for things you see, hear, or read, like news, movies, images, or situations. It suggests something is troubling or unsettling.
*   **Formality:** It's a common word, suitable for both everyday conversations and more formal settings like news reports or reviews. It's stronger than ""unpleasant"" but less intense than ""horrifying.""

⸻

## Example sentences
*   The movie had some **disturbing** scenes that made it hard to watch.
*   I heard a **disturbing** noise from the empty house next door last night.
*   Her sudden change in behavior was quite **disturbing** to her friends.

⸻

## Synonyms (with short notes about the differences)
*   **Upsetting** — Makes you feel sad, angry, or disappointed. ""Disturbing"" often includes a wider range of negative emotions like unease or shock, not just sadness or anger.
*   **Troubling** — Causes worry or concern, often about a problem. Very similar to ""disturbing,"" but ""disturbing"" can sometimes suggest a stronger emotional reaction or a more direct impact on your senses.
*   **Unsettling** — Makes you feel uneasy, unsure, or a bit confused because something feels strange or wrong. ""Disturbing"" often has a stronger, more direct negative emotional impact.
*   **Concerning** — Makes you worry about a possible future problem or situation. ""Disturbing"" usually refers to something that is happening or has happened and affects you emotionally right now."
5041,massage,"# massage

## Meaning (easy English)

""Massage"" is when someone rubs and presses your body, usually with their hands, to help you feel relaxed, reduce pain, or make your muscles feel better. It can be a treatment you receive or the action of giving that treatment.

*   As a noun: ""I went for a massage."" (the treatment)
*   As a verb: ""The therapist will massage your back."" (the action)

⸻

## Nuance
    •	**Feeling:** It makes people think of relaxation, comfort, and often relief from muscle pain or stress.
    •	**Purpose:** Often done to relax tight muscles, improve blood flow, or simply to help someone feel calm and good.
    •	**Context:** You usually get a massage at a spa, a special clinic, or from a professional massage therapist. It can also be done informally by friends or family (e.g., ""Can you massage my shoulders?"").
    •	**Formality:** It's a common, neutral word. Not very formal or informal.

⸻

## Example sentences
    •	After a long week, I really needed a relaxing back massage.
    •	The doctor suggested I get a regular massage to help with my shoulder pain.
    •	My friend offered to massage my feet because they were tired from walking all day.

⸻

## Synonyms (with short notes about the differences)
    •	**Rub** — This is a more general and often less formal word. ""Rub"" can be a quick, simple action of moving your hand over a surface, sometimes to soothe an area or apply cream. A ""massage"" usually implies a more specific technique, often longer, deeper, and done with a therapeutic purpose, sometimes by a trained person.
        *   *Example:* ""Can you rub some cream on my sunburn?"" vs. ""I'm going for a professional massage.""
    •	**Knead** — This describes a specific action often done *during* a massage, particularly when working on muscles. It means to press and squeeze with the hands, similar to kneading dough. It suggests deeper pressure and manipulation of the muscles. While not a full synonym for ""massage,"" it can sometimes be used informally to describe a very strong or deep massage.
        *   *Example:* ""The therapist really kneaded the knots out of my shoulders.""
    •	**Bodywork** — This is a broader, more professional term for various physical therapies that aim to improve the body's structure and function. Massage is a type of bodywork, but bodywork can also include other practices like chiropractic care.
    •	**Therapy** — This is a very general word for any treatment that helps someone feel better or recover from an illness, injury, or problem. Massage is a *type* of therapy (e.g., ""massage therapy""), but ""therapy"" itself is not a direct synonym for the act of massaging."
5042,penetrate,"# penetrate

## Meaning (easy English)

""Penetrate"" means to go into or through something, often by overcoming a barrier or difficulty.

It can be used in different ways:

1.  **Physical:** To physically enter or pass through something. (e.g., A nail penetrating wood, light penetrating fog).
2.  **Understanding:** To succeed in understanding something difficult, complex, or hidden. (e.g., Penetrating a mystery or a complex idea).
3.  **Entry/Influence:** To successfully enter or establish oneself in a place, market, or group where it might be difficult. (e.g., A company penetrating a new market).

The main idea is to move deep inside or completely through something.

⸻

## Nuance
*   **Feeling:** ""Penetrate"" often suggests effort, force, or determination to get past a barrier or go deep. It implies overcoming some resistance.
*   **Usage:** You'll hear it in various contexts:
    *   **Scientific/Technical:** Describing how light, sound, or objects move through materials.
    *   **Business:** When talking about entering new markets or spreading influence.
    *   **Figurative:** When discussing understanding deep thoughts, secrets, or complex theories.
*   **Formality:** It's a standard verb, neither very formal nor informal. However, in its abstract uses (like understanding), it can sound more serious or determined than simpler words.

⸻

## Example sentences
*   The thick walls of the castle were designed to prevent any enemy from being able to **penetrate** them.
*   It took the scientists years to **penetrate** the secrets of the ancient language.
*   Despite strong competition, the new brand managed to **penetrate** the market with its innovative product.

⸻

## Synonyms (with short notes about the differences)
*   **Enter** — (more general) Simply to go inside. ""Penetrate"" suggests going deeper, through resistance, or with more difficulty.
*   **Pierce** — (physical, often sharp) To make a hole in something, usually with a sharp object. ""Penetrate"" can be broader, not always making a clean hole, and can refer to non-physical things.
*   **Infiltrate** — (secret, purposeful) To enter secretly, often to gain information or influence, usually with a hidden agenda. ""Penetrate"" doesn't necessarily imply secrecy or a specific ulterior motive.
*   **Permeate/Pervade** — (spread throughout) To spread throughout something, like a smell, liquid, or an idea. ""Penetrate"" focuses on the initial entry or going deep, while ""permeate"" is about spreading once inside.
*   **Understand/Grasp** — (mental, simpler) To comprehend something. ""Penetrate"" implies a deeper, often more difficult, and profound understanding of something complex or hidden."
5043,mildly,"# mildly

## Meaning (easy English)

""Mildly"" means ""not strongly"" or ""to a small degree."" It describes something that is present but not intense, not severe, or not extreme.

You use ""mildly"" when you want to say that something is just a little bit, gentle, or not very powerful.

⸻

## Nuance
*   **How it feels:** ""Mildly"" makes a statement softer. It suggests that something is noticeable but not overwhelming or serious.
*   **When it is used:**
    *   To describe feelings that aren't very strong (e.g., *mildly annoyed*, *mildly surprised*).
    *   To describe physical sensations that aren't intense (e.g., *mildly spicy food*, *mildly warm weather*).
    *   To describe a condition or effect that is not severe (e.g., *mildly ill*, *mildly effective*).
    *   It often reduces the strength of the word it describes.
*   **How formal it is:** It's a common word that can be used in everyday conversations as well as in more formal writing. It is neutral in formality.

⸻

## Example sentences
*   She was **mildly** disappointed when her favorite team lost, but she wasn't heartbroken.
*   The curry is only **mildly** spicy, so it's good for people who don't like very hot food.
*   The doctor said his cough was **mildly** concerning, but not serious enough for medicine yet.

⸻

## Synonyms (with short notes about the differences)
*   **Slightly** — Very similar. Often means 'a small amount or degree'. Can often be used instead of 'mildly', especially for physical amounts or changes.
*   **A little bit** — More informal. Means 'a small amount'. ""Mildly"" sounds a bit more precise or descriptive.
*   **Somewhat** — Means 'to some extent' or 'to a certain degree'. It can sometimes suggest a slightly greater degree than ""mildly,"" or be used more broadly for opinions or abstract ideas.
*   **Gently** — Describes an action that is soft, careful, and not harsh. While ""mildly"" describes how intense something *is*, ""gently"" describes *how an action is performed*. (e.g., You might *gently* push a door, but be *mildly* annoyed by a noise.)"
5044,reckless,"# reckless

## Meaning (easy English)

If someone is **reckless**, they act or do something without thinking about the danger or the bad results that might happen. They don't care enough about safety or the possible harm to themselves or others.

It means taking big risks without considering the consequences.

⸻

## Nuance
*   **Reckless** describes actions or people who are dangerously careless. It often has a negative feeling, suggesting foolishness or irresponsibility.
*   It is used when someone ignores safety rules, takes unnecessary risks, or behaves in a way that could easily cause an accident or serious problems.
*   It's a strong word, often used in serious situations like driving, financial decisions, or sports where safety is important.
*   It is a common word and can be used in both informal and formal contexts (e.g., ""reckless driving"" is a legal term).

⸻

## Example sentences
*   His **reckless** driving caused the accident, damaging three cars.
*   It was **reckless** of them to go hiking in the mountains during a storm without proper gear.
*   Don't be **reckless** with your money; always think before you make a big investment.

⸻

## Synonyms (with short notes about the differences)
*   **Careless** — This means not paying enough attention or making mistakes. ""Careless"" can be unintentional and might not involve high risk (e.g., ""careless mistake""). ""Reckless"" implies a *disregard* for danger and consequences, often with greater potential harm.
*   **Rash** — This means acting too quickly without thinking carefully. ""Rash"" focuses on impulsiveness and speed, leading to poor decisions, but doesn't always imply the same level of disregard for safety as ""reckless.""
*   **Irresponsible** — This means not fulfilling duties or obligations, or not thinking about the consequences of one's actions, especially on others. ""Reckless"" is a specific type of irresponsibility that involves taking dangerous risks.
*   **Foolhardy** — This means bravely taking foolish and unnecessary risks. ""Foolhardy"" emphasizes the foolishness of the bravery, often implying someone is too daring in a silly way."
5045,render,"# render

## Meaning (easy English)

""Render"" has a few meanings, but they all involve causing something to be in a particular state, or formally giving or providing something. It can also mean to show or represent something visually.

1.  **To make something become a certain way:** This means to cause something to be in a specific state or condition.
    *   *Example:* ""The news rendered him speechless."" (The news made him speechless.)
2.  **To formally give or provide something:** This is often used for services, help, thanks, or official decisions.
    *   *Example:* ""They rendered assistance to the flood victims."" (They gave assistance.)
3.  **To show or represent something visually:** This is common in art, drawing, or computer graphics, meaning to create a picture or image of something.
    *   *Example:* ""The artist rendered the landscape in vivid detail."" (The artist drew/depicted the landscape.)

⸻

## Nuance
*   **Formality:** ""Render"" is a formal word. It is not commonly used in everyday, casual conversations.
*   **Context:**
    *   When meaning ""to make something become,"" it often implies a significant or impactful change (e.g., ""rendered useless,"" ""rendered unconscious"").
    *   When meaning ""to give or provide,"" it is often used for official duties, services, or legal decisions (e.g., ""render aid,"" ""render a verdict"").
    *   When meaning ""to show visually,"" it is used in artistic or technical fields (e.g., ""render an image,"" ""render a drawing""), often suggesting a detailed or complete visual creation.
*   **Feeling:** It implies an action that has a clear, often important, outcome or a formal delivery of something. It can sound more weighty or significant than simpler synonyms.

⸻

## Example sentences
*   The unexpected setback rendered all their previous efforts useless.
*   The brave firefighters worked tirelessly to render assistance to everyone trapped in the building.
*   Modern computer graphics can render incredibly realistic virtual worlds for video games.

⸻

## Synonyms (with short notes about the differences)

*   **For ""make something become"":**
    *   **Make:** More common and less formal. ""Make"" is used for almost any change (e.g., ""make happy,"" ""make sense""), while ""render"" is for more significant or formal changes.
    *   **Cause (to be):** Similar in meaning, but ""render"" often sounds more active and focuses on the direct, often complete, result.

*   **For ""give or provide formally"":**
    *   **Give:** Much more common and less formal. ""Give"" can be used for anything (e.g., ""give a gift,"" ""give advice""). ""Render"" is for specific formal actions like services, help, or official judgments.
    *   **Provide:** Often similar, especially for services or information. ""Render"" can sound slightly more formal or official, sometimes implying a duty or completion of a task.

*   **For ""represent or show (visually)"":**
    *   **Depict:** Very close, often used for showing something in art or writing. ""Render"" can also mean the detailed process of creating that visual.
    *   **Portray:** To show someone or something in a specific way, often in art or acting. ""Render"" focuses more on the technical visual creation itself.
    *   **Draw:** A simpler, more general word for creating an image with lines. ""Render"" suggests a more complete and detailed visual representation, often using advanced techniques or computer processes."
5046,unsuitable,"# unsuitable

## Meaning (easy English)

If something is **unsuitable**, it means it is not right, appropriate, or good enough for a particular purpose, person, or situation. It doesn't fit well or meet the necessary requirements.

⸻

## Nuance
*   ""Unsuitable"" describes something that doesn't match what is needed or expected.
*   It often suggests that something is wrong, improper, or not good enough for a specific purpose or situation.
*   It's a common word used in many contexts, from clothes and weather to jobs and content for children.
*   It is generally neutral in how formal it sounds, so you can use it in everyday conversations and in more formal writing.

⸻

## Example sentences
*   The warm jacket was **unsuitable** for the hot weather, so I took it off.
*   Parents complained that the TV show's content was **unsuitable** for young children.
*   Her quiet personality made her **unsuitable** for a job that required a lot of public speaking.

⸻

## Synonyms (with short notes about the differences)
*   **inappropriate** — very similar; often used when something (like behavior, language, or a comment) is not right for a particular social situation or goes against what is expected or polite. It's less about practical fit and more about social correctness.
*   **unfit** — stronger; means lacking the necessary qualities, skills, or health for something. It often implies a more serious lack or inability. (e.g., *unfit* for duty, *unfit* to eat)
*   **improper** — means not correct or not following the accepted rules or standards, especially for behavior or methods. (e.g., *improper* use of equipment, *improper* parking)
*   **unfitting** — very similar to unsuitable, but sometimes sounds a bit more formal or old-fashioned. It is often used for actions that don't suit someone's character or position."
5047,successor,"# successor

## Meaning (easy English)

A successor is a person or thing that takes the place of another, especially in a job, position, or role. It means they come *after* someone or something else and continue their work or function.

For example, a new president is the successor to the old president, or a new phone model is the successor to the previous one.

⸻

## Nuance
*   **Formality**: ""Successor"" sounds quite formal and official.
*   **Usage**: It is commonly used in business, politics, royalty, sports, and for products or ideas. It implies a direct continuation or an official handover of a position or role.
*   **Feeling**: When you hear ""successor,"" you can imagine someone stepping into a significant role that was previously held by another, often with similar responsibilities or expectations. It's about filling a specific void.

⸻

## Example sentences
*   After the CEO retired, his **successor** was announced to lead the company.
*   The young prince is the rightful **successor** to the throne.
*   Many critics believe the new novel is a worthy **successor** to the author's previous bestseller.

⸻

## Synonyms (with short notes about the differences)
*   **Replacement** — A general term for someone or something that takes the place of another. ""Successor"" is more specific to an official position or role.
*   **Heir** — Someone who inherits a title, property, or position, usually by family relation or legal right (often for royalty or nobility). ""Successor"" is broader and doesn't always imply inheritance by blood.
*   **Follower** — Someone who comes after another person in time, or who supports their ideas. They don't necessarily take their *position* or *power*.
*   **Newcomer** — A person who has recently arrived in a place, organization, or field. This doesn't imply they are taking over a specific role from a previous person."
5048,envious,"# envious

## Meaning (easy English)

If you are **envious**, you feel unhappy or a little angry because someone else has something good that you want. You wish you had their possessions, success, or qualities.

It means you want what another person has.

⸻

## Nuance
*   **Envious** describes a negative feeling, but it can be mild or strong.
*   It is often used when you see someone's good fortune (like a new car, a great holiday, or a promotion) and you wish you had it too.
*   It's a common human emotion and is generally neutral in formality, used in everyday conversations.
*   You are usually ""envious *of* someone"" or ""envious *of* something they have.""

⸻

## Example sentences
*   She was **envious** of her sister's beautiful new house with a big garden.
*   I felt a little **envious** when my friend told me about his amazing trip to Japan.
*   His colleagues became **envious** of his rapid promotion to manager.

⸻

## Synonyms (with short notes about the differences)
*   **Jealous** — This word is very similar to ""envious"" and is often used in the same way (meaning you want what someone else has). However, ""jealous"" can also mean you are worried that someone might take something *you already have* (like a partner or a position).
*   **Covetous** — A stronger and more formal word. It means you have a very strong, often greedy, desire for something that belongs to someone else. It can sometimes suggest a morally wrong desire.
*   **Resentful** — This means you feel bitter or angry because you believe someone has something they don't deserve, or you feel you have been treated unfairly. Envy can sometimes lead to feeling resentful.
*   **Desirous** — This simply means you want something. It's a neutral term and doesn't carry the negative feeling or the comparison to others that ""envious"" does."
5049,reside,"# reside

## Meaning (easy English)

To ""reside"" means to live in a particular place. It often suggests living somewhere officially, permanently, or for a long time. It is a more formal way to say ""live.""

⸻

## Nuance
*   **Formality**: ""Reside"" is a formal word.
*   **When used**: You will often see it in official documents, legal papers, or formal speeches. It's used when talking about someone's official home address, or where they permanently live, especially in a professional or administrative context.
*   **How it feels**: It sounds more official and less casual than ""live."" It gives the impression of a settled, established, or official place of living, rather than just a temporary stay. You wouldn't usually use it in everyday conversation with friends.

⸻

## Example sentences
*   All citizens must **reside** within the country for at least six months to be eligible to vote.
*   The famous author chose to **reside** in a quiet village far from the city.
*   Many international students choose to **reside** in dormitories during their first year of university.

⸻

## Synonyms (with nuance)
*   **live** — This is the most common and neutral word for making your home somewhere. It can be used in any situation, formal or informal.
    *   *Example: I **live** in London.*
*   **dwell** — This word is older and much less common in modern English. It often sounds poetic, old-fashioned, or sometimes even slightly negative (e.g., ""to dwell on a problem"").
    *   *Example: He **dwells** in a small cottage by the sea.*
*   **inhabit** — This word is often used for animals, or to describe a place being full of people. It focuses more on the *place* being occupied rather than the *person* living there.
    *   *Example: Many rare birds **inhabit** this forest.*
*   **stay** — This implies a temporary period of living somewhere, not a permanent home.
    *   *Example: I'm **staying** at a hotel for the weekend.*"
5050,gorgeous,"# gorgeous

## Meaning (easy English)

""Gorgeous"" means extremely beautiful or very attractive. You use it to describe something or someone that is wonderful to look at and causes a strong feeling of admiration.

It's a powerful way to say something is not just beautiful, but wonderfully so.

⸻

## Nuance
*   ""Gorgeous"" is a very strong word for beauty. It expresses a lot of admiration, delight, or even awe.
*   It is more intense than ""beautiful"" or ""pretty.""
*   You often use it for:
    *   **People:** Especially women, but can also describe men or children. (e.g., ""a gorgeous model,"" ""a gorgeous baby"")
    *   **Clothes, jewelry, or objects:** (e.g., ""a gorgeous dress,"" ""gorgeous earrings"")
    *   **Scenery or nature:** (e.g., ""a gorgeous sunset,"" ""gorgeous mountains"")
    *   **Weather:** (e.g., ""a gorgeous day"")
*   It's an everyday word, not very formal, and not slang. It's a common way to express strong positive feelings about beauty.

⸻

## Example sentences
*   The view from the top of the mountain was absolutely **gorgeous**, with green valleys and clear blue skies.
*   She looked **gorgeous** in her new silk gown at the party last night.
*   ""What a **gorgeous** day for a picnic!"" he exclaimed, enjoying the warm sunshine.

⸻

## Synonyms (with short notes about the differences)
*   **Beautiful** — A general word for pleasing to the eye or senses. ""Gorgeous"" is usually stronger and more intense.
*   **Stunning** — Implies a beauty that is so great it's surprising or breathtaking. Often similar in strength to ""gorgeous,"" or even stronger.
*   **Lovely** — A softer, gentler kind of beauty; pleasing, charming, and delightful. Less intense than ""gorgeous.""
*   **Pretty** — Often used for a smaller, delicate, or sweet kind of beauty, like a flower or a young girl. Less strong than ""gorgeous.""
*   **Attractive** — More general, means pleasing to look at, but doesn't necessarily imply extreme beauty. It can also refer to personality."
5051,villa,"# villa

## Meaning (easy English)

A ""villa"" is a large, often luxurious house, especially one in the countryside, a resort area, or a pleasant residential area. People often use villas for holidays or as a second home. It usually has a garden and offers a lot of privacy and space.

⸻

## Nuance
*   **Feels:** Often suggests a beautiful, spacious, and private place, perfect for relaxation or a high-end holiday. It sounds more elegant and special than just ""a house.""
*   **When used:** Commonly used when talking about holiday homes, especially in warm climates (e.g., ""a villa in Italy,"" ""a beach villa""). It can also describe a particular style of large, detached house.
*   **Formality:** Neutral to slightly elegant. It's an everyday word for describing this type of property.

⸻

## Example sentences
*   We rented a beautiful villa with a swimming pool for our family vacation in Greece.
*   The property developer is building several modern villas on the hillside overlooking the sea.
*   After retiring, they bought a charming villa in the south of France to spend their summers.

⸻

## Synonyms (with short notes about the differences)
*   **house** — This is the general word for any building people live in. A ""villa"" is a specific *type* of large, often luxurious house.
*   **mansion** — A much larger, grander, and more impressive house, usually indicating extreme wealth or historical importance. A ""villa"" can be luxurious but not always as grand as a mansion.
*   **cottage** — A small, usually charming house, often in the countryside. It's generally much smaller and less luxurious than a villa.
*   **chalet** — A specific type of house, usually made of wood, with a sloping roof, found especially in mountainous regions (like for skiing holidays). A villa is a broader term for a luxurious house, not tied to a specific architectural style or mountain location."
5052,signify,"# signify

## Meaning (easy English)

To ""signify"" means to show or mean something important. It often refers to something that represents or communicates an idea, a feeling, or a particular meaning.

You use ""signify"" when an action, object, or event is a sign of something else, often something deeper or more important.

⸻

## Nuance
*   **Formal and serious:** ""Signify"" is more formal than ""mean"" or ""show."" It is often used in writing, academic discussions, or serious conversations.
*   **Deeper meaning:** It suggests that something carries a deeper or more symbolic meaning, not just a simple definition.
*   **What it conveys:** It's about what something *communicates* or *represents*, rather than just what it *is*. For example, a gesture can signify approval.

If you hear ""signify,"" think about what a particular thing or action *tells* you, especially in a meaningful way.

⸻

## Example sentences
*   The sudden drop in sales could **signify** that customers are losing interest in the product.
*   In many cultures, a white dove **signifies** peace and hope.
*   His refusal to shake hands **signified** his strong disapproval of the proposal.

⸻

## Synonyms (with short notes about the differences)
*   **Mean** — The most common synonym. ""Mean"" is very general and can be used for simple definitions (e.g., ""What does 'hello' mean?""). ""Signify"" is more formal and often implies a deeper, symbolic, or more important meaning.
*   **Show** — To make something visible or apparent. ""Show"" is more direct and less formal. ""Signify"" often implies revealing an underlying meaning, while ""show"" can just be about presenting something.
*   **Represent** — To stand for or be a symbol of something. Very close to ""signify,"" especially when something *is* a sign or symbol of something else. ""Represent"" can also mean to act on behalf of someone, which ""signify"" does not.
*   **Indicate** — To point out or suggest something, often a fact or a situation. ""Indicate"" is often about factual evidence or a sign that something is happening (e.g., ""The thermometer indicates a high temperature""). ""Signify"" often implies a more deliberate message or a deeper importance."
5053,disapproval,"# disapproval

## Meaning (easy English)

Disapproval is a feeling or an expression that you think something or someone is bad, wrong, or not good enough.
It shows that you do not agree with or like something. It's the opposite of approval.

⸻

## Nuance
*   **Negative Judgment:** Disapproval always implies a negative view or judgment. You think something is incorrect, inappropriate, or undesirable.
*   **Range of Intensity:** It can be mild (like a slight frown or a quiet sigh) or strong (like a stern lecture or a formal complaint).
*   **Expressed Verbally or Non-verbally:** You can show disapproval with words, but also with body language, facial expressions (e.g., a frown, a shake of the head), or silence.
*   **Formality:** It's a word of medium formality. It can be used in everyday conversation (e.g., ""My mom gave me a look of disapproval"") and in more formal contexts (e.g., ""The board expressed its disapproval of the new policy"").

⸻

## Example sentences
*   Her parents showed their **disapproval** of her new boyfriend with a long silence.
*   The committee expressed strong **disapproval** of the proposed budget cuts.
*   Despite the public's **disapproval**, the government went ahead with the new policy.

⸻

## Synonyms (with short notes about the differences)
*   **disagreement** — A difference of opinion. You can disagree with an idea without necessarily thinking it's bad, just different. Disapproval is a stronger negative judgment.
*   **objection** — A specific reason given for not liking or supporting something, often stated formally. It's a specific argument against something, whereas disapproval is a general feeling or expression.
*   **criticism** — The act of judging something, often pointing out faults. While criticism often expresses disapproval, it can also be constructive (helpful). Disapproval is purely negative judgment.
*   **condemnation** — A very strong and often public expression of disapproval, usually for something seen as morally wrong or very serious. Much stronger than disapproval."
5054,proposition,"# proposition

## Meaning (easy English)

A proposition is an idea, a plan, or a suggestion that someone offers for others to think about, accept, or discuss. It's often something that needs to be considered carefully.

It can also be a statement that expresses an opinion or a fact, which can be true or false, especially in academic discussions.

⸻

## Nuance
*   **Formality:** ""Proposition"" can sound quite formal, especially when referring to a serious business offer, a political idea, or a logical statement.
*   **Usage:**
    *   It often implies that the idea or plan needs careful consideration, debate, or even a decision (like accepting or rejecting it).
    *   In a more academic context (like philosophy or logic), it refers to a statement whose truth or falsity is being examined.
    *   Informally, ""a tough proposition"" means a difficult task, problem, or situation.

⸻

## Example sentences
*   The investor presented an interesting business **proposition** for a new startup.
*   The government's new policy is a controversial **proposition** that many people are debating.
*   Solving this complex math problem proved to be a difficult **proposition** for the students.

⸻

## Synonyms (with short notes about the differences)
*   **Proposal:** Very similar, especially for a formal plan or offer. A ""proposal"" often refers to the *document* or *act* of proposing, while a ""proposition"" can be the *idea itself* or the *thing offered*. ""Proposal"" is also very common for marriage offers.
*   **Suggestion:** A more general and less formal idea or piece of advice. A ""suggestion"" doesn't usually require as much formal consideration or debate as a ""proposition.""
*   **Offer:** A direct act of presenting something (like money, a job, or an item) for acceptance or refusal. An ""offer"" is usually more concrete than a ""proposition.""
*   **Statement:** (For the academic meaning) A declaration of something, often a fact or opinion. A ""proposition"" (in this sense) is a statement put forward specifically to be analyzed for its truth or falsity."
5055,straighten,"# straighten

## Meaning (easy English)

To **straighten** means to make something not bent, curved, or messy. It can mean to make something physically straight, or to make something tidy and organized. It can also mean to correct a mistake or misunderstanding.

⸻

## Nuance
*   This is a common, everyday verb. It describes an action that makes something neat, orderly, or correct.
*   You use it for physical actions, like making a bent wire straight or adjusting a picture frame so it's level.
*   It's also used for tidying up a space, like a room or a desk, making it neat.
*   Often, ""straighten"" is used with prepositions like ""up"" or ""out"":
    *   **Straighten up**: Can mean to stand or sit tall, to improve your behavior, or to make a place tidy.
    *   **Straighten out**: Often means to solve a problem, correct a misunderstanding, or make something clear.
*   The word is not formal; you can use it in almost any situation.

⸻

## Example sentences
*   Please **straighten** your tie before you go into the meeting.
*   I need to **straighten** my messy room before my parents visit this weekend.
*   The teacher helped me **straighten** out the confusion I had about the homework.

⸻

## Synonyms (with short notes about the differences)
*   **Align** — To arrange things in a straight line or in correct relative positions, often with precision. (e.g., ""Align the books on the shelf perfectly."")
*   **Unbend** — Specifically means to make something that was bent, straight again. (e.g., ""He carefully unbent the paperclip."")
*   **Tidy (up)** — To make something neat and orderly, often by putting things away. It focuses more on general neatness than physical straightness. (e.g., ""Please tidy up your toys."")
*   **Resolve / Clarify** — When ""straighten out"" is used to solve a problem or misunderstanding. ""Resolve"" means to find a solution, and ""clarify"" means to make something easier to understand. (e.g., ""We need to resolve this issue,"" or ""Can you clarify your instructions?"")"
5056,statistics,"# statistics

## Meaning (easy English)

""Statistics"" can mean two main things:

1.  **Numerical facts or data:** These are numbers that represent facts or information, often collected and organized to show something. For example, numbers about how many people live in a city, how fast a product sells, or how well a sports team performs.
2.  **The study of data:** This is a subject or field of study that involves collecting, analyzing, interpreting, and presenting numerical data. People use this study to understand patterns, make predictions, or draw conclusions from information.

⸻

## Nuance
*   ""Statistics"" often refers to **objective numbers and facts** that have been gathered and analyzed.
*   It is used in many fields like science, business, government, sports, and news to understand trends, make decisions, or support arguments.
*   When used as a field of study (e.g., ""I study statistics""), it's an academic and professional term. When referring to the data itself (e.g., ""The statistics show...""), it can be used in both formal and informal conversations.
*   It implies a more structured and often quantitative (number-based) way of understanding information.

⸻

## Example sentences
*   The latest **statistics** show that unemployment rates have decreased this quarter.
*   She decided to major in **statistics** at university because she loves working with numbers and finding patterns.
*   We need to look at the website usage **statistics** to understand what our visitors are interested in.

⸻

## Synonyms (with short notes about the differences)
*   **Data** — General term for raw facts, figures, or information. Statistics are a specific *type* of data (numerical and often analyzed).
*   **Figures** — Simply numbers or amounts. ""Figures"" can be raw, while ""statistics"" usually implies that the numbers have been collected and given some context or meaning.
*   **Information** — Broad term for knowledge or facts. Statistics provide *specific numerical information* that has often been processed.
*   **Analytics** — Refers to the process of examining data to find meaningful insights, especially in business or technology. Statistics is the academic field that provides the methods and theories for analytics."
5057,continuously,"# continuously

## Meaning (easy English)

""Continuously"" describes something that happens without any breaks or interruptions. It means an action or state keeps going on and on without stopping.

It focuses on the unbroken flow of an event or process over a period of time.

⸻

## Nuance
*   **How it feels:** It emphasizes a steady, unbroken flow or state over a period of time. It suggests persistence and a lack of pauses.
*   **When it's used:** To describe actions or events that happen without any pauses or breaks. It highlights that something is ongoing and doesn't stop.
*   **Formality:** It's a neutral word, commonly used in both everyday conversations and more formal writing.

⸻

## Example sentences
*   It rained **continuously** for three days, making the roads very wet.
*   The old clock on the wall has been ticking **continuously** for over a hundred years.
*   To get better at a language, you need to practice **continuously**, even if it's just for a few minutes each day.

⸻

## Synonyms (with short notes about the differences)
*   **constantly** — often interchangeable, but ""constantly"" can sometimes mean ""very frequently"" or ""repeatedly"" rather than strictly ""without any breaks."" ""Continuously"" strongly emphasizes the unbroken nature.
*   **always** — broader; means ""at all times"" or ""on every occasion."" While it can imply continuity, it also covers habitual actions or universal truths, not just an unbroken flow.
*   **incessantly** — stronger and often has a negative feeling; it suggests something continues without stopping in a way that is annoying or excessive (e.g., ""incessantly complaining,"" ""incessantly ringing"")."
5058,widen,"# widen

## Meaning (easy English)

To **widen** means to make something wider, or to become wider. When something widens, it increases its size from one side to the other. It means there is more space across it.

You can widen a physical thing (like a road or a gap) or an abstract thing (like your understanding or opportunities).

⸻

## Nuance
*   ""Widen"" is a common verb used to describe an increase in width or scope.
*   It can be used for physical things (e.g., ""widen a river,"" ""her eyes widened"") and also for abstract ideas (e.g., ""widen opportunities,"" ""widen your perspective"").
*   It is a neutral word, not very formal or informal, and is suitable for many different situations.
*   It can describe a positive change (like improving a road) or sometimes a negative one (like a gap between groups becoming larger).

⸻

## Example sentences
*   The city council decided to **widen** the main road to reduce traffic jams.
*   Learning about different cultures can **widen** your understanding of the world.
*   His eyes **widened** in surprise when he saw all the birthday presents.

⸻

## Synonyms (with short notes about the differences)
*   **broaden** — Very similar to ""widen,"" especially when talking about abstract ideas like knowledge, perspectives, or horizons. ""Broaden your mind"" is common. While it can be used for physical things, ""widen"" is more common for literal side-to-side measurement.
*   **expand** — To make something larger in size, volume, or scope. ""Expand"" is more general; it can mean getting bigger in any direction, not just wider. (e.g., ""The business is expanding into new markets."")
*   **enlarge** — To make something bigger in general. Similar to expand, but often implies making an existing object or image bigger, sometimes proportionally. ""Widen"" is specifically about the side-to-side dimension. (e.g., ""Can you enlarge this photo?"")
*   **stretch** — To pull something to make it longer or wider, often under tension. ""Widen"" doesn't necessarily involve a pulling action. (e.g., ""She stretched the elastic band."")"
5059,activist,"# activist

## Meaning (easy English)

An **activist** is a person who works hard to make political or social changes. They strongly believe in a particular cause, like protecting the environment, fighting for human rights, or improving education.

Activists take action to make a difference. This can include organizing protests, writing letters, speaking publicly, or educating others to raise awareness about their cause.

⸻

## Nuance
*   The word ""activist"" suggests someone who is very **passionate and dedicated** to a cause. They don't just talk about problems; they actively try to solve them.
*   It often implies **taking direct action** and challenging existing systems or ideas.
*   The term is generally **neutral** in formality and widely used. However, whether someone sees an activist as a hero or a troublemaker often depends on their own views about the specific cause.
*   It's commonly used when discussing social movements, political issues, environmental protection, and human rights.

⸻

## Example sentences
*   Greta Thunberg is a well-known **activist** for climate change awareness.
*   Local **activists** organized a march to protest the new factory being built near the river.
*   She became a human rights **activist** after witnessing injustice in her community.

⸻

## Synonyms (with nuance)
*   **Campaigner** — Very similar; a person who works on a specific campaign (a series of actions) to achieve a particular goal, often for a limited time. An activist's work might be broader or ongoing.
*   **Protester** — Someone who expresses strong disagreement or disapproval, often publicly (e.g., at a demonstration). An activist might protest, but ""protester"" describes the *action*, while ""activist"" describes the *role* or *identity*.
*   **Advocate** — A person who publicly supports or recommends a particular cause or policy. ""Advocate"" often sounds more formal and might involve speaking on behalf of others through official channels (like a lawyer or a lobbyist). An activist can also be an advocate.
*   **Reformer** — Someone who makes changes to improve something, often by working within existing systems or institutions. A reformer usually focuses on changing laws or policies from inside, while an activist might work from outside to pressure for change."
5060,clash,"# clash

## Meaning (easy English)

""Clash"" means that two or more things come together in a way that creates conflict, disagreement, or a strong difference. It can refer to:

1.  **People or groups disagreeing strongly:** They have very different ideas or goals, which can lead to an argument, a fight, or a strong opposition.
2.  **Things hitting each other forcefully:** Often with a loud noise.
3.  **Colors, styles, or ideas that don't look good or fit well together:** They create an unpleasant contrast or are incompatible.
4.  **Two events happening at the same time:** Making it difficult or impossible to attend both.

⸻

## Nuance
*   **Feeling:** Often suggests tension, opposition, or an uncomfortable lack of harmony. It implies that the things involved are not meant to be together or have opposing forces.
*   **Usage:** Commonly used when there's an active conflict (between people, ideas, or teams), a visual conflict (colors, styles), or a timing conflict (schedules). It can also describe physical impact.
*   **Formality:** Generally neutral. It's used comfortably in everyday conversation and in more formal contexts like news reports about political disagreements or sports results.

⸻

## Example sentences
*   The two politicians *clashed* fiercely during the debate over the new healthcare policy.
*   Her bright orange shirt *clashed* terribly with her elegant pink trousers.
*   My final exam for history *clashed* with my sister's graduation ceremony, so I had to miss the celebration.

⸻

## Synonyms (with short notes about the differences)
*   **Conflict:** A more general term for a state of disagreement, opposition, or struggle, which can be ongoing. ""Clash"" often refers to the *moment* or *act* of that disagreement happening.
*   **Argue:** Specifically means to express different opinions verbally, often in an angry or heated way. ""Clash"" can involve arguments but also physical fights or just strong opposition of ideas or aesthetics.
*   **Disagree:** A milder form of not having the same opinion. ""Clash"" implies a stronger, more direct, and often more problematic opposition or incompatibility.
*   **Collide:** Primarily means to hit something with force, usually physically and often by accident. While ""clash"" can be physical, it's more often used for non-physical conflicts (ideas, schedules, colors).
*   **Mismatch:** Means that things don't fit or match well together. ""Clash"" is a stronger form of mismatch, often implying a jarring or unpleasant effect rather than just a lack of fit."
5061,fortnight,"# fortnight

## Meaning (easy English)

A fortnight is a period of two weeks. It means exactly fourteen days.
It is a single word used to describe this specific length of time.

⸻

## Nuance
*   **Usage:** This word is very common in British English, Irish English, Australian English, and New Zealand English. In American English, people almost always say ""two weeks"" instead of ""fortnight.""
*   **Feel:** Where it is used, ""fortnight"" sounds natural and normal. In places where ""two weeks"" is more common, ""fortnight"" might sound a little traditional or even old-fashioned, but it's not incorrect.
*   **Formality:** It is a neutral word; it's not especially formal or informal.
*   **When used:** It's often used for regular events (e.g., ""I get paid every fortnight"") or to talk about something that happened a specific time ago or will happen in a specific time (e.g., ""a fortnight ago,"" ""in a fortnight's time"").

⸻

## Example sentences
*   My team meets every **fortnight** to discuss our progress on the project.
*   We're going away on holiday for a **fortnight** next month to visit my aunt.
*   I finished reading that interesting book about history a **fortnight** ago.

⸻

## Synonyms (with short notes about the differences)
*   **two weeks** — This is the most common and direct alternative. It means exactly the same thing as ""fortnight."" The main difference is that ""fortnight"" is one word, while ""two weeks"" uses two words. In American English, ""two weeks"" is almost always preferred.
*   **a couple of weeks** — This is a slightly more casual and less precise way to say ""two weeks."" It can sometimes mean ""around two weeks"" rather than exactly fourteen days.
*   **bi-weekly / semi-monthly** — These words describe *how often* something happens (e.g., ""every two weeks"" or ""twice a month""), not the duration itself. ""Fortnight"" specifically refers to the *period of time* of two weeks. Also, ""bi-weekly"" can sometimes mean ""twice a week,"" which can be confusing."
5062,congratulate,"# congratulate

## Meaning (easy English)

To congratulate someone means to tell them you are happy for their success, good luck, or a happy event in their life. You show your good wishes and approval for something good that has happened to them or something good they have achieved.

⸻

## Nuance
*   **Feeling:** It expresses positive emotions like joy, approval, support, and admiration for someone's good fortune or achievement.
*   **When used:** You use ""congratulate"" when someone graduates, gets a new job, wins a prize, gets married, has a baby, or achieves a personal goal. It's for significant positive events.
*   **Formality:** The verb ""to congratulate"" is standard English and appropriate in most situations, from formal speeches to everyday conversations. The exclamation ""Congratulations!"" is very common and can be used informally.

⸻

## Example sentences
*   I want to **congratulate** you on getting the new job! That's wonderful news.
*   The coach **congratulated** the team after they won the championship game.
*   She **congratulated** her friend on finally finishing her university degree.

⸻

## Synonyms (with short notes about the differences)
*   **Praise:** To express approval and admiration for someone's qualities, actions, or work. (Difference: ""Praise"" is often about *how* someone did something or *who* they are, while ""congratulate"" is specifically about a successful outcome or happy event.)
*   **Commend:** To formally praise someone for their actions, courage, or achievements. (Difference: ""Commend"" is often more official or serious, and can be for good behavior or effort, not just a successful event.)
*   **Applaud:** To show approval or praise by clapping your hands, or to express strong approval for an idea or action. (Difference: ""Applaud"" can be a physical action, or a more general expression of approval for an idea, not always a personal message to someone about their achievement.)"
5063,timid,"# timid

## Meaning (easy English)

""Timid"" describes someone who is easily frightened or shy. A timid person often lacks confidence and might hesitate to do new things, speak up, or try challenging activities. It can also describe animals that are easily scared.

## Nuance
*   **How it feels:** The word ""timid"" suggests a lack of courage or confidence, often leading to hesitation or shyness. It can imply that someone holds back or avoids situations because they are afraid or unsure.
*   **When it is used:** It is often used to describe people or animals who are easily scared or uncomfortable in new or challenging situations. It can also describe an action done in a careful, hesitant way.
*   **Formality:** ""Timid"" is a common word in everyday English. It is not overly formal or informal.

## Example sentences
*   The **timid** child hid behind her mother when the loud dog barked.
*   Even though he had a great idea, his **timid** nature made him hesitate to share it with the team.
*   Wild rabbits are very **timid** and will quickly run away if they hear any noise.

## Synonyms (with short notes about the differences)
*   **Shy** — Very similar to timid, but ""shy"" often focuses more on social discomfort or awkwardness around people. A shy person might be uncomfortable talking to strangers, while a timid person might also be afraid of trying new sports or speaking in public.
*   **Fearful** — Means feeling actual fear or dread. ""Timid"" describes a *tendency* to be easily scared or to lack courage, while ""fearful"" describes the *feeling* of being afraid in a specific moment.
*   **Bashful** — Similar to shy, but often suggests a cute or charming kind of shyness, especially when blushing or avoiding attention. It's often used for a momentary display of shyness rather than a deep personality trait.
*   **Apprehensive** — Means feeling anxious or uneasy about something that might happen in the future. It's more about future worry than a general personality trait of being easily scared or shy.
*   **Reserved** — Describes someone who doesn't show their feelings or thoughts easily; they are quiet and keep to themselves. While a reserved person might also be timid, ""reserved"" doesn't necessarily mean they lack confidence or are easily scared; they might just prefer to be private."
5064,courtesy,"# courtesy

## Meaning (easy English)

""Courtesy"" refers to polite behavior and good manners that show respect and kindness to other people. It can also mean a specific polite act or statement that you do for someone.

⸻

## Nuance
*   ""Courtesy"" feels positive, thoughtful, and respectful. It suggests that someone is making a conscious effort to act politely towards others.
*   It's used in many different situations, from daily interactions to more formal settings like business, customer service, or public places.
*   It's a standard and polite word. It's not overly formal, but it implies a level of social grace and consideration that goes beyond simply ""being nice.""

⸻

## Example sentences
*   Showing basic **courtesy**, like saying ""please"" and ""thank you,"" makes daily interactions much smoother.
*   The hotel staff treated all guests with great **courtesy**, making their stay very pleasant.
*   As a **courtesy**, the company offered a free shuttle service to the event location for all attendees.

⸻

## Synonyms (with short notes about the differences)
*   **Politeness:** Very close in meaning. ""Politeness"" is the general quality of being polite, while ""courtesy"" can be that quality *or* a specific polite action.
*   **Manners:** Refers to a person's general way of behaving (often plural, ""good manners""). ""Courtesy"" is a specific act or expression of good manners.
*   **Respect:** A broader feeling of admiration or honor for someone or something. Showing courtesy is a common way to demonstrate respect for others.
*   **Consideration:** Thinking carefully about the feelings and needs of others. Acting with courtesy often involves being considerate."
5065,weakly,"# weakly

## Meaning (easy English)

""Weakly"" is an adverb that describes something done or existing with little strength, power, or intensity. It means ""in a weak way.""

If something is done *weakly*, it is not done strongly, firmly, or with much energy.

⸻

## Nuance
*   **How it feels:** ""Weakly"" often suggests a lack of energy, effort, or conviction. It can imply that something is not very effective, not very noticeable, or done without much confidence.
*   **When it is used:**
    *   **Physical actions:** To describe actions done with little physical strength (e.g., ""He weakly pushed the door."").
    *   **Intensity:** To describe something that is not strong or bright (e.g., ""The lamp glowed weakly."").
    *   **Reactions/Expressions:** To describe a reaction or expression that lacks energy, perhaps due to tiredness or illness (e.g., ""She smiled weakly."").
    *   **Support/Arguments:** To describe an argument or statement that is not convincing or lacks strong evidence (e.g., ""The case was weakly supported."").
*   **Formality:** It is a common word used in everyday conversation and writing, neither particularly formal nor informal.

⸻

## Example sentences
*   After the long illness, he could only **weakly** lift his head from the pillow.
*   The old radio played the music very **weakly**, making it hard to hear the lyrics.
*   Her argument for the new policy was **weakly** presented and didn't convince many people.

⸻

## Synonyms (with short notes about the differences)
*   **Feebly** — Very similar to ""weakly,"" often interchangeable, especially for physical actions or efforts lacking strength. It can sometimes suggest a more pitiful or helpless effort.
    *   _Example: He **feebly** waved his hand for help._
*   **Faintly** — Refers more to something being barely perceptible or noticeable, usually for senses like sight, sound, or smell, because it lacks intensity.
    *   _Example: I could **faintly** hear the distant music._
*   **Softly** — Implies gentleness, quietness, or a lack of harshness. While a soft sound can be weak, ""softly"" doesn't always mean *lacking strength*, just *reduced* volume or force in a controlled way.
    *   _Example: She spoke **softly** so as not to wake the baby._
*   **Poorly** — A broader term meaning not well, in an unsatisfactory way, or of bad quality. While something done ""poorly"" might also be ""weakly"" (e.g., a poorly built bridge might be weak), ""poorly"" can also mean badly done for other reasons (e.g., lack of skill, bad planning).
    *   _Example: The team performed **poorly** in the second half of the game._"
5066,mutter,"# mutter

## Meaning (easy English)

To **mutter** means to speak in a very quiet, low voice that is often hard for other people to hear or understand clearly.

People usually mutter when they are:
*   Annoyed or unhappy about something.
*   Complaining quietly to themselves or to someone else without wanting to be heard clearly.
*   Talking to themselves, perhaps thinking aloud.

⸻

## Nuance
*   **How it feels:** Often suggests annoyance, displeasure, or grumbling. It can also describe someone talking to themselves out of habit or deep thought.
*   **When it's used:** When someone doesn't want to speak loudly, or when their words are not fully intended for others to hear. It implies a lack of confidence, a complaint they don't want to voice openly, or simply speaking without much energy.
*   **Formality:** It's an informal to neutral word, used in everyday conversation.

If you hear someone ""muttering,"" it often means they are a bit unhappy or keeping their thoughts to themselves.

⸻

## Example sentences
*   He **muttered** something under his breath about the long wait for the bus.
*   The students **muttered** among themselves when the teacher gave them extra homework.
*   She **muttered** to herself as she searched for her lost keys in her bag.

⸻

## Synonyms (with short notes about the differences)
*   **Whisper** — To speak very softly, usually intentionally, so only a specific person hears you. The words are usually clear. (When you *whisper*, you usually want someone to hear you, but quietly. When you *mutter*, your words are often unclear and not fully intended for others.)
*   **Murmur** — A low, soft, continuous sound, often indistinct. It can be a low voice or a background noise. (A *murmur* can be more neutral or even pleasant, like ""a murmur of approval."" *Mutter* more strongly suggests annoyance or unclear speech.)
*   **Grumble** — To complain in a low, unhappy voice. (Very similar to *mutter* when expressing annoyance, but *grumble* often implies a more continuous or sustained complaint that might be slightly more audible.)
*   **Mumble** — To speak unclearly and indistinctly, making it difficult to understand the words. (Focuses more on the lack of clarity in speech, making the words hard to make out. *Mutter* often includes the idea of speaking quietly out of annoyance or to oneself, in addition to being unclear.)"
5067,pledge,"# pledge

## Meaning (easy English)

""Pledge"" means a serious promise or a formal agreement to do something. When you *pledge* something, you are making a strong commitment that you intend to keep. It can be a noun (the promise itself) or a verb (to make the promise).

⸻

## Nuance
*   **Serious and Formal:** ""Pledge"" sounds more serious and formal than a simple ""promise."" It suggests a strong intention and a sense of duty or responsibility.
*   **Public or Important:** It is often used for commitments that are public, official, or very important. For example, countries *pledge* support, or people *pledge* loyalty.
*   **Often for the Future:** It usually refers to something you will do or give in the future.
*   **Common Contexts:** You might hear ""pledge"" in politics (leaders pledging actions), charity (pledging money), or formal ceremonies (pledging allegiance).

⸻

## Example sentences
*   The government **pledged** to reduce taxes next year.
*   She made a **pledge** to volunteer at the animal shelter every weekend.
*   All new citizens must **pledge** loyalty to their new country.

⸻

## Synonyms (with short notes about the differences)
*   **Promise:** This is the most common and general word. ""Pledge"" is a *type* of promise that is usually more serious, formal, or public.
*   **Commitment:** This refers to a dedication or obligation to something. A ""pledge"" is often the *act* of making that commitment.
*   **Vow:** A very strong, solemn promise, often made in a religious context (like marriage vows) or for a very significant personal decision. It feels more sacred or personal than ""pledge.""
*   **Oath:** A formal promise, often made in a legal setting (e.g., in court) or involving a sacred declaration. An oath usually has legal or very serious consequences if broken. A ""pledge"" can be part of an oath (e.g., a pledge of allegiance)."
5068,reliable,"# reliable

## Meaning (easy English)

If something or someone is **reliable**, you can trust them or depend on them. They consistently do what they are supposed to do, or they are always truthful and perform well.

It means you can count on them to work correctly, be there when needed, or provide accurate information every time.

⸻

## Nuance
*   **How it feels:** The word ""reliable"" suggests consistency, trustworthiness, and a lack of negative surprises. When something or someone is reliable, you feel confident and don't worry about them failing or disappointing you.
*   **When it is used:** You use ""reliable"" for people (e.g., a reliable friend, employee), objects (e.g., a reliable car, alarm clock), systems (e.g., reliable internet), or information (e.g., a reliable source of news).
*   **Formality:** It's a common word used in everyday conversation and also in professional or academic contexts. It is not particularly formal or informal.

⸻

## Example sentences
*   My old car is incredibly **reliable**; it has never broken down, even after ten years.
*   Our team needs a **reliable** internet connection to work efficiently from home.
*   You can always count on Lisa; she's a very **reliable** person who always keeps her promises.

⸻

## Synonyms (with nuance)
*   **Dependable** — Very similar to ""reliable."" It means you can count on someone or something to be there or to do what is needed. Often used interchangeably with ""reliable.""
*   **Trustworthy** — Used mostly for people or information. It means someone is honest and you can believe what they say, or that information is true. A reliable person is usually trustworthy, but ""trustworthy"" specifically highlights honesty and integrity.
*   **Consistent** — Means always behaving or happening in the same way, often in a positive way. A reliable person or product is usually consistent in its performance. ""Consistent"" describes the pattern, while ""reliable"" describes the outcome of that pattern (that you can trust it).
*   **Steady** — Means stable, not changing much, and continuing without problems. A reliable machine might run steadily. ""Steady"" often describes a continuous, even state, while ""reliable"" focuses on the ability to be trusted over time."
5069,inexpensive,"# inexpensive

## Meaning (easy English)

Something that is **inexpensive** does not cost a lot of money. It is the opposite of ""expensive.""
When you say something is inexpensive, it usually means you think the price is good and fair, often suggesting good value for what you get.

⸻

## Nuance
*   **How it feels**: ""Inexpensive"" has a positive or neutral feeling. It suggests that something is a good deal or reasonably priced, without implying poor quality.
*   **When it is used**: It is a common word used in everyday situations when talking about prices, shopping, products, services, or travel.
*   **Formality**: It is a neutral word, suitable for both casual and slightly more formal conversations. It's a polite way to describe something that doesn't cost much.

⸻

## Example sentences
*   You can find many delicious dishes at this restaurant for an **inexpensive** price.
*   We chose an **inexpensive** hotel for our vacation, but it was still very comfortable.
*   It's possible to buy a good quality, **inexpensive** smartphone these days.

⸻

## Synonyms (with short notes about the differences)
*   **cheap** — Can sometimes mean very low in price, but it can also suggest poor quality or bad value. ""Inexpensive"" usually implies good value, while ""cheap"" can sometimes be negative.
    *   *Example*: ""The cheap shoes broke quickly."" (negative) vs. ""The inexpensive shoes were a great deal."" (positive)
*   **affordable** — Focuses on whether someone has enough money to buy something; it means it is within their budget. Very similar to ""inexpensive,"" often used to describe things that most people can buy.
    *   *Example*: ""They offer affordable housing for families.""
*   **economical** — Often means something saves money over time (e.g., uses less fuel, lasts longer) or is a smart way to save money. It suggests efficiency or good financial planning.
    *   *Example*: ""An economical car uses less gasoline.""
*   **low-cost** — A direct way to say something doesn't cost much. It's often used in business or product descriptions and is very similar in meaning to ""inexpensive.""
    *   *Example*: ""The airline offers low-cost flights to many cities."""
5070,proficient,"# proficient

## Meaning (easy English)

If someone is **proficient** at something, it means they are very good at it because they have practiced and learned a lot. They can do the task or skill well and effectively.

It describes a high level of ability that comes from experience and training.

⸻

## Nuance
*   **How it feels:** Positive and professional. It suggests a reliable and effective ability.
*   **When it's used:** Often used for practical skills like speaking a language, using computer software, playing an instrument, or performing a specific job task. It focuses on being able to *do* something well, not just knowing facts about it.
*   **Formality:** It's a standard, professional word. It's more formal than ""good at"" but not overly academic. You might see it in job descriptions, skill assessments, or academic reports.

⸻

## Example sentences
*   She is **proficient** in Spanish and English, which is very useful for her job in tourism.
*   To get this position, you need to be **proficient** in data analysis software.
*   After many lessons, he became **proficient** at playing the guitar.

⸻

## Synonyms (with nuance)
*   **Skilled** — Very similar. ""Skilled"" can describe someone who has a natural talent or has learned a general ability. ""Proficient"" often emphasizes the ability to perform tasks well and effectively through practice.
*   **Competent** — Means you are able to do something well enough, meeting the basic standards. ""Proficient"" suggests a higher level of ability than just competent; you are not just 'good enough' but very good.
*   **Adept** — Similar to proficient, often implying a natural quickness or cleverness in learning and performing a skill. Can sometimes suggest a more natural ease.
*   **Fluent** — Used specifically for languages, meaning you can speak, read, and write a language easily and correctly. If you are fluent in a language, you are also proficient in it.
*   **Expert** — A much higher level than proficient. An ""expert"" is someone with deep and extensive knowledge and experience, often a recognized authority in their field. A proficient person is very good; an expert is a master."
5071,specify,"# specify

## Meaning (easy English)

To **specify** means to state or describe something clearly and exactly, often by giving details. When you specify something, you leave no doubt about what you mean or what you want.

It means to name something precisely, so that everyone understands the exact thing or condition.

⸻

## Nuance
*   **How it feels**: It feels precise, clear, and exact. It implies that you need to be very particular about something.
*   **When it is used**: Often used when giving instructions, making requests, describing requirements, or defining conditions. It's common in formal or semi-formal situations (like in business, official documents, or academic settings) but also in everyday life when clarity is important.
*   **Formality**: It is generally a neutral to slightly formal word. It's not overly casual, but it's not strictly academic either. It suggests a deliberate act of providing exact information.

⸻

## Example sentences
*   Please **specify** the exact size and color you want when you place your order.
*   The contract didn't **specify** the deadline for completing the project, which caused some confusion.
*   When you fill out the form, remember to **specify** any allergies you have.

⸻

## Synonyms (with short notes about the differences)
*   **State** — To say or declare something. ""Specify"" means to state something *with exact details*.
*   **Detail** — To describe something with many small parts or features. ""Specify"" often means to *name* or *point out* those exact parts or requirements.
*   **Define** — To explain the meaning of a word, concept, or term. ""Specify"" is about *stating exact requirements or particular items*, not explaining what they mean.
*   **Name** — To identify something by its name. ""Specify"" often involves naming *particular items, conditions, or characteristics* with more precision and completeness."
5072,receptionist,"# receptionist

## Meaning (easy English)

A receptionist is a person whose job is to work at the front desk of an office, hotel, clinic, or other business.
Their main duties are to greet visitors, answer phone calls, manage appointments, and provide general information.
They are usually the first person people meet or talk to when they contact the business.

⸻

## Nuance
*   The word 'receptionist' describes a common and important job in many types of organizations.
*   It suggests someone who is organized, helpful, and welcoming to people.
*   You hear this word used in a wide variety of places: offices, hospitals, hotels, schools, hair salons, and more.
*   It is a standard, professional job title, neither very formal nor informal.

⸻

## Example sentences
*   The friendly **receptionist** helped me find the correct office for my meeting.
*   Please check in with the **receptionist** when you arrive for your dental appointment.
*   She works as a **receptionist** at a busy law firm in the city center.

⸻

## Synonyms (with short notes about the differences)
*   **Front desk clerk** — Very similar, often used specifically in hotels. ""Clerk"" can sometimes suggest more general administrative tasks, while ""receptionist"" emphasizes welcoming and managing the front area.
*   **Secretary** — A secretary often works for one specific person (like a manager) and does more personal tasks such as typing letters, scheduling meetings, and organizing files. A receptionist's job is usually for the whole office.
*   **Administrative assistant** — A more general term for someone who helps with many office tasks. This can include some receptionist or secretarial duties, but often involves more complex project support and might not always be at the front desk.
*   **Greeter** — Someone whose main job is just to welcome people, often in shops or restaurants. A receptionist also greets people, but has many more duties like answering phones and managing information."
5073,unwise,"# unwise

## Meaning (easy English)

If something is **unwise**, it means it is not sensible, smart, or carefully thought out. An unwise decision or action is likely to cause problems, difficulties, or bad results. It is the opposite of ""wise.""

## Nuance
*   **Suggests**: A lack of good judgment or foresight (ability to plan for the future) in a particular situation. It implies that a better choice could have been made with more careful thought.
*   **Usage**: Often used to describe decisions, actions, plans, or advice. It's a polite way to say something was a bad idea without being too harsh or directly calling someone ""stupid.""
*   **Formality**: Generally neutral. It can be used in both everyday conversations and more formal discussions.

## Example sentences
*   It would be **unwise** to quit your job without having another one lined up.
*   Sharing all your personal information online can be **unwise** because of privacy risks.
*   The politician made an **unwise** comment that caused a lot of controversy among voters.

## Synonyms (with nuance)
*   **Foolish**: Stronger and more critical. It suggests a lack of common sense or intelligence, sometimes even silliness, whereas ""unwise"" is more about a specific poor judgment.
*   **Ill-advised**: Very similar to ""unwise,"" often used for plans or actions that were based on poor judgment or bad advice. It's slightly more formal.
*   **Imprudent**: More formal. It means not showing care or thought for the future, especially regarding practical or financial matters. Similar to ""unwise"" but often emphasizes a lack of foresight.
*   **Reckless**: Much stronger. This means acting without thinking about danger or consequences at all, often involving serious risks. ""Unwise"" is a mistake; ""reckless"" is much more dangerous and careless."
5074,transmit,"# transmit

## Meaning (easy English)

To transmit means to send something from one person or place to another. This often involves sending signals, messages, data, or even diseases.

It suggests that something is sent across a distance or through a medium (like air, wires, or a body).

⸻

## Nuance
*   **Technical/Scientific:** ""Transmit"" is often used in scientific or technical contexts, such as sending radio signals, internet data, or electricity.
*   **Process of Transfer:** It implies a process of moving something from a source to a receiver, often over a distance or through a specific channel.
*   **Formality:** It can sound a bit more formal or technical than common words like ""send"" or ""pass on,"" especially when referring to communication or information.

If you hear ""transmit,"" you can imagine something being actively sent or passed along, often in a structured or measurable way.

⸻

## Example sentences
*   The radio tower **transmits** signals to radios within a 50-mile radius.
*   Some insects can **transmit** diseases from animals to humans.
*   We need a secure system to **transmit** sensitive data between offices.

⸻

## Synonyms (with nuance)
*   **send** — This is the most general word for moving something from one place to another. ""Transmit"" is more specific about the *method* or *type* of item being sent (e.g., signals, data).
*   **convey** — Usually means to communicate or make known ideas, feelings, or information. While ""transmit"" can be used for information, ""convey"" focuses more on the *meaning* being understood.
*   **broadcast** — To send out signals (like radio or TV) over a wide area to many people. ""Transmit"" can be more targeted (e.g., point-to-point data), while ""broadcast"" always implies a wide, public distribution.
*   **spread** — To extend over a larger area, or to pass from one person to another (like news, fire, or disease). ""Spread"" often suggests a less controlled or more organic movement than ""transmit.""
*   **pass on** — Often used informally for giving something to someone directly, or sharing information or traditions with the next generation. ""Transmit"" is generally more formal and less personal."
5075,classified,"# classified

## Meaning (easy English)

When information or documents are **classified**, it means they are officially secret. Only certain people, who have special permission, are allowed to know or see this information.

Governments, military organizations, or large companies often classify information to protect important things like national security, military plans, or very sensitive data. It means the information is not for the general public to see or hear.

⸻

## Nuance
*   **How it feels:** Serious, important, official, and very private. It suggests that there are strict rules and laws about who can access it, and serious consequences if it is shared without permission.
*   **When it is used:** Most often in contexts related to government, military, intelligence agencies, or large organizations dealing with national security or very sensitive projects. You will often hear it in news reports about government secrets or spy stories.
*   **Formality:** It is a formal and official term.
*   Hearing ""classified"" tells you that the information is not for the public and could cause serious problems if shared without permission.

⸻

## Example sentences
*   The journalist tried to get access to the **classified** government report, but it was impossible.
*   Only a few top officials had clearance to view the **classified** files about the new space project.
*   The spy was accused of leaking **classified** information to an enemy country.

⸻

## Synonyms (with short notes about the differences)
*   **Secret:** This is a more general word. Anything can be secret (e.g., a secret recipe, a secret crush). ""Classified"" is a specific type of secret that is *officially* protected by an organization or government, often with legal penalties for sharing.
*   **Confidential:** Means information that should not be shared, often within a company or between specific people (e.g., medical records, business plans). It's official, but usually not as high-level or related to national security as ""classified.""
*   **Restricted:** Means access is limited to certain people or groups. It can be a level of classification (e.g., ""Restricted access area""), but it doesn't always carry the same strong sense of national security or severe legal penalties for leaking as ""classified"" does.
*   **Top secret:** This is actually a *higher level* of classification. All ""top secret"" information is ""classified,"" but not all ""classified"" information is ""top secret."" ""Top secret"" implies the highest level of damage if revealed."
5076,bounce,"# bounce

## Meaning (easy English)

""Bounce"" means to move up and down, often lightly and quickly.
It also means to hit a surface and then spring back up or away from it.
You can also ""bounce"" something, meaning you make it hit a surface and spring back.

Sometimes, ""bounce"" means to recover quickly from a difficulty or illness (often used as ""bounce back"").

⸻

## Nuance
•	Often suggests a light, quick, or energetic movement.
•	It can be used for objects (like balls), people (especially children or energetic animals), or even abstract ideas like sound, light, or a person's mood.
•	When someone ""bounces back,"" it means they recover quickly and well from a problem or illness.
•	The word is generally informal to neutral, not formal.

⸻

## Example sentences
•	My dog loves to **bounce** a tennis ball in the yard.
•	The children were **bouncing** on the trampoline, laughing loudly.
•	It was a difficult time, but she managed to **bounce back** quickly after the surgery.

⸻

## Synonyms (with nuance)
•	**rebound** — Very similar, especially when an object hits a surface and springs back (e.g., a basketball off the backboard). Often used in sports.
•	**spring** — To move quickly and suddenly, often upwards, like a coiled spring releasing energy. It can feel more intentional or sudden than ""bounce.""
•	**jump** — A more general word for pushing yourself off the ground to move into the air. ""Bounce"" often implies a repeated or lighter kind of jump.
•	**ricochet** — To bounce off a surface at an angle, often multiple times, especially for fast-moving objects like bullets or stones. It's more specific."
5077,disturbed,"# disturbed

## Meaning (easy English)

""Disturbed"" can mean a few different things, mainly:

1.  **Feeling worried or upset:** When a person is *disturbed*, they are not calm or peaceful because something has bothered them emotionally. It often means feeling anxious, shocked, or deeply uneasy.
2.  **Something being interrupted or changed:** If a place, situation, or object is *disturbed*, it means its normal quietness, order, or state has been broken, interrupted, or changed.
3.  **Having mental or emotional problems:** In a more serious or clinical context, ""disturbed"" can describe someone who has significant mental or emotional difficulties.

⸻

## Nuance

*   **Emotional:** When used for a person's feelings, ""disturbed"" suggests a strong negative reaction – often worry, shock, or deep unease. It's stronger than just ""bothered"" but doesn't always mean extreme sadness or anger. It implies a loss of inner peace.
*   **Situational:** When used for a place or situation, it means something has been interrupted, disordered, or interfered with.
*   **Formality:** It can be used in everyday conversation (e.g., ""I was disturbed by the noise"") and in more formal or serious contexts (e.g., ""The evidence was disturbed at the crime scene""). The mental health usage is more formal or clinical.
*   **Usage:** It's often used with prepositions like ""by"" (e.g., ""disturbed by the news"").

⸻

## Example sentences

*   She looked very *disturbed* after reading the letter with the bad news.
*   The quiet of the library was *disturbed* by a sudden, loud alarm.
*   The police noticed that the evidence at the crime scene had been *disturbed*.

⸻

## Synonyms (with short notes about the differences)

*   **Upset** — Very common for general emotional distress. Can be less intense than ""disturbed"" and often implies sadness or anger. (e.g., ""I was upset when my team lost."")
*   **Bothered** — Weaker than ""disturbed."" Means slightly annoyed or inconvenienced. (e.g., ""I'm a bit bothered by the constant ringing."")
*   **Worried** — Focuses specifically on feelings of anxiety or fear about something that might happen. ""Disturbed"" can be about past or present events too. (e.g., ""I'm worried about my exam results."")
*   **Disrupted** — (for situations) Means to interrupt the normal course or order of something. It's more about external events breaking a pattern. (e.g., ""The meeting was disrupted by a power cut."")
*   **Agitated** — (for people) Describes someone who is feeling troubled, nervous, or restless, often showing it in their movements or speech. Stronger than ""disturbed"" in terms of visible unrest. (e.g., ""He became agitated when questioned."")"
5078,uneasy,"# uneasy

## Meaning (easy English)

When you feel **uneasy**, you are not relaxed or comfortable. You might feel a little worried, anxious, or that something is not quite right. It's a feeling of slight discomfort or apprehension, often without a clear, specific reason.

⸻

## Nuance
*   **How it feels:** It's a mild but noticeable feeling of worry or discomfort. You might feel restless or find it hard to relax. It's less intense than fear, but more than just being a little uncomfortable.
*   **When it's used:**
    *   When you are waiting for something important or difficult to happen.
    *   In a strange or unfamiliar place or situation.
    *   When you sense a problem or a difficult situation.
*   **Formality:** It's a common word used in everyday conversation and writing. It's not very formal or informal.

⸻

## Example sentences
*   She felt **uneasy** before her job interview, even though she had prepared well.
*   The quiet, empty streets at night made him feel a little **uneasy**.
*   There was an **uneasy** silence in the room after the argument.

⸻

## Synonyms (with short notes about the differences)
*   **Anxious** — You feel a stronger worry or fear about something that might happen, often with more physical signs of stress.
*   **Nervous** — You feel worried or scared about a specific event or performance, like a test or speaking in public.
*   **Worried** — You are thinking about problems or dangers. ""Uneasy"" is often a vaguer feeling of discomfort, while ""worried"" is more about specific concerns.
*   **Apprehensive** — (a bit more formal) You expect something unpleasant to happen. It often points to a specific future event."
5079,buzz,"# buzz

## Meaning (easy English)

""Buzz"" has a few common meanings:

1.  **As a noun,** it can mean a low, continuous sound, like the sound a bee makes or a quiet sound from an electric device.
2.  **As a noun,** it can also mean a feeling of excitement, energy, or strong interest that many people share about something new or popular.
3.  **As a verb,** ""buzz"" means to make that low sound, or for a place to be full of activity and excitement.

⸻

## Nuance
*   **For sound:** ""Buzz"" describes a steady, often soft sound, like an insect flying, a phone vibrating, or a machine working quietly in the background. It's usually not a loud or harsh sound.
*   **For excitement:** This meaning of ""buzz"" is generally positive and energetic. It suggests that many people are talking about something, are interested in it, or feel excited about it. It describes a general atmosphere or feeling that is lively and engaging. You might also hear ""a buzz"" to describe a short, pleasant feeling of excitement or stimulation, like from caffeine.
*   **Formality:** ""Buzz"" is generally informal to semi-formal. It's very common in everyday conversation, news headlines, and marketing to describe popular interest.

⸻

## Example sentences
*   I heard a strange **buzz** coming from the old refrigerator late last night.
*   There's a lot of **buzz** around the new superhero movie opening next week; everyone is talking about it!
*   The whole city was **buzzing** with excitement after the national team won the championship.

⸻

## Synonyms (with short notes about differences)
*   **Hum** (noun/verb) — Very similar to the sound of ""buzz."" ""Hum"" can be slightly more melodic or musical, while ""buzz"" often sounds more mechanical or like an insect.
*   **Excitement** (noun) — A general feeling of enthusiasm and eagerness. ""Buzz"" often refers to the *atmosphere* or *spread* of excitement among a group of people, rather than just an individual feeling.
*   **Vibration** (noun) — A rapid back-and-forth movement. ""Buzz"" is often the *sound* produced by a vibration, like a phone vibrating. ""Vibration"" is the physical action itself.
*   **Hype** (noun) — Intense public promotion and excitement, often exaggerated or created artificially by advertising. ""Buzz"" can be more natural and less about forced promotion, though sometimes ""buzz"" is created by good marketing."
5080,noisily,"# noisily

## Meaning (easy English)

""Noisily"" is an adverb that describes an action that is done with a lot of sound, or in a loud way. When something happens ""noisily,"" it means it produces a lot of noise.

⸻

## Nuance
*   It describes actions that produce a lot of sound. This sound can sometimes be annoying or disruptive (e.g., eating noisily), but it can also describe energetic or enthusiastic actions (e.g., cheering noisily).
*   It's a common, everyday word. It is not especially formal or informal, and you can use it in many different situations.
*   It often implies a less controlled or more noticeable sound compared to simply ""loudly.""

⸻

## Example sentences
*   The children played **noisily** in the garden, laughing and shouting with joy.
*   He slurped his soup **noisily**, which bothered the other people in the quiet restaurant.
*   The old train pulled into the station **noisily**, with a loud screech of brakes.

⸻

## Synonyms (with short notes about the differences)
*   **Loudly:** This is very similar and often interchangeable. ""Loudly"" focuses purely on the high volume of the sound. ""Noisily"" can sometimes imply a variety of sounds or a less organized, perhaps more chaotic sound, not just high volume.
*   **Boisterously:** This word often describes people who are noisy in a lively, cheerful, and energetic way, especially when playing or celebrating.
*   **Raucously:** This suggests a harsh, loud, and often unpleasant or disorderly noise, sometimes associated with rough or wild behavior."
5081,choke,"# choke

## Meaning (easy English)

""Choke"" has a few main meanings:

1.  **To stop breathing or swallow with difficulty:** This happens when something blocks your throat or windpipe, making it hard to get air. It can also happen if you are very upset or emotional.
2.  **To fail under pressure:** This means to perform badly in a difficult or important situation, often because you are nervous or afraid, especially in sports or competitions.
3.  **To block or stop something:** This can refer to preventing a passage from being clear, or stopping something from growing or developing.

⸻

## Nuance
*   **Physical (breathing/swallowing):** This usage often suggests a sudden, involuntary, and potentially dangerous situation. It can be caused by food, liquid, or even strong emotions.
*   **Figurative (failing under pressure):** This meaning carries a negative feeling. It implies a loss of control or confidence at a crucial moment. It's very common in sports commentary.
*   **General (blocking):** This usage is more neutral and simply describes an action of blocking or impeding something.
*   **Formality:** ""Choke"" is a common, everyday word. It is not particularly formal or informal.

⸻

## Example sentences
*   The baby started to **choke** on a small toy, so his mother quickly helped him.
*   Our team played well all season, but they seemed to **choke** in the championship game and couldn't score.
*   Too many weeds can **choke** the growth of the smaller plants in the garden.

⸻

## Synonyms (with short notes about the differences)

*   **gag** (for difficulty breathing/swallowing): To have a strong reflex that makes you feel like vomiting, often because something touches the back of your throat. ""Choke"" is about a blockage of air/food, while ""gag"" is more about a reflex.
*   **suffocate** (for difficulty breathing): To die or cause to die from lack of air or inability to breathe. ""Choke"" can be temporary, ""suffocate"" usually implies a more severe, life-threatening, or fatal lack of air.
*   **falter** (for failing under pressure): To lose strength or momentum; to hesitate or waver. ""Falter"" is less severe than ""choke""; you might falter and then recover, but ""choke"" usually means you completely failed at that moment.
*   **crumble** (for failing under pressure): To break into small pieces, or to collapse emotionally or mentally. Similar to ""choke,"" but ""crumble"" can suggest a more gradual breakdown of performance or confidence.
*   **block** (for blocking/obstructing): To prevent movement or passage through something. ""Block"" is a very general term. ""Choke"" often implies a more complete or severe blockage, often restricting flow or growth.
*   **clog** (for blocking/obstructing): To block a pipe, drain, or channel with a thick mass of something. ""Clog"" is very similar to ""choke"" when talking about pipes, but ""choke"" can also apply to things like weeds stopping plant growth.
*   **obstruct** (for blocking/obstructing): To block or be in the way of something, making it difficult for it to move or pass. ""Obstruct"" is more formal than ""choke"" and can refer to a wider range of blockages (e.g., obstructing a view, obstructing justice)."
5082,sheer,"# sheer

## Meaning (easy English)

""Sheer"" has a few different meanings:

1.  **Complete or Absolute**: When used this way, ""sheer"" means something is *complete* or *absolute*. It is often used to emphasize the large amount, strong feeling, or surprising quality of something. It shows that there is nothing else involved, only that one thing.
    *   *Example*: ""It was **sheer** luck that we found the lost keys."" (meaning: it was *only* luck, nothing else)

2.  **Very Thin and Transparent**: When describing fabric, ""sheer"" means it is very thin, light, and almost see-through.
    *   *Example*: ""She wore a **sheer** silk scarf.""

3.  **Very Steep and Vertical**: When describing a cliff or a drop, ""sheer"" means it goes straight up or down, with almost no slope.
    *   *Example*: ""The mountain had a **sheer** drop on one side.""

⸻

## Nuance

The feeling or use of ""sheer"" changes depending on its meaning:

*   **For ""complete/absolute""**:
    *   It adds strong emphasis, making the noun it describes sound very significant or intense.
    *   It often expresses surprise, admiration, or sometimes frustration/disbelief.
    *   It can be used for positive things (e.g., ""sheer joy,"" ""sheer determination""), negative things (e.g., ""sheer stupidity,"" ""sheer terror""), or neutral things (e.g., ""sheer size,"" ""sheer weight"").
    *   It's common in both spoken and written English and is not particularly formal or informal.

*   **For ""very thin/transparent""**:
    *   It describes a delicate and often elegant quality of fabric.
    *   It suggests lightness and a gentle see-through quality, allowing some light or visibility.

*   **For ""very steep/vertical""**:
    *   It conveys a sense of dramatic height or depth, often suggesting danger or an impressive natural feature.
    *   It emphasizes that there is no gradual slope at all.

⸻

## Example sentences

1.  He succeeded through **sheer** hard work and determination, never giving up.
2.  The windows were covered with **sheer** white curtains, letting in soft light without blocking the view completely.
3.  They looked down at the **sheer** cliff face that dropped dramatically to the ocean below.

⸻

## Synonyms (with short notes about the differences)

Here are synonyms grouped by the meaning of ""sheer"":

**For the ""complete or absolute"" meaning:**
*   **complete / utter** — Very similar, often interchangeable. ""Sheer"" can sometimes imply a more sudden or surprising completeness. ""Utter"" is often used for negative things (e.g., *utter nonsense*).
*   **pure** — Also means absolute, but ""pure"" often suggests something is unmixed or genuine (e.g., *pure gold*). ""Sheer"" focuses more on the *intensity* or *total amount*.
*   **absolute** — Very close in meaning. ""Absolute"" can be used more broadly, while ""sheer"" often adds a bit more emotional emphasis or surprise.

**For the ""very thin and transparent"" meaning:**
*   **thin** — A general term. ""Sheer"" specifically means *very* thin, light, and somewhat transparent, especially for fabric.
*   **transparent / see-through** — These focus on the ability to see through something. ""Sheer"" also includes the idea of being light and delicate.
*   **gauzy / filmy** — These describe fabric that is very light and thin, similar to sheer, but can sometimes refer more to the texture.

**For the ""very steep and vertical"" meaning:**
*   **steep** — A general term for a sharp slope. ""Sheer"" describes an extreme kind of steepness, where it's almost perfectly straight up or down.
*   **vertical** — Describes something that goes straight up or down. ""Sheer"" adds the idea of it being a sudden, often dramatic, drop or rise."
5083,crouch,"# crouch

## Meaning (easy English)

To ""crouch"" means to lower your body close to the ground by bending your knees and leaning forward. You make yourself smaller and closer to the surface.

People often crouch to hide, to fit into a small space, or to get ready to move quickly.

⸻

## Nuance
*   **How it feels:** The word ""crouch"" often suggests being low, hidden, or ready to act. It can make you feel small, watchful, or defensive.
*   **When it is used:**
    *   To hide from someone or something (e.g., a child playing hide-and-seek).
    *   To make yourself smaller to fit into a tight space (e.g., under a table).
    *   To get ready to jump, run, or attack (like an animal before it pounces).
    *   To look closely at something on the ground.
*   **Formality:** It is a common, everyday word. It is not formal or informal.

⸻

## Example sentences
*   The photographer **crouched** behind the bushes to get a good picture of the wild birds.
*   She had to **crouch** down to fit through the small opening into the secret room.
*   The cat **crouched** low in the grass, ready to pounce on the toy mouse.

⸻

## Synonyms (with short notes about the differences)
*   **squat** — Very similar to crouch. Often means resting in a low position with bent knees, or doing an exercise. ""Crouch"" often suggests getting ready to move or hiding, while ""squat"" can be more about staying still or holding a position.
*   **stoop** — To bend your body forward and down, usually from the waist, often to pick something up or pass under something low. You might *stoop* to tie your shoes, but you *crouch* to hide under a table.
*   **kneel** — To rest on your knees on the ground. This specifically means your knees are touching the surface, often for respect, prayer, or just to be low. ""Crouch"" does not always involve your knees touching the ground.
*   **hunker (down)** — (More informal) To lower your body, often for shelter, warmth, or to wait for something to pass. It suggests staying in a low, protected position for a period of time. ""Hunker down"" often implies staying put and waiting."
5084,precaution,"# precaution

## Meaning (easy English)

A precaution is an action you take *before* something happens, to prevent a problem, danger, or unwanted situation. It's about being careful and thinking ahead to stay safe or avoid difficulties.

For example, checking the weather forecast before a trip is a precaution.

⸻

## Nuance
*   **Careful and Responsible:** The word suggests a sense of responsibility and being careful to avoid future trouble.
*   **Proactive:** It means taking action *before* a problem appears, not reacting to it afterward.
*   **Common Use:** Often used in contexts of health, safety, travel, security, or planning.
*   **Formality:** It's a neutral word, suitable for both everyday conversations and more formal discussions about safety or planning.

When you ""take precautions,"" you are being smart and forward-thinking to protect yourself or others.

⸻

## Example sentences
*   Always take **precautions** when working with electricity to avoid accidents.
*   As a **precaution** against getting sick, I always wash my hands thoroughly before eating.
*   The airline advised passengers to take extra **precautions** with their valuables during the long flight.

⸻

## Synonyms (with short notes about the differences)
*   **Measure** — A general action taken; a precaution is a specific *type* of measure (one taken to prevent problems).
*   **Safeguard** — Something specifically designed or put in place to protect against danger or harm; often stronger or more permanent than a single precaution.
*   **Preventative measure** — An action taken to stop something bad from happening; very similar and often used interchangeably with ""precaution.""
*   **Protection** — The act of keeping someone or something safe; a precaution is an action that *provides* protection."
5085,exhaustion,"# exhaustion

## Meaning (easy English)

Exhaustion is the state of being extremely, extremely tired, both physically and/or mentally. It's a feeling of having no energy left at all, often after a long period of hard work, stress, or not enough sleep. When you feel exhaustion, you are completely worn out.

⸻

## Nuance
*   ""Exhaustion"" describes a very strong and deep level of tiredness, much more than just feeling a little sleepy or tired.
*   It's used when someone has absolutely no energy left, either from hard physical work, intense mental effort (like studying a lot), emotional stress, or illness.
*   It's a standard word, not too formal or informal. When you hear ""exhaustion,"" it suggests someone is completely worn out and needs significant rest to recover.

⸻

## Example sentences
*   After working two jobs all week, she collapsed on the sofa from pure **exhaustion**.
*   Studying for the final exams for weeks led to mental **exhaustion** for many students.
*   The doctor advised him to rest, explaining that his constant stress was causing severe **exhaustion**.

⸻

## Synonyms (with short notes about the differences)
*   **Tiredness** — The most common and general word for feeling sleepy or having low energy. ""Exhaustion"" is a much more severe level of tiredness.
*   **Fatigue** — Similar to ""exhaustion,"" but often used in a medical context or to describe a more persistent, long-term feeling of being extremely tired.
*   **Weariness** — A feeling of being tired, often accompanied by a lack of enthusiasm or patience. It's usually less intense than ""exhaustion"" and can suggest mental or emotional tiredness more.
*   **Burnout** — A specific type of exhaustion, usually caused by long-term stress at work or from caring for others. It includes emotional and mental tiredness, not just physical."
5086,fling,"# fling

## Meaning (easy English)

*   **As a verb**: To throw something quickly and with a lot of force, often without much care or because of strong emotion. It can also mean to move yourself or something suddenly and with force.
*   **As a noun**: A short and often passionate romantic relationship that is usually not serious or expected to last. It can also mean a brief period of enjoyable activity or indulgence, especially before a more serious time.

⸻

## Nuance
*   **Verb ""fling""**: Suggests speed, power, and often a lack of control, carelessness, or strong feelings like anger or frustration. It's more intense than simply ""throw.""
*   **Noun ""fling"" (romantic)**: Implies excitement, passion, and often spontaneity, but also a clear understanding that the relationship is temporary and not serious. It usually has a light, sometimes slightly mischievous, feeling. It's quite informal.
*   **Noun ""fling"" (enjoyment)**: Refers to a final burst of fun or indulgence, often before a big life change (like marriage or starting a new job). It suggests enjoying freedom or pleasure while it lasts.

⸻

## Example sentences
*   He was so angry that he **flung** his keys across the room.
*   They had a passionate summer **fling**, but everyone knew it wouldn't last past August.
*   Before settling down with a family, she wanted to have one last **fling** and travel the world.

⸻

## Synonyms (with short notes about the differences)

*   **Verb (throwing)**
    *   **Throw**: The most general word; can be with any amount of force or care. ""Fling"" is usually stronger and less careful, often showing emotion.
    *   **Hurl**: Often implies even greater force than ""fling,"" sometimes with violence or anger. ""He hurled the rock.""
    *   **Toss**: Suggests less force and more lightness or casualness than ""fling."" ""She tossed him the ball.""
    *   **Sling**: Similar to ""fling,"" often implying a swinging motion, but can also mean to hang something loosely.

*   **Noun (romantic relationship)**
    *   **Affair**: Often implies secrecy, infidelity, or a more serious, sometimes scandalous, romantic involvement than a ""fling.""
    *   **Romance**: A more general term for a romantic relationship, which can be short or long, serious or light. ""Fling"" specifically implies it's short and not serious.
    *   **Hookup**: A very informal term, usually referring to a single sexual encounter with no expectation of a relationship, whereas a ""fling"" can involve multiple dates and some emotional connection, even if temporary."
5087,couch,"# couch

## Meaning (easy English)

A couch is a long, comfortable piece of furniture, usually found in a living room or common area of a house. It has a soft back and often arms, and it's designed for more than one person to sit or lie on at the same time. People use it to relax, watch TV, read, or talk with family and friends.

⸻

## Nuance
*   ""Couch"" feels very comfortable, informal, and relaxed.
*   It's a common, everyday word used when talking about furniture in a home.
*   It suggests a place for leisure activities like watching TV, reading, or just relaxing with family and friends.
*   It's not formal at all; it's part of daily conversation.

⸻

## Example sentences
*   We bought a new, comfortable **couch** for our living room last week.
*   After a long day, I love to relax on the **couch** and read a book.
*   Please make yourself at home and sit on the **couch** if you're tired.

⸻

## Synonyms (with short notes about the differences)
*   **Sofa** — This word is almost exactly the same as ""couch."" Many people use them interchangeably. ""Sofa"" can sometimes sound a tiny bit more formal or stylish, but often there's no real difference in meaning.
*   **Loveseat** — A smaller version of a couch or sofa, designed to comfortably seat only two people.
*   **Settee** — An older and more formal word for a small sofa or a long bench with a back, often more upright and sometimes with a visible wooden frame. It's less common in modern everyday speech."
5088,triangular,"# triangular

## Meaning (easy English)

""Triangular"" means something has the shape of a triangle. A triangle is a flat shape with three straight sides and three angles (or corners).

It can also describe something that involves three parts, people, or groups that are connected in some way, like a ""triangular relationship.""

⸻

## Nuance
*   **Describes a basic geometric shape.** It's a precise word for describing things like road signs, flags, or pieces of food.
*   **Neutral formality.** It's a standard descriptive adjective, suitable for any situation from everyday conversation to scientific descriptions.
*   **Can be used literally or figuratively.** You use it literally for physical shapes (e.g., ""a triangular piece of cheese"") or figuratively for connections (e.g., ""a triangular alliance between three countries"").

⸻

## Example sentences
*   The road sign for ""yield"" is always **triangular**.
*   She folded the picnic blanket into a neat **triangular** shape to fit it in the basket.
*   The story involved a **triangular** relationship between two friends and a new person.

⸻

## Synonyms (with short notes about the differences)
*   **Three-sided:** This simply focuses on the *number* of sides. ""Triangular"" describes the *overall shape* that results from having three sides. (e.g., ""a three-sided polygon"" vs. ""a triangular table"").
*   **Wedge-shaped:** This describes an object that is thick at one end and tapers (gets thinner) to a thin edge, often with a triangular cross-section. It suggests a tool or something designed to split or fit tightly. (e.g., ""a wedge-shaped doorstop"" vs. ""a triangular flag"").
*   **Pointed:** This describes something that has a sharp end. A triangular object often has a point, but not all pointed things are triangular (e.g., a needle is pointed but not triangular). ""Triangular"" describes the whole form."
5089,banner,"# banner

## Meaning (easy English)

A **banner** is a long piece of cloth or other material with words or pictures on it. It is often used to display a message, advertise something, celebrate an event, or represent a group.

You can see banners hanging in public places, carried in parades, or displayed on websites as advertisements.

⸻

## Nuance
*   **Visual impact:** Banners are designed to be easily seen and to grab attention because of their size and prominent display.
*   **Purpose:** They are used for many reasons: to celebrate, protest, inform, or advertise.
*   **Formality:** The word ""banner"" itself is neutral in formality. A banner can be very formal (like an official university banner) or very informal (like a homemade protest banner).
*   **Common uses:** You'll often hear about ""protest banners,"" ""advertising banners,"" or ""championship banners"" (for sports teams).

⸻

## Example sentences
*   The fans cheered loudly and waved their team's **banner** when their favorite player scored.
*   We hung a large ""Welcome Home!"" **banner** outside the house for my brother's return.
*   Many websites use **banner** ads at the top or side of the page to show advertisements.

⸻

## Synonyms (with nuance)
*   **Flag** — A flag is usually a specific design, often symbolic of a country, organization, or cause, and is typically flown from a pole. A banner can be more general and less symbolic.
*   **Sign** — A sign is a broader term for any notice or display giving information or directions. A banner is a type of sign, but ""sign"" can be made of many materials (wood, metal) and doesn't always have the long, flexible shape of a banner.
*   **Poster** — A poster is usually a printed picture or notice, often for advertising or decoration, typically fixed flat onto a wall or board. Banners are generally larger, often hung, and can be carried.
*   **Placard** — A small, thin board or sign, often carried by hand during a protest or demonstration. Placards are usually smaller and more rigid than most banners."
5090,flutter,"# flutter

## Meaning (easy English)

To ""flutter"" means to move quickly and lightly with small, irregular movements, often up and down or side to side. It usually describes things that are light, like wings, leaves, or fabric in the wind.

It can also describe a quick, slightly irregular beat, like a heart when someone is nervous or excited.

⸻

## Nuance
*   **Feeling:** Gentle, delicate, and often soft. It suggests a light, unforced movement.
*   **Usage:** Commonly used for natural movements (like a butterfly's wings, a flag in the breeze) or for a quick, light internal sensation (like a heart fluttering).
*   **Formality:** Neutral. It's used in everyday language and isn't particularly formal or informal.
*   **Image:** Think of something light moving freely and softly in the air, or a quick, light, repeated motion.

⸻

## Example sentences
*   The butterfly's delicate wings began to **flutter** as it prepared to fly away.
*   The flag continued to **flutter** gently in the soft afternoon breeze.
*   Her heart began to **flutter** with excitement as she waited for the good news.

⸻

## Synonyms (with nuance)
*   **Flap** — Often describes a stronger, more forceful movement, especially with wings. (A bird might *flap* its wings hard to take off, but a butterfly's wings *flutter*.)
*   **Waver** — Can describe a light, unsteady movement (like a flame), but often suggests hesitation or indecision, which ""flutter"" does not. (A candle flame might *waver* in the draft; a person might *waver* between two choices.)
*   **Quiver** — Usually implies a slight, rapid trembling movement, often due to cold, fear, or emotion. (His lip *quivered* as he tried not to cry.) ""Flutter"" is often more about movement through air.
*   **Tremble** — Similar to quiver but often more noticeable and continuous, usually from cold, fear, or weakness. (She *trembled* with fear.) ""Flutter"" is lighter and less intense."
5091,gasp,"# gasp

## Meaning (easy English)

*   **As a verb:** To gasp means to take a sudden, short, and often noisy breath of air, usually because you are surprised, shocked, in pain, or suddenly out of breath.
*   **As a noun:** A gasp is the sound or action of taking this sudden breath.

It's an involuntary reaction that shows a strong feeling or a sudden need for air.

⸻

## Nuance
    •	**Sudden and Involuntary:** A gasp happens quickly and often without you meaning to do it. It's a natural human reaction.
    •	**Emotional Connection:** It's strongly linked to feelings like surprise, shock, fear, or sudden pain.
    •	**Physical Need:** It can also happen when you are very tired, have been running, or have been underwater and need to breathe.
    •	**Neutral Formality:** ""Gasp"" is a common word used in everyday conversation and writing; it's not formal or informal.

If someone gasps, it tells you they are experiencing something intense or unexpected.

⸻

## Example sentences
    •	The audience gasped when the magician suddenly made the flowers disappear.
    •	She let out a small gasp of pain when she accidentally hit her finger with the hammer.
    •	After swimming a long distance, he reached the side of the pool, gasping for air.

⸻

## Synonyms (with short notes about the differences)
    •	**Pant:** To breathe quickly and often loudly, usually because you are very tired or have exercised a lot. (Unlike a single gasp, panting is continuous and often due to exertion.)
    •	**Sigh:** To let out a long, audible breath, usually to show relief, sadness, or tiredness. (A sigh is an exhale, often slow, while a gasp is a sudden inhale.)
    •	**Heave (a breath):** To take a deep, often difficult breath, sometimes with effort or emotion. (Less sudden than a gasp, often implies more effort or a deeper emotional weight.)
    •	**Catch one's breath:** To stop breathing hard and return to normal breathing, often after physical effort or a shock. (This describes the recovery *after* gasping or running, not the initial sudden breath.)"
5092,astonishment,"# astonishment

## Meaning (easy English)

Astonishment is a very strong feeling of surprise. It happens when something is so unexpected or amazing that it makes you feel wonder, disbelief, or even a little bit of shock. It's a much deeper and more intense feeling than just being ""surprised.""

⸻

## Nuance
*   This word describes a very deep and sudden feeling of surprise.
*   It's often used when something is so surprising that it makes you feel wonder, confusion, or even a little bit of shock.
*   It's stronger than just ""surprise"" and is used for things that are truly unexpected or remarkable.
*   It's not an everyday word for small surprises; it suggests a significant emotional reaction.
*   It is a neutral word, not too formal or informal, but it conveys a strong emotion.

⸻

## Example sentences
*   To my **astonishment**, she won the competition even though she hadn't practiced much.
*   The magician's incredible trick filled the audience with **astonishment**.
*   He looked at the unexpected news with a mixture of fear and **astonishment**.

⸻

## Synonyms (with nuance)
*   **surprise** — A general feeling of something unexpected. ""Astonishment"" is a much stronger and more intense kind of surprise.
*   **amazement** — Very similar to astonishment, often suggesting a feeling of wonder and admiration, usually in a positive way.
*   **wonder** — A feeling of admiration and curiosity caused by something beautiful, remarkable, or unfamiliar. ""Astonishment"" can include wonder, but it emphasizes the *shock* or unexpectedness more.
*   **shock** — A sudden, very strong feeling of surprise or fear, usually caused by something unpleasant, upsetting, or disturbing. ""Astonishment"" can be positive or negative, but ""shock"" is usually negative."
5093,glide,"# glide

## Meaning (easy English)

To **glide** means to move very smoothly and easily, often without much noise or effort. It describes a continuous, flowing movement, usually through the air, over a surface, or through water. It suggests a gentle and graceful way of moving.

⸻

## Nuance
*   **Feeling:** ""Glide"" makes you imagine a movement that is very smooth, calm, and often beautiful or graceful. It suggests there is little effort involved, almost as if floating.
*   **Usage:** It is often used to describe how birds fly without flapping their wings, how dancers move across a stage, or how a boat moves easily on calm water. It can also describe things moving quietly or almost invisibly.
*   **Formality:** It is a neutral word, neither very formal nor very informal. It's a good descriptive verb to use in many situations.

⸻

## Example sentences
*   The swan *glided* gracefully across the surface of the pond.
*   She watched the clouds *glide* slowly across the sky, changing shapes.
*   The waiter *glided* between the tables, carrying a tray full of drinks without spilling a drop.

⸻

## Synonyms (with nuance)
*   **slide**: To move smoothly over a surface, but it can sometimes suggest less control or even an accidental movement. (e.g., *He slid on the ice and fell.* vs. *She glided gracefully on the ice.*)
*   **float**: To rest on top of a liquid or in the air without sinking. ""Float"" doesn't necessarily mean moving forward, while ""glide"" always suggests movement across a distance. (e.g., *The boat floated on the water.* vs. *The boat glided across the water.*)
*   **soar**: To fly high in the air, often without moving the wings much, especially for birds. ""Soar"" emphasizes height and being aloft, while ""glide"" emphasizes the smooth horizontal movement, which can be at any height. (e.g., *The eagle soared above the mountains.* vs. *The eagle glided down to its nest.*)
*   **drift**: To be carried slowly by a current of air or water, often without control or a specific direction. ""Glide"" usually suggests a more controlled or intentional movement. (e.g., *The boat drifted out to sea.* vs. *The boat glided towards the shore.*)"
5094,peacefully,"# peacefully

## Meaning (easy English)

""Peacefully"" describes something done or experienced in a calm, quiet, or gentle way, without noise, trouble, or violence.

It means without conflict, disturbance, or strong emotions like anger or aggression. When you do something peacefully, you do it *with peace*.

⸻

## Nuance
*   **How it feels:** It suggests a feeling of quietness, safety, and being undisturbed. It often implies a lack of anger, fighting, or loud noise.
*   **When it's used:**
    *   To describe someone resting or sleeping without being bothered.
    *   To describe solving a problem or disagreeing without fighting or arguing.
    *   To describe a place or time that is calm and quiet, free from disturbance.
*   **Formality:** It is a common and neutral word. You can use it in everyday conversations as well as in more formal writing.

⸻

## Example sentences
*   The children played **peacefully** in the park, enjoying the sunshine.
*   After a long and difficult discussion, the two countries agreed to solve their problems **peacefully**.
*   She closed her eyes and slept **peacefully** through the night, dreaming happy dreams.

⸻

## Synonyms (with short notes about the differences)
*   **calmly** — Focuses on being relaxed and not excited or worried, especially in a difficult situation. *Example: He calmly explained his decision.*
*   **quietly** — Focuses on making little or no noise. *Example: She quietly opened the door so she wouldn't wake anyone.*
*   **gently** — Focuses on doing something in a soft, careful, or kind way, not roughly. *Example: He gently picked up the kitten.*
*   **amicably** — (Especially for disagreements) Describes an action done in a friendly way, without bad feelings, especially when solving a problem. *Example: They settled their divorce amicably.*"
5095,chilly,"# chilly

## Meaning (easy English)

""Chilly"" describes something that is quite cold, but not extremely cold.
It usually means unpleasantly cool, making you feel a bit cold and perhaps want to put on more clothes.

⸻

## Nuance
*   **How it feels:** When you say something is ""chilly,"" it usually means it's cold enough to make you feel a little uncomfortable or shiver slightly. It's not freezing, but definitely not warm.
*   **When it is used:** Most often used to talk about the weather, the temperature inside a room, or even a drink.
*   **Formality:** It's an informal to neutral word, very common in everyday conversation.

⸻

## Example sentences
*   It's a bit **chilly** outside tonight, so remember to wear a sweater.
*   The classroom was quite **chilly** because the air conditioning was on too high.
*   After sitting by the open window for a while, I started to feel **chilly**.

⸻

## Synonyms (with short notes about the differences)
*   **Cool** — Often means pleasantly cold or refreshing (e.g., ""a cool breeze,"" ""a cool drink""). ""Chilly"" is usually less pleasant.
*   **Cold** — A stronger word than ""chilly."" ""Cold"" can mean very cold, while ""chilly"" is a milder degree of coldness.
*   **Nippy** — Very similar to ""chilly,"" often used for weather that is sharp and cold. It's slightly more informal.
*   **Bracing** — Describes cold weather that feels fresh, healthy, and invigorating (makes you feel energetic). ""Chilly"" usually doesn't have this positive feeling."
5096,highland,"# highland

## Meaning (easy English)

A highland is an area of land that is high above sea level. It usually has mountains, hills, or high flat areas (called plateaus). It is the opposite of a lowland.

It can be used to describe a single high area or a large region of high land.

⸻

## Nuance
*   Describes a landscape that is often rugged, wild, and can be very beautiful.
*   Often suggests remote areas, sometimes with unique cultures or ways of life because of their isolation.
*   It's a descriptive geographical term, not formal or informal.
*   When you hear ""highland,"" you might imagine dramatic scenery, fresh air, and perhaps challenging terrain.
*   Often used in geography, travel, or historical contexts.

⸻

## Example sentences
*   The Scottish Highlands are famous worldwide for their stunning natural beauty and ancient history.
*   Many rare plants and animals live only in the cool, moist highland regions.
*   We spent our vacation hiking through a remote highland village, enjoying the peaceful atmosphere.

⸻

## Synonyms (with nuance)
*   **Upland** — Very similar; refers to land that is higher than the surrounding areas. Often used interchangeably with ""highland,"" especially for less extreme elevations.
*   **Mountainous region** — Specifically describes an area that has many mountains. ""Highland"" can include mountains but also other elevated terrain like high hills or plateaus.
*   **Plateau** — A large, flat area of land that is high above sea level. A plateau is a *type* of highland, so ""highland"" is a broader term.
*   **Hill country** — Refers to an area with many hills. ""Highland"" usually suggests more significant elevation and ruggedness than just ""hill country,"" which can be gentler."
5097,graze,"# graze

## Meaning (easy English)

""Graze"" has two main meanings:

1.  **When animals eat grass:** It means that animals like cows, sheep, or horses eat grass and other plants that are growing in a field. They move slowly, eating as they go.
2.  **To lightly touch or scrape:** It means to touch something gently or scrape against it while moving past, often causing a small, shallow injury to the skin or a slight mark on an object. The contact is usually not deep or serious.

⸻

## Nuance

*   **For animals:** This use of ""graze"" often creates a peaceful, natural image, like animals calmly eating outdoors in a field. It's a common, everyday word in this context.
*   **For touching/scraping:** When used for a minor injury (like on your skin), ""graze"" suggests that the contact was light and superficial. It's not a deep cut or a serious wound. It often happens accidentally. For objects, it means a very slight, often accidental, contact that might leave a minor mark.
*   **Formality:** ""Graze"" is a neutral, everyday word. It is not considered formal or informal.

⸻

## Example sentences

*   The sheep were **grazing** quietly on the hillside, enjoying the fresh grass.
*   I tripped and **grazed** my elbow on the pavement, but it's just a small scratch.
*   The delivery truck accidentally **grazed** the side of our car as it pulled away, leaving a faint mark.

⸻

## Synonyms (with short notes about the differences)

**For animals eating grass:**

*   **feed** — More general; animals can feed on many things, not just grass in a field (e.g., ""Birds feed on seeds"").
*   **pasture** (verb, less common) — To put animals into a field (a ""pasture"") to eat grass. ""The farmer pastured his cattle."" ""Graze"" describes the act of eating, while ""pasture"" describes the act of putting them in a field to eat.

**For lightly touching or scraping:**

*   **scrape** — Very similar, often interchangeable for skin injuries. ""Scrape"" might sometimes suggest slightly more removal of skin or material than ""graze."" You can ""scrape paint off,"" but you wouldn't ""graze paint off.""
*   **scratch** — Can be deeper or thinner than a graze, or intentional (e.g., a cat's scratch). ""Scratch"" can also be a mark left by something sharp, while ""graze"" is usually a wider, shallower surface injury from brushing past.
*   **brush** — Emphasizes a very light, gentle touch without necessarily causing damage. ""He brushed against the curtain."" ""Graze"" usually implies a slight impact or some minor damage/mark.
*   **skim** — To pass very close to the surface, often quickly, without deep penetration, especially for liquids or flying objects. ""The stone skimmed across the water."" ""Graze"" is more about direct physical contact with a solid surface."
5098,nationalist,"# nationalist

## Meaning (easy English)

A **nationalist** is a person who has very strong feelings of pride and loyalty towards their own country. They often believe their country is special or better than others, and they put their country's interests first, sometimes even above the interests of other countries or international cooperation.

It can also describe a political idea or movement that focuses on strengthening and protecting one's nation.

⸻

## Nuance
*   **Often has a strong, sometimes negative, feeling.** While loving your country (patriotism) is usually seen as good, ""nationalist"" often suggests an extreme or narrow view.
*   **It can imply a belief that one's nation is superior,** which might lead to disagreements or conflicts with other countries or groups.
*   **Used in political discussions, news, and history.** It describes people, political parties, or movements.
*   **Formality:** It's a neutral to formal word, used in serious discussions about politics and society.
*   **Connotation:** It often carries a sense of ""us versus them."" While not always negative, it can be associated with policies that might be seen as selfish or harmful to international relations or minority groups within a country.

⸻

## Example sentences
*   He was a strong **nationalist** who believed his country should always prioritize its own economic growth.
*   The political party gained support by appealing to **nationalist** sentiments among voters.
*   Some critics argued that the new policy was too **nationalist** and ignored global responsibilities.

⸻

## Synonyms (with short notes about the differences)
*   **patriot** — (Generally positive) Someone who loves and supports their country. A patriot celebrates their country's good qualities without necessarily believing it's superior or being hostile to others.
*   **jingoist** — (Strongly negative) Someone who is extremely and aggressively patriotic, often wanting to use military force against other countries. It's a more extreme and warlike form of nationalism.
*   **chauvinist** — (Strongly negative) Someone who has an exaggerated and aggressive belief in the superiority of their own country (or group/gender) and a contempt for others. It's similar to jingoist but can also apply to other forms of prejudice (e.g., male chauvinist).
*   **separatist** — (Specific political goal) Someone who wants a particular region or group to separate from a larger country and form its own independent nation. This is a specific goal that can be driven by nationalist feelings."
5099,hail,"# hail

## Meaning (easy English)

The word ""hail"" has a few different meanings:

1.  **(Noun) Small ice balls:** It refers to small, hard balls of ice that fall from the sky during a thunderstorm, like a type of frozen rain.
2.  **(Verb) To call out to:** To call or shout to someone or something, often to get their attention, especially to stop a taxi or bus.
3.  **(Verb) To praise or welcome:** To publicly announce that someone or something is excellent or important; to welcome them with great respect.
4.  **(Verb, usually ""hail from"") To come from:** To be from a particular place or country.

⸻

## Nuance
*   **As a noun (weather):** This meaning simply describes a type of precipitation (frozen rain). It's often associated with sudden, strong storms.
*   **As a verb (to call out):** This use often implies trying to get a service (like a taxi) or getting someone's attention from a distance. It can sound a bit formal or old-fashioned compared to just ""calling someone.""
*   **As a verb (to praise/welcome):** This use is usually formal and very positive. It suggests widespread public recognition, admiration, or a grand welcome. You often see it in news reports or formal announcements.
*   **As a verb (""hail from""):** This phrase is neutral and simply states someone's origin. It's common in formal introductions or news.

⸻

## Example sentences
*   The unexpected summer storm brought heavy **hail**, covering the ground in white ice pellets.
*   I stood by the road for a long time trying to **hail** a bus, but none stopped.
*   The new discovery was **hailed** by scientists as a breakthrough in medicine.

⸻

## Synonyms (with short notes about the differences)
*   **For ""hail"" (noun - weather):**
    *   *Sleet* — smaller ice pellets, often mixed with rain or snow.
    *   *Ice pellets* — a more scientific or technical term for small bits of ice falling from the sky.
*   **For ""hail"" (verb - to call out):**
    *   *Call out* — more general, simply to speak loudly; ""hail"" often implies a specific action to stop something like a vehicle.
    *   *Signal* — can be non-verbal (like waving); ""hail"" usually involves a vocal sound or a distinct gesture to attract attention.
*   **For ""hail"" (verb - to praise/welcome):**
    *   *Praise* — more general, can be private; ""hail"" is usually public and often describes widespread recognition or a formal welcome.
    *   *Acclaim* — very similar, often interchangeable, but ""hail"" can sometimes suggest a more official or immediate declaration of importance.
    *   *Celebrate* — more about marking an event or achievement with joy; ""hail"" is more about recognizing a person's or thing's status."
5100,pant,"# pant

## Meaning (easy English)

To ""pant"" means to breathe quickly and with short, often loud breaths. This usually happens when you are very tired, hot, or have done a lot of physical activity. It can also happen if you are very scared or anxious. Both people and animals can pant.

⸻

## Nuance
*   **Feeling:** The word ""pant"" suggests effort, being out of breath, or feeling very hot. It describes a quick, often audible (you can hear it), breathing pattern.
*   **Usage:** You ""pant"" after running fast, climbing many stairs, or doing strenuous exercise. Dogs often pant when they are hot to cool themselves down.
*   **Formality:** It is a common, everyday word. It is neither very formal nor informal.

⸻

## Example sentences
*   After running up the hill, I was **panting** and needed to rest for a moment.
*   The dog started to **pant** heavily after playing fetch in the warm park.
*   She was **panting** a little from nervousness before her big presentation.

⸻

## Synonyms (with nuance)
*   **Gasp:** To take a quick, deep breath, often because of surprise, shock, pain, or extreme effort. ""Gasp"" is usually a single, sudden intake, while ""pant"" is continuous, rapid breathing.
*   **Huff and puff:** (Informal) To breathe loudly and with effort, especially after physical exertion. This phrase emphasizes the sound and visible effort more than ""pant.""
*   **Breathe heavily:** A more general way to say you are breathing with effort. ""Pant"" specifically implies *quick* and heavy breaths, often with a specific sound.
*   **Puff:** To breathe quickly and with effort, often in short bursts. ""Puff"" is very similar to ""pant"" but can sometimes imply a less continuous rapid breathing."
5101,peck,"# peck

## Meaning (easy English)

""Peck"" can be a verb or a noun, and it mainly describes a quick, short action.

1.  **As a verb (for birds):** To hit or bite something quickly with its beak, often to eat seeds or insects.
2.  **As a verb (for people):** To kiss someone very lightly and quickly, usually on the cheek or forehead.
3.  **As a verb (for eating):** To eat only small amounts of food without much enthusiasm or hunger, often because you are not feeling well or don't like the food.

When used as a noun, ""a peck"" refers to a quick, light kiss.

⸻

## Nuance
*   **For birds:** Implies a sharp, often repeated action to get food or explore.
*   **For kisses:** Suggests a brief, light, and often polite or affectionate gesture. It's a quick touch of the lips, not a long or passionate kiss. It can be a greeting or a simple show of affection.
*   **For eating:** Shows a lack of appetite or enjoyment. The person is eating very little, often because they are distracted, nervous, or dislike the food.
*   **Formality:** ""Peck"" is a neutral word, commonly used in everyday conversation.

⸻

## Example sentences
*   The chickens were busy pecking at the grains scattered on the ground.
*   She gave her grandmother a quick peck on the cheek before heading out the door.
*   He was so worried about the exam that he only pecked at his breakfast.

⸻

## Synonyms (with short notes about the differences)
*   **kiss** (for ""peck"" as a kiss) — ""Kiss"" is a general word for touching with lips. ""Peck"" specifically means a very quick, light, and often brief kiss, usually not passionate.
*   **nibble** (for ""peck"" as eating) — ""Nibble"" means to take small, delicate bites, often carefully. ""Peck"" also means eating small amounts, but it often suggests a lack of appetite or interest, rather than just being dainty.
*   **tap / strike** (for ""peck"" as a bird's action) — ""Tap"" or ""strike"" are more general words for hitting something. ""Peck"" specifically refers to the action of a bird's beak, often repeatedly and sharply."
5102,attentive,"# attentive

## Meaning (easy English)

""Attentive"" describes someone who is paying close attention to what is happening or being said. They are listening carefully or watching closely.

It can also mean being thoughtful and helpful, noticing what someone needs and responding to it.

⸻

## Nuance
*   **Feeling**: ""Attentive"" has a positive feeling. It suggests someone is interested, focused, and often respectful.
*   **Usage**: It is used when someone is listening well in a class, observing details carefully, or being caring and responsive to another person's comfort or needs (like a good host or waiter).
*   **Formality**: It's a common word used in everyday language, not overly formal, but it implies a good quality of focus or care.

⸻

## Example sentences
*   The students were very **attentive** during the teacher's explanation of the new grammar rule.
*   An **attentive** driver always watches for sudden changes in traffic and road conditions.
*   The hotel staff was incredibly **attentive**, making sure we had everything we needed for a comfortable stay.

⸻

## Synonyms (with short notes about the differences)
*   **Focused** — Means directing all your mental energy and concentration towards one specific task or idea. *Attentive* can be broader, including listening or observing, not just intense mental concentration.
*   **Observant** — Good at noticing things, especially details, often with your eyes. *Attentive* includes noticing things, but also listening carefully and being responsive to needs, not just visual details.
*   **Mindful** — Being aware of the present moment and your own thoughts and feelings, often with a sense of calm. *Attentive* is more about directing your awareness *outward* to something or someone else.
*   **Considerate** — Thinking about the feelings and needs of others and acting kindly. An *attentive* person often acts in a considerate way, especially when helping others, but *attentive* is about the act of paying attention, while *considerate* is about the intention to be kind."
5103,revolve,"# revolve

## Meaning (easy English)

""Revolve"" has two main meanings:

1.  **To move in a circle around a central point.** Think of how planets move around the sun.
    *   *Example:* The Earth **revolves** around the Sun.
2.  **If something ""revolves around"" an idea, person, or thing, it means that idea, person, or thing is the most important part or the main focus of it.**
    *   *Example:* Her whole life **revolves** around her children.

⸻

## Nuance
*   **Movement:** When talking about physical movement, ""revolve"" suggests a continuous, circular motion, usually around a distinct central object or point. It often implies a steady, predictable path, like an orbit.
*   **Focus:** When used figuratively, ""revolve around"" means something is the core subject, the main issue, or the central element that everything else is connected to.
*   **Formality:** It's a standard verb, not especially formal or informal. It's commonly used in both scientific explanations and everyday conversations.
*   **Feeling:** It gives a sense of a structured, repeating movement or a clear, central focus.

⸻

## Example sentences
*   The moon **revolves** around the Earth approximately once every 27 days.
*   The entire discussion during the meeting seemed to **revolve** around budget cuts.
*   Many old machines use gears that **revolve** to make other parts move.

⸻

## Synonyms (with short notes about the differences)
*   **Rotate:** To spin around its own central axis. (The key difference: *revolve* is moving *around* something else, while *rotate* is spinning *itself*. For example, the Earth *rotates* on its axis, causing day and night, while it *revolves* around the sun.)
*   **Orbit:** To move in a regular, curved path around a star, planet, or moon. (Very similar to ""revolve,"" especially for celestial bodies. ""Orbit"" is often more technical and specifically refers to a path influenced by gravity.)
*   **Spin:** To turn around rapidly, often on its own axis. (Can be more informal than ""rotate"" or ""revolve,"" and often implies faster or less controlled movement.)
*   **Circle:** To move in a circular path. (More general than ""revolve""; ""circle"" doesn't always imply a continuous, fixed central point or a steady motion.)
*   **Turn:** A very general word meaning to move in a curve or change direction. (Less specific than ""revolve,"" which implies a full circular path around a center.)"
5104,librarian,"# librarian

## Meaning (easy English)

A librarian is a person whose job is to work in a library.
They organize books, magazines, and other resources, and help people find the information they need.
Librarians also manage the library, plan events, and teach visitors how to use the library's services.

⸻

## Nuance
*   **Feels:** Professional, helpful, and knowledgeable. The word describes a specific job.
*   **When used:** It is used to refer to someone who works in any type of library, such as a public library, school library, or university library. It's a straightforward and widely understood term.
*   **Formality:** It is a neutral, standard professional title. It's neither very formal nor informal.

⸻

## Example sentences
*   The librarian helped me find a book about ancient Roman history.
*   She decided to become a librarian because she loves books and enjoys helping people learn.
*   Our school librarian often organizes fun reading activities for the students.

⸻

## Synonyms (with nuance)
*   **Library assistant** — This is a person who also works in a library but usually has fewer responsibilities or less formal training than a librarian. They often help with daily tasks like checking books in and out.
*   **Archivist** — Someone who collects, organizes, and preserves historical documents, records, and unique materials, usually in an archive (a place for historical records), which is different from a general library.
*   **Information specialist** — A broader term for someone who works with information, which can include librarians, but also people in other fields like technology or research. It's not specific to a library."
5105,rip,"# rip

## Meaning (easy English)

*   **As a verb:** To tear something quickly and forcefully, creating a long cut or hole. It often suggests a sudden, strong, or uncontrolled action.
    *   *Example:* He ripped the old poster off the wall.
*   **As a noun:** A long cut or hole in something, caused by tearing.
    *   *Example:* My new shirt has a rip in the sleeve.
*   **As a phrasal verb ""rip off"" (informal):** To cheat someone, especially by charging them too much money for something, or by giving them something of very low quality for a high price.
    *   *Example:* I feel like that taxi driver ripped me off.

⸻

## Nuance
*   **Action:** ""Rip"" suggests a quick, strong, and often sudden action. It's usually not a gentle or careful tear.
*   **Sound:** The word often implies the sound of something tearing quickly.
*   **Formality:** The verb and noun ""rip"" are generally neutral in formality. However, the phrasal verb ""rip off"" is informal and commonly used in everyday conversation.
*   **Result:** It leaves a damaged opening or separation in material like cloth, paper, or skin, often with jagged edges.
*   **Feeling:** Can sometimes imply frustration (e.g., ""rip up a letter"") or aggression.

⸻

## Example sentences
*   Be careful not to **rip** your new trousers on that sharp edge.
*   There's a big **rip** in the sofa where the cat scratched it.
*   Don't buy food from that stand; they always **rip** tourists off.

⸻

## Synonyms (with short notes about the differences)
*   **tear** — Very similar to ""rip"" and often interchangeable. ""Tear"" can be more general or less forceful, while ""rip"" often implies more speed or violence.
*   **shred** — To tear something into many small pieces. ""Rip"" usually creates one or a few larger tears, while ""shred"" means breaking it into fragments.
*   **split** — To divide something into two or more parts, often along a natural line, seam, or grain. ""Split"" can be more controlled or natural than ""rip.""
*   **gash** — A long, deep cut, usually made by a sharp object (often used for injuries to skin). ""Rip"" is more about tearing fabric or paper; ""gash"" is specifically a cut.
*   **cheat** (for ""rip off"") — A general word for acting dishonestly to gain an advantage. ""Rip off"" specifically refers to cheating someone out of money by overcharging or providing bad value.
*   **overcharge** (for ""rip off"") — To charge someone too much money for goods or services. This is a more formal and specific way to describe the financial aspect of being ""ripped off."""
5106,roam,"# roam

## Meaning (easy English)

To ""roam"" means to move around freely, often without a specific plan or destination. You might be just looking around, exploring, or enjoying the movement itself.

It suggests a relaxed and unhurried way of moving over an area, rather than going directly to one place.

⸻

## Nuance
*   **Feeling:** ""Roam"" often suggests a feeling of freedom, exploration, or a relaxed lack of purpose. It can be used for people, animals, or even thoughts.
*   **When used:** You use ""roam"" when people walk around a new place without a map, when animals move around their habitat looking for food, or when your mind wanders from one idea to another.
*   **Formality:** It is a neutral word, common in everyday language.

⸻

## Example sentences
*   The children loved to **roam** the big garden, finding new places to play.
*   After dinner, we often **roam** the streets of the city, enjoying the evening air.
*   Wild animals need large areas to **roam** in search of food and water.

⸻

## Synonyms (with nuance)
*   **wander** — Very similar; often means to walk slowly without a specific direction. ""Wander"" can sometimes suggest getting a little lost or straying, while ""roam"" often implies a larger area or more freedom of movement.
*   **stroll** — To walk in a relaxed, slow way for pleasure. It focuses more on the *style* of walking (leisurely) than the lack of a destination.
*   **meander** — To follow a winding or indirect path. This word often describes a river or a path, but can also be used for people moving slowly and indirectly.
*   **explore** — To travel through a place to learn about it or discover things. ""Explore"" has a clearer purpose of discovery, while ""roam"" can be more aimless or just for enjoyment."
5107,spectacular,"# spectacular

## Meaning (easy English)

""Spectacular"" means extremely impressive, beautiful, or exciting to look at. It describes something that is so good or grand that it really catches your attention and makes you feel amazed or excited.

You often use it for things that are a wonderful sight, like a beautiful view, a dazzling performance, or a very successful event.

⸻

## Nuance
*   ""Spectacular"" is a strong positive adjective. It suggests something is exceptional and much better than average.
*   It is often used for things that are visually striking, such as a landscape, a show, a fireworks display, or a building.
*   It can also describe a very impressive achievement or result, like a ""spectacular goal"" in sports or a ""spectacular success.""
*   The word feels enthusiastic and expresses strong admiration. It is generally neutral in formality and can be used in many situations.

⸻

## Example sentences
*   The fireworks display over the river was absolutely **spectacular**!
*   From the top of the mountain, we saw a **spectacular** view of the entire city.
*   Her performance in the play was **spectacular**, and everyone gave her a standing ovation.

⸻

## Synonyms (with short notes about the differences)
*   **Amazing** — Very impressive and causing wonder. Can be used for a wider range of things, not just visual.
*   **Breathtaking** — So beautiful or impressive that it makes you feel a strong emotional reaction, almost like you can't breathe. Often used for stunning visuals.
*   **Magnificent** — Very grand, beautiful, and impressive, often suggesting large size or scale.
*   **Stunning** — Extremely impressive or attractive, often causing surprise or admiration. Can be used for people, objects, or events.
*   **Impressive** — Good, making you admire it. ""Spectacular"" is a stronger word than ""impressive."""
5108,waterfall,"# waterfall

## Meaning (easy English)

A waterfall is a natural place where water, usually from a river or stream, flows over the edge of a high cliff or rock and falls down to a lower level. It creates a beautiful and often powerful sight and sound.

⸻

## Nuance
*   **Describes a natural wonder:** ""Waterfall"" is a straightforward word for a natural geographical feature.
*   **Evokes imagery of nature:** It often brings to mind beautiful landscapes, forests, mountains, and the sound of rushing water.
*   **Can be small or huge:** A waterfall can be a gentle trickle over rocks or a massive, roaring drop like Niagara Falls.
*   **Formality:** It's a neutral, everyday word, suitable for any context, from casual conversation to scientific descriptions.

⸻

## Example sentences
*   Many tourists visit Niagara Falls, which is a very famous **waterfall** between Canada and the USA.
*   The sound of the **waterfall** was so relaxing as we hiked through the forest.
*   After the heavy rain, the small stream turned into a powerful **waterfall** cascading down the hillside.

⸻

## Synonyms (with nuance)
*   **Falls** — Often used in plural (e.g., Victoria Falls) or as part of a proper name for a large, famous waterfall. Can sometimes be used singularly too, but ""waterfall"" is more common as a general term.
*   **Cascade** — Usually refers to a series of small waterfalls, or water that flows over rocks in steps rather than one single, sheer drop. It often sounds more gentle or poetic.
*   **Cataract** — A very large, powerful, and dramatic waterfall, or a series of rapids. It's a less common word in everyday speech and often suggests great force.
*   **Rapids** — Sections of a river where the water flows very quickly and turbulently over rocks, but it doesn't *drop* significantly like a waterfall. It's more about rough, white water."
5109,correspondent,"# correspondent

## Meaning (easy English)

A **correspondent** is usually a journalist who reports news from a particular place, often a place far from the main news office. They collect information and send reports back to their newspaper, TV station, or radio station.

For example, a ""foreign correspondent"" reports news from another country. A ""war correspondent"" reports from a war zone.

Less commonly, a correspondent can also be a person who communicates regularly with someone else by writing letters.

⸻

## Nuance
*   **Professional and specialized:** The word suggests someone with a specific, often important role in reporting. They are usually experts in reporting from a certain area (e.g., a ""White House correspondent"") or on a certain topic (e.g., a ""science correspondent"").
*   **On location:** It strongly implies that the person is physically present where the news is happening, gathering information directly. This is different from someone who just reads the news in a studio.
*   **Often for major events/locations:** You often hear about correspondents covering important international events, politics, or significant social issues.
*   **Formality:** It's a standard, professional term in journalism. It's not overly formal or informal. The ""letter writer"" meaning is older and more formal or literary.

⸻

## Example sentences
*   Our **foreign correspondent** in Beijing sent an interesting report about the economic changes.
*   She worked as a **war correspondent** for ten years, reporting from dangerous conflict zones.
*   The news channel has a dedicated **health correspondent** who covers medical breakthroughs and public health issues.

⸻

## Synonyms (with short notes about the differences)
*   **Reporter:** A more general term for someone who gathers and reports news. A correspondent is a *type* of reporter, specifically one assigned to a particular location or subject for a longer period, often from a distance.
*   **Journalist:** A very broad term for anyone who writes, edits, or produces content for news media. All correspondents are journalists, but not all journalists are correspondents.
*   **Newscaster / Anchor:** This person presents the news from a studio. They usually *read* reports from correspondents and reporters, but they don't typically go out to gather the news themselves.
*   **Writer:** A very general term for someone who writes. It doesn't specify the purpose or context of the writing (like news reporting)."
5110,scramble,"# scramble

## Meaning (easy English)

""Scramble"" has a few main uses:

1.  **To move quickly and awkwardly:** This means to move with difficulty, often using your hands and feet, especially over rough ground or to get somewhere fast.
2.  **To mix things up in a disorderly way:** This can mean to make something messy or confused. It is also used specifically for cooking eggs (e.g., ""scrambled eggs"") where they are mixed while cooking.
3.  **To rush or compete for something:** This means many people are trying to get something quickly because there is not much of it, or they are in a hurry.

⸻

## Nuance
*   **Feeling:** ""Scramble"" often suggests urgency, effort, a bit of struggle, or a lack of smooth, organized movement. It's not usually a calm or relaxed action.
*   **When used:**
    *   For physical movement, it describes climbing or moving quickly over difficult surfaces.
    *   For mixing, it implies disorder or confusion, like making a signal unclear or mixing food randomly.
    *   For competition, it describes a frantic rush by many people to get a limited resource.
*   **Formality:** It is a common word, generally informal to neutral in tone.

⸻

## Example sentences
*   The children had to **scramble** over the fallen logs to continue their hike.
*   I usually have **scrambled** eggs with toast for breakfast.
*   When the free tickets were announced, everyone **scrambled** to get one before they ran out.

⸻

## Synonyms (with short notes about the differences)
*   **Clamber** — (for movement) To climb awkwardly or with difficulty, often using both hands and feet. ""Scramble"" often suggests more urgency or speed than ""clamber.""
*   **Rush** — (for speed/urgency) To move or act very quickly. ""Scramble"" often adds the idea of difficulty, awkwardness, or competing with others, which ""rush"" doesn't always imply.
*   **Jumble** — (for mixing) To mix things together in a messy, untidy, or confused way. Very similar to ""scramble"" when describing objects or information that are mixed up."
5111,controversial,"# controversial

## Meaning (easy English)

Something is **controversial** if many people have strong, different opinions about it. It often causes a lot of public discussion, argument, or disagreement because people cannot easily agree on it.

⸻

## Nuance
*   This word suggests that a topic, idea, or action creates strong disagreement and often divides people.
*   It's typically used for issues that people feel strongly about and where there isn't a single, widely accepted answer or solution.
*   You will often hear this word in news reports, political discussions, or when talking about social issues, public figures, or new policies.
*   It's a neutral word in terms of formality, commonly used in both formal and informal contexts when discussing serious topics.

⸻

## Example sentences
*   The government's decision to raise taxes was highly **controversial**.
*   Her comments on the new art exhibit sparked a **controversial** debate among critics.
*   Building a new airport in the nature reserve is a very **controversial** plan.

⸻

## Synonyms (with short notes about the differences)
*   **Debatable** — This means something *can* be argued about or discussed, but it doesn't necessarily mean people *are* currently arguing fiercely or have strong, opposing views. (e.g., ""Whether pineapple belongs on pizza is debatable."")
*   **Disputed** — This means people disagree about the facts, truth, or ownership of something. It's often about a disagreement over what is correct or valid. (e.g., ""The exact number of attendees is still disputed."")
*   **Divisive** — This word emphasizes that something causes strong disagreement that separates people into different groups or sides, creating disunity. (e.g., ""The issue of immigration has become very divisive."")
*   **Contentious** — Very similar to ""controversial,"" meaning likely to cause an argument. It can also describe a person who likes to argue. (e.g., ""He raised a contentious point during the meeting."")"
5112,adequate,"# adequate

## Meaning (easy English)

""Adequate"" means **enough** for a particular need or purpose.

It describes something that meets the minimum requirements or standards, but it's not excellent or more than what is needed. It's just good enough.

⸻

## Nuance
*   **How it feels:** The word ""adequate"" often implies ""just enough,"" or ""okay, but not great."" It suggests that something meets a basic standard, but there might be room for improvement. It's usually not a word of strong praise.
*   **When it's used:** You use ""adequate"" when talking about resources (like time, money, or supplies), quality (like performance or preparation), or conditions (like space or lighting).
*   **Formality:** It's a standard, neutral word. It's not very formal or informal, so you can use it in many different situations, from everyday conversations to business reports.

⸻

## Example sentences
*   The student's answer was **adequate**, but it didn't show a deep understanding of the topic.
*   Please make sure we have **adequate** supplies for everyone attending the workshop.
*   The small apartment was **adequate** for one person, but it would be too small for a family.

⸻

## Synonyms (with short notes about the differences)
*   **Enough** — This is the most common and simple synonym. ""Enough"" is more general and can be used in almost any situation. ""Adequate"" is slightly more formal and often used when talking about meeting specific standards or requirements.
*   **Sufficient** — Very similar to ""adequate."" ""Sufficient"" often focuses on having the right amount or quantity for something. ""Adequate"" can also refer to quality or suitability. They are often interchangeable.
*   **Satisfactory** — Means ""good enough"" or ""acceptable."" ""Satisfactory"" often implies that something meets expectations and might suggest a slightly better quality than ""adequate,"" which can sometimes mean ""just barely acceptable.""
*   **Acceptable** — This means something is allowed or can be agreed to. Like ""satisfactory,"" it implies it meets a basic standard and is not rejected. ""Adequate"" specifically means ""enough for a purpose,"" while ""acceptable"" means ""can be accepted."""
5113,shiver,"# shiver

## Meaning (easy English)

To **shiver** means to shake a little bit, quickly and without being able to control it.
This usually happens when your body reacts to something like being very cold, feeling scared, having a fever, or sometimes even being very excited. Your body makes these small, quick movements automatically.

⸻

## Nuance
*   ""Shiver"" describes an automatic physical reaction that you cannot stop yourself from doing.
*   It is most commonly associated with feeling cold or scared, but can also happen when you are sick (like with a fever) or when you experience a sudden strong emotion, like excitement.
*   It's a very common, everyday word, not formal or informal.
*   It implies small, rapid movements, usually of the whole body or a part like the shoulders or arms.

⸻

## Example sentences
*   I started to **shiver** as soon as I stepped outside without my jacket.
*   The scary story made her **shiver** with fright, even though she knew it wasn't real.
*   After running a high fever all night, he woke up **shivering** despite being under thick blankets.

⸻

## Synonyms (with short notes about the differences)
*   **tremble** — Very similar to shiver, and often interchangeable. However, ""tremble"" can sometimes suggest a more continuous or slightly larger shaking, often due to weakness, old age, or strong emotion (e.g., ""His hands trembled with anger."").
*   **shake** — A more general word. ""Shake"" can be voluntary or involuntary, and can involve larger movements. It can also apply to objects (e.g., ""The dog shook water off its fur."" ""I shook his hand."").
*   **quiver** — Suggests a very slight, rapid, often delicate trembling, sometimes from emotion or nervousness. It can also apply to small objects or a person's voice (e.g., ""Her lip began to quiver."").
*   **vibrate** — Usually refers to a rapid, repetitive back-and-forth motion, often mechanical or physical (like a phone vibrating). It is less commonly used for a person's body reacting to cold or fear."
5114,unbearable,"# unbearable

## Meaning (easy English)

""Unbearable"" describes something that is so bad, painful, or difficult that you cannot stand it or deal with it anymore. It's too extreme to be tolerated or endured. You simply cannot cope with it.

⸻

## Nuance
*   **How it feels:** It expresses a very strong feeling of extreme discomfort, pain, or difficulty. It's much stronger than just ""bad"" or ""unpleasant.""
*   **When it's used:**
    *   For physical pain (e.g., ""unbearable headache,"" ""unbearable itch"").
    *   For extreme emotional distress (e.g., ""unbearable sadness,"" ""unbearable stress"").
    *   For very difficult situations or conditions (e.g., ""unbearable heat,"" ""unbearable pressure,"" ""unbearable noise"").
    *   It implies a feeling of being completely overwhelmed and unable to cope.
*   **Formality:** It's a common word and can be used in both informal daily conversations and more formal writing. Its strength comes from the intense feeling it describes, not its level of formality.

⸻

## Example sentences
*   The heat in the desert was absolutely **unbearable**; we had to find shade quickly.
*   After losing his pet, the sadness he felt was almost **unbearable**.
*   Working with such a rude colleague made the office atmosphere **unbearable**.

⸻

## Synonyms (with short notes about the differences)
*   **Intolerable:** Very similar and often interchangeable with ""unbearable."" It also means something is too bad or severe to be accepted or endured. ""Intolerable"" can sometimes imply a violation of standards or rights more strongly than ""unbearable.""
*   **Insufferable:** This word is often used to describe people or their behavior that is extremely annoying, arrogant, or unpleasant, making them very difficult to be around. It implies irritation and annoyance more than just pain or general difficulty.
*   **Excruciating:** This word is much stronger and is almost exclusively used to describe *intense, severe pain* (physical or emotional). It suggests agony and extreme suffering.
*   **Unendurable:** This is a direct synonym, meaning ""cannot be endured."" It's less common than ""unbearable"" but has the exact same meaning."
5115,transparent,"# transparent

## Meaning (easy English)

""Transparent"" has two main meanings:

1.  **Allowing light to pass through completely, so you can see clearly what is on the other side.** Think of a clean glass window, clear plastic, or pure water.
2.  **Easy to understand, open, and honest, with nothing hidden.** This is often used to describe rules, processes, information, or someone's intentions.

⸻

## Nuance

*   **When describing objects (meaning 1):** ""Transparent"" means it's perfectly clear, allowing full visibility. It's a straightforward description of a material's quality.
*   **When describing ideas, systems, or behavior (meaning 2):** ""Transparent"" suggests honesty, clarity, and openness. It implies that there are no secrets, no hidden motives, and everything is easy for everyone to see and understand. This is almost always considered a positive quality, implying trustworthiness, fairness, and a lack of deception.
*   **Formality:** It's a common word used in both everyday conversation (for objects) and more formal contexts like business, politics, or government (for ideas/processes). When used figuratively, it carries a sense of seriousness and importance.

⸻

## Example sentences

*   The window was so clean that it was almost **transparent**, and I could see the garden perfectly.
*   The company promised to be **transparent** about its pricing, so customers would know exactly what they were paying for.
*   Her excitement about the new project was completely **transparent**; everyone could see how happy she was.

⸻

## Synonyms (with short notes about the differences)

*   **Clear** (literal & figurative): Very similar for objects; often interchangeable. ""Clear"" can also mean easy to understand or free from doubt.
*   **See-through** (literal): A more informal way to say you can see through something, often used for materials or clothing.
*   **Translucent** (literal, *opposite*): Allows light to pass through but you cannot see clear shapes or details, like frosted glass or thin paper. (Good to know for contrast!)
*   **Open** (figurative): Emphasizes not hiding information, feelings, or intentions, similar to transparent but perhaps more about behavior or policy.
*   **Honest** (figurative): Focuses on telling the truth and being truthful in actions, often about people or communication.
*   **Obvious** (figurative): Easy to see or understand immediately, without needing explanation."
5116,slam,"# slam

## Meaning (easy English)

""Slam"" means to close something, or put something down, with a lot of force and usually a loud noise. It often suggests anger, frustration, or a lack of care.

It can also mean to criticize someone or something very harshly, often in public.

⸻

## Nuance
*   **Action:** When someone slams something, it's usually a quick, forceful action.
*   **Emotion:** Often, but not always, it shows strong emotions like anger, frustration, or impatience. For example, ""She slammed the phone down after the argument.""
*   **Sound:** There is almost always a loud, sharp sound involved when an object is slammed.
*   **Criticism:** When used to mean ""criticize,"" it implies very strong, negative, and direct criticism. For example, ""The new policy was slammed by the public.""
*   **Formality:** It's generally an informal to semi-formal word. It's common in everyday speech and news headlines.

⸻

## Example sentences
*   He was so angry that he **slammed** the door as he left the room.
*   Please don't **slam** your books on the table; you might damage them.
*   The newspaper **slammed** the mayor's decision, calling it a huge mistake.

⸻

## Synonyms (with short notes about the differences)
*   **Shut / Close (forcefully):** These are more neutral verbs. You can *shut* or *close* a door gently or forcefully. ""Slam"" specifically means to shut or close with force and a loud noise.
*   **Bang:** Similar to ""slam"" when referring to a door or lid closing loudly, but ""bang"" can also mean to hit something repeatedly or make a general loud noise. ""Slam"" is more specific about the forceful closing or putting down of an object.
*   **Drop:** To let something fall. While dropping can be forceful, ""slam"" implies more intentional force or impact, often from a higher position or with more direct action.
*   **Criticize / Condemn:** ""Criticize"" is a general term for finding fault. ""Condemn"" is stronger, meaning to express complete disapproval. ""Slam"" (in this sense) is even more informal and suggests very harsh, often public, and sometimes angry criticism."
5117,spit,"# spit

## Meaning (easy English)

""Spit"" can be a **verb** (an action) or a **noun** (a thing).

**As a verb, ""spit"" means:**
1.  **To force saliva** (the clear liquid in your mouth) **out of your mouth**. People often do this if something tastes bad, or sometimes as a rude gesture.
2.  **To force out food or liquid** from your mouth, or sometimes from an animal or machine.
3.  When it **spits rain**, it means it's raining very lightly, only a few drops.

**As a noun, ""spit"" means:**
*   The **saliva** that has been forced out of someone's mouth.

⸻

## Nuance
*   **Formality:** Generally **informal**.
*   **Feel:**
    *   It can describe a natural action, such as spitting out food that tastes bad or is too hot.
    *   However, spitting saliva in public is often considered **rude, disrespectful, or unhygienic** in many cultures. It can be a sign of disgust or anger.
    *   When used for rain (""it's spitting rain""), it sounds casual and describes very light rain.
*   **Usage:** You might hear ""spit it out!"" as an idiom, meaning ""say what you want to say quickly!""

⸻

## Example sentences
*   It's considered very impolite to **spit** on the sidewalk in many countries.
*   The baby took a bite of the lemon and immediately **spat** it out because it was so sour.
*   I think it's starting to **spit** a little rain, so we should probably take an umbrella with us.

⸻

## Synonyms (with short notes about the differences)
*   **Expectorate** — A more formal and often medical term for spitting, usually referring to mucus or phlegm (thick liquid) from the lungs or throat, often due to illness.
*   **Drool / Slobber** — To let saliva flow out of your mouth accidentally, without force. This is often associated with babies, animals, or when someone is sleeping.
*   **Sputter** — To make a series of soft, explosive sounds, often while speaking, and sometimes expelling small drops of saliva or food. It can imply difficulty speaking or a machine working unevenly.
*   **Eject** — A more general word meaning to force something out suddenly. It is not specific to the mouth or saliva."
5118,umpire,"# umpire

## Meaning (easy English)

An umpire is a person whose job is to make sure the rules are followed during a sports game, like baseball, tennis, or cricket. They watch the game closely, make important decisions (for example, if a player is ""out"" or if a ball is ""in"" or ""out""), and settle any disagreements between players. Their goal is to ensure the game is played fairly.

⸻

## Nuance
*   An umpire is an official with authority. Their decisions are usually final and must be respected by players.
*   The word is most commonly used in specific sports, especially baseball, tennis, and cricket.
*   People expect an umpire to be fair and impartial, meaning they don't favor one team or player over another.
*   Sometimes, an umpire's decision can be controversial, leading to arguments or discussions among players and fans.
*   It's a neutral, descriptive term for this important role in sports.

⸻

## Example sentences
*   The **umpire** signaled that the tennis ball was out, so the player lost the point.
*   In baseball, the home plate **umpire** has to decide if a pitch is a ""strike"" or a ""ball.""
*   It's a tough job to be an **umpire** because you have to make quick decisions and often face criticism.

⸻

## Synonyms (with short notes about the differences)
*   **Referee:** This is very similar to an umpire, but it's used in different sports, such as soccer, basketball, and rugby. A referee often runs around the field with the players, while an umpire might stand in a fixed position (like behind home plate in baseball or in a high chair in tennis).
*   **Judge:** This is a broader term. In sports, judges usually score performances (like in gymnastics or diving) rather than actively managing the flow of a game and making real-time calls on rules violations. Outside of sports, a judge is a legal official in a courtroom.
*   **Arbiter:** A more formal word for someone who has the power to make a final decision and resolve a dispute, often outside of sports. It suggests someone who settles a disagreement or conflict, acting as a neutral party."
5119,sober,"# sober

## Meaning (easy English)

""Sober"" has two main meanings:

1.  **Not drunk:** When someone is sober, they have not drunk alcohol or are no longer affected by it. Their mind is clear, and they can think and act normally.
2.  **Serious and sensible:** It can also describe a person's behavior, attitude, or even a color. It means serious, calm, thoughtful, and realistic, especially in important or difficult situations. It suggests a lack of silliness, exaggeration, or bright showiness.

⸻

## Nuance

*   **When someone is ""sober"" (not drunk):** This is a very common and direct way to say someone has no alcohol in their system or is no longer intoxicated. It's often used when responsibility is important (like driving or working) or after a period of drinking.
*   **When someone is ""sober"" (serious/sensible):** This describes a person's mood, character, or the nature of a discussion or situation. It implies being calm, thoughtful, and realistic, especially when dealing with important or difficult matters. It suggests a lack of lightheartedness, silliness, or strong emotional display. When describing colors or style, ""sober"" means plain, not bright, or understated.
*   **Formality:** When meaning ""not drunk,"" it's very common and can be used in any situation. When describing a serious attitude or color, it's a slightly more thoughtful word, suggesting a considered, responsible, or understated approach.

⸻

## Example sentences

*   After the party, he waited an hour to make sure he was **sober** before driving home.
*   The board had a **sober** discussion about the company's future and difficult decisions ahead.
*   Despite the exciting news, she remained **sober** and focused on the next steps.

⸻

## Synonyms (with short notes about the differences)

*   **Clear-headed:** (for ""not drunk"") Focuses on having a clear mind and being able to think well, which is a result of being sober.
*   **Straight (informal):** (for ""not drunk"") An informal way to say someone is not drunk or under the influence of drugs.
*   **Serious:** (for ""serious/sensible"") Very similar, but ""sober"" often implies a more calm, thoughtful, and realistic approach, especially in difficult situations. ""Serious"" can sometimes imply being intense or even grim.
*   **Sensible:** (for ""serious/sensible"") Means showing good judgment and practicality. ""Sober"" includes being sensible but also suggests a certain gravity or lack of frivolousness.
*   **Calm:** (for ""serious/sensible"") Means not excited, angry, or nervous. Someone who is sober (in attitude) is often calm."
5120,stagger,"# stagger

## Meaning (easy English)

""Stagger"" has a few main meanings:

1.  **To walk or move unsteadily, as if you might fall.** This often happens when someone is very tired, injured, or has drunk too much alcohol.
    *   *Example:* After running the marathon, the runner began to **stagger** towards the finish line.
2.  **To shock or surprise someone very much.** This usually happens with very bad news, a very large number, or an unexpected event.
    *   *Example:* The incredibly high price of the new house **staggered** us.
3.  **To arrange things (like times or tasks) so they do not all happen at once, but are spread out over a period.** This is done to manage workload or avoid crowds.
    *   *Example:* The company decided to **stagger** the employees' lunch breaks to ensure someone was always available.

⸻

## Nuance
*   **Unsteady Walk:** This meaning often suggests a lack of control, weakness, or difficulty in maintaining balance. It can sometimes imply a comical or pitiful sight, depending on the reason (e.g., being drunk vs. being injured).
*   **Shock/Surprise:** When ""stagger"" is used this way, it implies a very strong, overwhelming surprise, often leading to disbelief or dismay. It's more intense than just ""surprise"" and can make someone feel momentarily unable to react or think clearly. It often relates to large amounts (money, debt) or very impactful news.
*   **Arrangement:** This use is more neutral and practical. It suggests a deliberate, planned action to manage flow, avoid overload, or make things more efficient by spreading them out over time.

""Stagger"" is generally neutral in formality.

⸻

## Example sentences
*   The old man had to **stagger** through the deep snow to reach his car.
*   The amount of damage caused by the storm **staggered** everyone in the town.
*   To avoid long queues, the event organizers decided to **stagger** the entry times for guests.

⸻

## Synonyms (with short notes about the differences)
*   **Totter** (for walking): To walk unsteadily with small, weak steps, often due to weakness, old age, or being top-heavy. (Can imply more fragility or a greater risk of falling.)
*   **Reel** (for walking): To lose balance suddenly, often from dizziness, a strong blow, or intense emotion, sometimes with a spinning motion. (More about a sudden, disorienting loss of control.)
*   **Shock** (for surprising): To cause someone to feel sudden surprise and often upset. (Similar, but ""stagger"" often implies a greater, more overwhelming surprise, especially with facts or large numbers.)
*   **Astonish** (for surprising): To surprise someone greatly, often with a sense of wonder or admiration. (Can be positive, whereas ""stagger"" is often neutral to negative, implying disbelief or difficulty coping.)
*   **Space out** (for arranging): To arrange things with gaps between them, often to prevent them from happening all at once. (Very close in meaning for this sense, often used interchangeably.)"
5121,stalk,"# stalk

## Meaning (easy English)

""Stalk"" can be used as a verb (an action) or a noun (a thing).

**As a verb, it has two main meanings:**

1.  **To follow someone secretly and often against their will.** This means watching them closely, going where they go, and sometimes trying to bother them. It usually makes the person being followed feel scared or uncomfortable, and this kind of ""stalking"" can be illegal.
    *   *Example:* The celebrity felt unsafe because a stranger was constantly stalking her.

2.  **To walk in a stiff, proud, or angry way.** When someone ""stalks"" somewhere, they walk with long, firm steps, often because they are very angry, annoyed, or sometimes very confident.
    *   *Example:* She was so angry she stalked out of the room without a word.

**As a noun:**

1.  **The main stem or support of a plant, flower, or leaf.** It is the thin part that connects a leaf, flower, or fruit to the main body of the plant.
    *   *Example:* The rose had a long, thorny stalk.

⸻

## Nuance

*   **When used as a verb meaning ""to follow"":** This is a very serious and often negative word. It suggests obsession, a potential threat, and it is often illegal. The person being stalked usually feels unsafe, harassed, and afraid. It implies unwanted, persistent, and often menacing attention.
*   **When used as a verb meaning ""to walk"":** This word implies strong emotion. It shows someone is walking with a clear purpose, often because they are angry, offended, or very determined. It's a deliberate and often dramatic way of moving.
*   **When used as a noun (plant part):** This is a neutral, everyday word used when talking about plants or gardening. It has no emotional or negative feeling.

⸻

## Example sentences

*   The police arrested him for **stalking** his ex-girlfriend after she repeatedly told him to stay away.
*   He didn't say goodbye; he just **stalked** past everyone and out the door, clearly upset about the meeting.
*   She carefully cut the flower by its **stalk**, making sure not to damage the delicate petals.

⸻

## Synonyms (with short notes about the differences)

**For ""stalk"" (verb - to follow):**
*   **pursue** — generally means to follow someone or something to catch them, but doesn't always have the negative, secret, or obsessive feeling of ""stalk."" You can pursue a goal, for example.
*   **trail** — to follow someone, often slowly or secretly, leaving a path or mark. Can be less intense or threatening than ""stalk,"" like ""trailing behind"" a group.
*   **shadow** — to follow someone very closely and secretly, like a shadow, often to watch or spy on them. Similar to ""stalk"" but might not always imply the same level of harassment or threat.

**For ""stalk"" (verb - to walk):**
*   **stride** — to walk with long, confident steps. Often positive or neutral, showing purpose. ""Stalk"" can be more about anger or pride.
*   **march** — to walk with regular, steady steps, often in a group or with a military feel. Can imply determination or protest. ""Stalk"" is usually for an individual and driven by personal emotion.
*   **strut** — to walk proudly with a stiff, upright way, often to show off. Similar to ""stalk"" in showing pride, but ""strut"" is almost always about showing off, while ""stalk"" can be about anger or just a stiff gait.

**For ""stalk"" (noun - plant part):**
*   **stem** — a more general term for the main body or support of a plant, connecting roots to leaves/flowers. A ""stalk"" often refers to a thinner, more specific part supporting a single leaf, flower, or fruit.
*   **shoot** — a new growth from a plant, often a young stem or branch. A ""stalk"" is a more established support."
5122,paw,"# paw

## Meaning (easy English)

A **paw** is the foot of an animal, especially one that has soft pads and claws, like a dog, cat, bear, or rabbit.

As a verb, to **paw** means an animal uses its paw to touch, hit, or scratch something.
Sometimes, it can also mean a person touches something clumsily, roughly, or inappropriately with their hands.

⸻

## Nuance
*   **Animal's foot:** When talking about an animal's foot, ""paw"" is a common and neutral word. It often makes you think of animals like cats, dogs, and bears.
*   **Animal's action (verb):** When an animal ""paws"" something, it can be playful (like a kitten pawing a toy), curious (a dog pawing at a door), or trying to get something.
*   **Human's action (verb):** When a person ""paws"" something, it usually has a negative feeling. It suggests touching in a clumsy, rough, or even rude way, often without permission or proper care. It implies a lack of delicacy.
*   **Formality:** Generally neutral when referring to animals. For humans, the verb ""to paw"" is informal and often critical or disapproving.

⸻

## Example sentences
*   The little puppy reached out its soft **paw** and gently touched my hand.
*   The cat kept **pawing** at the door, wanting to go outside.
*   Please don't **paw** at the food; use the serving spoon.

⸻

## Synonyms (with short notes about the differences)
*   **foot** (noun): This is a general term for the lower part of a leg, used for standing and walking, for both humans and animals. A ""paw"" is a *specific type* of animal foot, usually with soft pads and claws.
*   **hoof** (noun): A hard, protective covering on the foot of animals like horses, cows, and deer. ""Paw"" is soft, while a ""hoof"" is hard.
*   **talon** (noun): The sharp, curved claw of a bird of prey, like an eagle or hawk. ""Paw"" refers to the whole foot, while ""talon"" refers specifically to the claw of a bird.
*   **touch** (verb): This is a very general word for making physical contact. To ""paw"" often suggests a more clumsy, repeated, or less gentle way of touching, especially with hands or paws.
*   **handle** (verb): To touch, feel, or move something with the hands. ""Handle"" usually implies more control and care than ""paw."""
5123,babe,"# babe

## Meaning (easy English)

""Babe"" has a few meanings, mainly informal:

1.  ** (Affectionate)** It is an informal, loving name you call someone you care deeply about, often a romantic partner. It shows affection.
2.  ** (Informal, sometimes offensive)** It can also be used, usually informally, to refer to an attractive person, especially a woman. However, this use is often considered disrespectful or objectifying.
3.  ** (Literary/Old-fashioned)** Less commonly today, it can mean a baby or a very young child.

⸻

## Nuance

*   **As a term of endearment (Meaning 1):**
    *   **Feeling:** Warm, intimate, loving, informal.
    *   **When used:** Commonly between romantic partners, sometimes close friends, or occasionally by parents to their young children.
    *   **Formality:** Very informal. It's suitable for private, close relationships, but not in professional or formal settings.
*   **Referring to an attractive person (Meaning 2):**
    *   **Feeling:** Can be admiring, but often seen as **objectifying, disrespectful, or unprofessional.** Many people find this use offensive, especially when used by strangers or in a professional context.
    *   **When used:** Often used casually, sometimes by men referring to women. It can be heard in movies or songs, but its use in real-life interactions can cause offense.
    *   **Formality:** Extremely informal and generally considered inappropriate in most social and professional situations. **It's best to avoid using ""babe"" in this way.**
*   **Referring to a baby (Meaning 3):**
    *   **Feeling:** Tender, innocent, poetic.
    *   **When used:** More often found in songs, poetry, or older literature. ""Baby"" is much more common in everyday speech for an infant.
    *   **Formality:** Informal.

⸻

## Example sentences

*   ""Hey, babe, are you ready to go to the party?"" (Meaning 1: affectionate term for a partner)
*   ""The proud mother gently rocked her tiny babe to sleep."" (Meaning 3: a baby, poetic use)
*   ""He called the server 'babe' to get her attention, and she gave him an angry look."" (Meaning 2: showing inappropriate and offensive use)

⸻

## Synonyms (with short notes about the differences)

*   **Darling / Sweetheart** (for Meaning 1) — General terms of endearment, often considered softer and less informal than ""babe."" Less likely to be seen as objectifying.
*   **Honey** (for Meaning 1) — Very common, warm term of endearment, similar to ""darling.""
*   **Baby** (for Meaning 1 & 3) — Can be used as a term of endearment for an adult (similar to ""babe"" but perhaps slightly less potentially sexualized), and is the most common word for an infant or very young child.
*   **Hottie** (for Meaning 2) — Very informal slang specifically for an attractive person. It's explicitly about physical attractiveness and can also be seen as objectifying, but it's less ambiguous in its intent than ""babe.""
*   **Infant / Newborn** (for Meaning 3) — More formal and clinical terms for a very young child."
5124,stoop,"# stoop

## Meaning (easy English)

""Stoop"" can be used as a **verb** or a **noun**.

As a **verb**, it means to bend your body forward and down, often from the waist or knees. You might stoop to pick something up, to pass under something low, or if you have a particular posture.

As a **noun**, a stoop is a small porch or a set of steps at the front entrance of a house, especially in cities.

⸻

## Nuance
*   **Verb (bending):**
    *   Often describes a temporary action done for a purpose (e.g., to reach something, to avoid hitting your head).
    *   Can also describe a person's posture if they regularly stand or walk with their shoulders and back bent forward (""a stooped old man"").
    *   It can also mean to lower your moral standards or do something that you consider beneath your dignity (e.g., ""He would never stoop to lying""). This usage often implies disapproval.

*   **Noun (entrance steps):**
    *   Refers to a specific type of entrance area, usually with a few steps and a small landing.
    *   Common in certain architectural styles, especially in older city houses (like brownstones in New York).
    *   It's often seen as a semi-public space where people might sit outside, chat with neighbors, or watch street life.

⸻

## Example sentences
*   She had to **stoop** to pick up her dropped keys from the floor.
*   In the evening, neighbors often sit on their **stoops** to talk and watch people pass by.
*   I would never **stoop** to cheating on an exam, even if it meant failing.

⸻

## Synonyms (with short notes about the differences)
*   **For the verb 'to bend down':**
    *   **Bend:** A very general term for curving something. ""Stoop"" specifically means to bend your upper body forward and down. You can bend your knee, but you wouldn't ""stoop"" your knee.
    *   **Crouch:** To lower your entire body by bending your knees and staying close to the ground, often to hide or be ready to move quickly. ""Stoop"" is usually less low and more about bending at the waist or shoulders.
    *   **Hunch:** To bend your back and shoulders forward, often due to poor posture, cold, or shyness. This can be a more continuous posture, while ""stoop"" can be a temporary action or a general posture.

*   **For the noun 'entrance steps/porch':**
    *   **Porch:** A more general term for a covered area at the entrance of a house. A ""stoop"" is typically smaller, often just a few steps with a small landing, and may not be covered.
    *   **Steps:** Simply the stairs themselves. A ""stoop"" includes the steps but also the small platform area at the top, right before the door, and is often a place to linger."
5125,thankfully,"# thankfully

## Meaning (easy English)

""Thankfully"" is an adverb that means you are relieved or grateful that something good happened, especially after something bad or difficult was possible. It's like saying ""it's a good thing that..."" or ""I'm glad that...""

⸻

## Nuance
*   **Feeling:** It expresses a sense of relief, gratitude, or good fortune. You use it when you feel happy or relieved that a situation turned out well, often better than it might have.
*   **When used:** You often use ""thankfully"" at the beginning of a sentence or a clause. It introduces a positive outcome, especially when there was a chance for something negative to happen. It shows that you are grateful for the good result.
*   **Formality:** It is a common word used in everyday conversation and writing. It's not overly formal or informal, making it suitable for most situations.

⸻

## Example sentences
*   The flight was delayed, but **thankfully**, we still arrived in time for the meeting.
*   It started raining heavily, but **thankfully**, we had just reached home.
*   He lost his phone, but **thankfully**, a kind person found it and returned it to him.

⸻

## Synonyms (with short notes about the differences)
*   **Fortunately:** Very similar in meaning and often interchangeable. ""Fortunately"" usually emphasizes that a good situation happened by chance or good luck. ""Thankfully"" specifically includes the idea of feeling grateful or relieved.
    *   *Example:* **Fortunately**, the rain stopped before the picnic. (Good luck)
    *   *Example:* **Thankfully**, the rain stopped before the picnic. (Relief/gratitude that it stopped)

*   **Luckily:** More informal than ""fortunately"" or ""thankfully."" It strongly emphasizes that something good happened purely by chance or good luck.
    *   *Example:* I forgot my umbrella, but **luckily**, it didn't rain. (Pure chance)"
5126,feeble,"# feeble

## Meaning (easy English)

""Feeble"" means very weak.

It can describe:
*   A person or animal that has little physical strength, often because they are old, sick, or tired.
*   Something abstract, like an excuse, an argument, or an effort, that is not strong, convincing, or effective enough.
*   A light or sound that is very dim or quiet.

⸻

## Nuance
*   **How it feels:** ""Feeble"" suggests a significant lack of power, energy, or effectiveness. It often evokes a sense of pity for the weakness, or it can imply that something is clearly insufficient or not good enough.
*   **When it is used:**
    *   For people/animals: when they are physically very weak, perhaps due to age, illness, or hunger.
    *   For abstract things: when an argument, excuse, or attempt is clearly not strong, convincing, or successful.
    *   For inanimate things: when a light is very dim or a sound is very soft.
*   **Formality:** It's a standard, descriptive word. Not overly formal or informal, and suitable for many different situations.
*   It often highlights a noticeable *deficiency* in strength, quality, or impact.

⸻

## Example sentences
*   After the long illness, he was too **feeble** to walk without help.
*   Her excuse for not finishing the work was rather **feeble** and unconvincing.
*   The **feeble** light of the old lamp barely lit the room.

⸻

## Synonyms (with nuance)
*   **Weak:** This is the most general synonym. ""Feeble"" often means *more* weak than just ""weak,"" suggesting a serious lack of strength, often due to age, illness, or poor quality.
*   **Frail:** Often describes people or things that are delicate and easily broken or damaged, usually because they are old or sick. Similar to ""feeble"" but emphasizes vulnerability and delicacy.
*   **Puny:** Describes something small and weak, especially in size or power. It can sometimes imply a lack of importance or effectiveness, often with a slightly critical tone.
*   **Ineffective:** Focuses on not producing the desired result or not working well. Can apply to an effort, a solution, or an argument, similar to ""feeble"" in that context, but doesn't usually describe physical weakness."
5127,walnut,"# walnut

## Meaning (easy English)

A walnut is a type of edible nut that grows on a tree. It has a very hard, wrinkly brown shell that you need to crack open. Inside the shell, there is a rough, brain-shaped kernel (the part you eat) which is light brown.

Walnuts have a rich, earthy flavor and a crunchy texture. They are often eaten as a snack, added to salads, baked into desserts like cakes and cookies, or used to make cooking oil. They are known for being a healthy food.

⸻

## Nuance
*   **Taste and Texture:** Walnuts have a distinctive, slightly bitter, and earthy taste. They are crunchy when fresh.
*   **Common Uses:** Very popular in baking (e.g., banana bread, brownies), breakfast foods (e.g., oatmeal, yogurt), and salads. They are also a common healthy snack.
*   **Health Perception:** Often associated with being good for brain health and heart health, due to their nutrients and shape.
*   **Formality:** It's an everyday word for a common food item, so it is informal and neutral in tone.

⸻

## Example sentences
*   I love adding chopped **walnuts** to my morning oatmeal for extra crunch and flavor.
*   My grandmother's famous carrot cake always has plenty of **walnuts** in the recipe.
*   You need a nutcracker to open the hard shell of a fresh **walnut**.

⸻

## Synonyms (with nuance)
While ""walnut"" refers to a specific type of nut, here are some related terms and other common nuts, with notes on how they differ:

*   **Nut (general term):** This is the broader category that ""walnut"" belongs to. You use ""nut"" when talking generally about these foods (e.g., ""I like eating nuts""), but you use ""walnut"" when you mean this specific kind.
*   **Pecan:** Another popular tree nut, often used in baking (especially pies). Pecans are usually smoother in texture and have a sweeter, more buttery flavor compared to walnuts, which are more earthy and can be slightly bitter.
*   **Almond:** A very common tree nut. Almonds are typically oval-shaped and have a milder, sweeter flavor and a firmer, less crumbly texture than walnuts. They are often eaten raw, roasted, or used to make milk or flour.
*   **Cashew:** A kidney-shaped nut with a creamy texture and a mild, sweet flavor. Cashews are usually sold shelled and roasted, and they are often used in Asian cuisine or as a snack, differing greatly in shape and taste from walnuts."
5128,sway,"# sway

## Meaning (easy English)

""Sway"" has two main meanings:

1.  **To move gently from side to side or back and forth.** This often happens slowly and rhythmically.
    *   *Example:* Trees *sway* in the wind. A dancer *sways* to the music.

2.  **To influence someone's opinion or decision, or to make someone change their mind.**
    *   *Example:* His arguments *swayed* the jury. She was easily *swayed* by advertising.

⸻

## Nuance
    •	**For movement:** ""Sway"" often suggests a soft, gentle, or rhythmic movement, not sudden or violent. It can be natural (like trees) or deliberate (like a person dancing).
    •	**For influence:** When you ""sway"" someone, you cause their opinion or decision to shift. It implies a change or a leaning towards one side. It's about persuasion or impact on someone's thoughts, rather than forcing them.
    •	**Formality:** ""Sway"" is a neutral word. It is not especially formal or informal and can be used in many everyday situations.

⸻

## Example sentences
    •	The palm trees *swayed* lazily in the warm tropical breeze.
    •	It's difficult to *sway* public opinion once people have made up their minds.
    •	Despite his strong objections, he couldn't *sway* the committee to change their decision.

⸻

## Synonyms (with short notes about the differences)

**For movement:**
    •	**Rock** — often implies a more regular, sometimes stronger, back-and-forth movement, like a rocking chair or a boat in rougher water.
    •	**Swing** — usually a wider, often hanging movement, like a child on a swing or curtains swinging open.
    •	**Wobble** — implies an unsteady, irregular movement, often suggesting something is about to fall. ""Sway"" is usually more controlled or natural.

**For influence:**
    •	**Influence** — to have an effect on someone's thoughts, behavior, or decisions. *Sway* often suggests that this influence causes a *change* or shift in their opinion.
    •	**Persuade** — to make someone agree to do something or believe something by giving them good reasons or arguments. *Sway* can be the result of being persuaded.
    •	**Convince** — to make someone believe that something is true or valid. Similar to persuade, but often more about belief than action."
5129,dizzy,"# dizzy

## Meaning (easy English)

To feel ""dizzy"" means you have a strange feeling in your head, like it's spinning or you're losing your balance. You might feel unsteady, lightheaded, or like you could fall over.

It often happens when you stand up too fast, spin around, or are unwell. Sometimes, you can also feel dizzy from strong emotions like excitement or surprise.

⸻

## Nuance
*   **Physical sensation:** Most commonly, ""dizzy"" describes a physical feeling. It's usually a bit unpleasant or disorienting. It can be a mild feeling or more intense, sometimes making you feel sick or like you might faint.
*   **Emotional/Figurative use:** Less often, ""dizzy"" can describe feeling overwhelmed or intensely excited by something, as if your head is spinning with emotion rather than physical unsteadiness.
*   **Formality:** It's an everyday word, commonly used in informal and neutral contexts.

⸻

## Example sentences
*   I stood up too quickly and suddenly felt **dizzy**, so I had to sit back down.
*   She gets **dizzy** if she looks down from very high places, like a tall building.
*   The incredible news made me feel **dizzy** with excitement and disbelief.

⸻

## Synonyms (with short notes about the differences)
*   **Lightheaded** — Very similar to dizzy, often used interchangeably. It usually emphasizes feeling faint or weak, like you might pass out, and might involve less of the ""spinning"" sensation.
*   **Giddy** — Often means feeling excited, playful, and a bit silly, which can sometimes make you feel a little unsteady or confused. It carries more of an emotional nuance than just physical unsteadiness.
*   **Vertigo** — A more specific medical term for a type of severe dizziness where you feel like you or your surroundings are spinning or moving, even when you are still. It's often a symptom of an inner ear problem. ""Dizzy"" is a general feeling, ""vertigo"" is a specific condition.
*   **Unsteady** — Describes a physical lack of balance or stability, making it hard to walk straight. You can feel unsteady without necessarily feeling dizzy in your head."
5130,thrust,"# thrust

## Meaning (easy English)

""Thrust"" means to push something or someone very suddenly and with a lot of force.
As a noun, ""a thrust"" is this sudden, strong push.
It can also mean the main point, direction, or powerful drive behind an idea, plan, or action.

⸻

## Nuance
*   The word always suggests a strong, powerful, and often sudden push or drive.
*   It implies directness and determination in the action, whether physical (like pushing a weapon) or metaphorical (like the main idea of a speech).
*   ""Thrust"" can describe a physical action, a mechanical force (like from an engine), or an abstract concept (like the main aim of a project).
*   It's a versatile word, not overly formal or informal, making it suitable for various contexts.

⸻

## Example sentences
*   He **thrust** his hands into his pockets, looking frustrated by the news.
*   The powerful **thrust** of the rocket lifted it off the launchpad and into the sky.
*   The main **thrust** of the new government policy is to create more jobs for young people.

⸻

## Synonyms (with short notes about the differences)
*   **Push** (verb/noun) — The most general word for moving something away. ""Thrust"" implies a much stronger, more sudden, and often more directed force than a simple ""push.""
*   **Shove** (verb/noun) — To push roughly or carelessly. ""Thrust"" can be rough, but it can also be a very deliberate and powerful action, not necessarily careless.
*   **Propel** (verb) — To drive or push something forward, often continuously. ""Thrust"" can be the specific powerful force or sudden action that *propels* something.
*   **Drive** (noun, for abstract meaning) — This refers to a strong effort or motivation to achieve something. ""Thrust"" can be similar when it means the main direction or powerful intention behind a plan or argument."
5131,tremble,"# tremble

## Meaning (easy English)

To **tremble** means to shake a little bit, usually without being able to control it. People often tremble because they are cold, scared, nervous, excited, or weak. Objects can also tremble if they are vibrating slightly.

It describes a subtle, often involuntary shaking movement.

⸻

## Nuance
*   ""Tremble"" often describes a physical reaction to strong emotions like fear, nervousness, anger, or excitement. For example, your hands might tremble when you are very scared or very happy.
*   It's also used when someone is very cold or weak.
*   The shaking is usually slight, not a strong or violent movement.
*   It can also describe objects that shake slightly, like leaves in a gentle breeze or the ground during a small earthquake.
*   The word is neutral in formality, meaning you can use it in everyday conversation or in more formal writing.

⸻

## Example sentences
*   She felt her hands **tremble** slightly as she prepared to give her presentation.
*   The small dog began to **tremble** with fear during the loud thunderstorm.
*   After hours in the cold, his lips were **trembling** uncontrollably.

⸻

## Synonyms (with short notes about the differences)
*   **shake** — This is a very general word for moving quickly back and forth or up and down. ""Tremble"" is a specific *type* of shake, usually slight and involuntary. You can shake your head (voluntary) but you tremble (involuntary).
*   **shiver** — To shake because you are cold or scared. ""Shiver"" is very close to ""tremble"" but is often more specifically linked to feeling cold or a sudden fright.
*   **quiver** — To shake or vibrate with a slight, rapid motion. ""Quiver"" is almost identical to ""tremble,"" often suggesting a quick, small movement, especially of a part of the body (e.g., ""her lip quivered"").
*   **vibrate** — To move rapidly and continuously back and forth. This word is often used for machines or objects and suggests a more regular, mechanical motion.
*   **wobble** — To move unsteadily from side to side, often as if about to fall. ""Wobble"" implies instability or a lack of balance, not just a slight shake."
5132,hateful,"# hateful

## Meaning (easy English)

""Hateful"" describes something that causes very strong dislike, anger, or hatred in people. It can also describe someone or something that is full of hatred, showing a desire to harm or hurt others.

It's used for things that are deeply offensive, cruel, or unjust.

⸻

## Nuance
*   **Strong Emotion:** ""Hateful"" carries a very strong negative emotion. It's much stronger than ""bad"" or ""unpleasant."" It suggests something that makes you feel disgust, anger, or moral outrage.
*   **Moral Judgment:** When you call something ""hateful,"" you are often making a strong moral judgment, saying it is wrong, cruel, or unacceptable.
*   **Usage:** Often used to describe words, actions, attitudes, or policies that are prejudiced, discriminatory, or intentionally cruel. It can also describe a look or tone of voice that shows intense dislike.
*   **Formality:** It's a strong word used in everyday language. It's not overly formal or informal.

⸻

## Example sentences
*   The politician's speech was full of **hateful** comments about minority groups.
*   She received a lot of **hateful** messages online after sharing her opinion.
*   It was a truly **hateful** act of vandalism, causing damage just to be cruel.

⸻

## Synonyms (with short notes about the differences)
*   **Odious** — More formal; describes something that *deserves* hatred or disgust. (e.g., ""an odious crime"")
*   **Detestable** — Very similar to odious; means something you *really hate* or find deeply offensive. (e.g., ""detestable behavior"")
*   **Vile** — Stronger; describes something morally very bad, disgusting, evil, or unpleasant. (e.g., ""a vile smell,"" ""vile accusations"")
*   **Malicious** — Focuses on the *intention* to cause harm, trouble, or pain. ""Hateful"" can be malicious, but ""malicious"" specifically points to the desire to hurt. (e.g., ""malicious gossip"")"
5133,scorn,"# scorn

## Meaning (easy English)

**Scorn** is a strong feeling that someone or something is worthless, bad, or not deserving of respect. When you feel scorn, you believe something is beneath you or not good enough, and you might show this feeling through your words, actions, or even a look.

It can be a noun (the feeling itself) or a verb (to feel or show this feeling).

⸻

## Nuance
*   **Strong Negative Emotion:** Scorn is a powerful negative emotion. It's much more intense than simply disagreeing or disliking something.
*   **Feeling of Superiority:** It often comes from a belief that you are better or more intelligent than the person or thing you are scorning.
*   **Expressed Openly:** Scorn is often shown openly, perhaps with a dismissive gesture, a sneer (a facial expression showing dislike), or sharp, critical words. It's not usually a hidden feeling.
*   **Formality:** It's not particularly formal or informal. It's a strong emotional word that can be used in various contexts, from literature to everyday conversation, though it sounds quite serious.

If someone shows you scorn, it means they have a very low opinion of you or what you've done.

⸻

## Example sentences
*   She felt deep **scorn** for anyone who cheated in the competition.
*   He **scorned** the idea of giving up, even when things were difficult, and kept fighting.
*   The artist faced public **scorn** when his controversial painting was revealed.

⸻

## Synonyms (with short notes about the differences)
*   **Contempt** — A strong feeling that someone or something is worthless and deserves no respect. *Very similar to scorn, but contempt can be a more internal feeling, while scorn is often shown more actively and openly.*
*   **Disdain** — The feeling that someone or something is unworthy of one's consideration or respect, often because of a sense of superiority. *Disdain often implies looking down on something quietly, while scorn can be more expressive and even mocking.*
*   **Derision** — The act of making fun of someone or something in a way that shows a strong lack of respect. *Derision is the *action* of ridiculing, often caused by scorn, rather than the feeling itself.*
*   **Ridicule** — The act of making someone or something seem foolish or absurd, usually in an unkind and dismissive way. *It's about making fun of something to show you think it's not worthy of serious attention.*"
5134,tuck,"# tuck

## Meaning (easy English)

To ""tuck"" means to put something into a small, neat, or hidden space. It often suggests pushing or folding something carefully so it fits snugly or looks tidy.

It can also mean to put someone or something into a comfortable and secure position.

⸻

## Nuance
*   **Action:** Usually involves a gentle, careful, or deliberate movement.
*   **Result:** Often makes something neat, secure, hidden, or comfortable.
*   **Feeling:** Can convey a sense of care (like tucking a child into bed), organization (like tucking a shirt in), or discretion (like tucking something away).
*   **Formality:** It's a common, everyday verb. Neither particularly formal nor informal.

⸻

## Example sentences
*   Please **tuck** your shirt into your pants to look tidier.
*   She gently **tucked** the blanket around her baby to keep her warm.
*   He **tucked** his wallet into his inside pocket for safety.

⸻

## Synonyms (with short notes about the differences)
*   **Put** — This is the most general word for placing something. ""Tuck"" specifies *how* you put it – usually neatly, snugly, or into a small space.
*   **Fold** — To bend something over on itself. ""Tuck"" often *involves* folding (like a shirt), but it also includes the act of placing it somewhere.
*   **Insert** — To place something *into* something else, often a slot or opening. ""Tuck"" can be similar but often suggests a softer, more careful, or snug placement, not just putting it *in*.
*   **Slip** — To put something somewhere quickly, easily, or secretly. ""Tuck"" can be secret, but ""slip"" emphasizes the ease or speed of the action."
5135,untidy,"# untidy

## Meaning (easy English)

Something that is **untidy** is not neat or organized. It means things are not put in their proper place, or they are not arranged in a clean and orderly way.

It is the opposite of ""tidy.""

⸻

## Nuance
*   **Untidy** is a common, everyday word. It describes a lack of neatness or order.
*   It is often used to describe places like rooms, desks, or drawers, and also things like hair, clothes, or papers.
*   The word **untidy** suggests a slight messiness, not necessarily extreme chaos or dirtiness. It implies that things *could* be put in order easily.
*   It is generally neutral to slightly negative, as most people prefer things to be tidy.

⸻

## Example sentences
*   Please don't leave your clothes on the floor; your room is already quite **untidy**.
*   My desk always gets **untidy** when I'm working on a big project with lots of papers.
*   After the children finished playing, the living room looked very **untidy** with toys everywhere.

⸻

## Synonyms (with short notes about the differences)
*   **Messy** — Very similar to untidy. Often implies a slightly greater degree of disorder, or can also suggest dirtiness. (""A messy room"" might also have dirt, while ""an untidy room"" just has things out of place.) Can also describe a situation.
*   **Disorderly** — More formal than untidy. Focuses on a complete lack of order or system, or even unruly behavior. (""Disorderly conduct."")
*   **Cluttered** — Describes a place that has too many things, making it untidy and difficult to move or use. (""A cluttered shelf"" means it's full of too many items.)
*   **Sloppy** — Often implies carelessness or lack of attention to detail, leading to untidiness. Can describe work, handwriting, or someone's appearance. (""Sloppy work"" or ""sloppy clothes."")
*   **Disorganized** — Describes a lack of system or planning. Often used for people's habits or a process, rather than just the physical state of things. (""A disorganized person"" or ""a disorganized filing system."") Untidy is the visible result."
5136,whirl,"# whirl

## Meaning (easy English)

""Whirl"" means to move or make something move very quickly in a circle or with a spinning motion. It often suggests a fast, energetic, or turning movement.

It can also describe a quick, busy, or confusing rush of activity or thoughts.

⸻

## Nuance
    •	**Speed and Motion:** ""Whirl"" always suggests very fast, often energetic, circular movement. It can sometimes feel a bit uncontrolled or chaotic.
    •	**Sound/Feeling:** It can make you think of a ""whooshing"" sound or a blurred visual effect due to its speed.
    •	**Figurative Use:** It's often used to describe thoughts or events happening very quickly, making you feel busy, confused, or overwhelmed.
    •	**Formality:** It's a common word, suitable for most everyday situations. It's not overly formal or informal.

⸻

## Example sentences
    •	The dancer *whirled* across the stage, her skirt flying out around her.
    •	After the bad news, his mind was *whirling* with questions and worries.
    •	The strong wind made the autumn leaves *whirl* around the garden.

⸻

## Synonyms (with nuance)
    •	**Spin** — A very similar word, but ""spin"" can be slower or less intense. ""Whirl"" usually implies more speed and energy.
    •	**Twirl** — Often suggests a lighter, more graceful, or deliberate circular movement, sometimes done with the hand (e.g., *twirling* a pen or hair).
    •	**Rotate** — More formal and often used for mechanical or precise turning around an axis (e.g., a planet *rotates*, a wheel *rotates*). It can be slower and more controlled.
    •	**Swirl** — Often used for liquids, gases, or soft materials moving in an irregular, circular pattern (e.g., cream *swirling* in coffee, smoke *swirling* upwards)."
5137,banquet,"# banquet

## Meaning (easy English)

A banquet is a large, formal meal held for many people. It is usually a special event to celebrate something important, to honor a person, or to raise money for a charity. Banquets often include speeches and sometimes entertainment.

⸻

## Nuance
*   **Feels:** Grand, elegant, celebratory, and important. It's much more special and formal than a regular dinner.
*   **When used:** For big occasions like weddings, anniversaries, official state dinners, award ceremonies, or large company celebrations.
*   **Formality:** Very formal. People often dress in nice clothes for a banquet.

If you are invited to a ""banquet,"" expect a fancy setting, good food, and a structured event with a clear purpose.

⸻

## Example sentences
*   The company held a lavish **banquet** to celebrate its 100th anniversary.
*   The President hosted a **banquet** for the visiting foreign leader.
*   Tickets for the annual charity **banquet** sold out quickly.

⸻

## Synonyms (with nuance)
*   **Dinner:** A general term for an evening meal. A banquet is always a dinner, but a dinner is usually much smaller and less formal than a banquet.
*   **Feast:** A very large, rich meal, often eaten for a celebration. ""Feast"" focuses more on the abundance of food, and can be less formal or more historical than ""banquet.""
*   **Reception:** A formal social gathering, often after an event (like a wedding or conference), where guests mingle and are served food and drinks. A reception might not include a full, seated meal like a banquet.
*   **Gala:** A very formal and elaborate social event, often for charity, which usually includes entertainment and a meal. A banquet can be *part of* a gala, but ""gala"" describes the whole grand event."
5138,accommodate,"# accommodate

## Meaning (easy English)

""Accommodate"" has two main meanings:

1.  **To provide space or a place for someone or something.** This means there is enough room for them to stay, live, or be stored.
2.  **To adjust or change something to suit someone's needs, wishes, or a new situation.** This means you make things easier or possible for others, or you make necessary changes.

⸻

## Nuance

*   ""Accommodate"" is a useful and common word. It is generally neutral in formality, neither very formal nor very informal.
*   It often suggests being helpful, flexible, or practical. When you accommodate, you are making an effort to make things work for others or to deal with a new situation.
*   You might hear it when talking about hotels, travel, business (e.g., customer requests), or making plans.

⸻

## Example sentences

*   The hotel can *accommodate* up to 200 guests in its rooms.
*   We try our best to *accommodate* all special dietary requests from our customers.
*   The new office layout was designed to *accommodate* more employees and new technology.

⸻

## Synonyms (with short notes about the differences)

*   **lodge** — more specific to providing a place to stay overnight, like a hotel or temporary housing.
*   **host** — to receive and entertain guests, often implies a social role or organizing an event, not just providing space.
*   **adjust/adapt** — very similar to the second meaning of ""accommodate""; to change something to fit a new situation or need. ""Adjust"" often focuses on small changes, ""adapt"" on broader ones.
*   **cater (to)** — to provide what is needed or wanted, often food or services, and usually implies a focus on specific desires.
*   **fit/hold** — used when talking about physical space or capacity. ""This box can *hold* all your books."" ""The car can *fit* five passengers."" These are more about simple capacity, while ""accommodate"" can imply more active effort to make space."
5139,ally,"# ally

## Meaning (easy English)

An **ally** is a person, group, or country that supports another person, group, or country. They often share a common goal or work together to achieve something, especially when facing difficulties or an opponent.

It means someone who is on your side and offers help.

⸻

## Nuance
*   **Support and Partnership:** The word ""ally"" strongly suggests active support and a partnership, often in a challenging situation or against a shared problem/enemy.
*   **Context:** It is frequently used in discussions about international relations (countries being allies), politics, social movements (people being allies for a cause), or even in a general sense about someone who helps you.
*   **Formality:** It is a neutral word, not overly formal, and is widely understood. It implies a more serious bond or commitment than just ""friend"" or ""supporter"" when talking about groups or countries.
*   It emphasizes loyalty and a shared purpose.

⸻

## Example sentences
*   During the war, several nations became **allies** to fight the common enemy.
*   She is a strong **ally** for environmental protection and always speaks up for nature.
*   Having a good **ally** at work can make difficult projects much easier to complete.

⸻

## Synonyms (with nuance)
*   **supporter** — Someone who agrees with or helps a person, group, or idea. ""Supporter"" can be more passive (e.g., a fan of a sports team) and less about a formal or active partnership than ""ally.""
*   **partner** — Someone who works with another person or group, often in business, a project, or a relationship. ""Partner"" usually focuses more on collaboration and working together towards a shared outcome, rather than specifically offering support in a struggle.
*   **friend** — A person you like and know well, often sharing personal feelings. ""Friend"" is much more personal and focuses on affection and a social bond, rather than a shared cause or an agreement to provide support."
5140,neighboring,"# neighboring

## Meaning (easy English)

""Neighboring"" describes something that is located next to or very close to another thing. It means they are near each other, often sharing a border or being in the same immediate area.

⸻

## Nuance
*   **How it feels:** It's a neutral, descriptive word. It simply states a fact about location.
*   **When it's used:** It's commonly used to talk about places like countries, cities, towns, houses, or rooms that are situated next to each other. You can also use it for groups or communities that are close to each other.
*   **Formality:** It's a standard everyday word, neither very formal nor informal.
*   **Key idea:** It highlights that two things are in close proximity, often side-by-side or sharing a boundary.

⸻

## Example sentences
*   The **neighboring** country has a similar culture and language to ours.
*   Our apartment building has a small park in the **neighboring** lot.
*   The students from the **neighboring** school often come to our library to study.

⸻

## Synonyms (with short notes about the differences)
*   **Adjacent:** (More formal) Means *directly next to* something, often sharing a common border or wall.
    *   *Example:* The two **adjacent** rooms were connected by a door.
*   **Nearby:** (More general) Means *not far away*. ""Neighboring"" suggests a closer, often immediate, proximity than ""nearby.""
    *   *Example:* There's a good cafe **nearby**, but the **neighboring** cafe is even closer.
*   **Adjoining:** (Often for buildings/rooms) Means *connected to* or *sharing a wall with* something else.
    *   *Example:* The **adjoining** hotel rooms had a connecting door.
*   **Contiguous:** (More formal, often for land) Means *touching* or *sharing a common boundary* without any space in between.
    *   *Example:* The two states are **contiguous**, sharing a long border."
5141,preservation,"# preservation

## Meaning (easy English)

**Preservation** is the act of keeping something safe from being damaged, destroyed, or lost. It means taking steps to keep something in its original or good condition for a long time. This can apply to physical things like food or buildings, natural environments like forests, or even ideas and traditions.

⸻

## Nuance
*   **Careful Effort:** The word suggests a careful and active effort to protect something that is considered valuable or important.
*   **Long-Term Goal:** It often implies a goal of keeping something safe for the future, not just for a short time.
*   **Common Uses:**
    *   **Nature:** Protecting animals, plants, and wild places (e.g., wildlife preservation, nature preservation).
    *   **History/Culture:** Saving old buildings, art, historical documents, or traditions (e.g., historic preservation, cultural preservation).
    *   **Food:** Keeping food from spoiling so it can be eaten later (e.g., food preservation methods).
*   **Formality:** ""Preservation"" is a standard, rather formal word. It is often used in official documents, academic discussions, news about conservation, or when discussing serious efforts to protect something.

⸻

## Example sentences
*   The **preservation** of the rainforest is crucial for our planet's health.
*   The museum is dedicated to the **preservation** of ancient artifacts and historical records.
*   My grandmother taught me traditional methods for the **preservation** of fruits and vegetables, like making jams.

⸻

## Synonyms (with short notes about the differences)
*   **conservation** — Very similar, especially for natural environments and resources. ""Conservation"" can sometimes include using resources in a careful, sustainable way, not just protecting them from all use.
*   **protection** — A more general term for keeping something safe from harm. ""Preservation"" often implies a more active, specific, and long-term effort to keep something in its original state or condition.
*   **maintenance** — Focuses on keeping something in good working order through regular care and repairs. It's less about preventing decay or loss over a very long time, and more about daily or routine upkeep.
*   **safekeeping** — The act of keeping something safe, often temporarily or for someone else. It doesn't always imply the same deep effort to keep something in its exact original condition.
*   **restoration** — The act of returning something damaged to its original condition. ""Preservation"" tries to *prevent* damage from happening, while ""restoration"" fixes it *after* it has already happened."
5142,applaud,"# applaud

## Meaning (easy English)

To applaud means to show approval or praise, usually by clapping your hands together repeatedly. People applaud after a good performance, a successful speech, or to show support for someone's efforts. It can also mean to strongly approve of an idea or action, even without clapping.

⸻

## Nuance
*   **Feeling:** The word ""applaud"" carries a very positive feeling. It suggests strong approval, admiration, or support.
*   **Usage:** You most often hear ""applaud"" in contexts like a concert, a play, a speech, or a public event where an audience shows appreciation. It can also be used to show approval for an idea or action (e.g., ""We applaud their courage"").
*   **Formality:** While the action of clapping is common and informal, the verb ""applaud"" itself can sound slightly more formal or official than simply ""clap."" However, it's widely understood and used in many situations.
*   It often implies a public and collective expression of approval.

⸻

## Example sentences
*   The audience **applauded** for several minutes after the beautiful opera.
*   We should **applaud** the students' dedication to their volunteer project.
*   The critics **applauded** the director's bold new vision for the play.

⸻

## Synonyms (with short notes about the differences)
*   **clap** — This is the most common and direct synonym for the physical action. ""Clap"" is generally more informal and focuses only on the hand action.
*   **cheer** — To ""cheer"" means to shout words of encouragement or approval. It often happens at the same time as clapping but involves vocal expression and usually more excitement.
*   **praise** — This is a more general word for expressing approval or admiration for someone or something. It can be spoken, written, or even thought, and doesn't necessarily involve a physical action like clapping.
*   **commend** — More formal than ""praise."" To ""commend"" someone is to officially or formally praise them, often for a specific achievement, effort, or quality."
5143,voluntary,"# voluntary

## Meaning (easy English)

If something is **voluntary**, it means you do it because you *choose* to, not because someone *forces* you. It often also means you do it *without being paid*, especially when talking about work or service.

## Nuance
*   It feels positive, showing personal initiative, a willingness to help, or the freedom to make a decision.
*   It's used when people act freely, often for good causes (like helping others or the community), or when participation in an activity is not mandatory.
*   It's a common word, not overly formal or informal, and is used in many everyday situations.

## Example sentences
*   She does **voluntary** work at the local animal shelter every Saturday.
*   Taking part in the extra study session is completely **voluntary**; you don't have to if you don't want to.
*   The company asked for **voluntary** contributions from employees to help fund the new social event.

## Synonyms (with short notes about the differences)
*   **Optional** — Means you have a choice to do it or not. *Voluntary* often adds the idea of doing something willingly, sometimes without payment, while *optional* just means it's available as a choice.
*   **Unpaid** — Specifically means no money is received for the work or service. *Voluntary* describes the *choice* to do that unpaid work.
*   **By choice** — A phrase meaning you decide to do something yourself, not because you have to. *Voluntary* is the adjective that describes something done in this way."
5144,participation,"# participation

## Meaning (easy English)

**Participation** is the act of taking part in an activity or event. It means you are actively involved and doing something, not just watching or observing.

For example, if you answer questions in class, that's your participation. If you play in a sports game, you are showing participation.

⸻

## Nuance
*   **Active Involvement:** It strongly suggests doing things, speaking, or contributing, rather than just being present.
*   **Generally Positive:** Usually, participation is seen as a good thing, showing interest, effort, and engagement.
*   **Context-Dependent:** Used in many areas like education (""student participation""), work (""employee participation""), sports, community activities, and discussions.
*   **Neutral to Moderately Formal:** It's a common word, not overly casual, but not highly academic either. It fits well in professional and educational settings.

⸻

## Example sentences
*   Active **participation** in class discussions helps students learn more effectively.
*   The organizers encouraged everyone's **participation** in the charity run.
*   Her enthusiastic **participation** in the team project made a big difference to its success.

⸻

## Synonyms (with short notes about the differences)
*   **Involvement** — This means being connected to something, but it doesn't always imply active doing. You can be *involved* in a project by just knowing about it, but *participation* means you are doing tasks.
*   **Engagement** — This suggests a deeper level of interest, attention, and emotional/intellectual connection. You can participate without being deeply engaged, but engagement usually leads to participation.
*   **Contribution** — This refers to the specific thing you give or add (ideas, effort, money). Participation is the act of being there and doing, which often includes making contributions.
*   **Attendance** — This simply means being present at an event or meeting. You can attend without actively participating."
5145,needy,"# needy

## Meaning (easy English)

Someone who is **needy** needs a lot of attention, affection, or emotional support from other people. They often want constant reassurance or company and can find it difficult to be independent.

This word is usually used to describe someone in a slightly negative way, suggesting that their need for attention is too much or makes others feel tired or burdened.

⸻

## Nuance
    •	**How it feels:** Often carries a negative feeling, suggesting someone is demanding, emotionally dependent, or even annoying because they constantly seek attention or reassurance. It can make others feel uncomfortable or burdened.
    •	**When it is used:** Most often used in personal relationships (like friendships, romantic relationships, or family) to describe someone who requires a lot of emotional input or time. It is less common to use it for basic physical needs.
    •	**Formality:** It is an informal word, commonly used in everyday conversation.

If you hear someone called ""needy,"" it usually means they are perceived as asking for too much emotional support or attention from others.

⸻

## Example sentences
    •	My little brother can be very needy; he always wants me to play with him and gets upset if I don't.
    •	She felt her boyfriend was too needy because he called her many times a day and always wanted to know where she was.
    •	After the accident, he became very needy and relied heavily on his family for emotional comfort.

⸻

## Synonyms (with short notes about the differences)
    •	**Clingy:** This is very similar to ""needy."" It often describes someone who wants to stay physically or emotionally very close to another person and dislikes being separated. ""Clingy"" often focuses more on the *behavior* of sticking close.
    •	**Demanding:** Someone who is ""demanding"" often makes a lot of requests or asks for things in a forceful way. While a needy person might be demanding, ""demanding"" focuses on the *actions* of asking, not just the *feeling* of needing.
    •	**Dependent:** This means relying on someone else for support. While a needy person is often dependent, ""dependent"" can be more neutral (e.g., financially dependent). ""Needy"" usually implies an *emotional* or *excessive* dependence.
    •	**High-maintenance:** This describes a person (or thing) who requires a lot of effort, attention, or resources to keep happy or satisfied. It's similar to ""needy"" but can also refer to other kinds of needs, not just emotional ones."
5146,database,"# database

## Meaning (easy English)

A database is an organized collection of information, usually stored on a computer. It's designed in a way that allows you to easily store, manage, find, and update specific pieces of data very quickly.

Think of it like a very smart, digital filing system for information, such as names, addresses, numbers, facts, or even pictures.

⸻

## Nuance
    •	Sounds technical and organized.
    •	Often used in business, science, technology, and any field that deals with large amounts of structured information.
    •	It implies a structured system for storing data, not just a simple list or a random collection of files.
    •	The term is common in professional and technical settings.

⸻

## Example sentences
    •	Our company uses a large **database** to keep track of all customer orders and contact details.
    •	I need to search the library **database** to find books on ancient history.
    •	The new software will help us build a more efficient **database** for our inventory.

⸻

## Synonyms (with nuance)
    •	**Spreadsheet** (e.g., an Excel file) — A spreadsheet stores data in rows and columns, and is good for calculations and simpler data sets. A database is usually much larger, more complex, and designed for managing relationships between different pieces of data and very fast, specific searches.
    •	**Archive** — A collection of old documents or data, usually stored for historical purposes and not for frequent changes or quick, active searches. A database is for actively managing and retrieving current information.
    •	**Registry** — A formal and official list or record of specific information (e.g., a car registry, birth registry). A registry is a *type* of database, but ""database"" is a much broader term for any organized collection of data."
5147,exclusively,"# exclusively

## Meaning (easy English)

""Exclusively"" means **only for one specific thing, person, or group, and nothing else.** It emphasizes that something is limited to just one option or purpose.

For example, if something is available ""exclusively to members,"" it means only members can use or have it.

⸻

## Nuance
*   ""Exclusively"" sounds very **clear and definite**. It strongly emphasizes that something is limited to just one thing, person, or purpose, and nothing else is included.
*   It's often used when you want to highlight a **special privilege**, a **specific focus**, or a **strict boundary**.
*   It's a standard word, not overly formal, and can be used in many contexts from business to daily life when you need to be precise about limitations.

⸻

## Example sentences
*   This VIP lounge is **exclusively** for first-class passengers.
*   Our store sells products made **exclusively** from recycled materials.
*   After graduating, she decided to work **exclusively** as a freelance writer.

⸻

## Synonyms (with short notes about the differences)
*   **Only** – A very common, simpler word. ""Exclusively"" often carries more emphasis and a stronger sense of deliberate restriction or privilege.
*   **Solely** – Very similar in meaning and often interchangeable. ""Solely"" can sometimes put a bit more focus on the idea of being the *single* reason or the *only* one involved.
*   **Purely** – Implies that something is *nothing but* that, or done *for no other reason* than that. It often describes the nature or motive (e.g., ""purely for fun""), whereas ""exclusively"" often describes who or what it's *for* or *limited to*.
*   **Just** – A more informal way to say ""only."" It doesn't carry the same strong emphasis on restriction or special access as ""exclusively."""
5148,authorize,"# authorize

## Meaning (easy English)

To **authorize** means to give official permission or power to someone to do something, or to allow something to happen. When you authorize something, you are giving it your formal approval and the right to proceed.

It usually comes from someone or an organization that has the power or right to give such permission.

⸻

## Nuance
*   **Formal and Official:** ""Authorize"" sounds very official and is usually used in professional, legal, or administrative situations. It's not a word you'd typically use in casual conversation.
*   **Power and Authority:** The person or group who authorizes something always has the necessary power or authority to do so. This implies a clear chain of command or legal standing.
*   **Specific Permission:** It often relates to giving permission for specific actions, projects, purchases, or access to something.

If you hear ""authorize,"" imagine a decision being made by someone in charge, allowing something to go forward officially.

⸻

## Example sentences
*   The manager needs to **authorize** all large purchases before they can be made.
*   The government has decided to **authorize** the construction of a new hospital in the area.
*   My login details **authorize** me to access confidential files on the company network.

⸻

## Synonyms (with nuance)
*   **Permit** — To officially allow someone to do something. *Slightly less formal than ""authorize"" and can be used in a wider range of situations, though still often official.*
*   **Allow** — To let something happen or let someone do something. *This is the most general and least formal of these words. It doesn't always imply official power or a formal decision.*
*   **Approve** — To officially agree to a plan, request, or idea. *Focuses more on agreeing that something is good or acceptable, often after a review. ""Authorize"" is about giving the power to act based on that approval.*
*   **Grant** — To give something formally, often in response to a request. *Often used for giving rights, licenses, or specific permissions, implying a formal award or concession.*"
5149,banish,"# banish

## Meaning (easy English)

To **banish** means to send someone away from a place, often as a punishment. It means to force them to leave and not allow them to return.

You can also **banish** a feeling, thought, or something unwanted from your mind or life. In this case, it means to get rid of it completely and forcefully.

⸻

## Nuance
*   **For people:** ""Banish"" sounds quite formal, strong, and often historical or dramatic. It suggests a powerful decision, like a king banishing a rebellious subject from a kingdom, or a country exiling a criminal. It implies a forced, permanent removal.
*   **For feelings/thoughts:** When you banish a feeling (like fear or doubt) or a bad habit, it means you make a strong, determined effort to completely remove it from your mind or life. It suggests a deliberate and powerful action to get rid of something negative.
*   It's less common to use ""banish"" for simple, everyday ""sending away"" of people (e.g., ""I banished my friend from the room"" sounds too strong and dramatic).

⸻

## Example sentences
*   The king decided to **banish** the traitor from the kingdom forever as punishment.
*   She tried to **banish** all negative thoughts from her mind before her big presentation.
*   Many countries are working to **banish** poverty and hunger from their societies.

⸻

## Synonyms (with short notes about the differences)
*   **Exile** — To force someone to leave their own country, usually for political reasons. It's very similar to ""banish,"" but specifically about leaving one's *home country*.
*   **Expel** — To force someone to leave a place (like a school, club, or country) or a group. It focuses on removing someone from membership or a specific institution, often because they broke rules.
*   **Get rid of** — A more general and informal way to say you remove something unwanted. ""Banish"" is stronger and suggests a more forceful or definitive removal, especially for abstract things.
*   **Dismiss** — To send someone away or to stop thinking about something. When dismissing a thought, it means you choose not to consider it, often quickly. ""Banish"" implies a more thorough and forceful removal of the thought or feeling."
5150,involvement,"# involvement

## Meaning (easy English)

**Involvement** means the act of taking part in something, or the state of being connected to something. It describes how much someone is participating in an activity, a project, or a situation.

It can also refer to being included in or affected by a particular event or problem.

⸻

## Nuance
*   **Neutral to Positive**: Often used in a neutral way to simply state a fact (e.g., ""his involvement in the project""). It can also be positive, suggesting active participation and care (e.g., ""community involvement"").
*   **Sometimes Negative**: Can be used in a negative context when someone is connected to a problem, crime, or difficult situation (e.g., ""involvement in a scandal"").
*   **Formality**: Generally neutral in formality. It is suitable for both everyday conversations and more formal discussions.
*   **Degree**: You can talk about the *level* of involvement (e.g., ""deep involvement,"" ""limited involvement"").

⸻

## Example sentences
*   Parental **involvement** in a child's education is very important for their success.
*   The police are investigating his **involvement** in the accident that happened last night.
*   Her deep **involvement** in charity work shows how much she cares about helping others.

⸻

## Synonyms (with short notes about the differences)
*   **Participation** — Very similar; it means the act of taking part in an activity. ""Involvement"" can also mean simply being connected, while ""participation"" usually implies actively *doing* something.
*   **Engagement** — Often suggests a deeper, more active, and often emotional connection to something. It implies interest, dedication, and sometimes a passion for the activity or topic.
*   **Connection** — A more general word meaning a link or relationship between two or more things or people. ""Involvement"" implies a more active or significant connection, often with consequences or responsibilities.
*   **Commitment** — Focuses on dedication and willingness to give time and energy to something. ""Involvement"" can happen without a deep commitment, for example, if someone is accidentally involved in a situation."
5151,blast,"# blast

## Meaning (easy English)

""Blast"" has several common meanings:

1.  **As a noun:**
    *   A **sudden, powerful explosion**, often causing damage.
    *   A **strong, sudden rush of air or sound**.
    *   Informally, ""a blast"" means **a very fun and exciting experience**.
2.  **As a verb:**
    *   To ""blast"" means **to explode or cause something to explode**.
    *   It can also mean **to make a very loud noise**, especially music.
    *   Informally, to ""blast"" someone or something means **to criticize them very strongly**.

⸻

## Nuance
*   **Powerful & Sudden:** When talking about an explosion, a strong gust of wind, or a loud sound, ""blast"" suggests something sudden, powerful, and sometimes surprising or even destructive.
*   **Informal & Positive:** When you say you ""had a blast,"" it's very informal and expresses great enjoyment and excitement. It's often used in casual conversation.
*   **Informal & Negative:** When someone ""blasts"" something (as a verb), it means they criticize it very strongly, often publicly and aggressively. This use is also informal.

⸻

## Example sentences
*   There was a sudden loud **blast** from the construction site that shook our windows.
*   We went to the amusement park for my birthday and had a **blast** on all the roller coasters.
*   Please don't **blast** your music so loud; the neighbors are trying to sleep.

⸻

## Synonyms (with short notes about the differences)
*   **explosion (noun):** A more general word for something bursting with force. ""Blast"" often suggests a very sudden and powerful explosion that might create a shockwave.
*   **great time (noun):** A more common and slightly less enthusiastic way to say you enjoyed yourself. ""A blast"" means you had *extreme* fun.
*   **blare (verb):** Often used for loud, unpleasant sounds like horns or very loud music. ""Blast"" can also be used for music, but ""blare"" often emphasizes the harshness or annoyance.
*   **criticize (verb):** A general word for finding fault. To ""blast"" someone means to criticize them *very strongly*, often angrily and publicly."
5152,outskirt,"# outskirt

## Meaning (easy English)

The **outskirts** (always used in plural) are the parts of a town or city that are farthest from its center. They are the areas on the very edge of the city, often where the city meets the countryside or another town.

You might find houses, industrial areas, or undeveloped land on the outskirts.

⸻

## Nuance
*   **Always plural:** You almost always use ""the outskirts"" (e.g., ""on the outskirts,"" ""from the outskirts""). Using ""an outskirt"" or ""one outskirt"" sounds very unnatural.
*   **Location:** It describes a geographical location, specifically the edge of an urban area.
*   **Feeling:** Often suggests a quieter, less busy area compared to the city center. It can also imply a place that is less developed or has more space.
*   **Formality:** It's a neutral word, commonly used in everyday conversation and writing.

⸻

## Example sentences
*   They decided to buy a house on the **outskirts** of the city because it was more affordable and had a bigger garden.
*   The new factory is being built on the **outskirts** of town, close to the main highway.
*   It takes me about 30 minutes to drive from my apartment on the **outskirts** to the city center.

⸻

## Synonyms (with short notes about the differences)
*   **suburbs** — These are usually residential areas that are *just outside* the main city, often with their own shops, schools, and services. They are still quite developed and part of the larger urban area. ""Outskirts"" can be less developed, more industrial, or simply the very edge before open land.
*   **edge** (of a city/town) — A more general word for the boundary line or outer part of anything. ""Outskirts"" specifically refers to the *area* on the edge of a town or city, not just the line itself.
*   **fringe** (of a city/town) — Very similar to ""outskirts,"" meaning the outer part. ""Outskirts"" is more common when talking specifically about the outer parts of a town or city as a geographical area. ""Fringe"" can also refer to a less central or less important part of something."
5153,accidentally,"# accidentally

## Meaning (easy English)

""Accidentally"" is an adverb that means something happened by chance, without you planning it, or without you meaning to do it. It describes an action that was not intentional. Often, it suggests a small mistake or something unexpected.

⸻

## Nuance
*   **How it feels:** The word often suggests a lack of bad intention. It means you didn't want something to happen, or you didn't plan it. It can be used for small mistakes, surprising discoveries, or unintended consequences.
*   **When it is used:** You use ""accidentally"" to explain actions that were not deliberate. For example, if you drop something, say the wrong name, or find something without looking for it.
*   **Formality:** It is a common word used in everyday conversation and writing. It is neither very formal nor very informal.

⸻

## Example sentences
*   I accidentally left my phone at home this morning, so I had to go back and get it.
*   She accidentally pressed the wrong button and deleted all her photos.
*   He accidentally discovered a new species of insect while hiking in the forest.

⸻

## Synonyms (with short notes about the differences)
*   **unintentionally** — Very similar to ""accidentally."" It emphasizes that there was no intention to do something. Sometimes sounds a little more formal.
*   **by mistake** — This phrase is very close in meaning and often interchangeable with ""accidentally."" It specifically highlights that an error was made.
*   **inadvertently** — More formal than ""accidentally."" It means without noticing or without intention, often implying a lack of care or attention.
*   **by chance** — This phrase means something happened due to luck or coincidence, not necessarily a mistake. For example, ""I met my old friend by chance."" (Less about an error, more about an unexpected event)."
5154,bleach,"# bleach

## Meaning (easy English)

**Bleach** can be a **liquid chemical** or the **action** of using it.

1.  **As a noun:** Bleach is a strong chemical liquid used mainly for cleaning things, making clothes whiter, or removing colors. It kills germs and can have a strong smell.
2.  **As a verb:** To bleach something means to use this chemical to make it whiter, lighter, or to take away its color. It can also mean for something to lose its color naturally, often from the sun.

⸻

## Nuance
*   **Strong and Effective:** Bleach is known for being very powerful. It's great for making things spotless and bright white.
*   **Caution:** Because it's strong, it needs to be used carefully. It can damage colored fabrics, skin, or hair if not used correctly. It also has a distinct, strong smell.
*   **Usage:** Commonly used in laundry for white clothes, for cleaning bathrooms and kitchens (to kill germs), and sometimes in beauty products to lighten hair.
*   **Formality:** It's a neutral, everyday word. You'll hear it in homes, cleaning contexts, and product descriptions.

⸻

## Example sentences
*   Remember to wear gloves when you use **bleach** to clean the bathroom.
*   I need to **bleach** these old white towels to make them look bright and new again.
*   The sun had **bleached** the wooden fence, turning its dark color much lighter over the years.

⸻

## Synonyms (with short notes about the differences)
*   **Whiten** (verb) — To make something white or whiter. Bleach is a common *way* to whiten, but ""whiten"" doesn't specify the method.
*   **Lighten** (verb) — To make something less dark in color. ""Lighten"" is a broader term; you can lighten a picture, a mood, or hair. Bleach is a specific chemical that lightens, often to white.
*   **Disinfect** (verb) — To clean something thoroughly to kill germs. Bleach is a powerful disinfectant, but its main purpose can also be whitening or removing color.
*   **Fade** (verb) — To gradually lose color or intensity over time. This often happens naturally (e.g., sun fading clothes). ""Bleach"" usually refers to an intentional and faster chemical process, though ""sun-bleached"" combines both ideas."
5155,colored,"# colored

## Meaning (easy English)

1.  **General meaning (for objects/things):** Something that has a color, not just black, white, or grey.
    *   *Example:* ""She used **colored** paper for her art project.""

2.  **Historical and Offensive meaning (for people):** In the past, this word was used to describe people who were not white, especially Black people. This use is now considered very offensive and should be avoided.
    *   *Example:* ""The term '**colored**' was used during segregation in the United States.""

⸻

## Nuance

*   **When describing objects or things:** ""Colored"" is a neutral adjective. For example, ""colored pencils"" simply means pencils that are not plain lead or black. It's perfectly fine to use in this context.

*   **When describing people:** This is where the word is highly problematic.
    *   It was widely used, especially in the United States during the era of segregation, to refer to Black people or other non-white racial groups.
    *   Today, using ""colored"" to describe people is considered outdated, deeply offensive, and often racist. It carries a strong history of discrimination, inequality, and racial prejudice.
    *   It implies a negative or ""othering"" distinction based on race.
    *   **You should always avoid using ""colored"" to refer to people.**

⸻

## Example sentences

*   The shop sells a wide range of **colored** fabrics for sewing. (Neutral, physical meaning)
*   My little brother loves to draw with brightly **colored** markers. (Neutral, physical meaning)
*   In the past, the term ""**colored**"" was used to describe Black people in America, but it is now considered deeply offensive and should not be used. (Explaining the problematic historical usage)

⸻

## Synonyms (with nuance)

*   **For objects/things (neutral meaning):**
    *   **Colorful:** (adjective) Means having many bright colors, or being vivid. ""The festival was full of *colorful* costumes."" (Often implies more than one color, or very intense.)
    *   **Tinted:** (adjective) Means having a slight amount of color, often added to change a shade. ""She wears *tinted* glasses to reduce glare.""
    *   **Vibrant:** (adjective) Means very bright and strong in color. ""The painting featured *vibrant* reds and blues.""

*   **Regarding people (important distinction):**
    *   **People of color:** (noun phrase) This is the modern, respectful term used to collectively refer to individuals who are not white. **This is NOT the same as ""colored people""**; the phrase structure and its connotation are completely different and acceptable. ""The university is committed to supporting *people of color* in academia.""
    *   **Black/African American:** (adjectives/nouns) These are specific and respectful terms for particular racial groups. These are preferred over ""colored"" when referring to these groups."
5156,comical,"# comical

## Meaning (easy English)

Something that is **comical** is funny or amusing in a way that makes you smile or laugh. It often describes a situation, a person's actions, or an appearance that is a bit silly, unexpected, or absurd.

⸻

## Nuance
*   **How it feels:** Light-hearted and amusing. It often evokes a chuckle or a smile rather than a huge, roaring laugh.
*   **When it is used:** You use ""comical"" to describe things that are funny to observe, often because they are a little clumsy, odd, or out of place. It can be for intentional humor (like a clown) or unintentional humor (like a silly mistake).
*   **Formality:** It's a common word, generally informal to semi-formal. You can use it in everyday conversation.

⸻

## Example sentences
*   The little puppy's attempt to chase its own tail was quite **comical**.
*   He made a **comical** face when he realized he had put on two different socks.
*   The old film had many **comical** scenes that made the audience laugh out loud.

⸻

## Synonyms (with short notes about the differences)
*   **Funny:** This is the most general word for something that makes you laugh. ""Comical"" often describes a *specific type* of funny, often visual, slightly absurd, or unintentionally amusing.
*   **Amusing:** Makes you smile or find something pleasant and entertaining. ""Comical"" often suggests a stronger, more obvious cause for laughter than ""amusing.""
*   **Hilarious:** Means extremely funny, causing loud laughter. ""Comical"" is usually a milder kind of humor.
*   **Ridiculous:** So silly or unreasonable that it makes you laugh, sometimes with a feeling of slight disbelief or disapproval. ""Comical"" is usually just funny, without the negative hint."
5157,boost,"# boost

## Meaning (easy English)

To **boost** means to help something increase, improve, or become stronger.
It often suggests giving a helpful push or making something better quickly.

You can also use ""boost"" to mean lifting something or someone up physically, often with a little help.

⸻

## Nuance
*   **Feeling:** Positive, active, and helpful. It suggests a positive change or an extra effort that makes a good difference.
*   **Usage:** Very common in everyday English. It can be used for many situations: improving numbers (like sales or scores), increasing energy, making someone feel more confident, or even physically lifting something a little.
*   **Formality:** Generally informal to neutral. It's a practical, widely used word.

⸻

## Example sentences
*   The new advertisement really helped to **boost** our online sales.
*   Winning the first game will definitely **boost** the team's confidence for the rest of the season.
*   Eating a healthy snack can **boost** your energy levels in the afternoon.

⸻

## Synonyms (with short notes about the differences)
*   **increase** (verb) — To make something larger in amount, number, or degree. *'Increase' is more general; 'boost' often implies a positive, helpful push to make something increase, or a quick, significant rise.*
*   **improve** (verb) — To make or become better. *'Improve' focuses on making something better in quality; 'boost' often means to make it better by increasing its quantity, strength, or level.*
*   **raise** (verb) — To lift something to a higher position, or to increase an amount. *'Raise' can be more about a simple upward movement or a direct increase; 'boost' often suggests providing help or energy to achieve that rise.*
*   **encourage** (verb) — To give support, confidence, or hope to someone. *When you 'boost' someone's confidence, you are 'encouraging' them, but 'boost' specifically means to raise their confidence level or morale.*"
5158,familiarity,"# familiarity

## Meaning (easy English)

**Familiarity** means knowing something or someone very well. It's the feeling or state of being comfortable and having good knowledge of something because you have experienced it often or for a long time.

It can also describe a close, informal relationship between people.

⸻

## Nuance
*   **Comfort and understanding:** Often, ""familiarity"" suggests comfort and ease that comes from knowing something or someone well. For example, ""familiarity with a city"" means you know your way around and feel comfortable there.
*   **Can be slightly negative:** Sometimes, ""familiarity"" can mean being too informal or disrespectful in a situation where you should be more formal. This is often called ""over-familiarity."" For example, if someone acts ""with too much familiarity"" towards a new boss, it means they are being inappropriately casual.
*   **General usage:** It's a common word and can be used in many situations, from talking about skills to relationships. It is generally neutral in formality unless used in the ""over-familiarity"" sense.

⸻

## Example sentences
*   My **familiarity** with the software allowed me to finish the project much faster.
*   After living in the city for many years, she had a deep **familiarity** with all the hidden streets and local shops.
*   Their long **familiarity** made them feel very comfortable discussing personal problems with each other.

⸻

## Synonyms (with short notes about the differences)
*   **Acquaintance:** Knowing someone or something slightly, not very deeply. (Less deep knowledge or connection)
*   **Knowledge:** Having facts or information about something. (More about information, less about practical experience or comfort)
*   **Understanding:** Grasping the meaning or nature of something. (Similar to knowledge, but familiarity often adds comfort from repeated use or exposure)
*   **Intimacy:** A very close, often personal and emotional connection, especially between people. (Much deeper and more personal, often emotional)
*   **Expertise:** A very high level of skill or knowledge gained through extensive training and experience. (A much higher level of skill and specialized knowledge)"
5159,characterize,"# characterize

## Meaning (easy English)

To **characterize** means to describe the main qualities or features of someone or something. It helps to explain what makes that person or thing typical or special.

It can also mean that a certain quality *is* a typical feature of something.

⸻

## Nuance
*   **How it feels:** This word is used when you want to highlight the most important or typical aspects of something. It's a thoughtful way to summarize or explain.
*   **When it is used:**
    *   When you want to explain what makes a person, place, period, or style unique.
    *   It's often used in academic papers, reports, or when discussing ideas more deeply.
    *   You might use it to describe a trend, a company's approach, or an artist's style.
*   **Formality:** It is moderately formal. It's more formal than ""describe"" but not overly academic. You can use it in professional settings or when writing analytical texts.

⸻

## Example sentences
*   The city is **characterized by** its lively street art and delicious food.
*   She **characterized** the new policy as a positive step for the community.
*   A strong focus on customer satisfaction **characterizes** their successful business model.

⸻

## Synonyms (with short notes about the differences)
*   **describe** — (most general) Simply tells what something is like. ""Characterize"" often points out the *main* or *most important* features, often to explain its nature.
*   **define** — (more precise, formal) Gives the exact meaning or nature of something, often with clear boundaries. ""Characterize"" explains what something is *like* by highlighting its qualities, rather than giving a strict definition.
*   **distinguish** — (focus on difference) To show what makes one thing different from others. ""Characterize"" describes the features themselves, which might *then* help to distinguish it.
*   **mark** — (similar to 'be characterized by') Often used passively to mean ""to be a typical feature of."" For example, ""The period was **marked by** rapid technological change."" It's slightly less formal and more focused on the presence of a feature."
5160,peculiarly,"# peculiarly

## Meaning (easy English)

""Peculiarly"" describes something that happens or is done in a way that is strange, unusual, or very specific and unique. It means something is different from what you expect or from what is normal.

It can also mean ""especially"" or ""particularly"" when you want to emphasize a very specific or unique quality.

⸻

## Nuance
*   ""Peculiarly"" highlights something that stands out because it's different from the usual.
*   It suggests a quality, action, or state that is not typical or common, often causing mild surprise or curiosity.
*   It's not usually negative, but simply points out an unusual or unique characteristic.
*   It is a slightly more formal word than ""strangely"" or ""oddly,"" and often used in written English or more considered speech.

⸻

## Example sentences
*   The old house was **peculiarly** quiet, even for a Saturday afternoon.
*   She has a **peculiarly** sharp sense of humor that not everyone understands.
*   He looked at me **peculiarly**, as if he knew something I didn't.

⸻

## Synonyms (with short notes about the differences)
*   **Strangely** — More common and informal; often implies a stronger sense of surprise or oddness.
*   **Unusually** — Means 'more than is normal or expected'; often about degree or frequency, rather than a unique *kind* of difference.
*   **Oddly** — Suggests something is strange or out of place, sometimes in a slightly amusing or perplexing way.
*   **Distinctively** — Focuses on a unique quality that makes something stand out and easily recognizable, often without the idea of being strange."
5161,cite,"# cite

## Meaning (easy English)

To **cite** means to mention or refer to someone or something as a source of information or an example. You do this to show where your information comes from, or to support an idea or argument.

It's like saying, ""I got this information from here,"" or ""Here's an example that proves my point.""

⸻

## Nuance
*   **Sounds professional and academic.** It's very common in essays, research papers, and formal discussions.
*   Often used when you need to show that your information is reliable or that you are giving credit to the original author.
*   Can also be used in a legal context, like when a lawyer mentions a previous case to support their argument, or when a police officer gives someone a ""citation"" (a ticket) for breaking a rule. (The ticket meaning is less common for learners, but it's related to ""mentioning a rule broken."")
*   Generally **formal or semi-formal**. You wouldn't usually ""cite"" something in very casual conversation, but you might in a serious discussion.

⸻

## Example sentences
*   When you write an essay, it's important to **cite** all the books and articles you used.
*   The scientist **cited** previous research to explain her theory about climate change.
*   She **cited** his hard work and dedication as reasons for his promotion.

⸻

## Synonyms (with short notes about the differences)
*   **Quote** — To repeat the exact words someone else said or wrote.
    *   *Difference:* You can **cite** a source by summarizing or paraphrasing it, not just by using exact words. To **quote** means to use the exact words.
*   **Refer to** — To mention something or direct attention to it.
    *   *Difference:* ""Refer to"" is more general. ""Cite"" specifically means using something as evidence, a source, or an example to support a point.
*   **Mention** — To speak or write about something briefly.
    *   *Difference:* ""Mention"" is often less formal and doesn't always imply using something as proof or a source, unlike ""cite.""
*   **Reference** (verb) — To provide a list of sources at the end of a document, or to mention something.
    *   *Difference:* ""To reference"" often means creating a list of sources (a ""reference list""). ""To cite"" is the act of pointing to that specific source *within* your text."
5162,indication,"# indication

## Meaning (easy English)

An **indication** is a sign or a piece of information that suggests something is true, exists, or is likely to happen. It points to something without being a definite proof.

It helps you understand a situation or predict an outcome, often by observing facts or clues.

⸻

## Nuance
*   Sounds neutral and objective. It focuses on evidence or observable facts.
*   It's used when there's a sign or piece of information that points to something, but it's not always a definite confirmation or 100% certain.
*   Often used in news, reports, scientific or medical contexts, or when discussing trends and possibilities.
*   It's a moderately formal word, useful in both everyday conversation and more official contexts.

⸻

## Example sentences
*   The dark clouds in the sky are a clear **indication** of rain coming soon.
*   A sudden drop in temperature can be an **indication** that winter is approaching.
*   The doctor said that a high fever is often an **indication** of an infection in the body.

⸻

## Synonyms (with short notes about the differences)
*   **sign** — Often interchangeable, but ""indication"" can feel slightly more formal or analytical, focusing on evidence. A ""sign"" can be more immediate or obvious.
*   **hint** — A very slight or indirect suggestion. An ""indication"" can be more concrete or based on observable facts.
*   **clue** — A piece of evidence that helps solve a problem or mystery. A ""clue"" is a specific type of ""indication"" used for investigation.
*   **symptom** — (Medical context) A change in the body or mind that shows a disease or condition is present. ""Symptom"" is a specific kind of medical ""indication.""
*   **signal** — A direct message or action designed to communicate something. An ""indication"" is often observed, not necessarily sent on purpose."
5163,intimate,"# intimate

## Meaning (easy English)

""Intimate"" is mostly used as an adjective and has a few main meanings:

1.  **Very close and personal:** This describes a deep emotional connection between people, often involving strong trust and sharing private thoughts and feelings. It can refer to romantic relationships or very close friendships.
    *   *Example:* They developed an **intimate** bond over the years.
2.  **Private and personal:** This refers to details, thoughts, or parts of your life that you usually keep secret and share only with very trusted people.
    *   *Example:* She shared some **intimate** details about her childhood.
3.  **Cozy and private:** This describes a place or setting that is small, warm, and comfortable, making people feel close to each other.
    *   *Example:* The small café had an **intimate** atmosphere.

⸻

## Nuance
*   **Closeness:** ""Intimate"" suggests a very deep and special connection, much stronger than just ""close"" or ""friendly."" It often means sharing very personal things, thoughts, or feelings.
*   **Privacy:** When you hear ""intimate,"" it implies something is private, personal, and usually not for everyone to know.
*   **Atmosphere:** For places, it means small, cozy, and comfortable, making people feel relaxed and connected.
*   **Context:** While it can refer to very close friendships, ""intimate"" often suggests a romantic or physical relationship, so be mindful of the context.
*   **Tone:** The word carries a feeling of warmth, deep connection, and sometimes a sense of special privacy.

⸻

## Example sentences
*   They shared an **intimate** moment, talking openly about their fears and hopes.
*   He was careful not to reveal too many **intimate** details of his past to strangers.
*   The small jazz club offered an **intimate** setting for live music.

⸻

## Synonyms (with short notes about the differences)
*   **close** (adjective) – More general. You can be close to many people (friends, family), but ""intimate"" suggests a deeper, often more private or emotional connection.
*   **personal** (adjective) – Refers to things related to an individual, often private. ""Intimate"" adds the idea of deepness or secrecy, implying a higher level of privacy or emotional depth.
*   **private** (adjective) – Means not for public knowledge or use. ""Intimate"" often implies a *chosen* sharing of something private due to deep trust, or a *feeling* of privacy and coziness, whereas ""private"" can just mean ""not public.""
*   **confidential** (adjective) – Usually refers to information that must be kept secret, often for professional or legal reasons. It's more formal and less about emotional closeness than ""intimate.""
*   **cozy** (adjective) – Describes a comfortable, warm, and pleasant atmosphere, often in a small space. It's a good synonym for the ""intimate atmosphere"" meaning but doesn't carry the relationship or personal detail meanings."
5164,defendant,"# defendant

## Meaning (easy English)

A **defendant** is a person or group of people who has been accused of something in a court of law. They are the one who has to answer to the accusation or complaint.

This can be in a **criminal case** (where they are accused of breaking a law) or a **civil case** (where someone is suing them, for example, for money or damages).

⸻

## Nuance
*   **Formal and legal**: ""Defendant"" is a very formal word used only in legal situations, specifically within a court system. You will hear it in news reports about trials or in legal documents.
*   **Neutral**: The word itself does not mean the person is guilty. It simply describes their role in the legal process – they are the one being challenged or accused and must defend themselves.
*   **Context**: It's not a word you would typically use in everyday conversations outside of talking about a legal case.

⸻

## Example sentences
*   The **defendant** pleaded not guilty to the charges of theft.
*   The lawyer argued that the **defendant** was not responsible for the accident.
*   During the trial, the **defendant** chose to remain silent, which is their legal right.

⸻

## Synonyms (with short notes about the differences)
*   **Accused** — Very similar, especially in criminal cases. ""Accused"" focuses on the *state* of being charged with a crime, while ""defendant"" focuses on the *role* in the legal process (having to defend oneself). ""Defendant"" can also be used in civil cases, while ""accused"" is almost always about crimes.
*   **Suspect** — A person who is *thought* to have committed a crime, but has not yet been formally charged in court. A suspect becomes a defendant once formal charges are filed. ""Suspect"" is an earlier stage.
*   **Respondent** — This is a specific type of defendant, often used in certain legal proceedings like appeals, divorces, or when someone files a petition against another person. It's a more specialized legal term.
*   **Litigant** — A general term for *anyone* involved in a lawsuit, whether they are the one bringing the case (the plaintiff) or the one defending against it (the defendant). ""Litigant"" is broader."
5165,classify,"# classify

## Meaning (easy English)

To **classify** means to arrange things or people into groups or types based on their shared qualities or a system. When you classify something, you put it into a specific category because it fits certain rules or characteristics.

For example, a scientist might classify different types of plants, or a librarian might classify books by subject.

⸻

## Nuance
*   **Systematic and logical:** ""Classify"" suggests a thoughtful and organized process, often following a set of rules or a known system.
*   **Context:** It is commonly used in academic, scientific, or administrative contexts (e.g., biology, library science, data management). However, it can also be used in everyday situations when you need to sort things clearly.
*   **Formality:** It is a neutral to slightly formal word, implying a deliberate and structured action rather than a casual one.

If you hear ""classify,"" you can imagine someone carefully sorting items according to specific criteria.

⸻

## Example sentences
*   Scientists **classify** animals into different species based on their genetic makeup and physical features.
*   The new software can automatically **classify** emails as important or unimportant.
*   It's helpful to **classify** your expenses each month to understand where your money is going.

⸻

## Synonyms (with nuance)
*   **sort** — Very similar, often interchangeable. ""Sort"" can be slightly less formal or systematic (e.g., ""sort the mail""), while ""classify"" often implies a more formal or recognized system.
*   **categorize** — Almost identical; means to place into a category. ""Classify"" often suggests using an established or official system, whereas ""categorize"" can be about creating or using any kind of category.
*   **group** — More general and less formal. You can ""group"" things together without a strict system or official rules.
*   **organize** — A broader term. ""Organize"" means to arrange things in a neat, orderly, or efficient way, which might include classifying, but also just tidying up or planning."
5166,descent,"# descent

## Meaning (easy English)

""Descent"" has two main meanings:

1.  **Moving downwards:** It is the act of moving or going down from a higher place to a lower place.
    *   *Example:* The plane's **descent** towards the airport.
2.  **Family origin:** It refers to a person's family background or where their ancestors came from.
    *   *Example:* She is of Irish **descent**.

⸻

## Nuance

*   **For moving downwards:**
    *   This meaning often sounds more formal or technical than simply ""going down."" You'll hear it in contexts like aviation (a plane's descent), mountaineering (a climber's descent), or sometimes in a more serious, figurative way (e.g., ""a descent into chaos"").
    *   It can describe a planned, controlled movement or a gradual, sometimes unwanted, movement.
*   **For family origin:**
    *   This is a neutral and factual way to talk about someone's ethnic background or heritage.
    *   It focuses on the lineage, meaning the line of ancestors that a person comes from.
    *   It is often used with the word ""of,"" like ""of French descent.""

⸻

## Example sentences

*   The aircraft began its slow **descent** towards the runway, preparing to land.
*   After reaching the summit, the climbers started their long and careful **descent** down the mountain.
*   She is of Chinese **descent**, but she was born and raised in Australia.

⸻

## Synonyms (with short notes about the differences)

*   **Drop:** Usually implies a faster, less controlled, or accidental downward movement.
    *   *Example:* ""There was a sudden **drop** in temperature.""
*   **Fall:** Often suggests a sudden, uncontrolled, or accidental downward movement, sometimes with negative consequences.
    *   *Example:* ""He took a bad **fall** from the ladder.""
*   **Decline:** Refers to a decrease in amount, quality, or strength, often in an abstract sense, rather than physical movement.
    *   *Example:* ""The company saw a **decline** in sales last quarter.""
*   **Ancestry:** Very similar to ""descent"" when talking about family origin; it refers to the line of people from whom someone is descended.
    *   *Example:* ""Her **ancestry** can be traced back centuries.""
*   **Origin:** A more general word, referring to where something or someone started or came from.
    *   *Example:* ""He has French **origins**."""
5167,commence,"# commence

## Meaning (easy English)

""Commence"" means to start or begin something. It is a more formal word than ""start"" or ""begin.""

⸻

## Nuance
*   **Formality:** Very formal.
*   **Feeling:** Sounds official, serious, and often planned.
*   **When used:** You usually hear ""commence"" in official announcements, formal events, legal documents, or when talking about important procedures. You wouldn't use it for simple, everyday actions like ""I commenced my homework."" It's for more significant beginnings.

⸻

## Example sentences
*   The graduation ceremony will **commence** promptly at 2:00 PM.
*   The company plans to **commence** operations in its new factory next month.
*   Please do not **commence** the exam until you are told to do so.

⸻

## Synonyms (with nuance)
*   **start:** This is the most common and general word for beginning something. You can use it in almost any situation, formal or informal.
    *   *Example:* ""Let's **start** the meeting."" ""I **started** reading a new book.""
*   **begin:** Very similar to ""start,"" and often interchangeable. ""Begin"" can sound slightly more formal or literary than ""start,"" but it's still much less formal than ""commence.""
    *   *Example:* ""The movie **begins** at 8 PM."" ""She **began** her career as a teacher.""
*   **initiate:** This means to cause something to begin, especially an important process, plan, or action. It often implies taking the first step or leadership.
    *   *Example:* ""The government **initiated** a new program to help the unemployed."" ""He **initiated** the conversation.""
*   **launch:** To start something, often with a lot of energy, publicity, or a specific goal. It's commonly used for products, projects, or campaigns.
    *   *Example:* ""The company will **launch** a new smartphone next week."" ""They **launched** a campaign to raise money."""
5168,solemnly,"# solemnly

## Meaning (easy English)

""Solemnly"" means doing something in a very serious, formal, and often quiet way. People act ""solemnly"" when a situation is important, serious, or perhaps sad, showing that they are not joking and are taking something with deep respect.

⸻

## Nuance
*   **How it feels**: Serious, respectful, dignified, and sometimes a little sad or very formal. It suggests deep thought or that an action has great importance.
*   **When it's used**:
    *   When making important promises or declarations (e.g., ""He solemnly swore..."").
    *   During formal ceremonies like weddings, funerals, or official events.
    *   In situations that require deep respect, such as remembering a historical event or discussing a very serious problem.
    *   When someone speaks with great sincerity and seriousness.
*   **Formality**: It is quite a formal word. You would use it for significant moments, not in casual, everyday conversation. It adds weight and importance to an action or statement.

⸻

## Example sentences
*   The judge **solemnly** announced the jury's decision to the court.
*   She **solemnly** promised her friend that she would never tell anyone their secret.
*   The students stood **solemnly** as the national anthem played during the assembly.

⸻

## Synonyms (with short notes about the differences)
*   **Seriously** — This is the most common and direct synonym. It means ""not joking"" or ""with a serious attitude."" However, ""seriously"" is less formal and doesn't always imply the same deep importance, dignity, or sense of occasion as ""solemnly.""
*   **Gravely** — Very similar to ""solemnly."" It often describes someone speaking or acting with deep seriousness, often with a sense of worry or concern about something important or difficult. It can sometimes sound a bit more somber than ""solemnly.""
*   **Earnestly** — Means doing something with strong, sincere feelings and serious intention. It focuses more on the sincerity and effort behind an action. ""Solemnly"" often includes earnestness, but also adds a sense of dignity, formality, or a feeling of weightiness to the situation.
*   **Formally** — Means doing something in a proper way, following rules or traditions. ""Solemnly"" often involves acting formally, but ""formally"" on its own doesn't always carry the deep seriousness, emotional weight, or profound respect implied by ""solemnly."" (e.g., You can dress formally without acting solemnly.)"
5169,hymn,"# hymn

## Meaning (easy English)

A hymn is a religious song, usually sung to praise or worship God or a deity.
People often sing hymns in churches, temples, or other religious gatherings as part of their worship.

It is a traditional way to express faith and devotion through music.

⸻

## Nuance
*   **Feel:** Spiritual, respectful, traditional, and often brings people together in a shared act of worship.
*   **Usage:** Almost always used in a religious context. It describes a song specifically written for religious praise. While you might listen to hymns outside of a religious service (e.g., at home), the word still carries a strong religious association.
*   **Formality:** Neutral. It's the standard word for this specific type of religious song.

⸻

## Example sentences
*   The congregation sang a beautiful **hymn** during the church service.
*   My grandmother loves to listen to old gospel **hymns** on Sunday mornings.
*   We learned a new **hymn** in choir practice for the upcoming festival.

⸻

## Synonyms (with nuance)
*   **song** — This is a very general word for any piece of music with words. A hymn is a *type* of song, specifically a religious one.
*   **anthem** — A formal song, often patriotic or representing a group, country, or cause. While some anthems can be religious, they don't *have* to be. Hymns are almost always religious. Anthems often sound more grand or official.
*   **carol** — A joyful song, especially one sung at Christmas. Carols are usually religious (celebrating Christmas) but are distinct in their festive nature and specific holiday association. Hymns can be sung any time of year and aren't always joyful in the same way.
*   **psalm** — A sacred poem or song, especially from the biblical Book of Psalms. While psalms are often *sung* as hymns, ""psalm"" refers specifically to the text from the Bible, whereas ""hymn"" refers to the musical piece, which may or may not be a psalm."
5170,priceless,"# priceless

## Meaning (easy English)

""Priceless"" has two main meanings:

1.  **Extremely valuable or important:** Something that is so special or unique that you cannot put a price on it. It's worth more than any amount of money because of its emotional, historical, or artistic value.
2.  **Extremely funny or amusing:** Something that is so funny or surprising that it's unforgettable.

⸻

## Nuance
    •	**For value:** When used for value, ""priceless"" often refers to things that hold deep emotional meaning, are very rare, or are historically significant. It suggests that the item's worth comes from more than just money. It makes you feel a strong sense of appreciation or awe.
    •	**For humor:** When used for humor, it means something was incredibly funny, often because it was unexpected or perfectly timed. It makes you laugh out loud or smile broadly.
    •	**Formality:** It's a common word used in everyday conversation and writing, generally informal to semi-formal.

⸻

## Example sentences
    •	My grandfather's old watch is priceless to me because it reminds me of him.
    •	The ancient vase discovered by archaeologists is a priceless artifact.
    •	You should have seen the look on his face when he realized he was wearing his shirt inside out – it was absolutely priceless!

⸻

## Synonyms (with short notes about the differences)
    •	**Invaluable** — Very useful or valuable; often used for things that are helpful or necessary, like skills or advice. (e.g., ""Her experience was invaluable to the project."")
    •	**Irreplaceable** — So special or unique that it cannot be replaced if lost or damaged. Focuses on the impossibility of finding another. (e.g., ""The original manuscript is irreplaceable."")
    •	**Beyond price / Beyond value** — These are phrases that mean the same as ""priceless,"" emphasizing that money cannot buy it. (Often used for things with deep emotional or intrinsic worth.)
    •	**Hilarious / Hysterical** — (When ""priceless"" means very funny). These words focus purely on the comedic aspect, meaning extremely funny. (e.g., ""The comedian's jokes were hilarious."")"
5171,remembrance,"# remembrance

## Meaning (easy English)

""Remembrance"" means the act of remembering someone or something from the past. It can also mean a memory itself, especially one that is important or meaningful.

Sometimes, ""remembrance"" refers to a special event, ceremony, or even an object that helps people remember a person or event.

⸻

## Nuance
*   **Feeling:** ""Remembrance"" often has a more thoughtful, respectful, or even slightly solemn feeling than just ""memory."" It suggests a conscious effort to recall or honor.
*   **When used:**
    *   It is used when talking about the act of recalling past events or people, especially those with emotional significance.
    *   It is common when referring to ceremonies or days dedicated to honoring people (e.g., ""Remembrance Day"" for soldiers).
    *   It can also refer to an object kept to help you remember something or someone (like a souvenir or token).
*   **Formality:** It is slightly more formal and carries more weight than the simple word ""memory."" It's not overly formal, but it implies a deeper reflection.

⸻

## Example sentences
*   The family gathered for a quiet **remembrance** of their grandmother on her birthday.
*   She kept a small pressed flower as a **remembrance** of her first date.
*   On November 11th, many countries observe a day of **remembrance** for those who died in wars.

⸻

## Synonyms (with nuance)
*   **Memory:** The most common word for a thought or image from the past. ""Remembrance"" often refers to the *act* of bringing a memory to mind, or a more significant, often emotional, memory.
*   **Recollection:** A specific memory that you bring back to your mind. It can feel more vivid or detailed than a general ""memory."" ""Remembrance"" can be the act of making a recollection, or the feeling associated with it.
*   **Memento/Souvenir:** An object you keep to remind you of a person, place, or event. These are *things* of remembrance. ""Remembrance"" can also refer to such an object, but it's a broader term encompassing the act and the feeling as well.
*   **Memorial:** A structure, statue, or event designed to honor and remember a person or event, especially one that is significant or tragic. A memorial is usually a public and often permanent tribute, while ""remembrance"" can be more personal or a temporary event."
5172,compel,"# compel

## Meaning (easy English)

To **compel** means to make someone do something, often because it is necessary, because of a rule, or because someone has power over them. It can also mean that a strong feeling or situation makes you do something.

When you are compelled, you feel like you have no choice or very little choice.

⸻

## Nuance
*   ""Compel"" sounds quite strong. It means there isn't much choice for the person being compelled.
*   It can be used when someone is forced by a law, a rule, a powerful person, or even a very strong feeling or need inside themselves.
*   It's a more formal word than ""make"" or ""force,"" but you can use it in many different situations, not just very official ones.
*   It often suggests that the action is necessary or unavoidable.

⸻

## Example sentences
*   The difficult circumstances **compelled** him to leave his home country.
*   As a doctor, I felt **compelled** to help the injured person, even though I was off duty.
*   The new regulations will **compel** all companies to reduce their pollution.

⸻

## Synonyms (with nuance)
*   **force** — Very similar. ""Force"" can be more direct and physical (e.g., ""He forced me out the door""). ""Compel"" often suggests a strong influence that makes something happen, which can be less physical (like a law, a strong feeling, or a difficult situation).
*   **oblige** — To make someone do something because of a duty, a promise, or a favor. It often feels less harsh or less about direct power than ""compel."" (e.g., ""I felt obliged to invite her to the party."")
*   **require** — To make something necessary or a rule. Often used for what *must* be done according to rules, laws, or conditions. (e.g., ""The job requires you to speak French."") ""Compel"" is more about making *people* do things.
*   **pressure** — To try to persuade or influence someone strongly to do something. ""Pressure"" is often the ongoing attempt or effort, while ""compel"" is the successful act of making it happen. (e.g., ""They pressured him to sign the contract, and eventually compelled him to do it."")"
5173,genetic,"# genetic

## Meaning (easy English)

""Genetic"" describes something that is related to **genes**. Genes are the special instructions inside living things (like people, animals, and plants) that tell their bodies how to grow, look, and work. These instructions are passed down from parents to their children.

So, if something is genetic, it means it comes from or is connected to these inherited instructions.

⸻

## Nuance
*   Sounds scientific and is often used in biology, medicine, and health discussions.
*   It refers to characteristics, diseases, or information that is passed down through families from one generation to the next.
*   The word itself is quite neutral in formality, but the topics it discusses (like health or inheritance) are often serious and factual.
*   When you hear ""genetic,"" think about things that are part of your biological makeup, inherited from your parents.

⸻

## Example sentences
*   Blue eyes are a **genetic** trait that runs in my family.
*   Scientists are studying the **genetic** causes of certain diseases to find new treatments.
*   They did a **genetic** test to find out more about their ancestry and potential health risks.

⸻

## Synonyms (with nuance)
*   **inherited**: This means something is received from your parents or ancestors. It can be used for biological traits (like hair color) but also for non-biological things (like money or property). ""Genetic"" specifically means it's coded in your genes.
*   **hereditary**: Very similar to ""genetic"" when talking about diseases or characteristics passed down through generations in a family. Often used interchangeably, but ""hereditary"" emphasizes the family lineage, while ""genetic"" points to the genes themselves as the cause.
*   **congenital**: This means a condition or trait is present **from birth**. Not all congenital conditions are genetic (e.g., some birth defects are caused by environmental factors during pregnancy). Also, not all genetic conditions are congenital; some genetic conditions might only appear later in life."
5174,complicate,"# complicate

## Meaning (easy English)

To **complicate** something means to make it more difficult, confusing, or complex to understand, deal with, or solve. It usually involves adding new problems, details, or challenges that make the original situation harder.

For example, if you have a simple plan, and someone adds many new steps, they **complicate** the plan.

⸻

## Nuance
*   **How it feels**: Often suggests frustration, increased challenge, or an undesirable outcome. It implies that something that was simpler is now harder because of added factors.
*   **When it is used**: You use ""complicate"" when a situation, task, problem, or relationship becomes harder to manage due to new information, actions, or elements.
*   **Formality**: It is a neutral word, commonly used in everyday conversation as well as in more formal discussions.

⸻

## Example sentences
*   The new rules will **complicate** the process of applying for a visa.
*   His sudden illness **complicated** their travel plans, forcing them to cancel their flight.
*   Don't try to **complicate** the explanation; just tell me the main idea simply.

⸻

## Synonyms (with short notes about the differences)
*   **Make difficult** — This is a very general phrase. ""Complicate"" specifically means to make something difficult *by adding new problems, details, or challenges*.
*   **Confuse** — To make something unclear or hard to understand. ""Complicate"" makes something harder to *deal with* or *solve*, which can then lead to confusion.
*   **Muddle** — To make something messy, disorganized, or unclear, often by poor planning or mistakes. It focuses more on disorder.
*   **Worsen** — To make a bad situation or problem even worse. While ""complicate"" can lead to a situation worsening, its main focus is on making it more complex or harder to manage, not necessarily more severe in its negative impact."
5175,wrongly,"# wrongly

## Meaning (easy English)

""Wrongly"" is an adverb. It describes an action or a way of doing something that is **not correct, fair, or true**. It means that something was done or said by mistake, or in a way that was unjust.

You use ""wrongly"" to show that there was an error, an incorrect judgment, or unfairness in an action.

⸻

## Nuance
*   **How it feels:** It often carries a sense of error, mistake, injustice, or impropriety. It highlights that an action or a belief was not right.
*   **When it is used:** You use ""wrongly"" to describe how an action was performed. It often appears before verbs like *accused, judged, believed, reported, answered, done, interpreted*.
*   **Formality:** It is a common word that can be used in both everyday conversations and more formal writing. It is neutral in formality.

⸻

## Example sentences
*   The newspaper **wrongly** reported that the famous actor had retired. (The report was incorrect.)
*   She was **wrongly** accused of cheating on the test, but later the teacher found out she was innocent. (The accusation was unfair and mistaken.)
*   If you calculate the answer **wrongly**, your total score will be lower. (The calculation was incorrect.)

⸻

## Synonyms (with short notes about the differences)
*   **incorrectly** — Very similar to ""wrongly""; focuses purely on something being factually not right or not according to rules. (e.g., ""You spelled the word incorrectly."")
*   **mistakenly** — Emphasizes that an action was done as a result of a mistake, misunderstanding, or accident. (e.g., ""I mistakenly took someone else's coat."")
*   **improperly** — Suggests that something was done in a way that is not suitable, not polite, or not following the correct procedure or standards. (e.g., ""The documents were handled improperly."")
*   **unfairly** — Specifically means in a way that is not just, not equal, or not deserved. This highlights the ethical aspect of an action. (e.g., ""The referee treated our team unfairly."")"
5176,convict,"# convict

## Meaning (easy English)

**1. (Verb) To convict (someone)**
When a court of law decides that a person is guilty of a crime, they **convict** that person. This means the court has officially proven that the person committed the crime.

**2. (Noun) A convict**
A **convict** is a person who has been found guilty of a crime by a court and is now serving a punishment, usually in prison.

⸻

## Nuance

*   **Legal Context:** Both the verb and noun forms are strongly connected to the legal system, courts, and crime.
*   **Seriousness:** It's a very serious word. To be convicted means your life will be significantly affected, often by imprisonment.
*   **Verb Usage:** ""To convict"" is always about the official decision of guilt by a judge or jury. It implies a formal legal process.
*   **Noun Usage:** When someone is called ""a convict,"" it means they are currently serving time (or have served time) in prison after being found guilty. It carries a strong negative association with having committed a crime and being punished for it.
*   It is a formal word in legal documents, but people also use the noun in everyday speech to refer to someone in prison for a crime.

⸻

## Example sentences

*   It took the jury three days to **convict** the suspect of the robbery. (verb)
*   The former **convict** struggled to find a job after being released from prison. (noun)
*   Without strong evidence, it can be very difficult for prosecutors to **convict** someone. (verb)

⸻

## Synonyms (with short notes about the differences)

**For the verb ""to convict"":**

*   **Find guilty:** This is very similar and often used instead of ""convict."" It's a less formal way to say that a judge or jury decided someone committed a crime.
*   **Sentence (to punishment):** This happens *after* someone is convicted. To ""sentence"" means to decide what the punishment will be (e.g., prison time, a fine). You cannot sentence someone without first convicting them.

**For the noun ""a convict"":**

*   **Prisoner:** This is a broader term. A prisoner is anyone held in prison, whether they have been convicted, are awaiting trial, or are just being held. A convict is always a prisoner, but a prisoner is not always a convict.
*   **Inmate:** Similar to ""prisoner,"" but often used in official or institutional language, referring to someone living in any institution (like a hospital or prison). It's very common for people in prison.
*   **Offender:** Someone who has committed a crime. This word doesn't necessarily mean they have been caught, charged, or convicted by a court; it just means they broke the law."
5177,jury,"# jury

## Meaning (easy English)

A **jury** is a group of ordinary people, usually 12, who are chosen to listen to all the facts and evidence during a trial in a court of law. Their main job is to decide if a person is guilty or not guilty of a crime, or to make a decision in a civil case, based on what they hear. They promise to be fair and impartial.

⸻

## Nuance
*   **Legal Context:** The word ""jury"" is most commonly used in a serious, legal setting, specifically within a court. It suggests a process of careful listening, discussion, and making an important decision about someone's fate.
*   **Fairness:** It carries a strong sense of fairness and impartiality, as jury members are expected to judge only on the evidence presented, not on personal feelings.
*   **Other Uses:** Sometimes, ""jury"" can be used more generally for any group of people who are chosen to judge a competition or make an important decision (e.g., ""a jury of critics""). In this case, it still implies a serious and careful evaluation.
*   **Formality:** In its legal use, it is a formal and official term. In its broader use (e.g., competition), it's still quite formal, suggesting a structured decision-making process.

⸻

## Example sentences
*   The **jury** listened carefully to all the witnesses before making their decision.
*   After two days of discussion, the **jury** finally reached a verdict of not guilty.
*   In some countries, a person accused of a serious crime has the right to a trial by **jury**.

⸻

## Synonyms (with short notes about the differences)
*   **panel** — a general term for a group of people chosen for a specific purpose, often to discuss something or make a decision. *Difference:* ""Panel"" is much broader; a jury is a specific type of panel for legal judgment or formal competition.
*   **committee** — a group of people appointed for a specific function, often within an organization, usually for a longer period or ongoing tasks. *Difference:* A ""committee"" often has administrative or advisory roles, while a ""jury"" makes a final judgment on a specific case or competition.
*   **judges (in a competition)** — people who decide the winners or evaluate entries in a competition. *Difference:* When talking about competitions, ""judges"" is a very close synonym. However, ""judges"" can also refer to legal professionals who preside over courts, which is different from a ""jury"" of ordinary citizens."
5178,cooperate,"# cooperate

## Meaning (easy English)

To **cooperate** means to work together with other people or groups to achieve a shared goal. It involves helping each other and acting in a friendly, supportive way.

When you cooperate, you are contributing your effort alongside others for a common benefit.

⸻

## Nuance
*   ""Cooperate"" has a positive feeling, suggesting teamwork, mutual effort, and agreement.
*   It's a very common word used in many situations: at work, in school, among friends, or between countries and organizations.
*   It often implies that people are willing to work together for a common benefit or to solve a problem.
*   The word is generally neutral in formality; it's a standard verb you can use in most contexts.
*   You might hear it when talking about successful group projects, international relations, or even simple requests like ""Please cooperate with the instructions.""

⸻

## Example sentences
*   The students had to **cooperate** on a group project to get a good grade.
*   Countries need to **cooperate** to solve global problems like climate change.
*   If everyone **cooperates**, we can finish cleaning the house much faster.

⸻

## Synonyms (with short notes about the differences)
*   **Collaborate** — Similar to cooperate, but often suggests working together to *create* something new, like a project, art, or an idea. It often implies a more equal partnership and shared intellectual effort.
*   **Work together** — A very common and direct way to say ""cooperate."" It's less formal and often used in everyday situations.
*   **Team up** — More informal. It means to form a team or group with someone for a specific task or purpose.
*   **Help / Assist** — These mean to give support or aid to someone. While cooperating involves helping, ""help"" or ""assist"" don't always imply a shared goal or working *together* on the same task. You can help someone without fully cooperating on their project."
5179,cargo,"# cargo

## Meaning (easy English)

**Cargo** refers to goods, products, or items that are carried from one place to another, usually over a long distance. These items are typically transported by vehicles like ships, airplanes, trains, or large trucks. It's what is being moved for trade, sale, or delivery.

⸻

## Nuance
*   It is a neutral, professional term used in the context of transport, shipping, and trade.
*   ""Cargo"" almost always refers to goods being moved for commercial purposes (buying, selling, or business delivery) or in large quantities. It is not typically used for personal items you carry in your car or luggage on a personal trip.
*   You will hear this word often when talking about large-scale transport, such as goods crossing countries or oceans.
*   It focuses on the *items* that are being transported.

⸻

## Example sentences
*   The ship was loaded with valuable **cargo** for its long journey across the ocean.
*   Airplanes often carry passenger luggage *and* **cargo**, such as mail or urgent packages, in their holds.
*   Customs officers inspect the **cargo** to make sure no illegal items are brought into the country.

⸻

## Synonyms (with short notes about the differences)
*   **freight** — Very similar; often used for goods transported by ship, train, or truck. ""Freight"" can also refer to the *system* of transport or the *cost* of transport, while ""cargo"" is only the goods.
*   **goods** — A more general word for items that are bought, sold, or produced. ""Cargo"" specifically means goods *being transported*.
*   **shipment** — Refers to a specific batch of goods that has been sent or is about to be sent. ""Cargo"" refers to the items themselves, while ""shipment"" can refer to the process or the total package.
*   **load** — A very general term for anything that is carried by a vehicle, person, or animal. It can include personal items, people, or even abstract things (like a ""load of work""), not just commercial goods."
5180,inspection,"# inspection

## Meaning (easy English)

An **inspection** is a careful and official look at something. People do an inspection to check if something is correct, safe, working well, or follows certain rules.

It's usually a detailed examination by someone responsible or an expert, often looking for problems or to ensure quality.

⸻

## Nuance
*   Sounds serious, thorough, and often official. It's not a quick or casual look.
*   Often involves an authority figure (like a government official) or a professional (like a mechanic or engineer).
*   Used in many fields, such as construction (building safety), food service (hygiene), vehicles (roadworthiness), or manufacturing (product quality).
*   The purpose is usually to find problems, ensure safety, or confirm that something meets specific standards or laws.

⸻

## Example sentences
*   The restaurant passed its annual health **inspection** with no issues.
*   Before buying the old house, we hired an expert to do a thorough structural **inspection**.
*   All new cars undergo a detailed **inspection** at the factory to ensure they are safe.

⸻

## Synonyms (with short notes about the differences)
*   **Check/Checking** — more general and less formal; can be a quick look or a more detailed one. ""A quick check of the brakes.""
*   **Examination** — often implies a very detailed and thorough look, sometimes for medical, academic, or scientific purposes. ""A medical examination.""
*   **Audit** — very formal; usually involves checking financial records, systems, or processes to ensure accuracy and compliance with rules. ""A financial audit.""
*   **Review** — often less about finding faults and more about evaluating performance, content, or processes to improve them. ""A performance review."""
5181,diplomat,"# diplomat

## Meaning (easy English)

A diplomat is an official who works for their country and represents it in another country. Their main job is to manage the relationship between their home country and the foreign country, often trying to keep peace, resolve problems, and promote friendly understanding.

Diplomats usually work in an embassy or consulate in a foreign capital city. They communicate with the foreign government, negotiate agreements, and protect the interests of their own country and its citizens abroad.

⸻

## Nuance
*   **Sounds official, professional, and important.** It refers to a specific, highly skilled government role.
*   **Used when talking about international relations, government, and foreign affairs.**
*   A diplomat needs to be very skilled in communication, negotiation, and understanding different cultures. They often require tact (careful behavior) and good judgment.
*   The word itself is formal because it describes a formal and serious role in international politics.

⸻

## Example sentences
*   She decided to become a **diplomat** after studying international relations and foreign languages.
*   The **diplomat** worked hard to resolve the conflict between the two nations through peaceful discussions.
*   Every **diplomat** at the embassy plays a crucial role in strengthening ties with the host country.

⸻

## Synonyms (with short notes about the differences)
*   **Ambassador** — This is a specific type of diplomat, usually the highest-ranking official representative of their country in another country. (All ambassadors are diplomats, but not all diplomats are ambassadors.)
*   **Envoy** — A special messenger or representative, often sent for a particular mission or a short time, not usually a permanent resident like a diplomat.
*   **Representative** — A more general word for anyone who speaks or acts for another person or group. A diplomat is a *type* of representative, specifically for a country in international affairs.
*   **Negotiator** — Someone whose main job is to discuss and try to reach an agreement, often in business or politics. Diplomats often act as negotiators, but their overall role is much broader."
5182,counterpart,"# counterpart

## Meaning (easy English)

A **counterpart** is a person or thing that has the same job, position, or purpose as another person or thing, but in a different group, country, or situation.

It means someone or something that matches another in its function or role, even if they are in different places.

⸻

## Nuance
*   **Neutral to slightly formal:** ""Counterpart"" is not a casual word. It's often used in professional, political, or international contexts.
*   **Focus on matching roles/functions:** It emphasizes that two people or things have similar responsibilities or purposes, even if their specific contexts are different.
*   **Often used for people:** You will frequently hear it when talking about leaders, officials, or managers from different organizations or countries. However, it can also refer to things (e.g., a product, a system).

If you hear ""counterpart,"" think of a ""matching role"" or ""equivalent position.""

⸻

## Example sentences
*   The American president spoke with his French **counterpart** about international relations.
*   Our company's sales manager often communicates with her **counterpart** in the European office.
*   This new phone model is considered a strong **counterpart** to its main competitor.

⸻

## Synonyms (with short notes about the differences)
*   **Equivalent** — This word means something that is equal in value, amount, function, or meaning. While a counterpart is often an equivalent, ""equivalent"" is broader and doesn't always refer to a specific *person or thing with a matching role*.
*   **Opposite number** — This is usually used for a person who has the same job or position as another person, especially in a different organization or country. It's very close for people, but ""counterpart"" is slightly more formal and can also refer to things.
*   **Parallel** — This word means similar or corresponding in some way. While a counterpart can be a parallel, ""parallel"" is a more general term and doesn't always imply the *same specific role or function* in the way ""counterpart"" does."
5183,coordinate,"# coordinate

## Meaning (easy English)

As a **verb**, ""coordinate"" means to organize different people, groups, or things so that they work together smoothly and effectively. It's about making sure various parts of a plan or activity fit well and happen in the right order to achieve a common goal.

For example, a **coordinator** is a person whose job is to make sure that different parts of an event or project run smoothly together.

⸻

## Nuance
*   ""Coordinate"" is often used in professional settings, project management, event planning, or any situation where teamwork and organization are key.
*   It suggests a deliberate effort to make things fit together well, preventing confusion or problems.
*   The word implies a sense of order, efficiency, and cooperation among different parts or people.
*   It's a neutral word, neither very formal nor informal, making it suitable for many contexts.

⸻

## Example sentences
*   The event planner needs to **coordinate** the catering, decorations, and entertainment for the party.
*   All the departments must **coordinate** their work to ensure the project finishes on time.
*   My eyes and hands need to **coordinate** perfectly to play this video game well.

⸻

## Synonyms (with short notes about the differences)
*   **Organize** — To plan and arrange something. ""Organize"" can be about a single thing (e.g., ""organize your desk""), while ""coordinate"" is always about making *multiple* things or people work *together*.
*   **Manage** — To be in charge of and control something. ""Manage"" is a broader role that often *includes* coordinating, but also involves leadership and decision-making.
*   **Arrange** — To put things in a particular order or position. ""Arrange"" often focuses on physical placement or scheduling, but ""coordinate"" emphasizes how different parts *interact* to achieve a goal.
*   **Collaborate** — To work together with others. ""Collaborate"" focuses on the act of working together, while ""coordinate"" is about *making* that working together effective and smooth."
5184,financially,"# financially

## Meaning (easy English)

""Financially"" is an adverb that means **in a way that relates to money or how money is managed.**

It describes how something affects or is affected by money, income, expenses, or a person's or company's economic situation.

⸻

## Nuance
*   It's a neutral and objective word. It simply points to the monetary aspect of something.
*   You use it when discussing money matters, such as how much something costs, if someone has enough money, or how well a business is doing with its money.
*   It is used in both everyday conversations and more formal business or news discussions. It's not too casual or too formal.

⸻

## Example sentences
*   Many students struggle **financially** when they move away from home for university.
*   The new project needs more investment, so it's not **financially** ready to start.
*   She felt more secure after finding a job that paid well, improving her life **financially**.

⸻

## Synonyms (with short notes about the differences)
*   **Monetarily** — Very similar; often interchangeable. However, ""financially"" is more common and covers a wider range of money-related topics, including investments, debt, and overall financial health, while ""monetarily"" often focuses more purely on money itself.
*   **Economically** — Broader; refers to the economy of a country, a system, or the efficient use of resources. While money is part of it, ""financially"" is specifically about money and its management for an individual or entity.
*   **Money-wise** — More informal and casual. It means ""concerning money"" or ""as far as money is concerned."""
5185,donation,"# donation

## Meaning (easy English)

A donation is something you give, usually money or goods, to help a person, a group, or an organization. You give it freely, without expecting anything in return.

People often make donations to support charities, schools, hospitals, or causes they believe in.

⸻

## Nuance
*   **Purpose:** Donations are almost always given to help others or support a good cause.
*   **Voluntary:** The act of giving a donation is completely voluntary; no one forces you to do it.
*   **Formality:** The word ""donation"" is usually neutral in formality, but it often describes a more formal or public act of giving compared to a simple ""gift"" between friends.
*   **Common Use:** You will often hear ""donation"" when talking about fundraising, charity events, or supporting non-profit organizations.

⸻

## Example sentences
*   Our local animal shelter always appreciates **donations** of pet food and blankets.
*   The museum relies on private **donations** to maintain its collection and offer free admission.
*   We made a small **donation** to the disaster relief fund after the earthquake.

⸻

## Synonyms (with nuance)
*   **gift** — This is a broader term. A gift can be for any occasion (like a birthday) and can be personal, while a ""donation"" is usually for a charity or cause.
*   **contribution** — Very similar to donation, but ""contribution"" can also refer to giving time, effort, or ideas, not just money or goods. It can also imply giving a share to a common fund.
*   **offering** — Often used in a religious context (e.g., an offering at church) or for a small amount of money given. It's less general than ""donation."""
5186,corrupt,"# corrupt

## Meaning (easy English)

When a person or an organization is **corrupt**, they use their power or position in a dishonest way, usually to get money or advantages for themselves. They often break rules or laws to do this.

It can also mean to make someone or something bad or dishonest.

Less commonly, it can describe something (like a computer file) that is damaged or spoiled and doesn't work correctly anymore.

⸻

## Nuance
*   **Corrupt** is a strong, negative word. It suggests a serious abuse of trust and power.
*   It is often used when talking about politicians, government officials, police, or large organizations that are expected to be fair and honest.
*   It implies a lack of integrity and a willingness to cheat or take bribes for personal gain.
*   The word is generally neutral to formal in tone, often appearing in news reports or serious discussions.

⸻

## Example sentences
*   The former mayor was arrested for being **corrupt** after accepting money from construction companies.
*   Many citizens believe the local police department is **corrupt** because of several recent scandals.
*   Some people argue that too much power can **corrupt** even good leaders over time.

⸻

## Synonyms (with short notes about the differences)
*   **Dishonest** — This is a broader term. Someone dishonest tells lies or cheats, but ""corrupt"" specifically means using power or a position for dishonest gain.
*   **Unethical** — Means against accepted moral rules or principles. All corrupt acts are unethical, but not all unethical acts are corrupt (e.g., a doctor being rude might be unethical, but not corrupt).
*   **Bribed** — To be bribed means you have taken money or a gift to do something wrong or illegal. Taking bribes is a common type of corrupt behavior."
5187,cruise,"# cruise

## Meaning (easy English)

""Cruise"" can be used as a **noun** or a **verb**.

As a **noun**, a cruise is a holiday journey on a large ship, often visiting several different places or countries. It is usually for pleasure, relaxation, and sightseeing.

As a **verb**, to cruise means:
1.  To travel on a ship for a holiday.
2.  To travel or move smoothly and easily, often at a steady, comfortable speed (for example, in a car, airplane, or even a person moving effortlessly).

⸻

## Nuance
*   **As a noun (ship holiday):** The word ""cruise"" suggests a relaxing, comfortable, and often luxurious journey. It implies that you will visit multiple destinations without the hassle of packing and unpacking frequently. It's about enjoyment, good food, entertainment on board, and exploring new places.
*   **As a verb (smooth movement):** When used for vehicles or people, ""cruise"" means moving effortlessly, steadily, and without sudden changes in speed or direction. It implies a sense of calm control and ease.
*   **Formality:** ""Cruise"" is a common, neutral word. It is suitable for everyday conversation and writing.

⸻

## Example sentences
*   My parents just booked a **cruise** to Alaska for their anniversary. (Noun - ship holiday)
*   We **cruised** along the coast, enjoying the beautiful ocean views from the deck. (Verb - ship travel)
*   The driver was **cruising** smoothly down the highway, enjoying the open road. (Verb - general smooth movement)

⸻

## Synonyms (with short notes about the differences)

*   **For a ship holiday (noun):**
    *   **Voyage** — A long journey by sea or in space, often for exploration or a specific purpose, not always just for pleasure. It sounds more formal or old-fashioned.
    *   **Trip** — A very general word for any journey, short or long, by any type of transport. ""Cruise"" specifically means a pleasure journey on a ship.
    *   **Tour** — A journey visiting several places, often organized with a guide and focused on sightseeing. Can be by bus, car, or ship, but ""cruise"" specifically emphasizes the ship experience.

*   **For smooth movement (verb):**
    *   **Glide** — To move very smoothly, quietly, and easily, often without much effort, like a bird or a dancer. ""Cruise"" can be less graceful and more about maintaining a steady speed.
    *   **Drift** — To be carried slowly by currents of air or water, or to move without a clear purpose. ""Cruise"" implies intentional, controlled smooth movement.
    *   **Roll** — To move by turning over and over, or to move on wheels. ""Cruise"" specifically emphasizes the *smooth and steady* aspect of moving."
5188,offshore,"# offshore

## Meaning (easy English)

""Offshore"" has two main meanings:

1.  **Away from the land, in the sea:** This describes something located a distance from the coast, in the ocean. For example, an ""offshore oil rig"" is a structure in the sea that drills for oil.
2.  **In a foreign country, especially for business or financial reasons:** This refers to moving money, assets, or business operations to another country, often to benefit from different laws, lower taxes, or cheaper labor.

⸻

## Nuance

*   **Literal sense (in the sea):** When used to describe things like wind farms, oil drilling, or fishing, ""offshore"" is a neutral term. It simply means ""not on land, but in the sea."" It suggests a specific distance from the coast.
*   **Financial/Business sense (foreign country):** In this context, ""offshore"" can be neutral when talking about a company's global strategy (e.g., ""offshore manufacturing""). However, it sometimes carries a slight implication of avoiding taxes or regulations, or of secrecy, especially when talking about ""offshore bank accounts"" or ""offshore companies.""
*   **Formality:** Generally neutral to slightly formal, especially in business, finance, and environmental discussions.

⸻

## Example sentences

*   The government plans to build more **offshore** wind farms to produce clean energy from the sea.
*   Many large companies choose to move their customer service operations **offshore** to countries where labor costs are lower.
*   He was investigated for having an undeclared **offshore** bank account in a tax haven.

⸻

## Synonyms (with short notes about the differences)

*   **At sea / Out at sea** — These phrases mean ""in the ocean"" or ""on a boat in the ocean."" They are more general than ""offshore"" and don't necessarily imply a specific distance from the coast or a particular purpose (like energy production or financial activity).
*   **Overseas / International** — These are broader terms meaning ""in a foreign country."" While ""offshore"" (in the financial/business sense) is a type of overseas activity, ""offshore"" often carries the added implication of different legal or tax systems, which ""overseas"" doesn't necessarily have.
*   **Foreign** — This is a general adjective meaning ""from another country."" It's less specific than ""offshore"" regarding the location relative to the coast or the specific financial/business implications.
*   **Outsourced** — This refers to the act of hiring another company to do work that was previously done internally. While ""offshore"" can describe *where* that outsourced work is done (e.g., ""offshore outsourcing""), ""outsourced"" focuses on *who* does the work, not necessarily the geographical location relative to the country or coast."
5189,cozy,"# cozy

## Meaning (easy English)

""Cozy"" describes something that is warm, comfortable, and pleasant, making you feel relaxed and safe. It often refers to a small, enclosed space or a feeling of intimacy and comfort.

⸻

## Nuance
*   **Feeling:** ""Cozy"" gives a feeling of warmth, comfort, and often a sense of being protected or sheltered. It suggests a pleasant, relaxing atmosphere.
*   **When used:** It's often used to describe places (like a small room, a cafe, a bed), items (a blanket, a sweater), or situations (a cozy evening by the fire).
*   **Formality:** It's an everyday word, informal to neutral in tone. It's very common in casual conversation.
*   **Connotation:** Almost always positive, implying a desirable state of comfort and pleasantness.

⸻

## Example sentences
*   Our small cabin in the mountains felt very **cozy** during the snowstorm.
*   I love to wear a **cozy** sweater and read a book on a cold autumn day.
*   The little cafe around the corner has a wonderfully **cozy** atmosphere with its soft lights and comfortable chairs.

⸻

## Synonyms (with short notes about the differences)
*   **Snug** — Very similar to cozy, often emphasizing being comfortably fitted or feeling safe and protected in a small, tight space. (e.g., ""The baby was snug in her blanket."")
*   **Comfortable** — More general; describes anything that provides physical ease and relaxation, not necessarily warm, small, or intimate. (e.g., ""This chair is very comfortable."")
*   **Warm** — Refers mainly to temperature. While ""cozy"" includes warmth, it adds the element of pleasantness, comfort, and often a smaller, more intimate setting. (e.g., ""The room was warm."")
*   **Inviting** — Describes something that looks pleasant and makes you want to come closer or participate. A cozy place is often inviting, but ""inviting"" focuses on the appeal, not just the comfort. (e.g., ""The porch looked very inviting."")"
5190,thankful,"# thankful

## Meaning (easy English)

""Thankful"" means you feel happy and grateful because something good has happened, or because someone has been kind to you. It's the positive feeling you have when you appreciate something good in your life.

⸻

## Nuance
*   ""Thankful"" describes a warm, positive feeling of appreciation.
*   You use it when you are happy about a good outcome, or when you appreciate someone's help, kindness, or a gift.
*   This feeling can be for big things (like your health or safety) or smaller, everyday things (like a sunny day or a nice meal).
*   It's a common, everyday word that is neither too formal nor too informal.
*   You often say ""I am thankful **for** [something]"" or ""I am thankful **that** [something happened].""

⸻

## Example sentences
*   I am so **thankful** for your help with my project; I couldn't have finished it without you.
*   After the storm, everyone was just **thankful** that no one was seriously hurt.
*   We feel **thankful** for all the good friends and family in our lives.

⸻

## Synonyms (with short notes about the differences)
*   **grateful** — Very similar to ""thankful,"" and often used in the same way. ""Grateful"" can sometimes sound a little more formal or express a slightly deeper sense of obligation.
*   **appreciative** — Means you recognize the value or kindness of something. While ""thankful"" focuses on the *feeling* of gratitude, ""appreciative"" is about *recognizing* the good or the effort.
*   **obliged** — More formal. It means you feel a duty to do something for someone because they helped you. It's less about a warm feeling and more about a sense of debt or social expectation.
*   **pleased** — Means happy or satisfied with something. You can be pleased without necessarily feeling gratitude towards someone (e.g., ""I'm pleased with my test results"" doesn't mean someone helped you directly)."
5191,hospitality,"# hospitality

## Meaning (easy English)

**Hospitality** is the friendly and generous way you treat guests or strangers. It means making them feel welcome, comfortable, and often involves offering them food, drink, a place to stay, or entertainment.

It can be a personal quality (how someone acts in their home) or a service provided by businesses (like hotels or restaurants).

⸻

## Nuance
*   **How it feels:** It carries a warm, positive feeling, suggesting kindness, generosity, and a desire to make others feel at ease.
*   **When it's used:** It can describe a personal quality (e.g., ""her natural hospitality"") or a service provided by businesses such as hotels, restaurants, or airlines (often called the ""hospitality industry""). It's also used when people welcome guests into their homes.
*   **Formality:** It's a standard word, neither very formal nor informal. It's widely understood and used in everyday language as well as in professional contexts.

⸻

## Example sentences
*   The small hotel is famous for its excellent **hospitality**, making every guest feel special.
*   We were touched by the warm **hospitality** of our hosts, who made us feel completely at home.
*   Providing good **hospitality** is key to success in the tourism industry.

⸻

## Synonyms (with short notes about the differences)
*   **Welcoming** (adjective/noun): Refers to the act of greeting someone warmly and making them feel accepted. **Hospitality** is the *broader experience* of being welcomed, cared for, and provided for.
*   **Generosity** (noun): The quality of being willing to give freely (money, time, or help). **Hospitality** often includes generosity, but it's specifically about being generous *to guests or visitors*.
*   **Cordiality** (noun): Polite friendliness and warmth towards others. **Hospitality** involves cordiality, but it also includes the practical actions of providing comfort and care.
*   **Guest service** (noun phrase): This term is often used in businesses (like hotels or restaurants) and refers to the help and care given to paying customers. **Hospitality** can be personal (in a home) or professional, and focuses more on the *feeling* of being welcome."
5192,dedicate,"# dedicate

## Meaning (easy English)

When you **dedicate** something, you give a lot of your time, effort, or attention to a specific purpose, goal, or person. It means you are strongly committed to it.

You can also **dedicate** a building, book, song, or event to someone or something special. This means you make it for them or in their honor.

⸻

## Nuance
*   Implies strong commitment, passion, or devotion. It suggests that you are giving a significant part of yourself or your resources to something important.
*   Often used when someone gives a lot of their time, energy, or life to a cause, a job, or a personal goal.
*   Can also be used for formally setting aside something (like a building or a book) for a special person or purpose, often as a tribute or in memory.
*   It's a common word, not overly formal, but suggests seriousness and purpose.

⸻

## Example sentences
*   She **dedicated** her entire career to researching cures for rare diseases.
*   The team **dedicated** countless hours to ensure the new software was perfect before its launch.
*   The new community center was **dedicated** to the memory of the mayor who worked hard to build it.

⸻

## Synonyms (with nuance)
*   **Devote** — Very similar to ""dedicate,"" often interchangeable, especially when giving time or effort. ""Devote"" can sometimes imply a stronger emotional attachment or personal passion.
*   **Commit** — To promise to do something or to give your support/resources. ""Dedicate"" often suggests a *deeper, longer-term* commitment and continuous effort, while ""commit"" can be about a single promise or a shorter engagement.
*   **Pledge** — To make a serious promise, often publicly, to do something or give something. It focuses more on the promise itself rather than the ongoing action or effort.
*   **Consecrate** — To make something sacred or holy, usually in a religious ceremony. This is much more formal and specific than ""dedicate,"" which can be for any important purpose."
5193,defy,"# defy

## Meaning (easy English)

To **defy** means to openly refuse to obey someone, a rule, or an order. It shows a strong challenge or resistance.

It can also mean to make something very difficult or impossible to happen, often by overcoming a challenge.

⸻

## Nuance
*   **Strong Refusal:** When someone defies, they are not just disagreeing; they are actively and often courageously going against something. It suggests determination or stubbornness.
*   **Open Challenge:** It implies a direct confrontation or refusal, rather than just secretly ignoring something.
*   **Against Expectations:** It can be used when something happens that goes against what was expected, believed, or thought possible (e.g., ""defy logic,"" ""defy expectations"").
*   **Formality:** It's a standard word, not overly formal or informal, suitable for many situations.

⸻

## Example sentences
*   The small country decided to **defy** the powerful empire's demands.
*   Despite his old age, the marathon runner **defied** expectations and finished the challenging race.
*   The mysterious ancient structure **defies** all logical explanation about how it was built.

⸻

## Synonyms (with nuance)
*   **resist** — To oppose or fight against something. ""Resist"" can be more passive or less direct than ""defy"" (e.g., *resist temptation*). ""Defy"" is usually a more active and open refusal.
*   **disobey** — To simply not follow an order or rule. ""Disobey"" can be done secretly. ""Defy"" adds a stronger sense of open, often courageous, refusal and challenge.
*   **challenge** — To question the truth, rightness, or ability of something or someone. ""Challenge"" often means to dispute something with words. ""Defy"" is more about refusing to submit to or be limited by something."
5194,analyst,"# analyst

## Meaning (easy English)

An analyst is a person whose job is to carefully examine information, data, or problems to understand them better. They look for patterns, meaning, and often explain their findings or suggest solutions.

They take complex things and break them down into smaller, easier-to-understand parts.

⸻

## Nuance
    •	Sounds professional, thoughtful, and intelligent.
    •	This word is used for people who work with complex information in many different fields, like business, finance, technology, marketing, or science.
    •	An analyst's main skill is interpreting difficult topics or large amounts of data.
    •	It is a neutral, professional job title.

If someone is called an ""analyst,"" you can imagine they are good at studying details and making sense of information.

⸻

## Example sentences
    •	A **financial analyst** helps people understand how to invest their money in the stock market.
    •	The company hired a **data analyst** to make sense of all their customer information and improve sales.
    •	Before making a big decision, the manager asked the **business analyst** for a detailed report on the project risks.

⸻

## Synonyms (with nuance)
    •	**Researcher** — Someone who focuses more on collecting new information or studying a topic deeply to find new facts. An analyst often uses the information a researcher finds.
    •	**Consultant** — Gives expert advice to companies or individuals, often based on analysis. While an analyst provides information, a consultant often uses it to recommend specific actions.
    •	**Specialist / Expert** — These are broader terms for someone with deep knowledge in any field. An analyst is a type of specialist whose main task is analysis.
    •	**Investigator** — Often looks into specific cases, crimes, or mysteries to find facts or discover the truth, often implying a search for something hidden or wrong. An analyst's work is usually more about understanding ongoing trends or data."
5195,prediction,"# prediction

## Meaning (easy English)

A prediction is a statement about what someone thinks will happen in the future.
It is like saying something will happen before it actually does. You can make a prediction based on facts, observations, or even just a feeling.

⸻

## Nuance
*   ""Prediction"" can be used in many situations, from scientific analysis to casual conversations.
*   It suggests an attempt to know or state something that has not yet occurred.
*   It often implies a degree of uncertainty; a prediction might be right or wrong.
*   The word itself is not strongly formal or informal; its formality depends on the context it's used in (e.g., a scientific prediction is formal, a prediction about a game is informal).

⸻

## Example sentences
*   The meteorologist's **prediction** for tomorrow is heavy rain.
*   It's difficult to make accurate **predictions** about the stock market.
*   Her **prediction** that the new restaurant would be popular came true.

⸻

## Synonyms (with short notes about the differences)
*   **Forecast** — A prediction, especially about the weather, economy, or future trends, usually based on data and analysis.
*   **Guess** — A statement about something unknown or uncertain, often made without much evidence or thought; less formal than ""prediction.""
*   **Prophecy** — A prediction, often with a strong sense of certainty or a mystical/religious origin, usually about significant future events.
*   **Prognosis** — A prediction about the likely course of a disease or the outcome of a medical condition (used in healthcare)."
5196,hostile,"# hostile

## Meaning (easy English)

""Hostile"" describes someone or something that is very unfriendly, aggressive, or ready to fight or argue. It shows strong dislike, opposition, or a desire to cause harm. It can also describe an environment that is difficult, dangerous, or unwelcoming.

⸻

## Nuance
*   **Feeling:** ""Hostile"" carries a strong negative and often threatening feeling. It suggests anger, a desire to oppose, or even a potential for conflict or harm.
*   **Usage:**
    *   When describing people or their actions, it means they are very unfriendly, aggressive, or show strong opposition (e.g., a hostile look, hostile questions).
    *   When describing an environment, it means it is difficult, dangerous, or unwelcoming (e.g., a hostile climate, hostile territory).
*   **Formality:** It's a clear, direct, and serious word. It's not overly formal, but it's stronger than simply ""unfriendly"" and implies a more significant level of negativity or threat.

⸻

## Example sentences
*   The crowd became **hostile** after the referee made a controversial call.
*   Living in such a **hostile** environment, with extreme temperatures and little water, is very challenging.
*   She felt uncomfortable because her new colleagues seemed **hostile** towards her ideas.

⸻

## Synonyms (with short notes about the differences)
*   **Unfriendly** — Less strong; simply not kind or welcoming, without necessarily being aggressive or having strong opposition.
*   **Aggressive** — Focuses more on outward behavior; ready or eager to attack, confront, or dominate. ""Hostile"" can be an internal feeling, while ""aggressive"" is often the action.
*   **Antagonistic** — Actively showing opposition or hostility, often creating conflict. Very similar to hostile, but sometimes implies a more active or ongoing conflict between parties.
*   **Adverse** — Describes conditions or effects that are unfavorable, harmful, or opposing success. Less about personal intent or feeling, more about difficult circumstances (e.g., adverse weather)."
5197,indifference,"# indifference

## Meaning (easy English)

Indifference is a lack of interest, concern, or strong feelings about something or someone. When you show indifference, you don't care if something is good or bad, or if it happens or not. You simply don't have an emotional reaction.

⸻

## Nuance
*   Often carries a negative feeling, as it suggests a lack of care or emotion when some concern might be expected.
*   It's more than just being neutral; it implies a lack of engagement or empathy.
*   You can use it to describe a person's general attitude or their reaction to a specific situation.
*   It's a standard, clear word, neither very formal nor informal.

⸻

## Example sentences
*   The student's **indifference** to his grades worried his parents.
*   Many people showed **indifference** to the election results, feeling that their vote wouldn't change anything.
*   Despite her emotional speech, she was met with **indifference** from the audience.

⸻

## Synonyms (with short notes about the differences)
*   **Apathy** — Very similar. Often describes a more general and deeper lack of interest, enthusiasm, or concern, sometimes because someone feels helpless or powerless.
*   **Unconcern** — Means not worried or anxious about something. It can be less strong than indifference and sometimes doesn't have the negative feeling. (e.g., ""She showed an admirable unconcern for the critics."")
*   **Detachment** — Means being emotionally separate or objective from a situation. It can be a conscious choice (like a scientist trying to be detached), while indifference is often a simple lack of feeling."
5198,depress,"# depress

## Meaning (easy English)

""Depress"" has two main meanings:

1.  **To make someone feel very sad, unhappy, or without hope.** When something depresses you, it causes you to feel low in spirit or energy.
2.  **To push something down, or to make something less active, strong, or valuable.**

⸻

## Nuance

*   **Emotional meaning:**
    *   ""Depress"" suggests a deeper, often longer-lasting sadness or a feeling of hopelessness, more intense than just ""sad.""
    *   It can describe a temporary feeling caused by an event (""The bad news depressed him"") or refer to the serious medical condition called ""depression.""
    *   It's a standard word, neither very formal nor informal, used in everyday conversation and more formal contexts.
*   **Physical/Economic meaning:**
    *   This usage is more direct: it means to physically push something down (like a button or pedal) or to cause something (like prices, activity, or value) to decrease.
    *   It's a neutral term and is commonly used in technical or economic contexts.

⸻

## Example sentences

*   The constant rain and grey skies always **depress** me a little during winter.
*   She felt deeply **depressed** after losing her job and struggling to find a new one.
*   You need to **depress** the accelerator pedal gently to control your speed.

⸻

## Synonyms (with short notes about differences)

*   **Sadden** (emotional): Makes someone feel sad, but usually less intensely or for a shorter time than ""depress.""
*   **Discourage** (emotional): Makes someone lose hope, confidence, or enthusiasm for doing something specific. ""Depress"" is more about general mood, while ""discourage"" is often about motivation for an action or goal.
*   **Demoralize** (emotional): To make someone (often a group) lose confidence, spirit, or enthusiasm, especially when facing difficulties. Similar to discourage, but often implies a breakdown of morale.
*   **Push down** (physical): A very direct and simple way to say you apply force downwards. ""Depress"" can sound a bit more formal or technical for physical actions.
*   **Lower** (physical/economic): To move something to a lower position, or to reduce its amount or value. ""Depress"" often implies an active force causing the lowering or reduction, often with a negative impact.
*   **Reduce** (economic): To make something smaller in amount, size, or intensity. ""Depress"" specifically implies a negative influence causing the reduction (e.g., ""depress prices"")."
5199,disclose,"# disclose

## Meaning (easy English)

""To disclose"" means to make something known or tell information that was previously secret, private, or not generally known. You reveal facts, details, or secrets that were hidden.

It's about bringing hidden information out into the open.

⸻

## Nuance
*   **Formality:** ""Disclose"" is a formal word. It sounds more official and serious than simply ""tell"" or ""show.""
*   **Usage:** It is often used in situations where there is a legal, ethical, or professional requirement to share information. You'll hear it frequently in business, law, finance, government, or medical contexts. It can also be used in personal situations, but it still carries a sense of importance or gravity.
*   **Feeling:** It suggests that the information was previously secret, private, or not easily available, and that the act of disclosing it is deliberate and significant. It implies a kind of unveiling or a formal act of sharing.

⸻

## Example sentences
*   Companies are legally required to **disclose** their financial information to investors.
*   The detective asked the witness to **disclose** everything they saw that night.
*   She was hesitant to **disclose** her past struggles, but felt it was important for her healing.

⸻

## Synonyms (with nuance)
*   **Reveal** (similar, but broader): To show or make something known. ""Reveal"" can be used for anything that was hidden (a secret, a truth, a magic trick), while ""disclose"" usually refers to information, often important or sensitive. ""Reveal"" can also happen accidentally.
*   **Divulge** (very similar, often more negative): To make private or sensitive information known. ""Divulge"" sometimes carries a slight sense of telling something that perhaps should have remained secret, or doing so carelessly. ""Disclose"" often implies a formal or necessary act.
*   **Confess** (stronger, specific): To admit that you have done something wrong or illegal. You ""confess"" a crime or a sin. ""Disclose"" is much broader and doesn't necessarily involve wrongdoing.
*   **Uncover** (different focus): To find something that was hidden or unknown. This often implies discovery through investigation (e.g., ""uncover evidence""), rather than a deliberate act of telling by someone who already knows."
5200,accountant,"# accountant

## Meaning (easy English)

An accountant is a person whose job is to manage and check financial records for individuals or businesses. They keep track of money coming in and going out, prepare documents for taxes, and often give advice on how to manage money well.

They make sure that financial information is correct and follows the rules.

⸻

## Nuance
    •	Sounds professional, serious, and trustworthy, as it involves handling important financial information.
    •	Often used when discussing taxes, business finances, financial planning, or checking a company's financial health.
    •	It's a standard job title, not particularly formal or informal.
    •	People rely on accountants to be good with numbers, organized, and honest.

⸻

## Example sentences
    •	My small business hired an accountant to help us prepare our annual tax returns.
    •	The accountant carefully reviewed all the company's expenses to find any errors.
    •	If you're planning a career in finance, becoming a certified public accountant is a great goal.

⸻

## Synonyms (with nuance)
    •	**Bookkeeper** — mainly focuses on recording daily financial transactions (like sales and purchases) in ledgers; an accountant has a broader role, analyzing these records, preparing reports, and giving advice.
    •	**Financial Advisor** — gives advice on investments, saving, and long-term financial planning for the future; an accountant deals more with past and present financial records, taxes, and reporting.
    •	**Auditor** — a type of accountant whose main job is to examine and check financial records to make sure they are accurate, complete, and follow all legal and company rules."
5201,dishonest,"# dishonest

## Meaning (easy English)

If someone is **dishonest**, they do not tell the truth or act fairly. They might lie, cheat, or try to trick people on purpose. A dishonest person cannot be trusted because they do not act with integrity.

⸻

## Nuance
*   **Dishonest** describes someone's character or actions that lack truthfulness and fairness.
*   It carries a strong negative feeling. When you call someone ""dishonest,"" you are saying they cannot be trusted and have done something wrong.
*   It is used when someone intentionally hides the truth, tells lies, or breaks rules to gain an advantage or avoid consequences.
*   It is a common word, neutral in formality, and used in many situations from personal relationships to business and politics.

⸻

## Example sentences
*   It was **dishonest** of him to pretend he didn't know about the broken vase.
*   The company was accused of **dishonest** marketing practices, making false claims about their product.
*   I refuse to work with anyone who is **dishonest**; trust is very important to me.

⸻

## Synonyms (with short notes about the differences)
*   **Lying** — Directly refers to telling things that are not true. ""Dishonest"" is a broader term that includes lying but also other unfair actions (like cheating or hiding information).
*   **Deceitful** — Describes someone who deliberately tries to trick or mislead others, often with a plan. It suggests a more cunning and intentional effort to mislead than simply being dishonest.
*   **Untruthful** — Simply means not telling the truth. It can describe a specific statement or a person. It is often a milder way to say someone is lying.
*   **Cheating** — A specific type of dishonest behavior where someone breaks rules to gain an unfair advantage, often in games, tests, or competitions."
5202,unmistakable,"# unmistakable

## Meaning (easy English)

If something is **unmistakable**, it is so clear, obvious, or special that you cannot possibly confuse it with anything else. You recognize it immediately and cannot make a mistake about what it is.

It means it stands out very clearly and is easy to identify.

⸻

## Nuance
    •	**Emphasizes certainty**: When you say something is ""unmistakable,"" you are very sure about it. There is no doubt about what you are seeing, hearing, or feeling.
    •	**Often about recognition**: It's frequently used when you identify someone or something by a particular quality, sound, smell, or appearance that is unique to them.
    •	**Can be positive or neutral**: You might talk about someone's ""unmistakable talent"" (positive) or the ""unmistakable smell of smoke"" (neutral, or sometimes negative).
    •	**Standard formality**: It's a common word used in everyday language and writing; it is not particularly formal or informal.

When something is unmistakable, it is very distinct and leaves no room for confusion.

⸻

## Example sentences
    •	Even from a distance, her bright red coat was **unmistakable**.
    •	There was an **unmistakable** feeling of excitement in the air before the concert.
    •	His deep, booming voice is absolutely **unmistakable** whenever he speaks.

⸻

## Synonyms (with nuance)
    •	**Obvious** — Easy to see, understand, or notice. ""Unmistakable"" often implies *recognizing* something specific or unique, while ""obvious"" can be about general facts or situations (e.g., ""It was obvious he was tired."").
    •	**Clear** — Easy to see, hear, or understand; not confusing. Very similar to ""obvious."" ""Unmistakable"" often adds a stronger sense of unique identity that makes it impossible to confuse. (e.g., ""The instructions were clear."")
    •	**Distinct** — Clearly different from other things of the same type; easy to see, hear, or feel. ""Distinct"" focuses more on being separate and individual, while ""unmistakable"" emphasizes that this distinctness makes it impossible to confuse. (e.g., ""The two flavors were distinct."")
    •	**Evident** — Clearly seen or understood; obvious. ""Evident"" is often used for things that are proven or factual, like evidence, and can be a bit more formal than ""unmistakable."" (e.g., ""It was evident that they had practiced hard."")"
5203,resemblance,"# resemblance

## Meaning (easy English)

**Resemblance** means that two or more things are similar to each other, often in how they look. It describes a likeness or a shared quality, especially in appearance.

⸻

## Nuance
*   **Resemblance** is a standard word. It's a little more formal than just saying ""similarity"" in everyday conversation, but it's not overly academic.
*   It is very often used to talk about how people or things look physically similar (e.g., ""She has a strong resemblance to her grandmother"").
*   You can also use it for non-physical similarities, like between ideas, styles, or patterns (e.g., ""There's a resemblance between the two paintings' styles"").
*   It often comes with adjectives that show *how much* similarity there is, such as ""strong,"" ""striking"" (meaning very strong), ""faint,"" or ""slight"" (meaning a little).

⸻

## Example sentences
*   There's a striking **resemblance** between the two sisters, even though they are not twins.
*   The architect noticed a faint **resemblance** between the new building and an old European castle.
*   Despite living in different centuries, the two poets' writing styles show a surprising **resemblance**.

⸻

## Synonyms (with short notes about the differences)
*   **Similarity** — This is the most common and general word for things being alike. It can be used for any kind of likeness, whether physical or abstract.
*   **Likeness** — Very close in meaning to resemblance, and often used for physical appearance. It can sometimes feel a bit simpler or more direct.
*   **Parallel** — Describes a similarity between two things, often ideas, events, or situations, that develop or exist in a similar way, even if they are otherwise different. It suggests a comparable structure or pattern."
5204,displease,"# displease

## Meaning (easy English)

To **displease** someone means to make them feel unhappy, annoyed, or dissatisfied. It is the opposite of ""to please"" someone.

When something displeases you, it means it causes a negative feeling in you, often because it doesn't meet your expectations or goes against what you like.

⸻

## Nuance
*   **Feel:** ""Displease"" sounds quite formal. It suggests causing a mild to moderate level of unhappiness or dissatisfaction, rather than very strong anger.
*   **When used:** It is often used in more formal written English, official statements, or when talking about things that go against rules, expectations, or good manners. It's less common in everyday spoken English, where people might use words like ""annoy"" or ""upset.""
*   **Formality:** Formal.

If you hear or read ""displease,"" you can imagine someone expressing their unhappiness or disapproval in a polite or official way.

⸻

## Example sentences
*   The manager was **displeased** by the team's poor performance.
*   I hope my honest opinion does not **displease** you.
*   Her parents were greatly **displeased** to learn she had failed the exam.

⸻

## Synonyms (with short notes about the differences)
*   **Annoy** — (less formal) To make someone feel slightly angry, impatient, or irritated. *(""His loud music always annoys his neighbors."")*
*   **Upset** — (less formal, broader) To make someone feel sad, worried, or angry. It covers a wider range of negative emotions. *(""The bad news really upset her."")*
*   **Offend** — (stronger) To make someone feel hurt or angry, often because of a rude, disrespectful, or inappropriate action or comment. *(""His joke offended some people in the audience."")*
*   **Dissatisfy** — (similar formality) To fail to meet someone's expectations or needs, causing them to be unhappy with the result. *(""The slow service dissatisfied many customers."")*"
5205,cheaply,"# cheaply

## Meaning (easy English)

""Cheaply"" means doing something or getting something for a low price, or using very little money.

It can also describe something that is made or done with bad quality or not enough care, often because someone tried to save money.

⸻

## Nuance
*   **Positive/Neutral:** When you talk about buying something or doing something for a low price, ""cheaply"" can be a good thing. It means you saved money.
    *   _Example:_ ""I bought the tickets cheaply."" (Good deal!)
*   **Negative:** When ""cheaply"" refers to how something was made or done, it often means with poor quality, not enough effort, or using bad materials. In this case, it usually has a negative feeling.
    *   _Example:_ ""The repairs were done cheaply."" (They probably won't last.)
*   **Formality:** It is a common word used in everyday conversation and writing, generally neutral to informal.

⸻

## Example sentences
*   You can eat very **cheaply** if you cook your own meals instead of eating out.
*   The furniture was made **cheaply**, so it broke after only a few months.
*   She managed to decorate her whole apartment quite **cheaply** by buying second-hand items.

⸻

## Synonyms (with short notes about the differences)
*   **Inexpensively** — Means at a low cost, but it usually sounds more positive or neutral than ""cheaply."" It focuses only on the price and does not suggest bad quality.
    *   _Example:_ ""You can travel *inexpensively* if you plan ahead.""
*   **Affordably** — Means something is priced so that many people can buy it. It focuses on being within financial reach and is always positive.
    *   _Example:_ ""The store sells good quality clothes *affordably*.""
*   **Poorly** — This synonym is used when ""cheaply"" means low quality or badly done. It doesn't refer to price.
    *   _Example:_ ""The work was done *poorly*, and we had to redo it.""
*   **Shoddily** — This is a stronger, more negative word. It means something was made or done very carelessly and with very bad quality, often to save money.
    *   _Example:_ ""The house was built *shoddily*, and there were many problems."""
5206,coarse,"# coarse

## Meaning (easy English)

""Coarse"" has two main meanings:

1.  **Texture:** Something that is **coarse** feels rough and not smooth. It is often made of large pieces, thick threads, or big grains.
    *   *Example:* Coarse sand has bigger grains than fine sand. Coarse fabric feels scratchy.
2.  **Behavior or Language:** When behavior or language is **coarse**, it means it is rude, impolite, or not refined. It can be a bit vulgar or offensive.
    *   *Example:* Coarse jokes might make some people uncomfortable because they are not polite.

⸻

## Nuance
    •	**For texture:** ""Coarse"" describes something that lacks fineness or smoothness. It's often a neutral description (like coarse salt for cooking) but can sometimes imply a lack of quality or comfort (like coarse fabric for clothing that feels scratchy).
    •	**For behavior/language:** This use of ""coarse"" is always negative. It suggests a lack of good manners, education, or sensitivity. It's less strong than ""vulgar"" but still implies something inappropriate for polite company.
    •	**Formality:** When describing texture, it's a neutral descriptive word. When describing behavior or language, it's a critical, descriptive word that highlights rudeness or lack of refinement.

⸻

## Example sentences
    •	The path was covered with **coarse** gravel, making it a bit difficult to walk smoothly.
    •	Some people found the comedian's humor a bit **coarse**, but others thought it was funny.
    •	She used **coarse** flour to bake a rustic, hearty bread, which had a rich texture.

⸻

## Synonyms (with short notes about the differences)
    •	**Rough** — Very similar for texture. ""Rough"" is a more general word for not smooth. ""Coarse"" often specifically suggests larger particles, fibers, or an unrefined state (e.g., a rough road vs. coarse sand).
    •	**Crude** — For behavior/language, ""crude"" is very close to ""coarse,"" meaning unrefined or vulgar. It can also mean ""simple"" or ""not skillfully made"" (e.g., a crude drawing).
    •	**Harsh** — Can describe texture (harsh fabric), but also sounds, light, or conditions. It often implies something unpleasant or painful.
    •	**Vulgar** — Stronger than ""coarse"" for language/behavior. ""Vulgar"" specifically means offensive, indecent, or related to rude sexual or bodily topics.
    •	**Unrefined** — Good for both texture and behavior. It means ""not made elegant, smooth, or cultured."" It's a bit more formal than ""coarse"" for describing behavior."
5207,dissatisfy,"# dissatisfy

## Meaning (easy English)

To ""dissatisfy"" means to make someone feel unhappy, not pleased, or not content. This happens when something does not meet their expectations, hopes, or needs.

It is the opposite of ""satisfy."" When something dissatisfies you, it leaves you feeling let down or wishing for something better.

⸻

## Nuance
*   **Feeling:** It describes the act of causing a lack of contentment or a feeling of being let down.
*   **Usage:** It is often used when talking about products, services, results, or experiences that do not meet a desired standard. You might hear it in business contexts (e.g., customer service), or when discussing general experiences.
*   **Formality:** It is a standard, neutral word. It is not overly formal or informal, making it suitable for many situations.
*   **Common form:** While ""dissatisfy"" is the verb, you often hear the adjective ""dissatisfied"" (e.g., ""The customer was *dissatisfied* with the service"").

⸻

## Example sentences
*   The long wait time and rude staff *dissatisfied* many customers.
*   If the new software continues to have bugs, it will *dissatisfy* its users.
*   He was worried his work would *dissatisfy* his demanding professor.

⸻

## Synonyms (with nuance)
*   **Disappoint:** To make someone sad or unhappy because something they hoped for did not happen, or someone did not meet their expectations. (Often focuses more on *dashed hopes* or personal let-down.)
*   **Displease:** To make someone feel annoyed, slightly angry, or offended. (Often about a specific action or behavior that causes mild irritation or offence.)
*   **Frustrate:** To make someone feel annoyed or upset because they cannot achieve something or make progress. (Implies an obstacle or difficulty preventing success.)
*   **Underwhelm:** To fail to impress or excite someone; to be less interesting or exciting than expected. (Often used when something is just 'okay' but you expected more, leading to a mild form of dissatisfaction.)"
5208,trusting,"# trusting

## Meaning (easy English)

""Trusting"" describes a person who easily believes that other people are honest, good, and will not try to harm them or lie to them. They tend to have faith in others, sometimes without needing a lot of proof.

It means you are quick to put your confidence in someone.

⸻

## Nuance
*   **Positive side:** It can suggest someone is open, innocent, and believes in the good intentions of others. For example, ""She has a trusting heart.""
*   **Negative side:** It can also suggest someone is too easily fooled, not cautious enough, or perhaps a little naive, especially if they trust people they shouldn't. For example, ""He was too trusting and got tricked.""
*   It describes a **general tendency** or **personality trait**, not just one single act of trust.
*   It is a common word used in everyday conversation, so it is **neutral** in formality.

⸻

## Example sentences
*   My little sister is very **trusting**; she believes almost everything people tell her.
*   It's good to be **trusting**, but you should still be careful with your money, especially with strangers.
*   He has a kind and **trusting** smile that makes you feel comfortable around him.

⸻

## Synonyms (with nuance)
*   **Gullible** (negative): This is a stronger, negative word. Someone who is gullible is *too easily tricked or fooled* because they believe everything they hear, even if it's not true. A trusting person *might* be gullible, but not always.
*   **Naïve** (can be negative or neutral): Means lacking experience or knowledge of the world, so you might be trusting because you don't understand potential dangers or bad intentions.
*   **Credulous** (negative, slightly more formal): Very similar to gullible; someone who is too ready to believe things, often without good reason.
*   **Confiding** (neutral/positive): Describes someone who is willing to *share secrets or personal thoughts* with others because they trust them. ""Confiding"" is about *showing* trust through sharing, while ""trusting"" is about *having* trust as a general quality."
5209,shameful,"# shameful

## Meaning (easy English)

""Shameful"" describes something that is very bad, wrong, or embarrassing, and it makes you or other people feel a strong, painful feeling called 'shame'. When something is shameful, it means it goes against what is considered right or acceptable, and it causes deep embarrassment, regret, or dishonor.

⸻

## Nuance
*   ""Shameful"" carries a very strong negative emotion. It's not just ""bad""; it means something is morally wrong, deeply embarrassing, or humiliating.
*   It is often used when an action, situation, or person has failed badly in a way that goes against good behavior, honesty, or social rules.
*   It causes a feeling of disgrace, not just for the person involved but sometimes for a group or society.
*   This word is quite serious and expresses strong disapproval. It suggests a deep sense of regret or dishonor.

⸻

## Example sentences
*   It's **shameful** that some businesses exploit their workers with low wages and poor conditions.
*   The politician's lies to the public were considered absolutely **shameful** by many voters.
*   The athlete's rude behavior towards his opponents was truly **shameful** and disrespectful.

⸻

## Synonyms (with short notes about the differences)
*   **disgraceful** — Very similar; it means something causes a loss of respect or honor for a person, group, or reputation. It brings disgrace.
*   **embarrassing** — Describes something that makes you feel awkward or self-conscious. It's usually less serious and less about moral wrongness than ""shameful.""
*   **scandalous** — Describes something that causes public shock and outrage, often because of immoral or improper behavior. It often involves a public sensation.
*   **appalling** — Describes something so bad or unpleasant that it causes shock, horror, or disgust. It focuses more on the extreme negative impact or cruelty rather than the feeling of shame itself."
5210,dump,"# dump

## Meaning (easy English)

""Dump"" has a few main uses:

As a **verb**:
1.  To throw away or get rid of something, especially unwanted items or waste, often quickly and carelessly.
    *   *Example: Don't **dump** your old clothes on the floor; put them in the donation bin.*
2.  To put something down suddenly or heavily, without much care.
    *   *Example: She **dumped** her heavy bag on the table and sighed.*
3.  (Informal) To end a romantic relationship with someone.
    *   *Example: He was sad because his girlfriend **dumped** him last week.*

As a **noun**:
1.  A place where a lot of trash or waste is taken and left.
    *   *Example: We took the broken washing machine to the local **dump**.*
2.  (Informal) A very dirty, messy, or unpleasant place.
    *   *Example: This old apartment is a real **dump**, but it's cheap.*

⸻

## Nuance
*   ""Dump"" often suggests doing something quickly, carelessly, or without much thought.
*   It is generally informal, especially when you use it to talk about ending a relationship or describing a messy place.
*   When used for throwing things away, it can imply a lack of care for where the items go, sometimes even illegally (e.g., ""dumping rubbish by the road"").
*   It often carries a slightly negative feeling, showing that something is unwanted, unimportant, or not treated well.

⸻

## Example sentences
*   The company was fined for **dumping** chemical waste into the river.
*   My friend was really upset after her boyfriend **dumped** her for someone else.
*   I can't invite anyone over right now; my room is a total **dump**!

⸻

## Synonyms (with short notes about the differences)
*   **Discard** (verb) — To get rid of something because it is no longer useful or wanted. More neutral and slightly more formal than ""dump.""
*   **Dispose of** (verb) — To get rid of something, often carefully and according to rules. More formal than ""dump.""
*   **Break up with** (verb, informal) — To end a romantic relationship. This is the most common and less harsh way to say it compared to ""dump.""
*   **Landfill** (noun) — An official, engineered site where a lot of waste is buried. More formal and technical than ""dump.""
*   **Mess** (noun) — A general state of untidiness. ""Dump"" implies a much worse, more unpleasant mess."
5211,trash,"# trash

## Meaning (easy English)

""Trash"" has two main meanings:

1.  **Things you throw away:** This is the most common meaning. ""Trash"" refers to waste material that you no longer want or need, such as old food, empty packaging, broken items, or paper. You put it in a bin to be taken away.
2.  **Something of very poor quality:** ""Trash"" can also mean something that is bad, worthless, or of very low quality. This can apply to ideas, art, movies, books, or even people's behavior.

⸻

## Nuance
*   **Usage (physical waste):** ""Trash"" is the most common word for household waste in **American English**.
*   **Usage (poor quality):** When used to describe something as bad, it is usually **informal** and expresses a strong, often negative, opinion. For example, calling a movie ""trash"" means you think it's terrible.
*   **Formality:** Generally, ""trash"" is an **informal** word. In more formal contexts, you might use ""waste"" or ""refuse.""

⸻

## Example sentences
*   Please take out the **trash**; the bin is full and smells bad.
*   The city collects our household **trash** every Wednesday morning.
*   I can't believe I finished that book; it was complete **trash** from beginning to end.

⸻

## Synonyms (with short notes about the differences)
*   **Garbage** (US English) — Very similar to ""trash"" and often used interchangeably for household waste in American English.
*   **Rubbish** (UK English) — This is the main word for ""trash"" or ""garbage"" in British English. It can also mean ""something of poor quality"" in British English.
*   **Waste** — A more general and slightly more formal term. It can refer to any material that is no longer useful, including industrial waste, food waste, or even wasted time.
*   **Junk** — Often refers to old, unwanted items that might have some minor value but are mostly useless (like old furniture, broken electronics, or useless papers). It's less often used for everyday food waste."
5212,eliminate,"# eliminate

## Meaning (easy English)

To **eliminate** something means to completely remove or get rid of it. Often, this is done because the thing is unwanted, unnecessary, or causes a problem.

When you eliminate something, it means you make it disappear or stop existing.

⸻

## Nuance
*   **Strong and complete:** ""Eliminate"" suggests a full and final removal. It's stronger than just ""remove"" because it implies getting rid of something entirely, so it no longer exists or is a problem.
*   **Often strategic or intentional:** People often ""eliminate"" things as part of a plan or strategy, like eliminating a risk, a competitor, or a step in a process.
*   **Can be formal or neutral:** It's a common word used in many contexts, from everyday speech to scientific reports. It's not overly formal but sounds more decisive than very casual phrases.
*   **Used for various things:** You can eliminate problems, people (in competitions), options, waste, or even diseases.

⸻

## Example sentences
*   The company decided to **eliminate** several unnecessary steps to make the process more efficient.
*   After losing the last game, their team was **eliminated** from the football tournament.
*   Scientists are working hard to **eliminate** the disease from the world.

⸻

## Synonyms (with short notes about the differences)
*   **remove** — To take something away. ""Remove"" can be less complete or permanent than ""eliminate."" You can remove something temporarily, but ""eliminate"" means it's gone for good.
*   **get rid of** — A more informal way to say you want something gone. It has a similar meaning to ""eliminate,"" especially for unwanted things, but ""eliminate"" often sounds more planned or official.
*   **eradicate** — A very strong word, usually used for completely destroying or getting rid of something bad, like a disease or a social problem, on a large scale. ""Eliminate"" can be used for smaller things or problems.
*   **abolish** — To officially end a law, system, or practice. ""Eliminate"" is broader; ""abolish"" is specific to rules or institutions."
5213,stale,"# stale

## Meaning (easy English)

When something is ""stale,"" it means it is no longer fresh, new, or interesting.

1.  **For food (especially baked goods like bread or cookies):** It means the food has become hard, dry, or lost its good taste because it has been kept for too long. It is no longer pleasant to eat.
2.  **For air:** It means the air in a room or space is not fresh and pleasant; it feels old or stuffy.
3.  **For ideas, jokes, or situations:** It means they are no longer new, exciting, or effective because they have been used, heard, or experienced too many times. They have become boring or uninspired.

⸻

## Nuance
*   **Feeling:** ""Stale"" almost always carries a negative feeling. It suggests a loss of quality, excitement, or effectiveness over time.
*   **Usage:** It's very commonly used for food (e.g., ""stale bread,"" ""stale chips"") and for air (e.g., ""stale air in a closed room""). It's also frequently used to describe non-physical things like jokes, ideas, arguments, or even relationships that have become dull or uninspired.
*   **Implication:** The word implies a decline from an original fresh, new, or interesting state. Something that is stale *was once* fresh or exciting.
*   **Formality:** It's a common, everyday word used in informal and general conversation.

⸻

## Example sentences
*   Don't eat that bread; it's gone completely **stale** and hard.
*   We need to open a window; the air in this office feels really **stale**.
*   His jokes are starting to sound a bit **stale**; he needs some new material.

⸻

## Synonyms (with short notes about the differences)
*   **Old** — (General) Describes something that has existed for a long time. ""Stale"" is more specific; it describes *how* something is old—it has lost its freshness or quality (e.g., an *old* car vs. *stale* bread).
*   **Dry** — (Food specific) Means lacking moisture. Stale food is often dry, but not all dry food is stale (e.g., crackers are dry but fresh). ""Dry"" focuses on the texture, while ""stale"" focuses on the loss of freshness and taste.
*   **Boring** — (Ideas/things) Means not interesting or exciting. ""Stale"" often implies something *became* boring because it lost its original freshness or newness (e.g., a *boring* movie vs. a *stale* joke that used to be funny).
*   **Outdated** — (Ideas/information) Means no longer current, modern, or relevant because something newer has appeared. ""Stale"" can be similar, but ""outdated"" often refers to information or technology, while ""stale"" can refer to a general lack of energy or freshness in anything."
5214,odor,"# odor

## Meaning (easy English)

An **odor** is a specific smell that you notice, usually a strong one. It can be pleasant or unpleasant, but often people use ""odor"" when the smell is not very nice or when they want to describe a particular smell in a more formal way.

⸻

## Nuance
*   **Formality:** ""Odor"" is more formal and slightly more objective than the common word ""smell.""
*   **Connotation:** While it *can* describe pleasant smells (like ""the odor of roses""), it is very often used for neutral, strong, or unpleasant smells. For pleasant smells, words like ""fragrance"" or ""scent"" are more common.
*   **Usage:** You often hear ""odor"" in contexts like ""body odor,"" ""strange odor,"" or ""chemical odor,"" especially when the smell is something you want to identify or remove. It's common in scientific or medical descriptions.

If you hear ""odor,"" you can imagine someone describing a distinct smell that they've noticed, and it might not always be a good one.

⸻

## Example sentences
*   There was a strange chemical **odor** coming from the old pipes.
*   He tried to get rid of the strong **odor** of smoke from his clothes.
*   The room had a faint, musty **odor** after being closed for so long.

⸻

## Synonyms (with short notes about the differences)
*   **smell** — The most general and common word for what you sense with your nose. Can be good or bad, formal or informal. ""Odor"" is more specific and slightly more formal.
*   **scent** — Usually a pleasant, often natural, smell (e.g., the scent of flowers, an animal's scent). It often implies a delicate or attractive quality. ""Odor"" is less likely to be used for something delicate or attractive.
*   **fragrance** — Almost always refers to a very pleasant, often strong, smell, usually from flowers, perfume, or food. It has a strong positive feeling. ""Odor"" rarely has such a strong positive feeling.
*   **stench** / **reek** — Both mean a very strong, extremely bad, and offensive smell. They are always negative. ""Odor"" can be bad, but ""stench"" and ""reek"" describe a much worse smell."
5215,unsatisfactory,"# unsatisfactory

## Meaning (easy English)

If something is **unsatisfactory**, it means it is not good enough. It does not meet the expected standard, quality, or requirements. It often causes disappointment because it fails to be acceptable or suitable.

You can think of it as ""not satisfactory,"" meaning ""not pleasing"" or ""not good enough.""

⸻

## Nuance
*   **Unsatisfactory** often sounds formal and objective. It's used when someone is making an evaluation or judgment based on a standard.
*   It's commonly used in official reports, academic feedback, business reviews, or when discussing performance, conditions, or service.
*   It suggests that something has failed to reach a required level, rather than just being ""bad."" It implies there was a standard that was not met.
*   While it's negative, it's usually less emotional than saying something is ""terrible"" or ""awful."" It's more of a measured assessment.

⸻

## Example sentences
*   The student's essay received an **unsatisfactory** grade because it had too many errors.
*   Many customers complained about the **unsatisfactory** service they received at the restaurant.
*   Inspectors found the safety conditions in the old factory to be **unsatisfactory** and ordered improvements.

⸻

## Synonyms (with short notes about the differences)
*   **Poor** — A general word for low quality or bad condition. It's less formal than ""unsatisfactory."" (e.g., ""The food was poor."")
*   **Inadequate** — Means not enough or not good enough for a specific purpose. It often focuses on quantity or sufficiency. (e.g., ""The training was inadequate for the complex task."")
*   **Substandard** — Explicitly means below the usual or required standard. It's very close in meaning to ""unsatisfactory"" but often emphasizes a fixed, measurable standard. (e.g., ""The repairs were substandard."")
*   **Disappointing** — Describes something that causes a feeling of sadness or frustration because it was not as good as hoped or expected. It focuses more on the emotional effect. (e.g., ""The movie was very disappointing."")"
5216,Muslim,"# Muslim

## Meaning (easy English)

A Muslim is a person who follows the religion of Islam. Islam is a religion that believes in one God, who is called Allah in Arabic.

Muslims believe that Muhammad was the last prophet sent by God, and they follow the teachings found in their holy book, the Quran.

⸻

## Nuance
*   **Neutral and Descriptive:** ""Muslim"" is a neutral word used to describe someone's religious identity. It's like saying ""Christian"" or ""Buddhist.""
*   **Global Diversity:** Muslims come from all over the world and belong to many different cultures, ethnic groups, and nationalities. They are not all from the Middle East.
*   **Usage:** It can be used as a noun (e.g., ""She is a Muslim"") or as an adjective (e.g., ""He lives in a Muslim country,"" ""Muslim traditions"").
*   **Formality:** It is a standard, appropriate term for all situations, from casual conversation to formal academic writing.

⸻

## Example sentences
*   My new colleague is a Muslim and will be observing Ramadan next month.
*   Muslims around the world gather in mosques for prayer, especially on Fridays.
*   The community center organized an event to celebrate the rich Muslim culture in the city.

⸻

## Synonyms (with nuance)

It's important to know that ""Muslim"" is a specific term for a person following Islam, so there aren't exact one-word synonyms. However, here are some related terms and common distinctions:

*   **Follower of Islam** — This is a descriptive phrase, not a single word, that means the same thing as ""Muslim."" It's useful if you want to explain the term.
*   **Islamic** — This is an **adjective** that describes things related to Islam or Muslims (e.g., ""Islamic art,"" ""Islamic law,"" ""Islamic culture""). It is *not* used to refer to a person. You wouldn't say ""He is an Islamic"" (you'd say ""He is a Muslim"").
*   **Arab** — This refers to an **ethnic or linguistic group** of people, mainly from the Middle East and North Africa. Many Arabs are Muslim, but not all Muslims are Arab (e.g., there are many Muslims in Indonesia, India, and Africa who are not Arab), and not all Arabs are Muslim (e.g., there are Arab Christians). It's important not to confuse ethnicity with religion.
*   **Mohammedan** — This is an older term for a Muslim that is now **rarely used and can be considered outdated or even offensive** by some. It implies worship of Muhammad rather than God. It's best to avoid this term and use ""Muslim"" instead."
5217,earnestly,"# earnestly

## Meaning (easy English)

""Earnestly"" is an adverb. It means doing something in a very serious and sincere way. When you do something *earnestly*, you show that you truly mean what you say or do, and that you care about it deeply. It suggests strong feeling, purpose, and a lack of joking.

## Nuance
*   **How it feels:** Serious, sincere, heartfelt, and sometimes a little intense. It shows that someone is not joking and truly believes in what they are saying or doing.
*   **When it's used:** It's often used when someone is making an important request, giving advice, expressing a strong belief, or working hard towards a goal.
*   **Formality:** It's not overly formal, but it's more serious than everyday casual language. It adds weight and importance to an action or statement.

## Example sentences
*   She *earnestly* requested that the committee reconsider her proposal, explaining all her reasons.
*   The students listened *earnestly* to the professor's lecture, taking careful notes to understand everything.
*   He *earnestly* believed that hard work and dedication would eventually lead to success.

## Synonyms (with short notes about the differences)
*   **Seriously** (adverb) – means doing something without joking, showing that it is important. ""Earnestly"" often adds a stronger feeling of deep belief or desire than ""seriously.""
*   **Sincerely** (adverb) – means honestly and truly, from the heart. ""Earnestly"" often includes sincerity but also a strong effort or deep conviction behind the action.
*   **Diligently** (adverb) – means working carefully and with great effort. While ""earnestly"" can involve effort, ""diligently"" focuses more on the carefulness and persistence of the work itself, not necessarily the strong feeling behind it."
5218,endeavor,"# endeavor

## Meaning (easy English)

**Endeavor** means to try very hard to achieve something, especially something difficult or important.
It can be used as a verb (to try hard) or as a noun (a serious attempt or effort).

When you **endeavor** to do something, you put a lot of effort and determination into reaching a goal.
As a noun, an **endeavor** is a serious project or a challenging task that you are working on.

⸻

## Nuance
*   **Formal and serious:** ""Endeavor"" sounds much more formal and serious than simply ""try"" or ""attempt.""
*   **Implies determination:** It suggests that the task is challenging and requires significant effort, commitment, and often courage.
*   **Often used for important goals:** You typically use ""endeavor"" for big projects, noble goals, or significant efforts, rather than small, everyday tasks.
*   **More common in written English:** It is more frequently found in formal writing, speeches, academic texts, or business communications than in casual conversation.

⸻

## Example sentences
*   We must **endeavor** to understand and respect different cultures. (verb)
*   Her latest business **endeavor** involves developing sustainable energy solutions. (noun)
*   Learning a new instrument can be a challenging but rewarding **endeavor**. (noun)

⸻

## Synonyms (with nuance)
*   **Try** — The most common and informal word. Can be used for any attempt, big or small, with less emphasis on difficulty or intense effort.
*   **Attempt** — More formal than ""try,"" but less formal and less strong than ""endeavor."" Can be a verb or noun; suggests making an effort but doesn't always imply great difficulty or strong determination.
*   **Effort** — Focuses on the physical or mental energy used to do something. ""Endeavor"" often *is* an effort, but ""effort"" itself doesn't always imply a specific, long-term goal or a particularly challenging task. (e.g., ""It took some effort to lift the box."")
*   **Undertaking** — A formal word for a task or project, often large or complex. Very similar to ""endeavor"" as a noun, but ""endeavor"" puts a stronger focus on the *striving* and *hard work* involved, while ""undertaking"" emphasizes the *act of taking on* the task."
5219,Islam,"# Islam

## Meaning (easy English)

Islam is a major world religion that teaches there is only one God. This God is called Allah in Arabic.
People who follow Islam are called Muslims. They believe that Muhammad is the last prophet sent by God, and their holy book is called the Quran.

Islam is practiced by millions of people across the globe. The word ""Islam"" itself means ""submission to God's will.""

⸻

## Nuance
*   ""Islam"" is a proper noun, so it is always capitalized.
*   It is a neutral and factual term used when talking about the religion, its history, culture, beliefs, or practices.
*   It refers to a complete way of life, including religious duties, moral principles, and laws.
*   When you hear ""Islam,"" you can imagine a global religion with a rich history, diverse cultures, and a strong emphasis on community and devotion to God.

⸻

## Example sentences
*   Islam has a long and rich history, contributing greatly to art, science, and philosophy.
*   Many people learn about Islam by reading the Quran and studying the teachings of Prophet Muhammad.
*   The five pillars of Islam are important practices that guide the daily lives of Muslims worldwide.

⸻

## Synonyms (with nuance)
*   **Muslim** — This is a *person* who follows Islam, not the religion itself. (e.g., ""She is a Muslim."" ""Islam is her religion."")
*   **Religion** — A general term for a system of faith and worship; Islam is *a* religion, but not all religions are Islam. (e.g., ""Islam is one of the world's largest religions."")
*   **Faith** — Can refer to a strong belief in God or a particular religion. While one can speak of ""the Islamic faith,"" ""Islam"" is the specific name of the religion. ""Faith"" can also be more personal. (e.g., ""His faith in God is strong."" ""People of the Islamic faith."")
*   **Monotheism** — The belief in one God. Islam is a monotheistic religion, but this term describes a *type* of belief, not the specific religion itself (e.g., Christianity and Judaism are also monotheistic)."
5220,equip,"# equip

## Meaning (easy English)

To **equip** means to give someone or something the necessary tools, clothes, skills, or items they need for a particular activity or purpose.

It means to make someone or something ready for a task or situation by providing what is essential.

⸻

## Nuance
*   **Feeling:** Practical and about preparation. It suggests making sure someone or something has everything required to succeed or function well.
*   **Usage:** Can be used for physical objects (e.g., a kitchen, a soldier) or for abstract things (e.g., a person with knowledge, a team with skills).
*   **Formality:** Generally neutral. It's not overly formal or informal, making it suitable for many everyday and professional situations.
*   It emphasizes providing *what is needed* to perform a specific function or face a situation successfully.

⸻

## Example sentences
*   The school aims to **equip** its students with the skills they need for future jobs.
*   We need to **equip** the new office with desks, chairs, and computers before the team arrives.
*   Before climbing the mountain, make sure you are properly **equipped** with warm clothes and safety gear.

⸻

## Synonyms (with nuance)
*   **Provide** — More general; simply means to give something. ""Equip"" specifically means to provide what is *necessary* for a *purpose*.
*   **Supply** — Often means to give a quantity of something regularly or as needed. ""Equip"" focuses more on making ready for a specific task or situation.
*   **Furnish** — Usually means to provide furniture or fittings for a room or building. It's more specific to interiors.
*   **Outfit** — Very similar, often used for clothing or specialized gear for an activity (e.g., ""outfit a sports team""). ""Equip"" is broader and can include skills or resources.
*   **Arm** — Can mean to provide weapons, but also metaphorically to give someone knowledge or tools to deal with a challenge. It often suggests preparing for a difficult situation or conflict."
5221,electron,"# electron

## Meaning (easy English)

An electron is an extremely small particle that is a basic part of every atom. It carries a negative electrical charge and moves around the central part (nucleus) of the atom.

Electrons are fundamental to understanding electricity, light, and how chemical reactions happen.

⸻

## Nuance
*   ""Electron"" is a scientific and technical term.
*   You will hear this word most often in subjects like physics, chemistry, and technology, or in educational settings when people explain how electricity, light, or matter works.
*   It is a precise and objective word, not informal at all. When you use it, you are talking about a specific scientific concept.

⸻

## Example sentences
*   An atom's structure includes protons, neutrons, and electrons.
*   Electricity is essentially the movement of electrons through a conductor, like a wire.
*   In chemical reactions, atoms share or exchange electrons to form new bonds.

⸻

## Synonyms (with nuance)
There are no true synonyms for ""electron"" because it is a specific type of fundamental particle. However, here are some related terms you might hear when talking about atoms or electricity:

*   **proton** — another particle found in an atom, but it has a *positive* electrical charge and is much heavier. Protons are located in the atom's center (nucleus).
*   **neutron** — another particle in the atom's center (nucleus), but it has *no* electrical charge.
*   **atom** — the basic unit of matter. An atom is made up of protons, neutrons, and electrons. An electron is just one part of an atom.
*   **ion** — an atom or molecule that has gained or lost one or more electrons, giving it a net electrical charge (positive or negative).
*   **electrical current** — the the flow of electrons through a conductor (like a wire). It's the movement *of* electrons, not an electron itself."
5222,microscope,"# microscope

## Meaning (easy English)

A microscope is a scientific tool that makes very small objects look much bigger than they are. It helps us see tiny details that are impossible to see with our normal eyes.

Scientists, doctors, and students use microscopes to study things like cells, bacteria, viruses, or very small parts of plants and animals.

⸻

## Nuance
    •	Sounds scientific, precise, and is used for detailed observation of the very small world.
    •	It is commonly used in science classrooms, laboratories, hospitals, and research facilities.
    •	The word itself is neutral in formality; it's a standard term for a specific scientific instrument.
    •	When you hear ""microscope,"" you can imagine exploring hidden worlds that are invisible to the naked eye.

⸻

## Example sentences
    •	The scientist used a powerful microscope to examine the new type of bacteria.
    •	In biology class, we learned how to prepare slides and look at plant cells under the microscope.
    •	Without a microscope, it would be impossible for doctors to identify many types of infections.

⸻

## Synonyms (with nuance)
    •	**magnifying glass** — a simpler, handheld lens that makes objects look bigger, but not as powerfully or with as much detail as a microscope. It's used for less detailed viewing (e.g., reading small print or looking at a stamp).
    •	**telescope** — an instrument that makes *distant* objects (like stars or planets) appear closer and larger, not tiny objects that are close up.
    •	**magnifier** — a general term for any device that makes things appear larger. A microscope is a type of magnifier, but ""magnifier"" can also refer to simpler tools like a magnifying glass."
5223,murderer,"# murderer

## Meaning (easy English)

A **murderer** is a person who intentionally and unlawfully kills another human being.
This means they planned or meant to kill someone, and it is a very serious crime, not allowed by law.

⸻

## Nuance
*   This word carries a very strong, negative, and serious feeling. It describes someone who has committed one of the worst possible crimes.
*   You will most often hear ""murderer"" in news reports about violent crimes, in courtrooms, or in crime stories (like books or movies).
*   It is a formal and direct term, not casual. When you use ""murderer,"" you are clearly stating that a person has committed the crime of murder, which usually involves intent and malice. It often comes with feelings of anger, fear, or condemnation.

⸻

## Example sentences
*   The police finally caught the suspected **murderer** after a long investigation.
*   The court found him guilty and sentenced the **murderer** to life in prison.
*   People were shocked to learn that the quiet neighbor was actually a **murderer**.

⸻

## Synonyms (with nuance)
*   **Killer** — A more general word for someone who causes death. It can be used for a murderer, but it also includes people who kill by accident, in self-defense, or even legally (like a soldier in war). So, ""killer"" is broader.
*   **Assassin** — A person who kills an important person, often for political reasons or money. This kind of killing is usually planned and specific to a target.
*   **Manslayer** — A legal term for someone who kills another person without planning to or without evil intent. This is often called ""manslaughter,"" which is a less severe crime than ""murder"" because it lacks the full intent."
5224,execute,"# execute

## Meaning (easy English)

""Execute"" has several important meanings:

1.  **To carry out or complete a plan, order, or task:** This means to successfully do something you planned or were told to do. It often suggests doing it carefully and effectively.
    *   *Example:* ""The company needs a good strategy, but also the ability to **execute** it well.""

2.  **To put a person to death as a legal punishment:** This means to kill someone because they have been found guilty of a serious crime, following a legal process.
    *   *Example:* ""In some countries, people can be **executed** for certain crimes.""

3.  **For a computer to run a program or command:** This means for a computer to start and perform the actions of a piece of software or an instruction.
    *   *Example:* ""The computer couldn't **execute** the command because of an error.""

4.  **To sign and make a legal document valid:** This means to complete all the necessary steps, especially signing, to make a legal document officially valid and binding.
    *   *Example:* ""Both parties must **execute** the contract before work can begin.""

⸻

## Nuance
*   **Formality:** ""Execute"" is generally a **formal** word.
*   **Feel and Usage:**
    *   When talking about plans or tasks (Meaning 1), it often sounds **professional, precise, and decisive**. It implies skill and efficiency in completing something.
    *   When talking about legal punishment (Meaning 2), it is a very **serious and harsh** word. It is used in legal, historical, and criminal justice contexts related to capital punishment.
    *   In computing (Meaning 3), it is a **technical** term, common and neutral in that field.
    *   For legal documents (Meaning 4), it is a **formal legal term**.

If you hear ""execute,"" the context will usually make it clear which meaning is intended.

⸻

## Example sentences
*   The project manager's job is to ensure the team can **execute** the plan on time and within budget.
*   Historically, kings would often **execute** those found guilty of treason against the crown.
*   After installing the software, you can click the icon to **execute** the application.

⸻

## Synonyms (with short notes about the differences)

Here are synonyms for the most common meanings of ""execute"":

**For ""to carry out a plan/task"":**
*   **perform** — A more general word for doing something; ""execute"" often implies more precision, skill, or following a detailed plan.
*   **carry out** — Very similar; often interchangeable. ""Execute"" can sound slightly more formal or emphasize the successful completion of a strategy.
*   **implement** — Specifically means to put a decision, plan, or system into effect. Very close to ""execute"" in this context, but ""implement"" focuses more on the *start* of putting it into practice, while ""execute"" covers the *entire process* of doing it.
*   **accomplish** — Focuses on achieving a goal or completing something successfully, often something difficult. ""Execute"" is about the *action* of doing it, ""accomplish"" is about the *result*.

**For ""to put a person to death"":**
*   **put to death** — A more direct and less formal way to say the same thing. ""Execute"" is the formal legal term.
*   **kill** — Too general; ""execute"" specifies that it's a legal punishment.

**For ""to run a computer program"":**
*   **run** — The most common and simpler synonym for this meaning. ""Execute"" is more technical.
*   **launch** — Means to start a program, often for the first time or from a specific point. ""Execute"" refers to the act of the computer processing the instructions.

**For ""to sign a legal document"":**
*   **sign** — Focuses only on the act of writing your name. ""Execute"" includes signing and all other steps needed to make the document legally valid."
5225,slavery,"# slavery

## Meaning (easy English)

""Slavery"" is a terrible system where one person is legally owned by another person.
A person in slavery (called a slave) is forced to work without pay and has no freedom or rights.
They are treated as property, not as a human being, and cannot leave their owner.
The word ""slavery"" can also refer to this cruel practice itself.

⸻

## Nuance
*   ""Slavery"" is a very serious and negative word. It describes a terrible system that has caused immense suffering and injustice throughout history.
*   It is used to talk about the historical practice of owning people, like the transatlantic slave trade.
*   It also describes modern forms of forced labor, such as human trafficking or debt bondage, which are sometimes called ""modern slavery.""
*   The word evokes strong feelings of oppression, cruelty, and a complete lack of human rights. It is always used in a formal and grave context.

⸻

## Example sentences
*   The abolition of **slavery** in the 19th century was a significant moment in human history.
*   Organizations worldwide are working hard to end all forms of modern **slavery**, such as human trafficking.
*   The economic and social effects of historical **slavery** are still felt in many communities today.

⸻

## Synonyms (with nuance)
*   **Bondage** — A state of being controlled by someone else, often against your will. It can refer to physical chains or a situation where someone has no freedom, but ""slavery"" specifically means being owned.
*   **Servitude** — The condition of working for someone else, usually for a long time. It can be voluntary (like a long-term contract) or involuntary. ""Slavery"" is a specific and extreme form of involuntary servitude where a person is property.
*   **Enslavement** — The act of making someone a slave, or the state of being a slave. This word is very similar to ""slavery"" and often used to describe the process or the condition of being held as a slave.
*   **Human trafficking** — A modern crime where people are illegally moved and forced to work or be exploited, often through violence or threats. It is considered a form of ""modern slavery.""
*   **Forced labor** — Any work a person is made to do unwillingly, under threat of punishment. This is a main characteristic of ""slavery,"" but ""slavery"" also includes the idea of being owned."
5226,exploit,"# exploit

## Meaning (easy English)

""Exploit"" means **to use something or someone**. It has two main uses, with different feelings:

1.  **To use someone or something in a way that is unfair or selfish.** This is often done to get a lot of benefit for yourself, without giving enough back to the person or thing you are using. This meaning is usually **negative and critical**.
    *   *Example:* A company might **exploit** its workers by paying them very little for difficult work.
    *   *Example:* People worry about **exploiting** natural resources by taking too much without thinking about the future.

2.  **To use a resource, an opportunity, or a skill very effectively to get an advantage or benefit.** This meaning is more **neutral or can even be positive**.
    *   *Example:* A clever athlete might **exploit** an opponent's weakness to win the game.
    *   *Example:* Scientists might **exploit** new technology to find a cure for a disease.

⸻

## Nuance
*   **Negative sense:** When ""exploit"" is used with a negative meaning, it strongly suggests unfairness, taking advantage, and sometimes causing harm. It carries a critical tone, implying that someone is being treated badly or something is being used unsustainably.
*   **Neutral/Positive sense:** When used in this way, ""exploit"" suggests making the most of something, being strategic, or using something to its full potential. It often appears in contexts like business, sports, science, or technology.
*   **Formality:** ""Exploit"" is a standard verb and can be used in both formal and informal situations, though its negative sense often appears in serious discussions about ethics or social issues. The context usually makes it clear which meaning is intended.

⸻

## Example sentences
*   The clothing company was criticized for **exploiting** workers in developing countries, paying them very low wages.
*   We need to find sustainable ways to **exploit** renewable energy sources like solar and wind power.
*   The clever politician managed to **exploit** the public's current concerns to gain more support.

⸻

## Synonyms (with short notes about the differences)
*   **Take advantage of** (for the negative sense): Similar, but ""exploit"" often implies a more systematic and severe form of unfair or selfish use, especially of people or resources. ""Take advantage of"" can sometimes be neutral (e.g., ""take advantage of a sale"").
*   **Abuse** (for the negative sense): Implies using something wrongly or with harmful intent, often more severe than ""exploit"" and directly causing damage or suffering.
*   **Utilize** (for the neutral/positive sense): A more formal and generally neutral word for ""to use something effectively."" It doesn't carry the negative connotation that ""exploit"" can have.
*   **Leverage** (for the neutral/positive sense): To use an existing advantage, resource, or influence to gain more power or benefit. Very similar to the neutral/positive sense of ""exploit,"" especially common in business.
*   **Make the most of** (for the neutral/positive sense): A common phrase meaning to use something as fully and effectively as possible, often an opportunity or a limited resource."
5227,extract,"# extract

## Meaning (easy English)

""Extract"" can be a verb (an action) or a noun (a thing).

**As a verb**, to **extract** something means to take it out, often with some effort, from a larger whole or a source. This can be physical, like pulling a tooth, or more abstract, like getting important information from a document.

**As a noun**, an **extract** is a small part or amount that has been taken out from something larger. This could be a specific substance (like vanilla extract from a plant) or a piece of writing taken from a book.

⸻

## Nuance
*   **Verb**: ""Extract"" often suggests a process of careful or deliberate removal. It can imply that the thing being removed is valuable, difficult to get, or needs to be separated from something else. It sounds more formal than ""pull out"" or ""take out"" in many contexts.
*   **Noun**: When used as a noun, ""extract"" can refer to a concentrated substance (like a flavor from food) or a specific passage from text. It is a neutral word, neither very formal nor informal.

⸻

## Example sentences
*   The dentist had to **extract** my wisdom tooth because it was causing pain.
*   It took us hours to **extract** all the important data from the old research papers.
*   This recipe calls for a teaspoon of almond **extract** to give it a special flavor.

⸻

## Synonyms (with short notes about the differences)
*   **remove** (verb) — A more general word for taking something away. ""Remove"" doesn't always imply taking something *out of* something else, just getting rid of it (e.g., ""remove a stain,"" ""remove a chair"").
*   **pull out** (verb) — Often used for physical actions, similar to ""extract"" but usually less formal and can imply less effort or precision (e.g., ""pull out a weed,"" ""pull out a splinter"").
*   **obtain** (verb) — Means to get something, but doesn't necessarily mean taking it *out of* something else. You can obtain a license, but you don't extract it.
*   **excerpt** (noun) — A piece of writing, music, or film taken from a larger work. ""Excerpt"" is almost identical to ""extract"" when talking about text.
*   **concentrate** (noun) — A substance that has been made stronger by removing water or other parts. Similar to ""extract"" when referring to a substance, but ""concentrate"" often means a substance that has been made stronger on purpose."
5228,cork,"# cork

## Meaning (easy English)

1.  **Material:** Cork is a very light, soft, and flexible material that comes from the bark of a special type of oak tree called the cork oak. It floats on water and doesn't let liquids or air pass through easily.
2.  **Object (Stopper):** A cork is also a small, shaped piece of this material used to seal the opening of a bottle, especially for wine. It keeps the liquid inside and stops air from getting in.
3.  **Verb:** To ""cork"" something means to close a bottle with a cork.

⸻

## Nuance
    •	When talking about the **material**, ""cork"" feels natural, eco-friendly, and light. It's commonly used in wine stoppers, but also for things like bulletin boards, floor tiles, and insulation.
    •	As a **stopper**, ""cork"" strongly suggests wine bottles. The act of ""popping a cork"" is often associated with celebration or opening a special bottle.
    •	The word ""cork"" is informal to neutral. It's used in everyday conversation and is not considered formal or informal.

⸻

## Example sentences
    •	Many wine bottles are sealed with natural **cork** to preserve the taste.
    •	He pulled the **cork** out of the champagne bottle with a loud pop.
    •	Don't forget to **cork** the wine bottle properly after you pour a glass.

⸻

## Synonyms (with nuance)
    •	**stopper** — A general term for anything that blocks an opening. A cork is a specific type of stopper, but a stopper can be made of rubber, plastic, or glass. (More general)
    •	**plug** — Similar to a stopper, but often used for holes (like in a sink or bathtub) or electrical outlets. Can be made of various materials. (Often for holes, not just bottles)
    •	**cap** — Usually a cover for a bottle or jar, often made of plastic or metal, that screws on or snaps shut. (Different mechanism, often plastic/metal)
    •	**lid** — A cover for a container (like a pot, box, or jar). It's a broader term than cap or cork. (Very general, for many types of containers)"
5229,sophisticated,"# sophisticated

## Meaning (easy English)

""Sophisticated"" can describe two main things:

1.  **For people:** Someone who has a lot of experience and knowledge about culture, fashion, and social situations. They often have good taste, elegant manners, and a broad understanding of the world. They are not easily fooled or simple-minded.
2.  **For things or ideas:** Something that is very advanced, complex, clever, or intelligently designed. It is not simple or basic, but shows high quality and often uses advanced technology or thinking.

⸻

## Nuance
    •	""Sophisticated"" usually has a **positive feeling**. It suggests intelligence, elegance, high quality, and being modern or advanced.
    •	When describing a person, it implies they are **cultured, discerning, and well-traveled**, often with refined tastes. They are not naive or easily impressed.
    •	When describing a thing (like technology, a system, or a design), it means it's **highly developed, complex, and often very effective** or beautiful. It implies smart design and advanced features.
    •	It's a common adjective and can be used in many contexts, from everyday conversation to more formal discussions.

⸻

## Example sentences
    •	She's a very **sophisticated** woman who always knows about the latest art exhibitions and international news.
    •	The new security system uses **sophisticated** facial recognition technology to identify visitors.
    •	His arguments were so **sophisticated** that it took me a while to fully understand all the different points.

⸻

## Synonyms (with short notes about the differences)
    •	**Advanced** (for things) — Focuses on being highly developed and modern, often technologically. (e.g., *advanced* computer system)
    •	**Complex** (for things) — Focuses on having many interconnected parts or details, making it difficult to understand or simple. (e.g., *complex* instructions)
    •	**Cultured** (for people) — Emphasizes knowledge and appreciation of arts, literature, and intellectual pursuits. (e.g., *cultured* art collector)
    •	**Elegant** (for people or things) — Highlights grace, style, beauty, and often simplicity in a refined way. (e.g., *elegant* dress, *elegant* solution)
    •	**Refined** (for people or things) — Suggests good taste, politeness, and often a lack of roughness or crudeness. (e.g., *refined* manners, *refined* sugar)"
5230,mathematician,"# mathematician

## Meaning (easy English)

A mathematician is a person who studies or works professionally with mathematics.
They explore numbers, shapes, patterns, and logic, often solving complex problems or developing new mathematical theories and ideas.

It is someone who is an expert in the field of mathematics.

⸻

## Nuance
*   **Professional and academic:** ""Mathematician"" is a formal title for someone whose job or main area of study is mathematics. It suggests deep understanding and expertise.
*   **Focus on research and theory:** While mathematicians can apply math, the word often implies someone who is involved in theoretical research, proving theorems, or creating new mathematical concepts, not just using existing math.
*   **Not just ""good at math"":** It means more than just being good at calculations or school math problems; it implies a profound engagement with the subject.
*   **Formality:** It's a neutral, professional term, used in academic, scientific, and sometimes industrial contexts.

If you hear ""mathematician,"" you can imagine someone who thinks deeply about mathematical principles and contributes to the field.

⸻

## Example sentences
*   My professor is a brilliant **mathematician** who is known for his work in number theory.
*   The company hired a **mathematician** to help them develop a new algorithm for their software.
*   Many famous **mathematicians** throughout history have contributed greatly to our understanding of the universe.

⸻

## Synonyms (with short notes about the differences)
*   **Math teacher / Math professor** — Someone who *teaches* mathematics to students. A mathematician might also be a teacher or professor, but their primary work isn't always teaching; it can be research.
*   **Scientist** — A much broader term for someone who studies science (like biology, chemistry, physics, etc.). Mathematics is often considered a science, so a mathematician is a type of scientist, but ""scientist"" doesn't specify the field.
*   **Statistician** — A specialist who focuses on collecting, analyzing, interpreting, and presenting data using mathematical methods, especially probability. This is a specific branch of applied mathematics, so it's a narrower role than a general mathematician.
*   **Analyst (e.g., data analyst)** — Someone who uses mathematical and logical skills to understand information and find insights, often to help make decisions in business, finance, or other fields. They apply existing mathematical tools rather than creating new mathematical theories."
5231,fascinate,"# fascinate

## Meaning (easy English)

To **fascinate** means to strongly attract and hold someone's attention and interest. When something fascinates you, you feel very interested and curious about it, and you want to learn or experience more. It makes you feel captivated or amazed.

⸻

## Nuance
*   **Fascinate** describes a very strong and positive feeling of interest, often mixed with wonder or admiration.
*   It suggests that something is so interesting or unique that it holds your mind completely. You might forget other things because you are so focused on it.
*   It's a standard word, neither very formal nor informal, and can be used in many situations.
*   You often feel fascinated by things that are new, mysterious, beautiful, complex, or very skillfully done.

⸻

## Example sentences
*   The ancient ruins of Rome continue to **fascinate** historians and tourists alike.
*   Her ability to speak seven languages truly **fascinates** me; I want to know how she learned them all.
*   The documentary about deep-sea creatures **fascinated** the children for hours.

⸻

## Synonyms (with short notes about the differences)
*   **interest** — (verb) To make someone curious or want to know more. *Fascinate* is a much stronger and deeper form of *interest*.
*   **captivate** — (verb) To hold someone's attention completely, often because of beauty, charm, or skill. Very similar to *fascinate*, but often implies a sense of being charmed or enchanted.
*   **intrigue** — (verb) To make someone very curious or puzzled, making them want to find out more. *Intrigue* often suggests mystery, a secret, or something that is not fully understood.
*   **charm** — (verb) To please and attract someone strongly, often with a pleasant personality or appearance. *Charm* is usually about something delightful or attractive, while *fascinate* can be about anything that holds deep interest, even if it's not ""charming."""
5232,fraction,"# fraction

## Meaning (easy English)

A **fraction** is a small part or amount of something larger.

It can be a mathematical term for a number that is not a whole number (like 1/2 or 3/4). It can also just mean a very small piece or portion of something.

⸻

## Nuance
*   **Neutral in formality**, used in many different situations, from everyday talk to more technical contexts.
*   It often highlights that something is a **very small part** compared to the whole.
*   Can imply ""not much"" or ""much less than expected.""
*   When used to talk about time (e.g., ""a fraction of a second""), it emphasizes **extreme speed or a very short duration**.
*   In mathematics, it refers to a specific type of number, but in general use, it often emphasizes how tiny something is.

⸻

## Example sentences
*   Only a **fraction** of the audience understood the difficult lecture.
*   Can you explain how to add two **fractions** like 1/3 and 1/6?
*   The new technology can process data in a **fraction** of the time it used to take.

⸻

## Synonyms (with short notes about the differences)
*   **Part** — A general term for any piece of a whole; it doesn't necessarily mean *small*.
*   **Portion** — A part that is separated or served from a larger amount, often a specific share (e.g., a portion of food).
*   **Bit** — A small piece or amount, often more informal than 'fraction'.
*   **Segment** — A distinct part of something, often with clear boundaries (e.g., a segment of a circle, a news segment)."
5233,foster,"# foster

## Meaning (easy English)

""Foster"" is a verb with two main meanings:

1.  **To help something grow or develop:** When you foster something, you actively encourage it and provide the conditions it needs to become stronger or better. This is often used for ideas, feelings, relationships, or skills.
    *   *Example:* A teacher might **foster** creativity in their students.
2.  **To care for a child (not your own):** To provide a temporary home and care for a child who cannot live with their biological parents. People who do this are called ""foster parents.""
    *   *Example:* A family might **foster** a child for a few months until they can return home.

⸻

## Nuance
*   **Positive and supportive:** ""Foster"" generally has a positive feeling. It suggests careful, deliberate support and nurturing.
*   **Active effort:** When you foster something, you are actively working to help it grow or improve, rather than just letting it happen.
*   **Responsibility and care:** Especially when referring to children, it implies taking responsibility for their well-being and providing a caring environment.
*   **Formality:** It's not overly formal, but it's more thoughtful and specific than simple words like ""help"" or ""support."" It often appears in discussions about education, community, or social welfare.

⸻

## Example sentences
*   The community center aims to **foster** a sense of belonging among local residents.
*   Reading aloud to children can help **foster** their language skills and love of books.
*   Many loving families volunteer to **foster** children who need a safe and temporary home.

⸻

## Synonyms (with short notes about the differences)

**For ""to help something grow or develop"":**

*   **Nurture** — Very similar to foster; often implies more tender, careful, and continuous care, especially for living things or abstract concepts like talent or a dream. ""Nurture"" is perhaps a bit more emotional.
*   **Promote** — To support or encourage the public acceptance or sale of something; can also mean to help something develop. ""Promote"" can be more about making something popular or advancing a cause, while ""foster"" is more about internal growth.
*   **Cultivate** — To develop a skill, quality, or relationship through careful effort and training. Often implies a longer, more sustained effort, like growing plants.
*   **Encourage** — To give support, confidence, or hope to someone or something. ""Encourage"" is broader; ""foster"" specifically means to help something develop and grow.

**For ""to care for a child"":**

*   **Care for** — A general term for looking after someone. ""Foster"" is a specific type of temporary care for a child by non-biological parents, usually through a formal system.
*   **Raise** — To bring up a child, typically implying permanent parenting by biological or adoptive parents. ""Foster"" is temporary and not usually permanent.
*   **Adopt** — To legally take another person's child and bring them up as your own permanently. ""Foster"" is temporary and does not involve legal adoption."
5234,orphan,"# orphan

## Meaning (easy English)

An **orphan** is a child whose parents have died.
It can also refer to an animal whose mother or both parents have died.

When someone is ""orphaned"" (verb), it means their parents have died, making them an orphan.
You can also use ""orphan"" as an adjective, for example, ""an orphan child.""

⸻

## Nuance
*   The word ""orphan"" carries a feeling of sadness and loss, as it describes someone who has lost their primary caregivers.
*   It is a standard word, neither very formal nor informal.
*   It specifically refers to the loss of parents, implying a need for care and support from others.
*   While mostly used for children, it's also common for young animals (e.g., an orphan puppy or lamb).

⸻

## Example sentences
*   After the accident, the young boy became an **orphan** and went to live with his aunt.
*   The animal shelter took in several **orphan** kittens that needed special feeding.
*   Many children were tragically **orphaned** by the war in their country.

⸻

## Synonyms (with short notes about the differences)
*   **parentless child** — This is a descriptive phrase, not a single word. It directly means ""a child without parents,"" which is the definition of an orphan. It is very clear but less concise.
*   **foundling** — A baby or child whose parents are unknown and who has been found abandoned. The key difference is that a foundling's parents are unknown, whereas an orphan's parents are known to have died.
*   **waif** — A homeless, helpless, or neglected person, especially a child. While many waifs might also be orphans, the word ""waif"" emphasizes their state of being homeless and neglected, not specifically the death of parents."
5235,insufficient,"# insufficient

## Meaning (easy English)

""Insufficient"" means there is not enough of something.
It means you have less than what is needed, required, or expected for a particular purpose.

For example, if you have 5 dollars but need 10 dollars, you have insufficient money.

⸻

## Nuance
*   **Formality:** It is a formal word. You will often hear it in official reports, academic papers, professional discussions, or legal contexts. In everyday conversation, people often use ""not enough.""
*   **Usage:** It is used when there is a clear standard or expectation that has not been met, often regarding quantity, time, resources, evidence, or preparation.
*   **Feeling:** It states a problem or a lack in an objective, factual way, without necessarily expressing strong emotion. It points to a factual deficit.

⸻

## Example sentences
*   The team had **insufficient** time to finish the entire report before the deadline.
*   After reviewing the application, the committee decided that the evidence provided was **insufficient**.
*   Many areas are facing problems due to **insufficient** rainfall this year, causing water shortages.

⸻

## Synonyms (with nuance)
*   **not enough** — (most common, informal) The simplest and most direct way to say it in everyday situations.
*   **inadequate** — (similar, often implies quality or suitability) Suggests that something is not good enough or suitable for a particular purpose, not just in quantity.
*   **lacking** — (focuses on absence) Highlights that something is missing or absent. Often used with ""in"" (e.g., ""lacking in experience"").
*   **deficient** — (more technical, often about specific components or standards) Often used for specific things like nutrients, or when something falls below a healthy or required standard, sometimes implying a flaw."
5236,funding,"# funding

## Meaning (easy English)

**Funding** is the money that is provided by an organization, government, or person for a particular purpose. It's the financial support needed to start a project, continue important work, or help an organization operate.

Think of it as the money specifically set aside or given to make something happen.

⸻

## Nuance
    •	Often used in professional, business, academic, or non-profit contexts.
    •	It refers to money given for a specific purpose, implying a plan, project, or cause.
    •	It sounds more official and formal than just ""money"" when discussing financial support for a cause or project.
    •	People or organizations often *apply for* funding, *receive* funding, or *look for* funding.
    •	It's crucial for starting new projects, continuing important work, or supporting organizations that provide public services.

⸻

## Example sentences
    •	The new museum project needs significant **funding** to cover construction costs.
    •	Our research team applied for government **funding** to develop a new medicine.
    •	Without enough **funding**, many non-profit organizations cannot continue their important work.

⸻

## Synonyms (with nuance)
    •	**Financial support** — Very similar; ""funding"" is often the noun form of providing financial support. Can be used interchangeably in many cases, but ""funding"" often implies a more formal process or specific budget.
    •	**Grant** — A specific type of funding, usually from a government or organization, for a particular project. Grants are often competitive, given for a fixed period, and typically do not need to be repaid. ""Funding"" is the broader term.
    •	**Donation** — Money given as a gift, often to a charity or cause, usually without specific conditions or expectation of repayment. While donations are a source of funding for charities, ""funding"" can come from many sources (like government, businesses) and often has specific conditions attached.
    •	**Capital** — Refers to money or assets used to start or operate a business, often with the goal of making a profit. It's a type of funding specifically for business operations, focused on growth or investment."
5237,continually,"# continually

## Meaning (easy English)

""Continually"" means something happens very often, again and again, or repeatedly over a period of time. There are usually small breaks or pauses between each time it happens, but the action keeps restarting.

It is important to know the difference from ""continuously,"" which means *without any stop or break*. ""Continually"" means *with breaks*.

⸻

## Nuance
*   **Frequency vs. Duration:** The key feeling of ""continually"" is *frequent repetition*. It emphasizes that an action keeps happening, stopping for a short time, and then starting again.
*   **Contrast with ""Continuously"":** This is the most important difference.
    *   **Continually:** The action stops and starts again (e.g., ""The phone continually rang"" means it rang, then stopped, then rang again).
    *   **Continuously:** The action happens without any pause or interruption (e.g., ""The rain fell continuously for 24 hours"" means it never stopped during that time).
*   **Connotation:** Sometimes, ""continually"" can suggest annoyance or persistence if the repeated action is unwanted (e.g., ""He was continually late""). In other cases, it simply means ""very often"" or ""regularly.""
*   **Formality:** It is a neutral word, suitable for both everyday conversations and formal writing.

⸻

## Example sentences
*   The children were **continually** asking for snacks during the long car journey.
*   To improve your English skills, you need to **continually** practice and review what you've learned.
*   She **continually** checks her email, even on weekends, because of her busy job.

⸻

## Synonyms (with short notes about the differences)
*   **Repeatedly** — Very similar to ""continually""; it strongly emphasizes that an action happens many times. (e.g., ""He **repeatedly** apologized for his mistake."")
*   **Frequently** — Means happening often or many times, but doesn't always imply the same sense of the action *restarting* or being *ongoing* as ""continually."" (e.g., ""She **frequently** visits her grandparents."")
*   **Constantly** — Similar to ""continually,"" often meaning ""all the time"" or ""very frequently."" It can sometimes imply an almost unbroken state, making it closer to ""continuously"" in some situations, but it still often allows for small pauses. (e.g., ""The baby is **constantly** crying"" could mean almost non-stop or very often with short breaks.)
*   **Often** — A simpler word meaning ""many times"" or ""frequently."" It has less emphasis on the *ongoing* or *restarting* nature compared to ""continually."" (e.g., ""I **often** go for a walk in the park."")"
5238,frustrate,"# frustrate

## Meaning (easy English)

To **frustrate** someone means to make them feel annoyed, upset, or impatient because they cannot achieve what they want, or because something is stopping them from making progress.

It also means to prevent someone from succeeding in their plans or efforts.

⸻

## Nuance
    •	**Feeling:** When you feel frustrated, you often feel stuck, blocked, or unable to move forward. It's a mix of irritation and discouragement, often because of repeated problems or difficulties that prevent you from reaching a goal.
    •	**Usage:** You can be frustrated *by* a situation (e.g., slow internet, bad traffic) or *with* a person (e.g., someone who doesn't listen). Things can also frustrate you (e.g., ""The broken machine frustrates me"").
    •	**Formality:** It's a common word used in everyday conversation and writing. It is neither very formal nor very informal.

⸻

## Example sentences
    •	The slow progress of the project began to **frustrate** the whole team.
    •	I feel so **frustrated** when I can't express myself clearly in English.
    •	His repeated attempts to fix the computer only seemed to **frustrate** him more.

⸻

## Synonyms (with short notes about the differences)
    •	**Annoy** — To make someone feel slightly angry or bothered, usually by small things or minor irritations. ""Frustrate"" is often stronger and specifically involves a feeling of being blocked from achieving a goal.
    •	**Irritate** — Very similar to ""annoy,"" often caused by something that is slightly bothersome, physically or mentally. ""Frustrate"" usually implies a lack of progress or a failed attempt.
    •	**Discourage** — To make someone lose their confidence, enthusiasm, or hope. While frustration can lead to discouragement, ""frustrate"" describes the feeling of being blocked, while ""discourage"" describes the feeling of losing hope as a *result*.
    •	**Thwart** — (more formal) To prevent someone from achieving a plan or goal, often by deliberately blocking or stopping them. ""Frustrate"" can be about general difficulties, while ""thwart"" is more about a direct and often successful obstruction."
5239,grill,"# grill

## Meaning (easy English)

""Grill"" has a few common meanings:

1.  **As a verb (to cook):** To cook food using strong, direct heat. This heat can come from above (like in an oven) or below (like on a barbecue). The food is usually placed on a metal rack or a hot surface.
    *   *Example:* We decided to **grill** some fish and vegetables for dinner.
2.  **As a noun (a cooking device):** The metal rack or cooking device used for grilling food.
    *   *Example:* Please clean the **grill** after we finish cooking.
3.  **As a verb (to question someone):** To ask someone many difficult, direct questions for a long time, often to get information or the truth.
    *   *Example:* The lawyer began to **grill** the witness about what she saw.

⸻

## Nuance

*   **When talking about cooking:** ""Grill"" is a very common, everyday word. It often suggests a healthy cooking method, or outdoor cooking like a barbecue. Food cooked this way typically gets a nice browned or slightly charred surface and a distinct flavor.
*   **When talking about questioning:** This use is a metaphor. It suggests intense, direct, and often uncomfortable questioning, similar to how food is exposed to strong heat. The person being ""grilled"" usually feels pressure to give answers. It's often used in serious situations like police investigations or difficult interviews, but can also be used informally (e.g., a parent grilling a child about their homework).

⸻

## Example sentences

*   It's a beautiful day, let's **grill** some burgers in the backyard.
*   My oven has a **grill** function, which is great for browning cheese on toast.
*   The boss **grilled** me about why the project was delayed, and I had to explain everything.

⸻

## Synonyms (with short notes about the differences)

**For the meaning of ""to cook"":**

*   **Barbecue (verb/noun):** Often implies cooking outdoors on a specific type of grill, usually for a social event. ""Grill"" can be indoors or outdoors, and doesn't always suggest a social event.
*   **Broil (verb - mainly US English):** To cook food under strong heat in an oven. In British English, this cooking method is usually called ""grilling.""
*   **Roast (verb):** To cook with dry heat in an oven, usually for longer periods and often for larger items (like a whole chicken). Grilling is typically faster and uses more direct heat.

**For the meaning of ""to question intensely"":**

*   **Interrogate (verb):** More formal and official, usually done by police or authorities, to get information from a suspect. ""Grill"" can be less formal and used in everyday situations.
*   **Question (verb):** A general term for asking questions; much less intense or aggressive than ""grill.""
*   **Cross-examine (verb):** A legal term for questioning a witness in court, specifically by the opposing lawyer."
5240,crisp,"# crisp

## Meaning (easy English)

""Crisp"" is an adjective with several related meanings, often describing something that is:

1.  **Firm and dry:** For food, it means it's hard enough to break easily, often with a pleasant sound.
    *   *Example:* a **crisp** apple, **crisp** lettuce, **crisp** potato chips.
2.  **Cold and fresh:** For air or weather, it means it's cool, clean, and refreshing.
    *   *Example:* a **crisp** autumn morning.
3.  **Clean and neat:** For fabrics or paper, it means it's stiff, smooth, and looks new or freshly ironed.
    *   *Example:* a **crisp** white shirt, **crisp** banknotes.
4.  **Clear and sharp:** For sounds, images, or ideas, it means it's very distinct and easy to understand.
    *   *Example:* **crisp** sound quality, **crisp** instructions.

⸻

## Nuance
*   **How it feels:** ""Crisp"" generally has a positive feeling. It suggests freshness, clarity, cleanliness, and a satisfying quality (especially for food). It often implies something is new, well-maintained, or perfectly prepared.
*   **When it's used:** It's used to describe textures (food, fabric), sensory experiences (air, sound), and qualities of communication (instructions, writing style).
*   **Formality:** It's a common, everyday adjective, suitable for both informal and slightly formal contexts. It's not overly formal or informal.

⸻

## Example sentences
*   She loved the **crisp** texture of the fresh lettuce in her salad.
*   The air was wonderfully **crisp** and clear on our morning walk in the mountains.
*   His presentation was very effective, with **crisp** slides and a clear message.

⸻

## Synonyms (with short notes about the differences)
*   **Crunchy:** (for food) Very similar, but 'crunchy' focuses more on the loud sound made when you bite, while 'crisp' can also describe the firm, dry texture itself, even with a softer sound.
*   **Fresh:** (for air, food) Means new, clean, and not stale. 'Crisp' often implies 'fresh' but adds a specific quality like coolness (for air) or firmness (for food).
*   **Clear:** (for sound, instructions) Means easy to see, hear, or understand. 'Crisp' adds a sense of sharpness and precision to 'clear'.
*   **Stiff:** (for fabric, paper) Means not easily bent or folded. 'Crisp' implies a neat and clean kind of stiffness, often from being new or ironed.
*   **Concise:** (for writing, speech) Means using few words to give a lot of information. 'Crisp' adds a sense of sharpness and effectiveness to being concise."
5241,juicy,"# juicy

## Meaning (easy English)

""Juicy"" has two main meanings:

1.  **Full of liquid:** When something, especially fruit or meat, is full of natural liquid, it is juicy. This liquid is called ""juice.""
2.  **Very interesting or desirable:**
    *   It can describe information, gossip, or a story that is exciting, very interesting, or even a little scandalous.
    *   It can also describe an opportunity, deal, or job that is very attractive and promises good rewards or benefits.

⸻

## Nuance

*   **Literal meaning (food):** When used for food (like a juicy orange or a juicy steak), it is always a positive word. It means the food is moist, tender, and delicious.
*   **Figurative meaning (information/gossip):**
    *   **How it feels:** Exciting, captivating, often a little bit secret or even scandalous. It suggests information that people are eager to hear.
    *   **When it is used:** Commonly used in informal conversations when talking about news, gossip, or details that are particularly engaging and perhaps a bit surprising or shocking.
    *   **Formality:** Informal. You wouldn't typically use ""juicy details"" in a formal report or academic paper.
*   **Figurative meaning (opportunity/deal):**
    *   **How it feels:** Very attractive, promising, and highly desirable. It suggests something that offers significant benefits.
    *   **When it is used:** In informal settings, to describe a very good job offer, a profitable business deal, or a great opportunity.
    *   **Formality:** Informal.

⸻

## Example sentences

*   This mango is incredibly **juicy** and sweet; the juice is dripping down my chin!
*   Tell me all the **juicy** details about your vacation, I want to hear everything!
*   She managed to get a really **juicy** contract with a major publishing company.

⸻

## Synonyms (with short notes about the differences)

*   **Moist** (for food): Means slightly wet, not dry. ""Juicy"" implies a greater abundance of liquid and often a more appealing quality than just ""moist.""
*   **Scandalous** (for information): Means causing public shock or outrage, often due to immoral behavior. ""Juicy"" information can be scandalous, but it can also just be exciting or intriguing without being morally wrong.
*   **Intriguing** (for information): Means very interesting because it is unusual, mysterious, or unexpected. ""Juicy"" information is often intriguing, but ""intriguing"" doesn't carry the same informal, slightly gossipy feel.
*   **Lucrative** (for opportunities/deals): Means producing a lot of money or profit. ""Juicy"" can mean profitable, but it's less formal and can also apply to other non-financial benefits, like prestige or enjoyment.
*   **Desirable** (for opportunities/deals): Means wanted or wished for because it is good, attractive, or beneficial. ""Juicy"" means *very* desirable, often with a sense of excitement or eagerness."
5242,unreasonable,"# unreasonable

## Meaning (easy English)

Something is **unreasonable** if it is not fair, not sensible, or not based on good judgment. It often describes demands, expectations, or prices that are too high, too difficult, or illogical.

When someone or something is unreasonable, it means they are asking for too much, behaving in a way that doesn't make sense, or not being fair.

⸻

## Nuance
    •	**How it feels:** The word often expresses frustration, annoyance, or disapproval. It implies a lack of logic, fairness, or common sense.
    •	**When it is used:** You use ""unreasonable"" to describe demands, expectations, requests, prices, behavior, or opinions that you believe are excessive, unfair, or illogical.
    •	**Formality:** It is a common everyday word. It is generally neutral in formality and can be used in many different situations, from casual conversations to more serious discussions about fairness.

If you describe something as ""unreasonable,"" you are likely saying it goes beyond what is acceptable or understandable.

⸻

## Example sentences
    •	My boss gave me an **unreasonable** amount of work to finish by tomorrow.
    •	The landlord's request for three months' rent in advance seemed completely **unreasonable**.
    •	It's **unreasonable** to expect perfection from someone who is just learning a new skill.

⸻

## Synonyms (with short notes about the differences)
    •	**excessive** — means too much; more than is necessary, normal, or appropriate. (Focuses on quantity or degree.)
    •	**unfair** — means not just or right according to accepted rules or principles. (Focuses on justice and equity.)
    •	**illogical** — means not making sense; not based on clear thought or reason. (Focuses on rationality and common sense.)
    •	**exorbitant** — (often for prices or demands) means much too high, excessive, and sometimes shocking. (A stronger word, usually for cost or extreme demands.)"
5243,imprison,"# imprison

## Meaning (easy English)

To **imprison** someone means to put them in a prison or to keep them in a place from which they cannot escape, so they lose their freedom. It is usually a punishment for a crime.

⸻

## Nuance
*   ""Imprison"" is a serious and formal word.
*   It is often used in legal contexts, news reports, or when discussing human rights.
*   It carries a strong negative feeling because it means someone has lost their freedom and is being held against their will.
*   It emphasizes the idea of being trapped and unable to leave.

⸻

## Example sentences
*   The judge decided to **imprison** the criminal for five years.
*   Many political activists were **imprisoned** for speaking out against the government.
*   He was **imprisoned** in a small cell for several months before his trial.

⸻

## Synonyms (with nuance)
*   **jail** — more common and less formal; often used for shorter periods or before a trial.
*   **incarcerate** — very formal and official; often used in legal or academic contexts, meaning exactly the same as imprison.
*   **confine** — to keep someone in a limited space, not always a prison; can be less severe or not a legal punishment.
*   **detain** — to hold someone for a short time, usually by the police, often for questioning or before a trial; it's not usually a final punishment.
*   **lock up** — informal; often used for criminals, but can also mean to put something away securely."
5244,abrupt,"# abrupt

## Meaning (easy English)

Something that is **abrupt** happens very suddenly and without any warning. It's often unexpected and quick.

When describing a person's behavior or speech, **abrupt** means it is quick, brief, and sometimes a little unfriendly or rude because it lacks smooth transition or politeness.

⸻

## Nuance
*   **Abrupt** often suggests a lack of smoothness, a sudden stop, or a quick, unexpected change.
*   When used for events or changes, it can feel a bit jarring or surprising.
*   When describing a person's speech or actions, it often implies a lack of politeness or friendliness. It can make someone seem direct, unconcerned, or even a little rude because they don't take time to be gentle or explain.
*   It's a common word and can be used in many situations, neither very formal nor informal.

⸻

## Example sentences
*   The movie had an **abrupt** ending that left many viewers confused.
*   She gave an **abrupt** nod and quickly walked away, seeming busy.
*   There was an **abrupt** change in the weather, from sunny to a heavy downpour in minutes.

⸻

## Synonyms (with short notes about the differences)
*   **Sudden:** Very similar to **abrupt**. ""Sudden"" is a more general term for something happening quickly and unexpectedly. ""Abrupt"" often adds a feeling of being a bit jarring, disconnected, or sometimes impolite (for behavior).
*   **Blunt:** (for speech/manner) Means speaking very directly and honestly, even if it might seem rude or unkind. An **abrupt** comment can also be blunt.
*   **Hasty:** Means done very quickly, often without enough thought or care, which can lead to mistakes. **Abrupt** focuses more on the suddenness of an action or change, not necessarily the lack of thought.
*   **Sharp:** (for speech/manner) Can mean quick and sometimes critical or unfriendly in tone, similar to **abrupt** in how it sounds."
5245,inflict,"# inflict

## Meaning (easy English)

To **inflict** means to cause someone or something to experience something unpleasant, painful, or harmful. It usually describes causing a negative impact or suffering.

You *inflict* something bad *on* someone or something.

⸻

## Nuance
*   **Strong and negative:** This word is used for serious negative things like pain, injury, damage, suffering, or punishment.
*   **Action from one to another:** It shows that one person, group, or thing is doing something bad to another.
*   **Often deliberate or a direct result:** While not always intentional, it often suggests a direct consequence of an action or a deliberate act.
*   **Formality:** It's a standard verb, often used in news reports, official statements, or more formal discussions about serious events. It's not very casual.

⸻

## Example sentences
*   The strong earthquake **inflicted** severe damage on the city's infrastructure.
*   The dictator **inflicted** harsh punishments on anyone who disagreed with him.
*   Sometimes, even a small mistake can **inflict** a lot of stress on a team.

⸻

## Synonyms (with nuance)
*   **Cause**: This is a more general word for making something happen. ""Inflict"" specifically means to cause something *bad* or *painful*. (e.g., you can ""cause happiness,"" but you wouldn't ""inflict happiness"").
*   **Impose**: Often used when someone forces a rule, tax, burden, or restriction on others. While it can be unpleasant, ""impose"" is more about forcing acceptance, whereas ""inflict"" is more about causing direct harm or suffering. (e.g., ""impose a new law"" vs. ""inflict a wound"").
*   **Deal**: Often used with physical actions like ""deal a blow"" or ""deal a punch."" It can also mean to give someone a setback (""deal a defeat""). It's similar to inflict but often implies a more sudden or direct action, especially physically.
*   **Wreak**: Almost always used with words like ""havoc,"" ""destruction,"" or ""vengeance."" It suggests causing widespread or severe damage, often in an uncontrolled or very powerful way. ""Inflict"" can be more specific or targeted. (e.g., ""wreak havoc"" vs. ""inflict an injury"")."
5246,initiate,"# initiate

## Meaning (easy English)

To **initiate** means to start something, or to cause something to begin. It often suggests taking the first important step in a process or plan.

It can also mean to formally bring someone into a group or organization, often with a special ceremony or instruction.

⸻

## Nuance
*   **Formality:** ""Initiate"" is more formal than common words like ""start"" or ""begin.""
*   **Usage:** It is often used for official actions, projects, processes, or formal relationships. It implies a deliberate and often significant first step.
*   **Feeling:** When you ""initiate"" something, it feels like you are purposefully putting a new plan or action into motion. When someone is ""initiated,"" it means they are officially joining something.
*   **Common contexts:** Business, government, science, technology, formal groups, or rituals.

⸻

## Example sentences
*   The company decided to **initiate** a new project to develop greener products.
*   After a long discussion, they finally **initiated** the peace talks between the two countries.
*   New members are **initiated** into the secret club through a special, traditional ceremony.

⸻

## Synonyms (with short notes about the differences)
*   **start** — The most common and general word for beginning something. Less formal than ""initiate."" (e.g., *Let's start the meeting.*)
*   **begin** — Very similar to ""start,"" but sometimes feels slightly more formal or literary. Still less formal than ""initiate."" (e.g., *The concert will begin at 8 PM.*)
*   **launch** — To officially start something new, especially a product, service, campaign, or mission, often with a lot of publicity. (e.g., *They will launch a new smartphone next month.*)
*   **commence** — A very formal word for ""start"" or ""begin,"" often used in official or legal contexts, or for formal events. (e.g., *The trial will commence next week.*)"
5247,dialogue,"# dialogue

## Meaning (easy English)

""Dialogue"" means a conversation between two or more people. It often suggests a more serious, important, or focused conversation where people share ideas, opinions, or information to understand each other better or solve a problem.

It can also mean the spoken parts in a play, movie, or book.

⸻

## Nuance
    •	**How it feels:** ""Dialogue"" often implies a meaningful exchange, where people listen and respond to each other. It's about communication and understanding, not just one person talking.
    •	**When it is used:**
        *   Often used in formal situations like politics, business, or education when discussing important topics.
        *   Used when talking about the spoken words in stories, films, or plays.
        *   When you want to emphasize the importance or quality of a conversation.
    •	**Formality:** It is more formal than ""talk"" or ""chat,"" but less formal than a ""negotiation."" It can be used in everyday language but often suggests a more thoughtful or purposeful conversation.

⸻

## Example sentences
    •	The leaders from both countries agreed to open a new *dialogue* to discuss peace.
    •	Good team communication requires constant *dialogue* between all members.
    •	The *dialogue* in the new play was very realistic and helped the audience understand the characters.

⸻

## Synonyms (with short notes about the differences)
    •	**conversation** — This is the most general word for two or more people talking. ""Dialogue"" is often a more focused or purposeful type of conversation.
    •	**discussion** — This is a conversation where people explore a topic, share different ideas, or try to reach a decision. A ""dialogue"" can be a part of a discussion, focusing on the back-and-forth exchange.
    •	**talk** — This is a very general and often informal word for speaking. ""Dialogue"" usually implies a more structured or meaningful exchange.
    •	**chat** — This is a light, friendly, and often informal conversation about everyday things. ""Dialogue"" is typically more serious or focused."
5248,insert,"# insert

## Meaning (easy English)

To **insert** means to put something into or between something else. You place it *inside* a space, a hole, a gap, or among other things.

## Nuance
*   It describes the action of putting something *into* a space, a hole, a gap, or between other things.
*   Often suggests a careful, deliberate, or precise action, rather than just dropping something.
*   It's a common, neutral verb, used in many everyday situations.
*   You can insert physical objects (like a key or a coin) or non-physical things (like words, images, or ideas).

⸻

## Example sentences
*   Please **insert** your credit card into the machine to pay.
*   The editor asked me to **insert** a new paragraph into the report.
*   He carefully **inserted** the small battery into the toy.

⸻

## Synonyms (with short notes about the differences)
*   **put in** — Very general and informal. Often used when the exact method or precision isn't important.
*   **add** — Most general. Means to join something to something else, but doesn't necessarily imply putting *inside* or *between*.
*   **place** — To put something in a specific position. Can be similar, but ""place"" doesn't always mean *into* a confined space; it often implies care.
*   **embed** — To fix something firmly and deeply *within* another object or material. Stronger and more permanent than ""insert."""
5249,individually,"# individually

## Meaning (easy English)

""Individually"" means **one by one**, or **for each separate person or thing**.
It emphasizes that something is done for, or by, each member of a group, rather than for the whole group together.

⸻

## Nuance
*   **Highlights separation:** This word is used when you want to make it clear that each person or item is considered, treated, or dealt with as a single unit, not as part of a group.
*   **Often implies distinctness:** It suggests that each individual is unique or receives specific attention.
*   **Formality:** It is a neutral word, commonly used in both everyday conversation and more formal settings (like instructions or official reports) when precision is needed.

⸻

## Example sentences
*   The teacher spoke to each student **individually** about their progress.
*   Please pack the fragile items **individually** to prevent damage.
*   Although they work as a team, each musician practices **individually** to improve their skills.

⸻

## Synonyms (with short notes about the differences)
*   **separately** — Very similar, often interchangeable. ""Separately"" often focuses on physical distance or distinctness (e.g., *The two rooms are separate*), while ""individually"" puts more emphasis on the *individual unit* or person (e.g., *Each person was interviewed individually*).
*   **one by one** — Emphasizes the order or sequence in which things are done. ""Individually"" can imply ""one by one,"" but doesn't always mean there's a specific order.
*   **personally** — Used only for people. It means 'by that person themselves' or 'in person.' ""Individually"" can apply to both people and things, and simply means 'as a single unit.'
*   **on their own / by themselves** — These phrases often imply independence, without help from others, or alone. ""Individually"" can mean this, but it can also just mean 'as a single unit' even if help is given to each unit."
5250,decent,"# decent

## Meaning (easy English)

""Decent"" has a few main meanings:

1.  **Good enough or acceptable:** It means something is satisfactory. It's not excellent, but it meets a basic standard and is not bad.
    *   *Example:* ""The hotel room was decent, clean but small.""
2.  **Proper, respectable, or suitable:** This refers to things that follow social rules, are morally correct, or are appropriate for a situation.
    *   *Example:* ""She always wears decent clothes to work.""
3.  **Kind, fair, or honest:** When describing a person, it means they are good-hearted, fair, and treat others well.
    *   *Example:* ""He's a decent guy who always tries to help.""

⸻

## Nuance

*   **""Good enough"":** When used this way, ""decent"" often implies that something is *just* good enough, or perhaps a bit better than expected, but not outstanding. It's a common, everyday word.
    *   *Example:* ""The movie was decent, worth watching once.""
*   **""Respectable/Proper"":** In this sense, ""decent"" suggests something that is morally correct, socially appropriate, or modest. It's often used when talking about behavior, appearance, or living standards.
    *   *Example:* ""They live in a decent neighborhood.""
*   **""Kind/Fair"":** This usage highlights a person's good character. It's a positive compliment.
*   **Formality:** ""Decent"" is generally an informal to semi-formal word. It's very common in everyday conversation.

⸻

## Example sentences

*   The restaurant serves **decent** food at reasonable prices.
*   Please try to make a **decent** effort on your homework, even if it's difficult.
*   My neighbor is a truly **decent** man; he helped me fix my car last weekend.

⸻

## Synonyms (with short notes about the differences)

*   **Good** — More general and can mean excellent. ""Decent"" is usually less strong than ""good,"" often meaning ""good enough"" rather than ""very good.""
*   **Acceptable** — Very close to ""decent"" when meaning ""good enough."" ""Acceptable"" can sometimes sound more neutral or objective, while ""decent"" can carry a slightly more positive, appreciative tone.
*   **Respectable** — Focuses more strongly on social standards, morality, or reputation. ""Decent"" can overlap but is broader and can be less formal.
*   **Fair** — Primarily means just or equitable. When describing a person, ""decent"" often includes being fair, but ""fair"" emphasizes justice more directly.
*   **Okay** — More informal than ""decent,"" and often implies something is *barely* acceptable or simply not bad. ""Decent"" is usually a step up from ""okay."""
5251,craftsman,"# craftsman

## Meaning (easy English)

A craftsman is a person who is very skilled at making things with their hands, often using traditional methods or special tools. They usually work with materials like wood, metal, clay, or fabric to create high-quality items.

Their work often shows great care, attention to detail, and a deep understanding of their craft.

⸻

## Nuance
*   **Focus on skill and quality**: When you call someone a ""craftsman,"" you are emphasizing their deep skill, experience, and the high quality of the items they create.
*   **Traditional and handmade**: The word often suggests that the person uses traditional techniques or creates items by hand, rather than using machines for mass production.
*   **Respected profession**: It's a respectful term that highlights dedication to a trade and the beauty or usefulness of their handmade products.
*   **Gender-specific**: ""Craftsman"" is a masculine word. For a woman, you might say ""craftswoman,"" or more generally, ""craftsperson"" or ""artisan"" (which are gender-neutral). However, ""craftsman"" is sometimes used more generally to refer to anyone with such skills, especially in older texts or when talking about a group.

⸻

## Example sentences
*   The old clock was carefully repaired by a skilled **craftsman** who specialized in antique mechanisms.
*   She admired the beautiful wooden table, knowing it was the work of a master **craftsman**.
*   Our town is famous for its local **craftsmen** who make unique pottery and jewelry.

⸻

## Synonyms (with short notes about the differences)
*   **Artisan** — Very similar; often interchangeable. ""Artisan"" might suggest a bit more artistic creativity or unique design, while ""craftsman"" focuses more on technical skill and tradition. ""Artisan"" is also gender-neutral.
*   **Tradesman** — A person skilled in a particular trade, like a plumber, electrician, or carpenter. ""Tradesman"" is more general and doesn't always imply the same level of artistic quality or bespoke work as ""craftsman.""
*   **Skilled worker** — A broad term for anyone who has special skills for their job. It doesn't specifically refer to making things by hand or to traditional crafts.
*   **Maker** — A very general term for anyone who creates something. It lacks the specific meaning of skill, tradition, or handcraft that ""craftsman"" carries."
5252,irritate,"# irritate

## Meaning (easy English)

1.  To make someone feel slightly annoyed or impatient. This often happens because of something small or repeated.
2.  To make a part of your body (like skin or eyes) feel sore, itchy, or uncomfortable.

⸻

## Nuance
    •	When you are *irritated* by someone or something, it means you are bothered or annoyed, but usually not very angry. It's often a feeling that builds up from small things.
    •	The feeling can be mild to moderate. For example, a buzzing fly might *irritate* you, or someone's bad habit might *irritate* you over time.
    •	When used for a physical reaction, it describes a mild, uncomfortable feeling like itching, stinging, or redness, often caused by a chemical or something touching your body.
    •	It is a common, everyday word and is neither very formal nor informal.

⸻

## Example sentences
    •	His constant whistling really **irritates** me when I'm trying to concentrate.
    •	The scratchy label inside my shirt started to **irritate** my neck after a few hours.
    •	Don't let small problems **irritate** you too much; try to stay calm.

⸻

## Synonyms (with short notes about the differences)
    •	**Annoy** — Very similar to *irritate* (meaning 1). Often interchangeable, but *irritate* can sometimes suggest a slightly stronger or more persistent bother, or a physical reaction.
    •	**Bother** — Usually a milder feeling than *irritate*. It means to cause slight trouble or inconvenience. (e.g., ""Does it *bother* you if I open the window?"" is softer than ""Does it *irritate* you..."")
    •	**Pester** — To annoy someone by asking them repeatedly for something or by bothering them often in an insistent way. It implies persistence and effort from the person doing the annoying.
    •	**Exasperate** — A stronger feeling than *irritate*. It means to make someone feel very annoyed and frustrated, often because they cannot change a situation or someone's behavior."
5253,exclusive,"# exclusive

## Meaning (easy English)

The word ""exclusive"" has a few related meanings:

1.  **Only for a specific group or person:** If something is exclusive, it means it is limited to or owned by only one person, group, or organization. Others are not allowed to have it or use it.
    *   *Example:* An exclusive club only allows certain members to join.
2.  **High-end and luxurious:** It can describe something that is very fashionable, expensive, and of high quality, often because it is only available to a small number of wealthy people.
    *   *Example:* An exclusive shop sells unique, costly items.
3.  **Not including something else:** In this sense, ""exclusive"" means leaving something out.
    *   *Example:* A price of $100 exclusive of tax means that tax is not included in the $100.

⸻

## Nuance
*   **When used for meaning 1 & 2 (restricted/luxurious):** ""Exclusive"" often carries a feeling of **specialness, privilege, or high status**. It suggests that something is rare, desirable, and not for everyone. It can sometimes imply a sense of being ""elite"" or even a little bit snobby.
*   **When used for meaning 3 (not including):** This usage is more **neutral and factual**, often found in formal or technical contexts like prices, contracts, or calculations. It simply means ""without"" or ""not counting.""
*   **Formality:** Generally, ""exclusive"" is a standard word. When describing luxury or restricted access, it sounds sophisticated. When used to mean ""not including,"" it is more formal than simply saying ""without.""

⸻

## Example sentences
*   The hotel offers **exclusive** access to its private beach for guests only.
*   She managed to get an **exclusive** interview with the famous director, meaning no other reporters were there.
*   The listed price for the apartment is $1,200 per month, **exclusive** of utilities.

⸻

## Synonyms (with short notes about the differences)
*   **Restricted:** Means that access or use is controlled and not open to everyone. (Very similar to the ""only for a specific group"" meaning of exclusive, but ""exclusive"" often adds a stronger sense of privilege or specialness).
*   **Limited:** Means there is a small amount or number available. (Can be similar to ""exclusive"" when something is rare because there are only a few, e.g., a limited edition product might be exclusive).
*   **Luxurious:** Describes something that is very comfortable, expensive, and high quality. (Similar to the ""high-end"" meaning of exclusive, but ""luxurious"" doesn't necessarily mean it's only for a few people).
*   **Excluding:** This is the verb form of ""exclusive"" in the sense of ""not including."" It means to deliberately leave something or someone out. (""Exclusive of"" is a common phrase to mean ""excluding"")."
5254,isolate,"# isolate

## Meaning (easy English)

To **isolate** means to separate a person or thing from others, so that it is alone. It can mean keeping something apart, or finding and separating a specific thing from a larger group.

⸻

## Nuance
*   **When used:**
    *   Often used when someone or something is kept apart from others, sometimes to prevent the spread of a disease or for safety.
    *   It can also be used in a more neutral way, like in science, to separate a pure substance or identify a specific problem.
*   **How it feels:**
    *   The feeling can be negative, suggesting loneliness or being cut off from others (e.g., ""feeling isolated"").
    *   It can also be neutral or purposeful, especially in scientific, medical, or problem-solving contexts (e.g., ""to isolate a virus"").
*   **Formality:** It's a standard, clear verb that is widely used in various contexts, from everyday conversation to scientific reports. It is not overly formal or informal.

⸻

## Example sentences
*   They had to **isolate** the infected patients to stop the virus from spreading.
*   Moving to a new city can sometimes **isolate** people from their old friends and community.
*   Scientists are working to **isolate** the specific chemical that causes the plant's unique smell.

⸻

## Synonyms (with short notes about the differences)
*   **separate** — This is the closest synonym. ""Separate"" means to put things apart. ""Isolate"" means to put one thing *completely alone*, or apart from *all* others, often with a specific purpose.
*   **quarantine** — To keep a person or animal apart from others specifically to prevent the spread of disease. ""Isolate"" can be for other reasons too, or for things, not just living beings.
*   **detain** — To keep someone in an official place, usually against their will, often by police or military. ""Isolate"" doesn't necessarily imply official power or punishment.
*   **extract** — To remove something from inside something else, often a part from a whole, sometimes with effort. ""Isolate"" can be about keeping something apart, not necessarily removing it *from within*."
5255,mingle,"# mingle

## Meaning (easy English)

To ""mingle"" means to move around and talk to different people at a social event, like a party, reception, or gathering.
When you mingle, you don't just stay with one group; you try to meet and chat with various people in the room.

It's about mixing socially with others, especially in a relaxed and friendly way.

⸻

## Nuance
*   **Social and Friendly:** The word suggests a relaxed and often enjoyable social interaction.
*   **Active Interaction:** It implies moving around and making an effort to talk to many different people, not just staying in one spot.
*   **Common Use:** Often used for parties, receptions, networking events, or any gathering where people are expected to socialize and meet new faces.
*   **Formality:** Generally informal to semi-formal. It's about light, pleasant conversation rather than deep discussions.

⸻

## Example sentences
*   ""At the wedding reception, the bride and groom went around to **mingle** with all their guests.""
*   ""Don't be shy! Go and **mingle**; it's a great chance to meet new people.""
*   ""She's very good at **mingling** at company events, always making new connections.""

⸻

## Synonyms (with nuance)
*   **socialize** — A broader term; means spending time with others. ""Mingle"" is a specific way to socialize, focusing on moving around and talking to many different people at an event.
*   **chat** — Means to talk informally. You can chat with just one person, but ""mingle"" implies interacting with several people as you move around.
*   **network** — Often has a specific purpose, like finding a job or business contacts. ""Mingle"" can be part of networking, but it's more general social interaction.
*   **circulate** — Very similar to ""mingle"" when talking about people moving around a room. ""Mingle"" specifically adds the idea of talking and interacting with others."
5256,ingredient,"# ingredient

## Meaning (easy English)

An ""ingredient"" is one of the different items or substances that you mix together to make something else. It's a part of a larger whole.

It is most commonly used when talking about food and recipes (for example, flour is an ingredient in bread). However, it can also refer to the different parts that make up a plan, a successful outcome, a problem, or any mixture.

⸻

## Nuance
*   ""Ingredient"" is a very common and neutral word. It is not formal or informal.
*   It is most often used when you are cooking, baking, or talking about food. For example, a recipe lists all the ingredients you need to prepare a dish.
*   You can also use it in a more general way to talk about the necessary parts that contribute to something abstract, like ""trust is a key ingredient for a good relationship.""
*   It implies that these parts are combined or blended to create a final product or result.

⸻

## Example sentences
*   The recipe calls for simple ingredients like flour, sugar, and eggs to make the cake.
*   Hard work and a positive attitude are essential ingredients for success in any job.
*   Always check the ingredients list on food packaging if you have allergies.

⸻

## Synonyms (with nuance)
*   **component** — (more technical) A part of a larger machine, system, or complex product. You wouldn't usually say ""food components,"" but rather ""computer components.""
*   **element** — (can be more abstract or fundamental) A basic or essential part of something, or a chemical substance. For example, ""kindness is an element of good character.""
*   **part** — (very general) Any piece of a whole. ""Ingredient"" is more specific for things that are mixed together to form something new.
*   **factor** — (cause/influence) Something that contributes to a result or situation, often an influence rather than a physical part that is mixed in. For example, ""weather was a major factor in the delay."""
5257,mold,"# mold

## Meaning (easy English)

""Mold"" has several important meanings, both as a noun (a thing) and a verb (an action).

### As a Noun:

1.  **A type of fungus:** A soft, furry growth that appears on old food, damp walls, or other surfaces. It can be green, black, white, or other colors. It often smells bad and is unhealthy.
2.  **A container or shape:**
    *   A hollow container into which a soft or liquid material (like plastic, jelly, or metal) is poured so that it takes a specific shape when it hardens.
    *   The specific shape or form that something has because it was made in such a container.

### As a Verb:

1.  **To shape something:** To give something a particular shape or form by pressing, squeezing, or working it, often with your hands or a tool.
2.  **To influence someone/something:** To strongly influence or guide the development of someone's character, ideas, or behavior over time.

⸻

## Nuance

*   **Mold (fungus):** This meaning always has a negative feeling. It suggests something old, spoiled, dirty, or unhealthy. You want to avoid it.
*   **Mold (container/shape):** This meaning is neutral. It is used in cooking (e.g., for cakes, chocolates), manufacturing (e.g., for plastic parts), or art.
*   **Mold (to shape):** This action is usually neutral. It describes the physical act of forming something (e.g., clay, dough). It can also be used metaphorically in a neutral way (e.g., ""to mold public opinion"").
*   **Mold (to influence):** This action can be positive or neutral. It implies a strong, often long-term, effect on someone's development or character. For example, good teachers can *mold* young minds.

⸻

## Example sentences

*   I had to throw away the old bread because there was **mold** growing on it. (Noun - fungus)
*   The sculptor carefully **molded** the soft clay into a human figure. (Verb - to shape)
*   Parents and teachers play an important role in **molding** a child's character. (Verb - to influence)

⸻

## Synonyms (with short notes about the differences)

### For ""mold"" (fungus):
*   **Mildew** — a specific type of mold, often white or grey, that grows on surfaces in damp conditions (e.g., in bathrooms, on plants). Mold is a more general term.
*   **Fungus** — the general group of organisms that includes mold, mushrooms, and yeast. Mold is a specific type of fungus.

### For ""mold"" (container/shape - noun):
*   **Form** — a more general word for shape or structure; can also be a container, but ""mold"" often implies a specific, often reusable, container for shaping.
*   **Die** — a heavy, strong metal tool used to cut or shape materials, especially in industrial manufacturing. A ""mold"" is usually for pouring liquid materials.

### For ""mold"" (to shape - verb):
*   **Shape** — a more general verb for giving something a form. ""Mold"" often implies working with soft, pliable material (like clay or dough) by hand.
*   **Sculpt** — usually involves carving, modeling, or building up a 3D object, often implying artistic skill. ""Mold"" can be a simpler, more basic forming process.

### For ""mold"" (to influence - verb):
*   **Influence** — a general term for affecting someone or something. ""Mold"" suggests a deeper, more fundamental, and often lasting impact on character or development, actively forming it.
*   **Shape** — can be used metaphorically in a similar way to ""mold"" when talking about character or ideas, but ""mold"" often implies a more active and deliberate process of forming."
5258,nutrition,"# nutrition

## Meaning (easy English)

Nutrition is the process of getting the food and important substances (like vitamins and minerals) that your body needs to be healthy, grow, and have energy. It also refers to the study of food and how it affects your health.

In simple terms, it's all about what you eat and how it helps your body work well.

⸻

## Nuance
*   ""Nutrition"" is a key word when talking about health, diet, and food science.
*   It often sounds scientific or medical, especially when discussing ""nutrients"" or ""nutritional value.""
*   However, it's also commonly used in everyday conversations about healthy eating and lifestyle. For example, people talk about ""good nutrition"" or ""poor nutrition.""
*   It's a neutral word in terms of formality, but it carries an important, health-related meaning.

⸻

## Example sentences
*   Good **nutrition** is essential for children's healthy growth and development.
*   The doctor advised him to pay more attention to his daily **nutrition** to improve his energy levels.
*   Many people study **nutrition** at university to become dietitians or health experts.

⸻

## Synonyms (with short notes about the differences)
*   **Diet** — This refers to the food and drink a person usually eats. *Nutrition is about the quality and effect of that diet on your body, while diet is simply what you consume.*
*   **Nourishment** — This is food or other things necessary for health and growth. *Nourishment is a broader idea; nutrition specifically refers to the valuable substances in food.*
*   **Food intake** — This describes the amount and type of food you eat. *Food intake is the act of eating, while nutrition describes the value and health effect of that food.*"
5259,mislead,"# mislead

## Meaning (easy English)

To **mislead** someone means to make them believe something that is not true, often by giving them wrong or incomplete information. It also means to guide someone in a wrong direction, either physically or in their thoughts and understanding.

This can happen accidentally, or it can be done on purpose to trick someone.

⸻

## Nuance
*   **Mislead** suggests that someone has been given information or direction that causes them to think incorrectly, act incorrectly, or have a wrong understanding.
*   It can be used for both **accidental errors** (e.g., ""The old map misled us"") and **intentional deception** (e.g., ""The advertisement misled customers"").
*   The person being misled often trusts the source of the information or guidance.
*   It's a common word used in everyday conversation, news, and official reports, and is neutral in terms of formality.

⸻

## Example sentences
*   The company was accused of trying to **mislead** customers with false claims about their product.
*   We were **misled** by the confusing road signs and ended up driving in the wrong direction for an hour.
*   Don't let the beautiful packaging **mislead** you; the actual product inside is quite disappointing.

⸻

## Synonyms (with short notes about the differences)
*   **Deceive** — Stronger than ""mislead""; it almost always means to intentionally trick someone into believing a lie, with a clear purpose to hide the truth. ""Mislead"" can be accidental.
*   **Misinform** — To give someone incorrect information. This synonym focuses more on the *information itself* being wrong, rather than the act of guiding someone to a false belief or action.
*   **Trick** — Often suggests a clever or playful deception, or a small scheme, sometimes for fun or to gain a small advantage. It can be less serious than ""mislead"" or ""deceive.""
*   **Confuse** — To make someone unable to understand or think clearly. While ""mislead"" guides you to a *specific wrong idea*, ""confuse"" makes you *unable to form any clear idea* or understanding."
5260,naughty,"# naughty

## Meaning (easy English)

""Naughty"" describes someone, usually a child or an animal, who behaves badly, disobeys rules, or does something mischievous. It often refers to minor misbehavior that is not very serious.

Sometimes, it can also describe someone who is playfully rude or a little bit cheeky.

⸻

## Nuance
*   **Mainly for children/pets:** This word is most commonly used when talking about children or pets who are not following rules or are being playful in a disobedient way.
*   **Tone:** It often carries a light, affectionate tone of disapproval, rather than serious anger. A parent might say ""You're a naughty boy!"" with a smile.
*   **Formality:** It's an informal word, used in everyday conversation.
*   **Severity:** It implies minor misbehavior, like making a mess, refusing to eat vegetables, or touching something they shouldn't. It's not usually used for very serious bad behavior or crimes.
*   **Humorous use:** Sometimes, adults use ""naughty"" in a playful or humorous way to describe another adult's slightly cheeky or mildly inappropriate actions.

⸻

## Example sentences
*   My little brother was **naughty** and drew on the wall with crayons.
*   The puppy was a bit **naughty** and chewed on my shoe again.
*   Don't be **naughty**; finish your homework before you play games.

⸻

## Synonyms (with short notes about the differences)
*   **Mischievous** — Very similar, often interchangeable. ""Mischievous"" emphasizes a playful, tricky, or teasing kind of naughtiness, often with cleverness involved.
*   **Disobedient** — More formal and serious. It means specifically refusing to follow rules or orders, without the playful or light tone that ""naughty"" often has.
*   **Badly behaved** — A more general term for showing poor manners or acting incorrectly. It can apply to more serious actions than ""naughty"" and doesn't carry the same light, often child-focused tone.
*   **Troublesome** — Describes someone or something that causes trouble or difficulty. It can be more serious than ""naughty"" and doesn't necessarily imply disobedience, but rather the creation of problems."
5261,mock,"# mock

## Meaning (easy English)

""Mock"" has two main meanings:

1.  **To make fun of someone or something in an unkind way.** This often involves copying their words or actions to show you think they are silly, weak, or stupid.
2.  **To create something that looks like the real thing, but is not real.** This is often done for practice, testing, or design.

⸻

## Nuance
    •   When ""mock"" means to make fun, it usually has a **negative feeling**. It suggests disrespect, cruelty, or childish behavior. It can make the person being mocked feel embarrassed, sad, or angry.
    •   When ""mock"" means to imitate or create a fake version, it is usually **neutral**. It's common in fields like design (a ""mock-up"" of a website), education (a ""mock exam""), or training (a ""mock trial"").
    •   It's generally an **informal to neutral** word, depending on which meaning is used.

⸻

## Example sentences
    •   The other children started to mock his new haircut, which made him feel very self-conscious.
    •   She tried to mock her brother's silly dance moves, but he just laughed along.
    •   Before the real presentation, the team did a mock presentation to practice their speeches.

⸻

## Synonyms (with short notes about the differences)
    •   **Ridicule** — More formal and often stronger than ""mock""; it means to make fun of someone in a scornful or contemptuous way, suggesting they are worthless.
    •   **Tease** — Can be playful or unkind; ""tease"" is often less aggressive and more about annoying someone gently than making them look foolish.
    •   **Mimic** — To copy someone's actions or speech, often accurately. It can be done for entertainment, or sometimes to mock.
    •   **Simulate** — To create a model or environment that acts like a real system or situation, often for study or training. This relates to the second meaning of ""mock."""
5262,headmaster,"# headmaster

## Meaning (easy English)

A headmaster is the main person in charge of a school. He is like the leader or boss who manages the school, makes important decisions, and is responsible for the staff and students.

This word is traditionally used for a **male** leader, especially in older, private, or boarding schools, mainly in British English.

⸻

## Nuance
*   **Gender:** Specifically refers to a male leader. If the leader is a woman, the traditional term is ""headmistress,"" but ""headteacher"" is now more common for both men and women.
*   **Feel:** The word ""headmaster"" sounds quite traditional, formal, and sometimes a little old-fashioned.
*   **Usage:** It is most commonly used in British English, often for independent, private, or older ""public schools"" (which are private in the UK). In American English, the term ""principal"" is much more common.
*   **Authority:** It implies a person with significant authority and responsibility over the school's educational standards, discipline, and overall management.

⸻

## Example sentences
*   The **headmaster** addressed all the new students during the assembly on the first day.
*   My parents had a meeting with the **headmaster** to discuss my progress in school.
*   The **headmaster** announced that the school would be closed for a day due to heavy snow.

⸻

## Synonyms (with short notes about the differences)
*   **headteacher** — A more modern and gender-neutral term, very common in British English for the leader of any school, male or female.
*   **principal** — The most common term in American English for the leader of a school. It can refer to a male or female leader.
*   **headmistress** — The female equivalent of a headmaster. It is also traditional and less common now, as ""headteacher"" is often preferred for women too."
5263,inspiring,"# inspiring

## Meaning (easy English)

""Inspiring"" is an adjective that describes something or someone that makes you feel excited, hopeful, and motivated to do something good, creative, or challenging. It gives you new ideas, courage, or a strong desire to achieve something.

When something is ""inspiring,"" it fills you with positive feelings and a wish to act or create.

⸻

## Nuance
*   **Positive and Uplifting:** The word always has a very positive feeling. It suggests something that makes you feel better, more hopeful, and ready to act or think differently.
*   **Emotional Impact:** ""Inspiring"" often means it touches your emotions and makes you want to be a better person, achieve more, or create something new.
*   **Source of Motivation:** It describes something that gives you the motivation to start a project, pursue a dream, overcome a difficulty, or simply feel more positive about life.
*   **Common Usage:** You can use it for people (e.g., an inspiring leader), stories (e.g., an inspiring tale of courage), art (e.g., inspiring music), achievements (e.g., an inspiring victory), or even places.
*   **Formality:** It is a common and natural word, used in everyday conversation as well as more formal settings. It is not particularly formal or informal.

⸻

## Example sentences
*   Her story of overcoming illness to run a marathon was truly **inspiring** to many people.
*   The teacher's passion for science was **inspiring**, making many students interested in the subject.
*   He found the beautiful mountain scenery very **inspiring** for his new painting.

⸻

## Synonyms (with short notes about the differences)
*   **Motivating:** Makes you want to do something. ""Inspiring"" often adds a deeper emotional connection and suggests new ideas or a higher purpose, not just a push to act.
*   **Encouraging:** Gives you hope or confidence to continue. ""Inspiring"" is often stronger and can lead to bigger actions or a complete change in perspective.
*   **Uplifting:** Makes you feel happier and more positive. ""Inspiring"" includes this feeling but also adds the element of wanting to achieve or create something.
*   **Stimulating:** Excites your mind and makes you think or be creative. ""Inspiring"" often includes this but also has a strong emotional and action-oriented component."
5264,astronaut,"# astronaut

## Meaning (easy English)

An **astronaut** is a person who is specially trained to travel into space. They fly spacecraft, perform scientific experiments, and sometimes live for periods on a space station, like the International Space Station. Their job is to explore space and learn more about it.

⸻

## Nuance
*   **Astronaut** is the most common word used in English for someone who goes to space, especially those from the United States or Europe.
*   It suggests a highly skilled, brave, and adventurous individual who has undergone rigorous training.
*   The word is neutral in formality, suitable for most situations.
*   It often brings to mind images of advanced technology, scientific discovery, and human exploration beyond Earth.

⸻

## Example sentences
*   Becoming an **astronaut** requires many years of intense physical and mental training.
*   The **astronaut** described what it felt like to see Earth from space.
*   Many children dream of becoming an **astronaut** and exploring other planets.

⸻

## Synonyms (with short notes about the differences)
*   **Cosmonaut** — This is the term used for astronauts from Russia. The job is the same, but the word indicates their nationality or the space program they belong to.
*   **Taikonaut** — This is the term used for astronauts from China. Similar to cosmonaut, it specifies the country of origin for the space traveler.
*   **Space traveler** — A more general term for anyone who goes into space. This could include professional astronauts, but also space tourists or scientists who are not officially part of an astronaut corps. It doesn't necessarily imply the same level of specific training or professional role."
5265,motivate,"# motivate

## Meaning (easy English)

To **motivate** someone means to give them a reason or a strong desire to do something. It makes a person feel enthusiastic and eager to work hard, take action, or achieve a goal.

When something motivates you, it gives you the energy and willingness to start or continue an activity.

⸻

## Nuance
*   **Motivate** feels positive and active. It's about giving someone (or yourself) the internal push or external reason to act.
*   It is often used in contexts like work, study, sports, or personal goals, where effort and persistence are needed.
*   The word is generally neutral in formality, meaning you can use it in both everyday conversations and more professional settings.
*   It focuses on the *why* behind an action – what drives someone to do something.

⸻

## Example sentences
*   The teacher uses fun activities to **motivate** her students to learn English.
*   Knowing that I have a deadline helps to **motivate** me to finish my work on time.
*   What truly **motivates** you to wake up early every morning and go to the gym?

⸻

## Synonyms (with short notes about differences)
*   **Inspire** — Often about giving someone new ideas, hope, or a strong positive feeling, especially for creative or moral reasons. (e.g., *Her story inspired me to help others.*)
*   **Encourage** — To give support, confidence, or hope to someone. It's about helping someone continue or try something, often when they are hesitant. (e.g., *My parents always encouraged me to follow my dreams.*)
*   **Incentivize** — To offer a specific reward, benefit, or penalty to make someone do something. This is more about external factors. (e.g., *The company incentivizes employees with bonuses for good performance.*)
*   **Drive** (verb) — To make someone act or work very hard, often by a strong internal feeling or external pressure. It can be a stronger, more forceful kind of motivation. (e.g., *His ambition drives him to succeed.*)"
5266,dropout,"# dropout

## Meaning (easy English)

A ""dropout"" is a person who stops attending school, college, university, or another organized program (like a training course or a sports team) before they have finished it and earned a degree, diploma, or certificate.

The word can also be used to talk about the act of stopping a program, for example, ""The university is trying to lower its **dropout** rate."" (Here, ""dropout"" describes the rate of people leaving).

⸻

## Nuance
*   **Commonly used in education:** You will most often hear ""dropout"" when talking about students who leave high school or university early.
*   **Can carry a slightly negative feeling:** People sometimes see dropping out as a failure to complete something important. It might suggest someone didn't try hard enough or couldn't handle the work.
*   **Not always negative:** Sometimes, dropping out is a personal choice, perhaps to start a business, pursue a passion, or because of family reasons. In these cases, it's a descriptive word, not necessarily a judgment.
*   **Formality:** It's a common, everyday word. It's not formal, but it's not very informal either.

⸻

## Example sentences
*   My cousin was a high school **dropout**, but he later started a very successful business.
*   The university is trying to reduce the number of student **dropouts** by offering more support.
*   She became a college **dropout** after deciding that her program wasn't the right fit for her goals.

⸻

## Synonyms (with short notes about the differences)
*   **Quitter** — This word usually has a stronger negative meaning. It suggests someone gives up easily or avoids challenges. A ""dropout"" just describes the action of leaving a formal program, while a ""quitter"" implies a negative character trait.
*   **Leaver** — A very neutral word. It simply means someone who has left a place or organization. It doesn't tell you *why* they left or if they completed something or not.
*   **Non-graduate** — This term means someone who did not earn a degree or diploma. A ""dropout"" is a type of non-graduate, but ""non-graduate"" doesn't explain that the person *started* a program but didn't finish it. It just states they don't have a degree."
5267,overthrow,"# overthrow

## Meaning (easy English)

To **overthrow** means to remove a leader, government, or a system from power, usually by using force or by starting a rebellion. It means to defeat them and take their place, often suddenly and dramatically.

It is often used when a group of people, like rebels or soldiers, fight against the current rulers to change who is in charge.

⸻

## Nuance
*   **Strong and dramatic:** This word suggests a big, often violent, change in power.
*   **Political context:** Almost always used for governments, leaders, or political systems. You wouldn't usually ""overthrow"" a bad habit or a difficult task.
*   **Implies force:** It often involves fighting, protest, or military action, not just a peaceful election.
*   **Not casual:** It's a serious word for serious events.

If you hear ""overthrow,"" imagine a situation where people are fighting to remove someone or something powerful from control.

⸻

## Example sentences
*   The rebels planned to **overthrow** the dictator and bring democracy to the country.
*   After many years of unfair rule, the people finally rose up to **overthrow** the corrupt government.
*   Some military leaders attempted to **overthrow** the president, but their plan failed.

⸻

## Synonyms (with short notes about the differences)
*   **Depose** — More formal and often used for removing a king, queen, or a high official from their position, sometimes legally or semi-legally, but can also involve force.
*   **Topple** — Less formal, often suggests a quick collapse or fall from power, like a building falling down. It can be used for leaders or governments.
*   **Dethrone** — Specifically means to remove a king, queen, or emperor from their throne and power.
*   **Coup (d'état)** — This is a *noun* describing a sudden, illegal seizure of power, often by a military group. ""Overthrow"" is the *verb* that describes the action of carrying out a coup.
*   **Rebel against** — To fight against authority. This focuses on the act of resistance, not necessarily the success of removing the power."
5268,unsuccessful,"# unsuccessful

## Meaning (easy English)

If something or someone is **unsuccessful**, it means they did not achieve the goal, aim, or result they wanted or planned. It describes an attempt, effort, or project that did not work out well or did not reach a good outcome.

---

## Nuance
*   **Feeling:** It's a neutral word for describing a lack of success. It usually implies that an effort was made, but it didn't lead to the desired outcome.
*   **Usage:** You can use ""unsuccessful"" to describe people (in relation to a specific task), attempts, plans, businesses, projects, or actions.
*   **Formality:** This is a standard adjective, suitable for both everyday conversations and more formal writing. It's not slang or overly academic.

When you hear ""unsuccessful,"" think of a situation where something was tried, but it didn't work as hoped.

---

## Example sentences
*   The team was **unsuccessful** in their attempt to score a goal in the last few minutes of the game.
*   After many **unsuccessful** job applications, she finally got an interview next week.
*   The business venture proved to be **unsuccessful** and had to close down after only a year.

---

## Synonyms (with short notes about the differences)
*   **Failed:** This word often suggests a more complete and final breakdown. While ""unsuccessful"" describes the outcome, ""failed"" can also describe the thing itself (e.g., ""a failed project""). It can feel more definitive.
*   **Fruitless:** This describes efforts or searches that produce no good or useful result, like a tree that doesn't grow fruit. It often highlights the wasted effort.
*   **Ineffective:** This means something did not produce the intended or desired *effect*. It focuses more on the method or tool not working as it should, rather than just the final outcome.
*   **Futile:** This is a stronger word, suggesting that an effort is completely pointless because there is absolutely no chance of success. It implies a sense of hopelessness."
5269,overwhelm,"# overwhelm

## Meaning (easy English)

""Overwhelm"" means to cause someone to feel a very strong emotion or have too much of something (like work, problems, or feelings) so that they feel unable to deal with it. It's like being flooded with too much to handle.

It can also mean to defeat someone or something completely, or to cover something completely with a large amount of something, like water covering a small boat.

⸻

## Nuance
*   Most often describes a negative feeling: stress, anxiety, or feeling helpless because there's too much to deal with.
*   Can sometimes be used for very strong positive feelings, like being ""overwhelmed with joy"" or ""overwhelmed by beauty.""
*   It's a common word used in everyday situations, not very formal or informal.
*   When you feel overwhelmed, it means you've lost control or can't manage the situation or emotions anymore.

⸻

## Example sentences
*   I have so much work to do this week that I feel completely **overwhelmed**.
*   The beauty of the Grand Canyon completely **overwhelmed** me.
*   The small hospital was **overwhelmed** by the number of patients after the accident.

⸻

## Synonyms (with short notes about the differences)
*   **Swamp** — To cover someone with a very large amount of something, especially work or problems, making it hard to move or think. (Often focuses on quantity and feeling stuck).
*   **Inundate** — To give someone a very large number of things, like emails or requests, all at once. (Focuses on a flood of *incoming items*).
*   **Overpower** — To defeat someone or something by having more strength or force. (Focuses on dominance and strength, not necessarily the *feeling* of being unable to cope, though it can cause it)."
5270,gratitude,"# gratitude

## Meaning (easy English)

**Gratitude** is the feeling of being thankful or appreciative. It's what you feel when someone has been kind to you, helped you, or when you are happy about good things in your life.

It is a positive emotion that shows you recognize the good someone has done for you or the good situation you are in.

⸻

## Nuance
*   **Feels**: Warm, sincere, and often deep. It's a strong positive emotion.
*   **Used when**: You want to express a serious or heartfelt thankfulness for something good that happened, or for someone's kindness or help. It suggests a deeper appreciation than just saying ""thanks.""
*   **Formality**: It is a relatively formal word compared to ""thankfulness"" or ""thanks."" You might use it in a speech, a formal letter, or when reflecting on important positive experiences. It's less common in very casual everyday conversation, though the *feeling* itself is universal.
*   **Often associated with**: Recognizing good fortune, kindness, or significant support from others.

⸻

## Example sentences
*   I want to express my sincere **gratitude** for all your help with the project.
*   She felt a deep sense of **gratitude** for her family's support during a difficult time.
*   It's important to practice **gratitude** every day and appreciate the small good things in life.

⸻

## Synonyms (with nuance)
*   **thankfulness** — Very similar; often used interchangeably. ""Thankfulness"" might feel slightly less formal or profound than ""gratitude.""
*   **appreciation** — Similar, but ""appreciation"" can also mean recognizing the value or quality of something (e.g., ""an appreciation for good music""). When it's about people, it means valuing their kindness or effort, which is very close to gratitude.
*   **thanks** — This is the most common and informal way to express gratitude, often used as an interjection (""Thanks!""). ""Thanks"" usually refers to the words or actions of saying thank you, while ""gratitude"" is the deeper feeling behind it.
*   **gratefulness** — The state of being grateful. It is very close in meaning to ""thankfulness"" and ""gratitude,"" perhaps slightly less common than ""gratitude"" in formal contexts."
5271,generosity,"# generosity

## Meaning (easy English)

**Generosity** is the quality of being kind and willing to give money, time, help, or other valuable things to people freely. It means showing a readiness to share or offer support to others, often without expecting anything in return.

⸻

## Nuance
*   **Feeling:** It's a very positive and admired quality. It suggests warmth, kindness, and selflessness.
*   **Usage:** You use ""generosity"" to describe a person's character or a specific act of giving or sharing. It can apply to money, time, effort, compassion, or even forgiveness.
*   **Formality:** It's a neutral word, suitable for both everyday conversations and more formal writing.
*   It highlights a willingness to give more than strictly necessary or expected, often for the benefit of others.

⸻

## Example sentences
*   Her **generosity** is well-known; she often volunteers her time and helps people in need.
*   The local community thanked the anonymous donor for their incredible **generosity** towards the new library.
*   Even though he had little time, he showed great **generosity** by staying late to help his colleague finish the project.

⸻

## Synonyms (with nuance)
*   **kindness:** A general quality of being friendly, considerate, and caring. Generosity is a specific way to express kindness, especially through giving.
*   **benevolence:** A more formal word meaning a desire to do good to others; often implies a more organized or widespread effort to help.
*   **altruism:** Acting purely for the benefit of others, without any thought of personal gain or reward. Generosity often stems from altruism, but ""altruism"" emphasizes the selfless motivation more strongly.
*   **charity:** Refers to the act of giving help or money to those in need, or the organization that does this. Generosity is the positive quality or spirit that motivates acts of charity."
5272,overwork,"# overwork

## Meaning (easy English)

**Overwork** means to work too much or too hard. It can refer to:

1.  **The act of working too much:** When a person works more hours or takes on more tasks than is healthy or reasonable.
2.  **The state of being overworked:** When someone is very tired or stressed because they have worked too much.

It suggests that the amount of work is excessive and can lead to negative effects like tiredness, stress, or poor health.

⸻

## Nuance
*   **How it feels:** The word ""overwork"" carries a negative feeling. It suggests that someone is pushing themselves beyond a healthy limit, often leading to exhaustion and stress.
*   **When it is used:** It is commonly used when discussing long hours, heavy workloads, or the pressure to perform too much, whether by choice or by demand from an employer. It can apply to jobs, studies, or even personal projects.
*   **Formality:** It is a neutral word, suitable for both everyday conversations and more serious discussions about health, well-being, or workplace conditions. It's not overly formal or informal.

If you hear ""overwork,"" you can imagine someone feeling very tired and stressed because they have too much to do.

⸻

## Example sentences
*   Many employees **overwork** themselves to meet tight deadlines at the end of the month.
*   She looked pale and tired, clearly suffering from **overwork** after months of studying for exams.
*   Our boss warned us not to **overwork** ourselves during this busy period, encouraging us to take breaks.

⸻

## Synonyms (with short notes about the differences)
*   **Burnout** — A more severe and long-term state of complete emotional, physical, and mental exhaustion, usually caused by prolonged stress from overwork. *Overwork can lead to burnout.*
*   **Exhaustion** — Extreme tiredness. This is a general term for being very tired, which can come from anything (exercise, illness, lack of sleep), not just work. *Overwork often causes exhaustion.*
*   **Workaholic** — This describes a person who loves to work too much and finds it difficult to stop. *Overwork* is the action or state; a *workaholic* is the person who often overworks.
*   **To be swamped / To be overloaded** — These are more informal expressions meaning you have too much work at a specific time. They suggest a temporary situation, whereas *overwork* can describe a continuous pattern or chronic state."
5273,symptom,"# symptom

## Meaning (easy English)

A symptom is a change in your body or mind that shows you might be sick or have a health problem. It's a sign that something is wrong.

For example, a cough or a fever are symptoms of a cold.

The word can also be used more generally to mean a sign that a problem or difficulty exists in a situation or system.

⸻

## Nuance
*   Most often used in medical situations when talking about health and illness.
*   It implies that you are looking for the *cause* of a problem, as the symptom is just the visible sign of something deeper.
*   Can also be used for problems in society, a system, or a situation, meaning a clear sign that something deeper is wrong.
*   It's a standard, neutral word, not informal but not overly formal either.

⸻

## Example sentences
*   A high fever and a sore throat are common **symptoms** of the flu.
*   The doctor asked about all her **symptoms** before making a diagnosis.
*   High unemployment is often a **symptom** of a struggling economy.

⸻

## Synonyms (with short notes about the differences)
*   **sign** — Very similar; often interchangeable, but ""sign"" can be broader (e.g., a road sign, a sign of danger). A symptom is a specific type of sign, usually related to a condition or problem.
*   **indicator** — Something that shows the condition or existence of something else, often used for trends, data, or general states (e.g., economic indicators, an indicator of success).
*   **manifestation** — A more formal word for something becoming visible or clear. It's the way an abstract idea or problem shows itself (e.g., her anger was a manifestation of stress).
*   **clue** — Something that helps you solve a mystery or find an answer. Less medical, more about discovery or investigation (e.g., we found a clue to the puzzle)."
5274,fatigue,"# fatigue

## Meaning (easy English)

Fatigue is a feeling of being extremely tired, both physically and mentally. It's more than just feeling sleepy; it's a deep lack of energy that makes it hard to do things or even think clearly.

It often happens after a lot of physical work, not getting enough sleep, being sick, or experiencing a lot of stress.

⸻

## Nuance
    •	**Intensity:** Fatigue is a stronger, more serious kind of tiredness. It suggests a deep lack of energy that might affect your daily activities and last for some time.
    •	**Context:** Often used in medical discussions (e.g., ""chronic fatigue syndrome""), sports (e.g., ""muscle fatigue""), or when talking about long periods of work or stress (e.g., ""mental fatigue,"" ""decision fatigue"").
    •	**Formality:** It sounds more formal and clinical than ""tired"" or ""sleepy."" It's a more precise word used when the tiredness is significant or prolonged.

⸻

## Example sentences
    •	After working 12 hours straight, she felt overwhelmed by **fatigue**.
    •	The doctor said constant **fatigue** could be a symptom of her illness.
    •	Many students experience mental **fatigue** during exam season, making it difficult to concentrate.

⸻

## Synonyms (with short notes about the differences)
    •	**Tiredness** — This is the most common and general word for feeling sleepy or lacking energy. It's less intense and less formal than fatigue.
    •	**Exhaustion** — Very similar to fatigue, often used interchangeably. It suggests being completely drained of all energy, often after extreme effort.
    •	**Weariness** — A general feeling of being tired, often from prolonged effort, boredom, or sadness. It can sometimes have a slightly more emotional or poetic feel.
    •	**Lethargy** — A state of extreme tiredness, lack of energy, and often a lack of interest or enthusiasm. It implies slowness and inactivity."
5275,curiously,"# curiously

## Meaning (easy English)

""Curiously"" is an adverb that means one of two main things:

1.  **In a strange or unusual way:** Something happens in a way that is surprising, unexpected, or a little odd.
    *   *Example:* ""Curiously, the lights turned off by themselves."" (It was strange that they did.)
2.  **With a feeling of wanting to know or discover something:** Someone does something because they are curious and want to learn more.
    *   *Example:* ""She curiously opened the old box."" (She wanted to see what was inside.)

⸻

## Nuance
    •	When ""curiously"" means ""strangely,"" it often suggests a slight sense of wonder, mild surprise, or an interesting observation about something unexpected. It makes you want to know *why* something is the way it is.
    •	When it means ""with curiosity,"" it shows a strong desire to explore, investigate, or learn. It highlights someone's interested and questioning nature.
    •	It is a neutral word, suitable for most everyday and formal situations.

⸻

## Example sentences
    •	**Curiously,** the usually busy street was completely empty this morning. (Meaning: Strangely/Unexpectedly)
    •	The little girl **curiously** poked the snail with a stick, wanting to see what it would do. (Meaning: With a desire to know)
    •	He looked at the ancient map **curiously,** wondering if it held a secret. (Meaning: With curiosity and a sense of wonder)

⸻

## Synonyms (with short notes about the differences)
    •	**Oddly** — Very similar to ""curiously"" when it means ""in a strange way."" ""Oddly"" just describes something as strange, while ""curiously"" can also suggest a reason to be interested in *why* it is strange.
    •	**Surprisingly** — Focuses purely on the unexpected nature of something. ""Curiously"" can be surprising *and* also a bit strange or interesting.
    •	**Unusually** — Means not typical or common. It describes something that is different from what normally happens, similar to ""strangely.""
    •	**Inquisitively** — This word specifically means ""with curiosity"" or ""eager to learn."" It doesn't carry the meaning of ""strangely"" like ""curiously"" can."
5276,peep,"# peep

## Meaning (easy English)

""Peep"" has two main meanings:

1.  **To look quickly and often secretly:** This usually means looking through a small opening, from a hidden place, or just for a very brief moment.
2.  **To make a short, high-pitched sound:** This sound is typically made by a small bird, a young animal, or sometimes a very quiet human voice.

You can also use ""peep"" as a noun for these actions (a quick look or a small sound).

⸻

## Nuance

*   **For looking:** ""Peep"" often suggests curiosity, a bit of secrecy, or trying not to be noticed. It implies a quick, brief look, often through something like a gap, a keyhole, or curtains. It can be playful or slightly mischievous.
*   **For sound:** This meaning suggests a small, weak, or delicate sound. It makes you think of baby animals or someone speaking very softly.
*   **Formality:** It's an informal to neutral word. You can use it in everyday conversation without it sounding too casual or too formal.

⸻

## Example sentences

*   She **peeped** through the curtains to see who was knocking at the door. (verb - look)
*   We heard the tiny chicks **peep** loudly from their nest. (verb - sound)
*   He took a quick **peep** at his phone during the meeting when he thought no one was looking. (noun - look)

⸻

## Synonyms (with short notes about the differences)

*   **peek** (for looking): Very similar and often interchangeable with ""peep"" when meaning ""to look quickly and secretly."" ""Peek"" might be slightly more common in American English, and ""peep"" might slightly emphasize looking through a *small opening*.
*   **glance** (for looking): A quick look, but it doesn't necessarily imply secrecy or looking through a small opening. You can glance at a clock, for example.
*   **spy** (for looking): To see someone or something, often from a distance or secretly, but ""spy"" implies more deliberate observation, often to gather information, rather than just a quick, curious look.
*   **chirp** (for sound): A short, sharp sound made by a bird or insect. ""Chirp"" is usually a bit louder and more distinct than a ""peep,"" which can be very faint.
*   **squeak** (for sound): A short, high-pitched sound, often made by small animals (like mice) or by something rubbing together (like a door hinge). A ""squeak"" can be more sudden or harsh than a ""peep."""
5277,shady,"# shady

## Meaning (easy English)

The word ""shady"" has two main meanings:

1.  **(Most common)** Something or someone that seems dishonest, illegal, or untrustworthy. It suggests that something is hidden or not quite right.
2.  **Literally**, it means protected from direct sunlight, having a lot of shade.

## Nuance

*   When used to mean ""dishonest"" or ""suspicious,"" ""shady"" has a **negative** feeling. It's often used in **informal** conversations. You might use it to describe a person, a business, a deal, or an activity that seems secretly wrong or morally questionable. It suggests a lack of transparency and something potentially illegal.
*   When used to mean ""protected from the sun,"" it is a **neutral**, descriptive word.

If you hear ""shady"" in conversation, it almost always refers to the negative, suspicious meaning.

## Example sentences

*   Let's find a **shady** spot under that big tree to have our picnic, it's so hot today. (Literal meaning)
*   I heard that new online store is a bit **shady**; their prices are too low to be true. (Suspicious business)
*   He got involved with some **shady** characters and ended up in trouble. (Untrustworthy people)

## Synonyms (with short notes about the differences)

*   **Suspicious** — Something that makes you *think* it might be wrong or illegal. ""Shady"" often implies a stronger feeling that it *is* wrong.
*   **Dubious** — Questionable or doubtful, not to be relied upon. ""Dubious"" is a bit more formal and can apply to claims or reputations, while ""shady"" often suggests active dishonesty.
*   **Questionable** — Open to doubt or suspicion, often about ethics or honesty. Similar to ""dubious"" but perhaps slightly less strong.
*   **Sketchy** (informal) — Not complete, clear, or reliable; suspicious. Very close to ""shady"" in informal use, often used for plans, information, or people who seem untrustworthy."
5278,dependence,"# dependence

## Meaning (easy English)

**Dependence** is the state of needing help, support, or something else to live, work, or exist.
It means you rely on someone or something and cannot easily manage without them.

For example, a child has a dependence on their parents for food and care. A country might have a dependence on another country for its oil supply.

⸻

## Nuance
*   **Dependence** can be neutral, simply describing a relationship where one thing needs another (e.g., ""our dependence on clean water"").
*   It can often carry a slightly negative feeling, suggesting a lack of independence, self-sufficiency, or even control (e.g., ""economic dependence,"" ""drug dependence"").
*   It is a relatively formal word, used in many different contexts from personal relationships to global economics.
*   It implies that if the thing you depend on is removed, there will be difficulties or problems.

⸻

## Example sentences
*   Many students have some financial **dependence** on their parents while they are at university.
*   The country is trying to reduce its **dependence** on imported goods by producing more locally.
*   Long-term use of certain pain medications can sometimes lead to physical **dependence**.

⸻

## Synonyms (with short notes about the differences)
*   **Reliance** — Very similar to **dependence** and often used interchangeably. ""Reliance"" can sometimes emphasize trust or confidence in something, while ""dependence"" can feel a bit stronger, sometimes implying a lack of choice or ability to be without.
*   **Addiction** — A much stronger and more negative form of **dependence**. It refers to a compulsive, unhealthy need for a substance (like drugs or alcohol) or a behavior, often with harmful consequences.
*   **Need** — A more general word for something that is required. ""Dependence"" is the *state* of having that need met by relying on something or someone else. You can have a ""need"" for food, but ""dependence"" on a specific food source.
*   **Interdependence** — This is when two or more things or people mutually **depend** on each other. It's a two-way relationship, where both sides rely on the other, unlike one-sided **dependence**."
5279,persist,"# persist

## Meaning (easy English)

To **persist** means to continue doing something or trying to achieve something, even when it is difficult, takes a long time, or faces opposition.
It can also mean that something (like a problem or a feeling) continues to exist or happen for a long time.

⸻

## Nuance
*   **When a person persists**, it usually shows determination and a strong will to not give up. This often has a positive feeling.
*   **When a situation or problem persists**, it means it continues to exist or happen. This can be neutral or have a slightly negative feeling, especially if it's an unwanted situation.
*   It is a neutral word in terms of formality, suitable for most everyday and professional conversations.

⸻

## Example sentences
*   She **persisted** with her studies even after failing the exam twice, and finally passed.
*   Despite all efforts, the severe drought in the region continues to **persist**.
*   If you **persist** in practicing every day, you will definitely improve your guitar skills.

⸻

## Synonyms (with short notes about the differences)
*   **Continue** — This is the most general word for ""keep doing something."" ""Persist"" adds the idea of doing it despite difficulty or resistance.
*   **Persevere** — Very similar to ""persist,"" but often emphasizes the *effort* and *determination* of a person to overcome challenges.
*   **Keep going / Keep at it** — More informal phrasal verbs. They mean to continue an activity or effort, often implying you shouldn't stop.
*   **Remain** — Means to stay in a particular state, place, or condition. ""Persist"" often implies a more active continuation or presence against some kind of resistance."
5280,therapy,"# therapy

## Meaning (easy English)

Therapy is a type of treatment given by a trained professional to help someone improve their physical or mental health.
It aims to help people recover from an illness or injury, manage a difficult condition, or deal with challenging feelings and problems.

⸻

## Nuance
*   Often implies a process of healing or improving over time, usually with regular sessions with a professional.
*   Used for a wide range of health issues, from physical injuries (like a broken leg) to mental health challenges (like stress, anxiety, or trauma).
*   The word itself is quite neutral and professional, commonly used in medical and psychological contexts. It's not informal.
*   It suggests seeking professional help rather than trying to fix a problem alone.

⸻

## Example sentences
*   After the accident, he needed **physical therapy** to regain strength in his leg.
*   Talking to a therapist helped her cope with her anxiety and stress.
*   My doctor suggested a course of **therapy** for my chronic back pain.

⸻

## Synonyms (with nuance)
*   **counseling** — usually focuses on talking to help with mental or emotional problems; often shorter-term and more focused on current issues than some types of therapy.
*   **treatment** — a very broad word for any method used to cure or improve an illness or injury; ""therapy"" is a *type* of treatment.
*   **rehabilitation (rehab)** — specifically aims to help someone recover from an injury, illness, or addiction and regain normal function or skills.
*   **psychotherapy** — a more specific and often deeper form of mental health therapy, usually conducted by a psychologist or psychiatrist, exploring underlying issues."
5281,prick,"# prick

## Meaning (easy English)

The word ""prick"" has a few different meanings:

*   **As a noun (literal):**
    1.  A very small hole or mark made by something sharp, like a needle or a thorn.
    2.  A sudden, sharp, stinging feeling, often caused by something pointed.

*   **As a verb (literal):**
    1.  To make a very small hole in something with a sharp point.
    2.  To feel a sudden, sharp pain.
    3.  (Often with ""up"") To raise your ears and listen carefully, showing alertness (e.g., ""to prick up your ears"").

*   **As a noun (offensive slang):**
    A very rude and offensive slang word for a man who is considered stupid, annoying, or unpleasant. This is a vulgar insult.

⸻

## Nuance

*   **Literal meanings (noun/verb):**
    *   **Feeling:** Describes a physical action or sensation. It's a common and neutral word when used in these senses.
    *   **Formality:** Generally informal but not offensive.
    *   **Usage:** Used in everyday situations when talking about small punctures or sharp pains, or when describing an animal becoming alert.

*   **Offensive meaning (noun):**
    *   **Feeling:** Expresses strong anger, contempt, or disgust towards someone. It is meant to be highly insulting.
    *   **Formality:** Extremely informal, vulgar, and highly offensive.
    *   **Usage:** This word is a derogatory slur. It is considered very rude and inappropriate in almost all social situations. It is often used to insult a man who is perceived as selfish, arrogant, or foolish.
    *   **Warning:** As a language learner, you should understand this meaning if you hear it, but you should **never** use it yourself. It is highly offensive and can cause serious offense.

⸻

## Example sentences

1.  She felt a sharp **prick** when the rose thorn scratched her skin.
2.  The dog **pricked up its ears**, alert to the sound of footsteps outside.
3.  He got into serious trouble at work for calling his boss a **prick** during an argument.

⸻

## Synonyms (with short notes about the differences)

*   **For the literal meaning (small hole/pain):**
    *   **Puncture (noun/verb):** Often refers to a more significant hole or damage, like a ""tire puncture."" It sounds more formal than ""prick.""
    *   **Sting (noun/verb):** A sharp, burning pain, usually from an insect (like a bee sting) or a plant (like nettles). ""Prick"" is more general for any sharp point.
    *   **Poke (verb):** To push something with a finger or a pointed object, but not always to make a hole.

*   **For the offensive meaning (insult):**
    *   **Jerk (noun):** A rude, foolish, or annoying person. This is less offensive and vulgar than ""prick.""
    *   **Idiot (noun):** A very stupid person. This focuses on lack of intelligence rather than general unpleasantness or rudeness. It is less offensive than ""prick.""
    *   **Asshole (noun):** Another very rude and vulgar insult for an unpleasant or contemptible person. It is similar in offensiveness to ""prick."" (Like ""prick,"" this word should be avoided by learners.)"
5282,irresponsible,"# irresponsible

## Meaning (easy English)

If someone or something is **irresponsible**, it means they do not act carefully or reliably, and they do not think enough about the possible bad results of their actions. They might not do what they are supposed to do, or they might cause problems for themselves or others because they lack care or good judgment.

⸻

## Nuance
*   **Feeling:** ""Irresponsible"" is a strong, negative word. It expresses criticism or disapproval of someone's behavior or a particular action.
*   **Usage:** You use it when someone fails to do what they should, especially when their actions (or lack of action) cause problems, danger, or show a general lack of care for duties or consequences.
*   **Formality:** It's a common word used in everyday conversation, but it carries significant weight. It's not informal, but also not overly formal. You might hear it from a parent to a child, a boss to an employee, or in news reports.

⸻

## Example sentences
*   It was **irresponsible** of him to leave the stove on while he went out.
*   Many people believe that polluting the environment is highly **irresponsible**.
*   Her **irresponsible** spending habits led her into serious debt.

⸻

## Synonyms (with short notes about the differences)
*   **Careless:** Not paying enough attention, often leading to mistakes. *Difference:* ""Careless"" can be accidental; ""irresponsible"" often implies a conscious choice not to take duties seriously or a general lack of reliability, often with more serious consequences.
*   **Reckless:** Acting without thinking about the danger or bad results, often taking unnecessary risks. *Difference:* ""Reckless"" specifically highlights dangerous or risky behavior. An irresponsible person might also be reckless, but ""irresponsible"" is a broader term for failing duties.
*   **Negligent:** Failing to take proper care, especially when you have a duty to do so, which often causes harm or damage. *Difference:* More formal and often used in professional or legal situations. ""Irresponsible"" is a more general term for failing duties.
*   **Thoughtless:** Not thinking about the feelings or needs of other people. *Difference:* ""Thoughtless"" focuses on a lack of consideration for others' feelings. An irresponsible act can be thoughtless, but ""irresponsible"" focuses more on failing duties or causing problems due to lack of care for consequences."
5283,provoke,"# provoke

## Meaning (easy English)

To **provoke** someone means to cause them to feel a strong emotion, often anger or irritation. You can also provoke a reaction or action, meaning you cause it to start or happen.

For example, if you say something rude to someone, you might provoke them into an argument. Or, a difficult question might provoke a deep discussion.

⸻

## Nuance
*   **Often negative**: When used about people's emotions, ""provoke"" usually suggests causing a negative reaction like anger, annoyance, or a fight. It can imply the action was deliberate or careless.
*   **Can be neutral/positive**: Sometimes, it's used in a neutral way, like ""to provoke thought"" or ""to provoke a discussion,"" meaning to cause people to think deeply or start talking.
*   **Formality**: It's a common word used in everyday conversation and writing. It's not overly formal or informal.

If you hear ""provoke,"" imagine someone or something causing a strong response, often one that is not desired.

⸻

## Example sentences
*   His constant teasing was meant to **provoke** an argument with his brother.
*   The new government policy is likely to **provoke** strong protests from the public.
*   The unexpected discovery helped to **provoke** new research into the ancient civilization.

⸻

## Synonyms (with short notes about the differences)
*   **Annoy / Irritate** — These mean to bother someone slightly, making them feel a little impatient or upset. **Provoke** usually causes a stronger, more intense reaction, like real anger or a big argument.
*   **Anger** — This means to make someone angry. **Provoke** is often the *action* that leads to someone becoming angry. You might provoke someone *into* anger.
*   **Instigate** — This means to start something, especially trouble or a fight. It often suggests you are actively planning or leading the start of something bad. **Provoke** can be a less planned action that just causes a reaction.
*   **Stimulate** — This means to encourage activity, growth, or interest, often in a positive or neutral way (e.g., ""stimulate discussion""). **Provoke** can also be used this way (""provoke thought""), but it often carries a negative feeling, especially when talking about emotions."
5284,rebellion,"# rebellion

## Meaning (easy English)

A rebellion is an act of fighting against people in power, or against rules and authority. It can be a large group of people trying to change a government, or a smaller act of refusing to obey someone or something.

It means you are strongly disagreeing with and not accepting control from an existing power or system.

⸻

## Nuance
*   **Feel:** This word carries a strong feeling of disagreement and fighting against what is expected or controlled. It can be seen as negative by those in power (who want to keep control), but often positive by those seeking change, freedom, or justice.
*   **Usage:** It is used when a group or even an individual refuses to follow rules, laws, or the orders of a leader or government. It suggests a serious challenge to authority, often involving protest or even violence.
*   **Formality:** It's a serious word, but not overly formal. It describes a significant event or act of defiance.

⸻

## Example sentences
*   The people started a **rebellion** against the unfair king who taxed them too much.
*   There was a small **rebellion** among the students who disagreed with the new school rules about uniforms.
*   Her bright pink hair was a small act of **rebellion** against her parents' strict expectations.

⸻

## Synonyms (with short notes about the differences)
*   **revolt** — very similar to rebellion; often suggests a sudden, sometimes less organized, uprising against authority.
*   **uprising** — a general term for a group of people rising up to challenge authority; can be spontaneous and less planned than a full rebellion.
*   **insurrection** — a more formal and serious term, usually referring to a violent attempt to take control of a government or state.
*   **mutiny** — specifically when a group of soldiers, sailors, or workers refuse to obey orders from their commanders or superiors."
5285,unemployed,"# unemployed

## Meaning (easy English)

Someone who is **unemployed** does not have a job, but they want to work and are actively looking for a job. It describes a person's situation when they are ready and able to work, but cannot find suitable employment.

⸻

## Nuance
*   **Unemployed** is a standard, neutral, and official term. It is used in government reports, economic news, and general conversation.
*   While the word itself is neutral, the *situation* of being unemployed can be very difficult for people, often causing financial stress and worry.
*   It implies that the person is part of the workforce and seeking work, differentiating them from someone who is retired, a student, or a stay-at-home parent by choice.

⸻

## Example sentences
*   After losing her job at the factory, she was **unemployed** for six months before finding new work.
*   The government announced new programs to help **unemployed** citizens find jobs and training.
*   Being **unemployed** can be challenging, but it's important to stay positive and keep applying for positions.

⸻

## Synonyms (with short notes about the differences)
*   **Jobless** — Very similar to ""unemployed"" and often used interchangeably. It is perhaps slightly less formal and frequently used in news headlines.
*   **Out of work** — A common phrase that means the same as ""unemployed."" It's often used in everyday conversation and can sometimes imply a temporary situation.
*   **Between jobs** — A more polite or optimistic way to say someone is unemployed. It suggests that the person expects to find a new job soon and sees their current state as temporary.
*   **Laid off** — This describes *how* someone became unemployed. It means they lost their job because the company decided to reduce staff, not because of their performance. Someone who is laid off is *also* unemployed."
5286,inevitably,"# inevitably

## Meaning (easy English)

""Inevitably"" means that something is certain to happen and cannot be avoided or prevented.
It describes an outcome that is sure to occur, often because of the circumstances, a natural consequence, or a logical progression of events.

⸻

## Nuance
*   **Feel:** ""Inevitably"" carries a strong sense of certainty and often implies that something is a logical or natural consequence. It can sometimes suggest a feeling of resignation (accepting something you don't like), especially if the outcome isn't desired, but it can also simply state a fact.
*   **When used:** You use ""inevitably"" when you want to emphasize that an event or result is going to happen no matter what, due to the way things are or the circumstances involved. It's often used to explain why something happened or will happen.
*   **Formality:** It is a standard adverb, suitable for both spoken and written English. It adds a definite and strong tone to a statement.

⸻

## Example sentences
*   If you don't water the plants, they will **inevitably** die.
*   After such a long and difficult journey, they **inevitably** felt exhausted.
*   As technology continues to develop, some jobs will **inevitably** change or disappear.

⸻

## Synonyms (with short notes about the differences)
*   **Unavoidably** — Very similar; means ""in a way that cannot be avoided."" ""Inevitably"" often suggests a broader sense of destiny or a logical progression, while ""unavoidably"" focuses more on the immediate impossibility of preventing something.
*   **Certainly / Definitely** — These mean ""without a doubt"" or ""for sure."" They express strong certainty but don't necessarily carry the meaning of ""cannot be prevented"" like ""inevitably"" does.
*   **Predictably** — Means ""as expected"" or ""as could have been foreseen."" While something inevitable is often predictable, ""predictably"" emphasizes that it was *expected*, whereas ""inevitably"" emphasizes that it *must* happen.
*   **Bound to happen (phrase)** — This informal phrase means ""very likely or certain to happen."" It's a good informal substitute for ""inevitably,"" but ""inevitably"" is more formal and concise."
5287,reap,"# reap

## Meaning (easy English)

*   **Literal:** To cut and collect a crop, such as wheat or corn, from the fields. It's what farmers do when their plants are ready.
*   **Figurative (more common):** To get or receive something (like a reward, benefit, or consequence) as a direct result of your actions or efforts. It means you experience the outcome of what you did earlier.

⸻

## Nuance
    •   **Origin:** The word comes from farming and describes gathering crops.
    •   **Feeling:** It strongly suggests a cause-and-effect relationship. What you ""plant"" (do), you will ""reap"" (get in return).
    •   **Connotation:** Can be positive (e.g., ""reap rewards,"" ""reap benefits"") or negative (e.g., ""reap consequences,"" ""reap what you sow"").
    •   **Formality:** Not very formal, but also not extremely casual. It's a common and generally understood word, especially in its figurative sense.
    •   **Common Phrases:** Often used in phrases like ""reap the rewards,"" ""reap the benefits,"" or ""reap the consequences."" The proverb ""You reap what you sow"" is also very common, meaning your future experiences are a result of your past actions.

⸻

## Example sentences
    •   The farmers are busy in autumn when it's time to **reap** the wheat from their fields. (Literal)
    •   After years of hard work, she finally began to **reap** the rewards of her dedication. (Positive figurative)
    •   If a company doesn't treat its customers well, it will eventually **reap** the negative consequences. (Negative figurative)

⸻

## Synonyms (with nuance)
    •   **harvest** — Very similar to the literal meaning of ""reap."" ""Harvest"" can refer to the act of gathering crops *and* the crops themselves. ""Reap"" focuses more on the *action* of cutting and gathering or *receiving* the outcome.
    •   **gather** — A more general word meaning to collect things together. It doesn't carry the specific farming connotation or the strong cause-and-effect meaning of ""reap.""
    •   **obtain/receive** — General verbs for getting something. They don't imply that the item was earned or is a direct result of previous actions, as ""reap"" often does.
    •   **gain** — To get something desired or advantageous. While similar to ""reap rewards,"" ""gain"" doesn't always suggest a direct consequence of a specific earlier action in the same way ""reap"" does. ""Reap"" often emphasizes the *inevitability* of the outcome from a prior input."
5288,innovation,"# innovation

## Meaning (easy English)

Innovation refers to the creation of a new idea, method, or product. It often means introducing something original or a significant improvement to what already exists. The goal of innovation is usually to make things better, easier, or more effective. It can also refer to the new thing itself.

⸻

## Nuance
*   Sounds positive, progressive, and exciting. It suggests creativity and finding new, better ways to do things.
*   Widely used in business, technology, science, and discussions about social change or progress.
*   It implies not just having a new idea, but also putting it into practice to create something new or significantly improved.
*   Generally a standard, professional word; not overly formal but also not informal.

⸻

## Example sentences
*   The company is known for its constant **innovation** in smartphone technology.
*   **Innovation** is key to solving many of the world's biggest problems, like climate change.
*   Her latest design showed great **innovation**, combining traditional art with modern materials.

⸻

## Synonyms (with nuance)
*   **invention** — refers to creating something entirely new, like a new machine or process, that didn't exist before. Innovation can include inventions, but also improving existing things.
*   **novelty** — describes the quality of being new, original, or unusual. It often refers to something new that might be interesting or fashionable for a short time, but not necessarily a big improvement.
*   **breakthrough** — a sudden, very important discovery or development that leads to great progress. It's usually a single event or achievement, while innovation is a broader process.
*   **improvement** — making something better or more effective. While innovation often involves improvement, ""improvement"" can be a smaller change and doesn't always require a completely new idea or method."
5289,reassure,"# reassure

## Meaning (easy English)

To **reassure** someone means to make them feel less worried, afraid, or doubtful about something. You do this by telling them that everything is okay, or by giving them information that helps them feel more confident and calm.

It's about removing someone's anxiety and making them feel safe or certain again.

⸻

## Nuance
*   **How it feels:** The word ""reassure"" feels supportive, caring, and comforting. It implies that someone was feeling upset or uncertain, and now they are being helped to feel better.
*   **When it is used:** You use ""reassure"" when someone is experiencing worry, fear, doubt, or a lack of confidence. It's often used when you are giving someone good news, positive information, or a promise to calm their mind.
*   **Formality:** It's a common word used in everyday conversation. It is generally neutral in formality and can be used in both casual and more formal situations.

If you hear ""reassure,"" you can imagine someone trying to make another person feel better and more secure about a situation.

⸻

## Example sentences
*   My doctor tried to **reassure** me that the small operation would be quick and safe.
*   She called her parents every day to **reassure** them that she was enjoying her trip and was fine.
*   The teacher **reassured** the nervous students that they had prepared well for the test.

⸻

## Synonyms (with nuance)
*   **Comfort** — To make someone feel less sad or upset, often by showing sympathy or kindness. ""Comfort"" can be broader; you can comfort someone with a hug, while ""reassure"" usually involves words or actions that specifically address a worry or doubt.
*   **Console** — To give sympathy and comfort to someone who is unhappy, disappointed, or has suffered a loss. ""Console"" is usually used when someone is already sad or grieving, while ""reassure"" is more about preventing or easing future worry or current uncertainty.
*   **Calm** — To make someone less agitated, excited, or nervous. ""Calm"" is often the *result* of reassuring someone. You reassure someone *to* calm them down.
*   **Encourage** — To give someone support, confidence, or hope, often to help them do something. While reassuring can encourage someone, ""encourage"" focuses more on motivating action, whereas ""reassure"" focuses on removing fear or doubt."
5290,pregnant,"# pregnant

## Meaning (easy English)

When a woman or female animal is **pregnant**, it means she has a baby or babies developing inside her body. This state lasts from when the baby starts growing until it is born.

⸻

## Nuance
*   **""Pregnant""** is the most common, direct, and neutral word to describe this condition. It is widely accepted and understood in all situations, from medical discussions to everyday conversations.
*   It is a factual term and does not carry strong positive or negative feelings on its own, though the experience of pregnancy can be very emotional for individuals.
*   You might hear it used in medical contexts (e.g., ""The patient is 20 weeks pregnant""), in news (e.g., ""The celebrity announced she is pregnant""), or in personal conversations (e.g., ""My sister is pregnant with twins"").
*   It is neither overly formal nor informal.

⸻

## Example sentences
*   My friend is six months **pregnant** and due to have her baby in the summer.
*   Being **pregnant** can bring many changes to a woman's body and lifestyle.
*   The doctor confirmed that she was indeed **pregnant** after the test results came back.

⸻

## Synonyms (with short notes about the differences)
*   **Expecting / Expectant:** These terms are very common and often used as a polite or slightly softer way to say ""pregnant."" ""An expectant mother"" is a common phrase.
    *   *Example:* ""She's **expecting** her first baby next month.""
*   **With child:** This phrase is older and sounds more traditional or formal. It's less common in everyday conversation today compared to ""pregnant"" or ""expecting.""
    *   *Example:* ""The princess was reportedly **with child**.""
*   **Carrying a baby:** This is a clear and descriptive phrase that means the same as ""pregnant."" It's often used for simplicity or to emphasize the physical aspect.
    *   *Example:* ""She is **carrying a baby** for nine months."""
5291,overtime,"# overtime

## Meaning (easy English)

""Overtime"" has two main meanings:

1.  **Extra working hours:** It is the time you work *more* than your regular or standard working hours in a day or week. For example, if your normal workday is 8 hours, and you work 10 hours, the extra 2 hours are ""overtime.""
2.  **Payment for extra hours:** It can also refer to the extra money you receive for working those additional hours.

In sports, ""overtime"" is an extra period of play added to a game when the score is tied at the end of the regular time, to decide a winner.

⸻

## Nuance
    •	**Work context:** When talking about work, ""overtime"" often suggests that someone is working harder or longer than usual, often to finish a project, meet a deadline, or because there's a lot of work to do.
    •	**Compensation:** It usually implies that the extra hours are paid, often at a higher rate (like ""time and a half"" or ""double time""), which can be a motivator for some workers.
    •	**Formality:** It's a common and neutral word used in everyday conversations about work and in official employment terms. It's not overly formal or informal.
    •	**Sports context:** In sports, ""overtime"" creates excitement and tension because it means the game is very close and will have a clear winner.

⸻

## Example sentences
    •	My manager asked if I could work some **overtime** this weekend to help finish the report.
    •	I'm trying to save money, so I've been doing a lot of **overtime** at my job recently.
    •	The football game went into **overtime** because both teams scored the same number of points.

⸻

## Synonyms (with short notes about the differences)
    •	**Extra hours / Additional hours** — These are descriptive phrases that mean the same thing as ""overtime"" when referring to the time worked. ""Overtime"" is a single, common word for this concept.
    •	**Extended hours** — Similar to ""extra hours,"" suggesting a longer work period than usual, but ""overtime"" specifically refers to hours *beyond* the standard workday/week that are typically compensated differently.
    •	**Working late** — This is more general. You can be ""working late"" without officially doing ""overtime"" if you're not paid extra for those hours or if it's just part of your regular, flexible schedule. ""Overtime"" usually implies structured, paid extra work.
    •	**Time and a half / Double time** — These are not synonyms for ""overtime"" itself, but rather specific *rates of pay* for working overtime. ""Time and a half"" means you get paid 1.5 times your normal hourly rate for overtime hours, and ""double time"" means 2 times."
5292,rebuild,"# rebuild

## Meaning (easy English)

To **rebuild** means to build something again after it has been damaged, destroyed, or taken apart. It can also mean to improve or restore something that was in a bad condition, making it strong or good again.

This can apply to physical things like houses or cities, or to non-physical things like a business, a relationship, or someone's confidence.

⸻

## Nuance
*   **Effort and Process:** ""Rebuild"" suggests a significant effort and a process that takes time, often after a difficult event like a disaster, a failure, or a period of difficulty.
*   **From Damage/Destruction:** It usually implies that something was in a very bad state, broken, or completely gone, and now needs to be made new or strong again.
*   **Formality:** This word is common and can be used in many situations. It is not especially formal or informal. You'll hear it in everyday conversations, news reports, and official statements.

⸻

## Example sentences
*   After the earthquake, the community worked together to **rebuild** their homes and schools.
*   It took many years for the company to **rebuild** its reputation after the scandal.
*   We need to **rebuild** our team's confidence after losing so many games this season.

⸻

## Synonyms (with nuance)
*   **Reconstruct** — Very similar to rebuild, especially for physical things. It often means to put something back together using existing parts or detailed plans, or to create something exactly as it was before.
*   **Restore** — To bring something back to its original or best condition. ""Restore"" often focuses on repairing or cleaning an existing item (like an old car or painting) rather than building from scratch. It's also used for non-physical things like peace or health.
*   **Repair** — To fix something that is broken or damaged. ""Repair"" is usually for smaller, specific damage, while ""rebuild"" suggests more extensive work or completely new construction.
*   **Renovate** — To make changes and improvements to an old building, often to make it more modern or attractive, without necessarily implying it was destroyed first."
5293,regain,"# regain

## Meaning (easy English)

To **regain** something means to get it back after you had lost it. It could be something physical, like an item, or something less physical, like your health, strength, or confidence. You had it before, then you lost it, and now you have it again.

⸻

## Nuance
*   **Regain** often suggests a process of recovery or effort to get something back.
*   It is used when you get back something that you value, need, or had a right to.
*   This word is common in many situations, from talking about health and feelings to sports and politics. It is a standard, neutral verb, neither very formal nor informal.

⸻

## Example sentences
*   After a long rest, she was able to **regain** her energy and continue her work.
*   The company worked hard to **regain** the trust of its customers after the product recall.
*   He lost his phone, but luckily, a kind person helped him **regain** it an hour later.

⸻

## Synonyms (with short notes about the differences)
*   **recover** — Very similar, especially for health or strength. ""Recover"" can also mean to get over an illness or bad situation, while ""regain"" specifically means getting back *what was lost*.
*   **retrieve** — Usually means to find and bring back a physical object or information. It often involves actively going to get something.
*   **restore** — To bring something back to its original or former good condition. It often implies fixing or repairing something.
*   **reclaim** — To get back something that was taken, lost, or given away, often because you feel you have a right to it."
5294,brilliance,"# brilliance

## Meaning (easy English)

""Brilliance"" refers to an extremely high level of intelligence, talent, or skill. When we talk about someone's brilliance, we mean they are exceptionally clever, creative, or successful in a way that stands out.

It can also refer to a very strong and impressive brightness or shininess, like the dazzling light from a jewel or a star.

⸻

## Nuance
    •	When referring to intelligence or talent, ""brilliance"" is a very strong and positive word. It expresses great admiration.
    •	It suggests something is truly exceptional, far above average, and often original or groundbreaking.
    •	You use it to describe people's minds, their innovative ideas, artistic creations, scientific discoveries, or outstanding performances. For example, ""a moment of brilliance"" means a sudden, extremely clever idea or action.
    •	It is generally neutral in formality, suitable for both everyday conversation and more formal discussions when expressing high praise.
    •	When referring to light, it describes an intense and often beautiful shine, like the clear brightness of a diamond.

⸻

## Example sentences
    •	The young scientist's **brilliance** led to a major breakthrough in medicine.
    •	The artist's latest painting showed moments of pure **brilliance** with its unique use of color and light.
    •	Her quick and clever answer was a clear flash of **brilliance** during the debate.

⸻

## Synonyms (with nuance)
    •	**Cleverness** — General ability to learn and understand quickly, or to find smart solutions. ""Brilliance"" is a much higher and more exceptional level of cleverness.
    •	**Genius** — Extreme, innate intellectual power, often associated with unique creativity or profound insight. ""Brilliance"" can describe the qualities or achievements of a genius, but ""genius"" itself is often a higher, more rare category for a person.
    •	**Talent** — A natural ability to do something well. ""Brilliance"" suggests an outstanding and exceptional level of talent, far beyond just being ""good at something.""
    •	**Excellence** — The quality of being outstanding or extremely good. ""Brilliance"" is a specific type of excellence, often related to mental or creative ability, whereas ""excellence"" can apply to any high standard (e.g., excellent service, excellent quality).
    •	**Aptitude** — A natural ability or skill for a particular type of work or activity. Similar to talent, but ""brilliance"" describes an extraordinary aptitude."
5295,prominence,"# prominence

## Meaning (easy English)

**Prominence** refers to the state of being important, famous, or easily noticed. If someone or something has **prominence**, it means they stand out, are well-known, or are significant in some way.

It can describe:
*   A person's fame or influence.
*   How much a topic or issue is discussed and considered important.
*   How much a physical feature stands out or is visible.

⸻

## Nuance
*   **Prominence** sounds quite formal and serious. It's often used in written reports, news articles, or professional discussions rather than very casual conversations.
*   It describes something that is well-known, respected, or clearly visible.
*   It implies a certain level of importance, influence, or recognition.
*   You might hear it when talking about public figures, important issues, or distinctive features that stand out.

⸻

## Example sentences
*   After winning the award, the young author's work achieved international **prominence**.
*   The city council debated the **prominence** of mental health issues in the local community.
*   The old clock tower is a landmark, known for its **prominence** in the town square.

⸻

## Synonyms (with short notes)
*   **Importance** — A more general term for being significant or having value. **Prominence** often adds the idea of being *publicly* important or easily seen.
*   **Fame** — Refers specifically to being widely known, usually for a person. **Prominence** can be for people, ideas, or things, and often suggests influence or respect, not just being known.
*   **Visibility** — How easily something is seen or noticed, either physically or in the public eye. **Prominence** often implies that this visibility comes with significance or influence.
*   **Recognition** — The act of being acknowledged, identified, or appreciated. **Prominence** is the *state* of having achieved that widespread recognition or standing out."
5296,closing,"# closing

## Meaning (easy English)

""Closing"" refers to the final part or act of something coming to an end. It is the moment or period when an event, business, or process finishes.

It can be:
1.  **The act of stopping operations:** For example, when a shop stops trading for the day or forever.
2.  **The final section:** The last part of a speech, a book, a play, or a meeting.
3.  **A formal event:** Especially in business or legal situations, it's the official meeting where a deal (like buying a house or a business) is legally completed.

## Nuance
*   ""Closing"" always signals **finality** or the **conclusion** of something.
*   It can be used in many different situations, from everyday life (a store's closing time) to very formal contexts (a legal closing argument).
*   The feeling associated with ""closing"" can vary:
    *   For a business or event, it often means the end of operations or a period (e.g., ""the closing of the factory"" can feel sad or significant).
    *   For a deal (like a ""house closing""), it's usually a positive and exciting step, meaning the deal is finally complete.
*   As a noun, it is generally neutral in formality, but specific phrases like ""closing statement"" or ""closing arguments"" are more formal.

## Example sentences
*   The museum announced its **closing** for renovations next month.
*   Everyone applauded after the speaker's powerful **closing** remarks.
*   We're so excited because our **closing** on the new apartment is scheduled for Friday.

## Synonyms (with short notes about the differences)
*   **End** — The most general word for the finish of anything. ""The end of the story.""
*   **Conclusion** — Often implies a thoughtful or logical finish, especially in arguments, reports, or discussions. ""The conclusion of the research paper.""
*   **Finale** — Specifically used for the final part of a performance, show, or event, often suggesting a grand or dramatic finish. ""The grand finale of the concert.""
*   **Completion** — Focuses on the act of finishing a task, project, or process. ""The completion of the building project.""
*   **Termination** — A more formal or official word for ending something, often a contract, employment, or a service, sometimes with a negative or abrupt connotation. ""The termination of the agreement."""
5297,speculation,"# speculation

## Meaning (easy English)

Speculation is when you think or guess about something without having all the facts or solid evidence. It's an idea or theory that is not certain, often about what might happen in the future or why something happened.

⸻

## Nuance
*   It often suggests there isn't enough information to be certain, so people are just guessing or forming ideas.
*   It can be used in many situations: from casual guessing about why someone is late, to serious discussions about the future of a company or the economy.
*   In finance, ""speculation"" specifically means buying something (like stocks or property) in the hope of making a quick profit from price changes, even if it's risky. This is a more specific use of the word.
*   The word itself is quite neutral in formality.

⸻

## Example sentences
*   There was a lot of **speculation** about why the boss suddenly resigned, but no one knew the real reason.
*   The newspaper article was full of **speculation** about the election results, but nothing was confirmed.
*   His theory about ancient aliens was interesting, but it was just **speculation** without any real evidence.

⸻

## Synonyms (with short notes about the differences)
*   **Guess/Guesswork:** More informal and simple. It's a quick idea without much thought or proof. ""Guesswork"" is the noun form.
*   **Conjecture:** A bit more formal than ""speculation."" It's an opinion or conclusion formed on the basis of incomplete information, but often implies a more reasoned or thoughtful guess.
*   **Hypothesis:** A scientific term. It's a proposed explanation for something, which can be tested through research and experiments. It's more structured and aims to be proven or disproven.
*   **Theory:** In everyday talk, ""my theory is..."" can be very similar to speculation – an idea or explanation that isn't proven. However, in science, a ""theory"" is a well-tested and widely accepted explanation based on strong evidence (like the Theory of Gravity).
*   **Rumor:** An unverified story or piece of information that is spread from person to person, often about other people or events, and can be negative or untrue. Speculation is often about events or facts, not necessarily gossip."
5298,hardship,"# hardship

## Meaning (easy English)

**Hardship** is a difficult or unpleasant situation that causes suffering, problems, or a lack of something important in someone's life. It often involves a lack of basic needs like money, food, comfort, or safety.

⸻

## Nuance
*   **Hardship** describes significant difficulties, often related to basic needs or comfort. It suggests a serious and often unavoidable struggle.
*   It often implies a lack of something essential (e.g., financial hardship, meaning a lack of money; physical hardship, meaning a lack of comfort or health).
*   It can be caused by large-scale events like war or poverty, or by personal challenges like illness or job loss.
*   It's a serious word, carrying a strong sense of struggle or suffering. It is generally used in a neutral to slightly formal way, but can appear in everyday conversation when discussing serious problems. It is not used for minor inconveniences.

⸻

## Example sentences
*   The refugees faced many **hardships**, including a lack of food and shelter, after fleeing their homes.
*   After losing his job, he went through a period of great financial **hardship**.
*   Despite all the **hardships** they faced, the community worked together to rebuild their village.

⸻

## Synonyms (with short notes about the differences)
*   **difficulty** — A general word for a problem, which can be small or big. **Hardship** implies a more significant and serious difficulty, often involving suffering.
*   **struggle** — The effort you make to deal with a difficult situation. **Hardship** is the difficult situation itself, while ""struggle"" is the act of trying to get through it.
*   **suffering** — The feeling of pain or distress caused by a difficult situation. **Hardship** is the situation that *causes* suffering.
*   **adversity** — (More formal) A very difficult or unlucky situation. It often suggests bad fortune or bad circumstances that are hard to control, similar to hardship but often with a focus on fate."
5299,reopen,"# reopen

## Meaning (easy English)

""Reopen"" means to open something again after it has been closed for some time.

This word is used when:
*   **Places** like shops, schools, parks, or borders, become accessible again after being shut.
*   **Services** like a bus route or a specific office, start operating again.
*   **Discussions or cases** are started again after being stopped or paused.

It always implies that something was open before, then it closed, and now it is becoming open once more.

⸻

## Nuance
*   **Common Use:** Most often used for physical places (e.g., businesses, public spaces, borders) or services that were temporarily shut down for various reasons (holidays, repairs, safety, events).
*   **Feeling:** It generally suggests a return to normal, a recovery, or a new phase after a pause or problem. For example, a shop reopens after renovations, or a school reopens after the summer holiday.
*   **Formality:** It is a very common and neutral word. You will hear ""reopen"" in everyday conversations, news reports, and official announcements. It is not especially formal or informal.
*   **Implication:** The word ""reopen"" always means that the thing was already open at some point in the past, then it closed, and now it's opening *again*.

⸻

## Example sentences
*   The local museum will **reopen** next month after completing its major expansion project.
*   After the heavy snowfall, the mountain pass expects to **reopen** to traffic by noon.
*   The city council decided to **reopen** the debate on the new housing policy during their next meeting.

⸻

## Synonyms (with short notes about the differences)
*   **Open again** — This is a very direct and simple way to say ""reopen."" It means exactly the same thing but uses two words instead of one. ""Reopen"" is just a more concise verb.
*   **Resume** — Often used for an activity, process, or discussion that stops and then starts again from where it left off. (e.g., ""to resume negotiations,"" ""to resume work""). ""Reopen"" is more about the state of being open or accessible.
*   **Restart** — Means to start something again, often from the beginning, or after a complete stop. It can be used for machines, projects, or activities. (e.g., ""to restart a computer,"" ""to restart a project""). ""Reopen"" is specifically about returning to an *open* state.
*   **Re-establish** — More formal. It means to create or set up something again that has been ended or destroyed, often something like a relationship, order, or an institution. (e.g., ""to re-establish diplomatic ties""). ""Reopen"" is simpler and more about accessibility for places or services."
5300,replay,"# replay

## Meaning (easy English)

To **replay** means to play something again, especially a recording of sound, video, or a sports event. It can also be the recording itself that is played again.

## Nuance
*   **Common Contexts:** Most often used in sports (to watch a moment again), with video and audio (to listen or watch something you missed or enjoyed), and in video games (to play a level or section again).
*   **Purpose:** You use ""replay"" when you want to see or hear something one more time. This could be for enjoyment, to understand something better, to check a detail, or to correct a mistake (in a game).
*   **Formality:** It's a common, everyday word. It is neutral in formality.

If you hear ""replay,"" you can imagine hitting a ""play again"" button or watching an important moment from a past event.

⸻

## Example sentences
*   The referee asked to watch the **replay** of the foul before making a decision.
*   Can you **replay** that song? I really like the chorus.
*   I had to **replay** the final boss level of the game many times before I finally won.

⸻

## Synonyms (with nuance)
*   **Rewatch / Relisten:** These mean to watch or listen to something again. ""Replay"" is a broader term that includes rewatching a video or relistening to a song, but it can also refer to playing a game level again, which ""rewatch"" or ""relisten"" wouldn't cover.
*   **Repeat:** This is a very general word meaning to do or say something again. ""Replay"" is more specific to playing media or re-doing an action within a game or event. (e.g., ""Repeat after me,"" but not ""Replay after me"").
*   **Playback (noun):** This refers to the act of playing recorded sound or video. A ""replay"" (noun) is a specific instance of ""playback"" that happens *again*, often showing a past event.
*   **Review (verb):** To look at something again carefully, often to check details or make a decision. A ""replay"" can be used *as part* of a review process, but ""review"" is the analysis, while ""replay"" is the action of playing again."
5301,repeatedly,"# repeatedly

## Meaning (easy English)

""Repeatedly"" is an adverb that means ""again and again"" or ""many times."" It describes an action or event that happens multiple times.

You use it when something happens more than once, often in a continuous way or as a pattern.

⸻

## Nuance
*   **Emphasizes frequency:** It highlights that an action or event occurred many times, more than just ""often.""
*   **Can show persistence:** It can suggest someone kept doing something despite difficulty (e.g., *She repeatedly tried to solve the puzzle*).
*   **Can show a pattern or habit:** It can describe something that happens over and over (e.g., *He repeatedly makes the same mistake*).
*   **Neutral formality:** It's a common word used in everyday conversation and formal writing.

⸻

## Example sentences
*   She called him **repeatedly**, but he didn't answer his phone.
*   The teacher **repeatedly** reminded the students to hand in their homework on time.
*   He practiced the difficult piano piece **repeatedly** until he could play it perfectly.

⸻

## Synonyms (with short notes about the differences)
*   **again and again** — Very similar; a common phrase that emphasizes the simple act of repetition. Often used in spoken English.
*   **over and over** — Similar to ""again and again,"" but can sometimes suggest a longer duration, a continuous loop, or even a sense of tediousness or annoyance.
*   **frequently** — Means ""often,"" but doesn't necessarily imply the *same* action is being done. ""Repeatedly"" specifically means the *same* action or event is happening many times.
*   **constantly** — Stronger than ""repeatedly""; it means almost continuously or without stopping, or very, very often. It suggests a higher frequency or an unbroken flow."
5302,restructure,"# restructure

## Meaning (easy English)

To ""restructure"" means to change the way something is organized, planned, or put together. This often involves changing its parts, how they work together, or its overall design.

People restructure things like companies, departments, plans, or systems. The main goal is usually to make them more effective, efficient, or to adapt them to new conditions or problems.

⸻

## Nuance
*   ""Restructure"" suggests a significant and often planned change, not just a small adjustment. It means making deep alterations to how something is organized.
*   It's commonly used in business, government, and other organizations. For example, a company might restructure its departments, or a government agency might restructure its services.
*   The word is professional and slightly formal.
*   While it can be positive (aiming for improvement or efficiency), it can also be used in negative contexts, such as when a company is facing financial difficulties and needs to restructure, which might lead to job cuts. It always implies a major alteration.

⸻

## Example sentences
*   The company decided to **restructure** its sales department to improve efficiency and reach new markets.
*   After the new law was passed, the government agency had to **restructure** its entire service delivery system.
*   We need to **restructure** our project plan if we want to meet the deadline with the limited resources we have.

⸻

## Synonyms (with short notes about the differences)
*   **reorganize** — Very similar; often interchangeable. ""Reorganize"" might feel slightly less drastic or formal, focusing more on the internal arrangement of parts (e.g., ""reorganize my closet"" vs. ""restructure the company"").
*   **redesign** — Focuses on changing the fundamental plan or blueprint of something, often to improve its appearance, function, or user experience (e.g., ""redesign a website,"" ""redesign a product"").
*   **reform** — Usually used for systems, institutions, or laws. It means to make changes in order to improve them, especially when they are seen as unfair, inefficient, or wrong (e.g., ""education reform,"" ""prison reform"").
*   **overhaul** — Means to examine something thoroughly and make extensive repairs or changes to improve it, especially when it's old or not working well. It implies a big, necessary renovation (e.g., ""overhaul an old engine,"" ""overhaul the healthcare system"")."
5303,bankrupt,"# bankrupt

## Meaning (easy English)

When a person or a company is **bankrupt**, it means they legally declare that they cannot pay their debts. They have more debts than they have money or assets to pay them.

It can also be used in a more general way to describe something that has completely run out of a very important resource, like ideas, energy, or trust.

⸻

## Nuance
*   **Bankrupt** is a strong word, often carrying a negative feeling of failure, loss, or ruin.
*   It is most commonly used in a formal, legal, or business context when talking about money and debts.
*   When used in a general sense (e.g., ""bankrupt of ideas""), it emphasizes a complete and serious lack of something essential.
*   It implies a final state where there are no more resources left.

⸻

## Example sentences
*   The small clothing company went **bankrupt** after several years of losing money.
*   He had to declare himself **bankrupt** because he couldn't pay his large medical bills.
*   After working 12 hours straight, I felt completely **bankrupt** of energy and couldn't do any more.

⸻

## Synonyms (with short notes about the differences)
*   **Insolvent** — Very similar, often used in financial and legal contexts. ""Insolvent"" means unable to pay debts, while ""bankrupt"" is the *legal declaration* of that state.
*   **Broke** — Informal. Means having no money at all, but it's not a legal status. You can be broke without being legally bankrupt.
*   **Penniless** — Similar to ""broke,"" meaning without any money. It emphasizes extreme poverty.
*   **Ruined** — More general. Means completely destroyed or severely damaged, often financially, but can also apply to a reputation or a plan. ""Bankrupt"" is a specific form of financial ruin.
*   **Bust** — Informal. Often used for a business that has failed financially (e.g., ""The company went bust""). It's similar to ""bankrupt"" but less formal and not a legal term."
5304,retail,"# retail

## Meaning (easy English)

""Retail"" is the business of selling products directly to individual customers, usually in small amounts, for their own use. It's what happens when you buy something from a store, a market, or an online shop.

For example, when you buy clothes at a mall or groceries at a supermarket, you are participating in a retail transaction.

⸻

## Nuance
*   ""Retail"" is a very common and neutral word used in business and everyday life.
*   It can be a **noun** (e.g., ""the retail industry""), an **adjective** (e.g., ""a retail store,"" ""retail prices""), or a **verb** (e.g., ""This company retails shoes"").
*   It specifically refers to the final step in the chain of selling, where products go from a business to the person who will use them, not to another business.
*   It is neither formal nor informal; it's standard business language.

⸻

## Example sentences
*   Most of our company's products are sold through online **retail** channels.
*   She found a part-time job working in **retail** at a local clothing store.
*   This small boutique **retails** beautiful handmade jewelry directly to customers.

⸻

## Synonyms (with short notes about the differences)
*   **Shop / Store:** These are the *physical places* (or sometimes online platforms) where retail business takes place. ""Retail"" is the *activity* or *industry* of selling.
*   **Retailer:** This is the *person* or *company* that sells goods directly to customers. ""Retail"" is the *process* or *sector* they work in.
*   **Sales:** This is a much broader term for the *act of selling* anything to anyone (businesses, governments, or individuals). ""Retail"" specifically refers to selling to *individual consumers*."
5305,cosmetic,"# cosmetic

## Meaning (easy English)

""Cosmetic"" can be used in two main ways:

1.  **Adjective:** Describes something related to improving the **appearance** of a person or thing, especially for beauty.
    *   *Example:* Makeup, creams, and lotions are **cosmetic** products. **Cosmetic** surgery is done to change someone's look.
2.  **Adjective (figurative):** Describes a change or action that only makes something **look better** on the surface, without fixing its deeper or real problems. It's often used when you want to say a change isn't very important or effective.

⸻

## Nuance
*   When talking about beauty or personal care, ""cosmetic"" is a neutral and professional word (e.g., ""the cosmetic industry"").
*   When used to describe changes or solutions (meaning 2), it often has a slightly **negative or critical feeling**. It suggests that something looks better, but the important, difficult problems are still there.
*   It implies that a change is **superficial** (only on the surface) and not deep or fundamental.
*   It's a common word used in everyday conversation and also in news or business contexts.

⸻

## Example sentences
*   Many people use **cosmetic** products like foundation and lipstick to enhance their appearance.
*   The company made only **cosmetic** changes to the website, but the main technical issues for users remained unsolved.
*   He decided to have **cosmetic** surgery to improve the shape of his nose after the accident.

⸻

## Synonyms (with nuance)
*   **Superficial** — Very similar to ""cosmetic"" when meaning ""not deep or important."" It strongly suggests a lack of depth or seriousness, often used critically.
*   **Aesthetic** — Relates to beauty or art. While ""cosmetic"" often *aims* for aesthetic improvement, ""aesthetic"" is a broader term for the principles of beauty and taste, and doesn't carry the same ""surface-only"" implication as ""cosmetic."" (e.g., ""The **aesthetic** design of the new building is very modern."")
*   **External** — Refers to the outside part of something, rather than the inside. It's more neutral than ""cosmetic"" and simply describes location. (e.g., ""The **external** walls of the house need painting."")
*   **Surface-level** — A common phrase meaning ""only on the surface, not deep."" It's very similar to the figurative use of ""cosmetic"" and ""superficial."""
5306,considerably,"# considerably

## Meaning (easy English)

""Considerably"" means by a large amount or to a great extent. It is used to show that something is much bigger, much smaller, much better, or much worse than before, or very different from something else.

It tells you that the change or difference is important and easy to notice.

⸻

## Nuance
*   **How it feels:** It sounds precise and emphasizes that a change or difference is significant, not just a little bit. It's stronger than ""a little"" but less informal than ""a lot.""
*   **When it is used:** You use ""considerably"" when you want to highlight a noticeable degree of change, difference, or extent. It often modifies verbs (e.g., improved considerably), adjectives (e.g., considerably warmer), or adverbs.
*   **Formality:** It is a standard word that fits well in both everyday conversations and more formal writing or speech. It’s a good choice when you need to be clear about the size of a change.

⸻

## Example sentences
*   The cost of living in the city has increased **considerably** over the past few years.
*   She felt **considerably** better after taking a short nap and drinking some water.
*   Our team's performance improved **considerably** after we hired a new coach.

⸻

## Synonyms (with short notes about the differences)
*   **Greatly** — Very similar; means ""very much"" or ""to a high degree."" Often interchangeable with ""considerably.""
*   **Significantly** — Means ""in an important and noticeable way."" It often suggests that the change has important consequences or is easy to observe.
*   **Substantially** — Means ""by a large amount or degree,"" often referring to things that can be measured, like quantity, size, or value.
*   **Noticeably** — Means ""in a way that is easy to see or observe."" It highlights that the change or difference is clear to everyone."
5307,revise,"# revise

## Meaning (easy English)

To **revise** means to change something you have already written or planned, usually to make it better, more accurate, or more current.

It can also mean to study information again, especially for an exam, to remember it better.

⸻

## Nuance
*   **Improving or correcting:** When you revise something, you are not just changing it; you are trying to improve it, correct mistakes, or make it clearer.
*   **Common uses:**
    *   **Academic/Professional:** Often used for written work like essays, reports, books, or plans. (e.g., ""revise an essay,"" ""revise a business proposal"").
    *   **Educational:** Very common for studying before tests or exams. (e.g., ""revise for a history exam"").
    *   **General:** Can be used for ideas, opinions, or schedules.
*   **Formality:** It's a neutral word, commonly used in both academic and everyday contexts. When referring to written work, it sounds professional. When referring to studying, it's very common and informal.

⸻

## Example sentences
*   I need to **revise** my essay to fix the grammar mistakes and make my arguments stronger.
*   She spent the whole evening **revising** her notes for the science test tomorrow.
*   Due to the unexpected rain, we had to **revise** our outdoor event schedule.

⸻

## Synonyms (with nuance)
*   **Edit** — Focuses more on making small corrections to grammar, spelling, punctuation, and clarity in written text. ""Revise"" can involve bigger changes to content or structure.
*   **Review** — To look at something carefully again, often to check it or to consider it. You might ""review"" something *before* you ""revise"" it. Less about changing, more about checking.
*   **Amend** — To make minor changes or additions to a text, law, or document, usually to improve it. Often used in more formal or legal contexts. Similar to ""edit"" but can sometimes imply a more official change.
*   **Update** — To make something more modern or current by adding new information or features. This focuses on bringing something up-to-date, rather than necessarily correcting errors.
*   **Study (for exams)** — When ""revise"" means to prepare for an exam by re-examining material, ""study"" is a direct synonym. ""Study"" is a broader term for learning, while ""revise"" specifically implies reviewing material you've already learned."
5308,manuscript,"# manuscript

## Meaning (easy English)

A manuscript is a written text that has not yet been published, or it can be a very old document or book written by hand.

1.  **For authors:** It means the original copy of a book, article, or piece of music that an author has written and sent to a publisher, but it hasn't been printed and sold to the public yet.
2.  **Historically:** It refers to any book or document that was written by hand, especially before printing presses were invented.

⸻

## Nuance
*   **Historical feel:** When talking about old manuscripts, the word often brings to mind something ancient, valuable, and sometimes fragile, found in libraries or museums. It suggests history and original creation.
*   **Modern feel:** In modern usage, especially in publishing or academia, ""manuscript"" sounds professional. It refers to a complete work that is ready for review, editing, or publication, but is not yet in its final, printed form.
*   **Formality:** It is a neutral to slightly formal word, used precisely in academic, historical, or publishing contexts.

⸻

## Example sentences
*   The author spent five years writing the **manuscript** for his new novel before submitting it to a publisher.
*   In the museum, we saw a rare medieval **manuscript** with beautiful handwritten illustrations.
*   The professor is currently reviewing several **manuscripts** submitted by students for the research journal.

⸻

## Synonyms (with short notes about the differences)
*   **Draft:** This is an early or unfinished version of a written work that is still being changed and improved. A **manuscript** can be a final version ready for publication, while a ""draft"" usually suggests it's still a work in progress.
*   **Text:** This is a very general word for any written material (e.g., the text of an email, a textbook). A **manuscript** is a specific *kind* of text, typically an original, complete, or handwritten one that is not yet formally published.
*   **Original:** While a manuscript is often the ""original"" copy of a work, ""original"" itself is a broader term (e.g., the original painting, the original idea). ""Manuscript"" specifically refers to the *written form* of that original work, especially before printing."
5309,subtle,"# subtle

## Meaning (easy English)

Something that is **subtle** is not obvious, strong, or easy to notice. It might be a small difference, a clever hint, or a gentle change that requires careful attention to see, hear, feel, or understand.

It's the opposite of something clear, direct, or very noticeable.

⸻

## Nuance
*   **How it feels:** Often suggests something refined, clever, sophisticated, or delicate. It can be positive, implying skill or thoughtfulness (e.g., ""a subtle solution""), or simply neutral when describing something hard to detect (e.g., ""a subtle smell"").
*   **When it is used:**
    *   To describe small differences: ""There's a subtle difference between these two colors.""
    *   To describe indirect communication: ""He gave a subtle hint that he wanted to leave.""
    *   To describe something delicate or understated: ""Her perfume had a subtle floral scent.""
    *   To describe a clever, non-obvious approach: ""The company used a subtle marketing strategy.""
*   **Formality:** It's a common word used in everyday conversation and writing. It is not overly formal or informal.

⸻

## Example sentences
*   The artist used **subtle** shades of blue and green to create a calming effect in the painting.
*   She made a **subtle** gesture to her friend, signaling that it was time to go.
*   I noticed a **subtle** change in his voice, which told me he was upset, even though he tried to hide it.

⸻

## Synonyms (with short notes about the differences)
*   **Indirect** — Not going straight to the point; often used for communication or paths. (Can be subtle, but also just inefficient or round-about.)
*   **Delicate** — Fine, easily broken, or very gentle in appearance, taste, or smell. (Often about physical things or senses, emphasizing fineness.)
*   **Faint** — Not strong or clear; barely perceptible. (Often used for sounds, smells, or light, suggesting weakness.)
*   **Understated** — Simple and not trying to attract much attention; modest. (Often used for style, design, or behavior that is intentionally not flashy.)"
5310,scrape,"# scrape

## Meaning (easy English)

""Scrape"" is a word with several common uses, both as a verb (an action) and a noun (a thing or a situation).

**As a verb:**

1.  **To rub something rough or sharp against a surface.** This can be done to remove something (like dirt), to make a harsh sound (like a chair moving loudly), or to create a mark.
    *   *Example:* ""Please **scrape** the mud off your shoes before coming inside.""
2.  **To accidentally rub your skin against a rough surface, causing a minor injury.** This injury is usually not deep, just a red mark or a small cut on the surface of the skin.
    *   *Example:* ""I fell and **scraped** my knee on the playground.""
3.  **To manage to get something or succeed at something, but only just and with difficulty.** This often means you barely had enough of something (like money or time) or you just barely passed an exam.
    *   *Example:* ""They had to **scrape** together every penny to pay the rent.""

**As a noun:**

1.  **A mark or a minor injury on your skin caused by scraping.**
    *   *Example:* ""He had a nasty **scrape** on his elbow from the fall.""
2.  **A difficult or embarrassing situation.** This is often used informally for a minor problem someone got themselves into.
    *   *Example:* ""He's always getting into some kind of **scrape** at school.""

⸻

## Nuance

*   **Physical action:** When ""scrape"" describes rubbing, it often suggests a rough, harsh sound or feeling. It can be deliberate (like scraping paint) or accidental (like a branch scraping).
*   **Injury:** It always refers to a minor, superficial skin injury (not deep), usually from falling or rubbing against something rough.
*   **Difficulty:** When used to talk about achieving something, it means you managed it, but only just, and with a lot of effort or difficulty. It often suggests you didn't have enough resources (like money) or skill.
*   **Formality:** The word ""scrape"" itself is quite neutral. However, phrases like ""scrape through an exam"" or ""get into a scrape"" are more informal and common in everyday conversation.
*   **Feeling:** It can evoke a feeling of effort, struggle, or minor annoyance/pain.

⸻

## Example sentences

*   Please **scrape** the burnt food off the bottom of the pan before washing it.
*   The child cried when he **scraped** his hand on the rough brick wall.
*   She managed to **scrape** by on a very small salary while she was a student.

⸻

## Synonyms (with short notes about the differences)

*   **Rub** (verb): More general. ""Rub"" can be gentle or harsh, and doesn't always imply removing a layer or making a rough sound, unlike ""scrape.""
*   **Graze** (verb, for injury): Very similar for skin injuries, but ""graze"" often suggests a lighter, quicker touch that causes a surface wound, while ""scrape"" can imply more friction or a slightly deeper, wider mark.
*   **Barely make it / Just pass** (verb, for difficulty): These phrases have a similar meaning but lack the sense of struggle and effort that ""scrape"" often carries. ""Scrape"" emphasizes the difficulty involved.
*   **Predicament / Difficulty** (noun, for a situation): These are more formal or general terms. A ""scrape"" (as a situation) is usually a less serious, often embarrassing, or mischievous problem, suggesting you might have gotten yourself into it."
5311,sharpen,"# sharpen

## Meaning (easy English)

""Sharpen"" means to make something have a very fine, thin edge or point so that it can cut, pierce, or write more effectively.

It can also mean to make a skill, a sense, or your mind better, clearer, or more focused.

⸻

## Nuance
*   **Physical:** When talking about objects like knives, pencils, or tools, ""sharpen"" means making them ready to cut, write, or work well. It often involves rubbing them against something rough or using a special tool (like a knife sharpener or pencil sharpener).
*   **Figurative:** When used for skills, the mind, or senses, it means to make them more effective, precise, or alert. This kind of sharpening usually happens through practice, learning, or experience.
*   It's a common, everyday word and is neither very formal nor informal. It simply describes the action of making something more acute or effective.

⸻

## Example sentences
*   She used a special tool to **sharpen** her kitchen knives before preparing dinner.
*   Taking on new challenges can help you **sharpen** your problem-solving skills.
*   The artist needed to **sharpen** his pencil several times while drawing the detailed portrait.

⸻

## Synonyms (with short notes about differences)
*   **Hone** — Often used for skills, abilities, or tools. It suggests a more gradual, careful process of refining something over time to make it perfect or very effective. (e.g., ""hone your skills,"" ""hone a blade"")
*   **Whet** — Similar to ""hone,"" but less common for physical objects now. It's often used metaphorically for desires or appetites, meaning to excite or stimulate them. (e.g., ""whet your appetite,"" ""whet your curiosity"")
*   **Refine** — To improve something by making small changes, often to make it more elegant, pure, or precise. ""Sharpen"" makes something pointed or keen; ""refine"" makes it better in quality or detail. (e.g., ""refine a plan,"" ""refine a process"")
*   **Improve** — A general word meaning to make something better. ""Sharpen"" is a specific way to improve something, by making it more acute or effective. (e.g., ""improve your grades,"" ""improve your health"")"
5312,deliberately,"# deliberately

## Meaning (easy English)

If you do something **deliberately**, it means you do it on purpose, not by accident. You thought about it and chose to do it.

It means the action was planned or intended, not a mistake.

⸻

## Nuance
*   **How it feels:** This word strongly emphasizes that an action was a choice. It shows that someone thought about their action before doing it.
*   **When it's used:** We use ""deliberately"" when we want to make it clear that an action was not accidental. It can be used for neutral or positive actions (e.g., ""She deliberately chose the healthier food""), but it is very often used when someone does something wrong, surprising, or with a clear negative impact (e.g., ""He deliberately ignored my advice"").
*   **Formality:** It's a common word used in everyday conversation, but also in more formal settings like reports or legal discussions, especially when discussing someone's intentions.

⸻

## Example sentences
*   He **deliberately** left his phone at home so he wouldn't be disturbed during the meeting.
*   I think she **deliberately** tripped me; it wasn't an accident at all.
*   The artist **deliberately** used bright colors to make the painting stand out more.

⸻

## Synonyms (with short notes about the differences)
*   **on purpose** — Very similar to ""deliberately."" It's a common phrase, perhaps slightly less formal. (e.g., ""I did it on purpose."")
*   **intentionally** — Almost identical in meaning. It focuses on the *intention* or goal behind the action. ""Deliberately"" can also suggest a slow, careful thought process before acting. (e.g., ""He intentionally broke the rule."")
*   **purposely** — Also very similar to ""deliberately"" and ""on purpose."" Often used interchangeably. (e.g., ""She purposely avoided my gaze."")
*   **knowingly** — Means with full knowledge or awareness of what you are doing, often including the consequences. ""Deliberately"" implies a choice to act, while ""knowingly"" emphasizes awareness during the action. (e.g., ""He knowingly shared false information."")"
5313,shatter,"# shatter

## Meaning (easy English)

To **shatter** means to break something suddenly and violently into many small pieces. This often happens with hard, brittle materials like glass or ceramic.

It can also mean to completely destroy something abstract, like a hope, a dream, or a period of silence.

⸻

## Nuance
*   Implies a sudden, forceful, and complete destruction, often with a loud noise for physical objects.
*   Commonly used for things that are brittle (e.g., glass, ice, pottery).
*   Figuratively, it suggests a profound and often sudden destruction of something abstract (e.g., ""shatter someone's confidence,"" ""shatter a dream,"" ""shatter the silence"").
*   It is a strong verb, not particularly formal or informal, used in everyday language.

⸻

## Example sentences
*   The dropped phone hit the pavement and its screen **shattered** into a spiderweb of cracks.
*   The bad news from the doctor completely **shattered** all his hopes for a quick recovery.
*   A sudden loud explosion from the construction site **shattered** the peaceful morning silence.

⸻

## Synonyms (with nuance)
*   **break** — The most general term for separating into pieces. ""Shatter"" is a specific, more violent way to break, usually into *many* small pieces.
*   **smash** — To break something forcefully, often with a loud noise. ""Smash"" can be more about the *impact* or *force* used, while ""shatter"" focuses on the *result* (breaking into many small pieces).
*   **destroy** — To ruin something completely. ""Shatter"" is one intense way to destroy something, especially if it's brittle or an abstract concept.
*   **ruin** — To damage something so badly that it is no longer good or useful. ""Ruin"" is broader and doesn't necessarily imply breaking into pieces or suddenness."
5314,soak,"# soak

## Meaning (easy English)

To ""soak"" means to put something into a liquid, usually water, for a period of time. This makes the object completely wet, or allows it to absorb the liquid.

You can also use ""soak"" to say that something becomes very wet, often because it has been left in water or exposed to rain.

⸻

## Nuance
*   **Purposeful action:** Often used when you *intend* to make something wet, like soaking clothes to clean them or soaking beans before cooking.
*   **Thorough wetting:** It suggests that something becomes very wet, often all the way through, not just on the surface.
*   **Everyday word:** ""Soak"" is a common, neutral word used in many daily situations. It's not formal or informal.
*   **Absorption:** It often implies that the liquid is absorbed by the object.

⸻

## Example sentences
*   Please **soak** the dirty dishes in soapy water before you wash them.
*   It rained all night, and the ground is completely **soaked**.
*   You should **soak** these dried mushrooms in warm water for 30 minutes to soften them.

⸻

## Synonyms (with short notes about the differences)
*   **drench** — Means to make something extremely wet, often suddenly or by accident (e.g., ""The sudden rain drenched my clothes.""). Less about absorption, more about the immediate effect of getting very wet.
*   **immerse** — To put something completely into a liquid. Often sounds a bit more formal or deliberate than ""soak,"" and can be used figuratively (e.g., ""She immersed herself in her studies."").
*   **steep** — To leave something (like tea leaves or herbs) in hot liquid to extract its flavor or properties. It has a more specific purpose, usually related to food or drink preparation.
*   **saturate** — To make something completely full of a liquid, so it cannot hold any more. It emphasizes the *maximum* amount of liquid something can hold (e.g., ""The sponge was saturated with water.""). ""Soak"" often leads to saturation."
5315,soapy,"# soapy

## Meaning (easy English)

""Soapy"" describes something that:

1.  **Tastes or smells like soap.** This usually means it has an unpleasant or chemical taste/smell that reminds you of soap, which is not meant to be eaten.
2.  **Contains a lot of soap or produces a lot of bubbles (lather).** This can describe water, hands, or surfaces that are covered in soap.

⸻

## Nuance

*   **When describing taste or smell:** ""Soapy"" usually has a **negative** feeling. If food or drink tastes soapy, it means it tastes bad or wrong.
*   **When describing texture or appearance:** It is usually a **neutral** or descriptive word. For example, ""soapy water"" just means water with soap in it, used for cleaning. It describes the presence of soap and the slick, bubbly feeling or look it creates.
*   **Formality:** It's a common, everyday descriptive word. It is not particularly formal or informal.

⸻

## Example sentences

*   This dish tastes a little **soapy**, maybe the plates weren't rinsed properly.
*   After washing the dog, my hands felt all **soapy** and slippery from the shampoo.
*   The water in the bucket was very **soapy** as she prepared to wash the car.

⸻

## Synonyms (with short notes about the differences)

*   **Lathery:** (adjective) Describes something producing or covered in a lot of lather (a mass of small bubbles, usually from soap).
    *   *Difference:* Very similar to ""soapy"" when talking about bubbles. ""Lathery"" specifically focuses on the *amount* of lather produced.
*   **Foamy:** (adjective) Describes something full of foam (a mass of small bubbles, often lighter and airier than lather).
    *   *Difference:* ""Foamy"" can refer to bubbles from anything (e.g., a foamy drink, sea foam), not just soap. ""Soapy"" specifically implies the presence of soap.
*   **Sudsy:** (adjective) Describes something full of suds (a mass of bubbles formed by soap or detergent in water).
    *   *Difference:* Very close to ""soapy"" and ""lathery"" when talking about cleaning products. ""Sudsy"" is often used to describe the bubbles in a sink or washing machine.

*(Note: For the ""taste/smell"" meaning of soapy, there isn't a direct, single-word synonym that precisely captures the unique quality of tasting like soap. Instead, you might use general descriptors like ""unpleasant-tasting"" or ""chemical-smelling"" depending on the context.)*"
5316,stray,"# stray

## Meaning (easy English)

""Stray"" can be used as a verb, an adjective, or a noun.

*   As a **verb**, to **stray** means to move away from the correct place, path, or topic. It means to wander off or get separated from where you should be.
*   As an **adjective**, ""stray"" describes something (often an animal) that is lost, separated from its home or group, or not in the right place.
*   As a **noun**, a **stray** is an animal (usually a pet like a dog or cat) that is lost or has no home.

⸻

## Nuance
*   **Lost or Off-Course:** ""Stray"" often carries the feeling of being lost, alone, or accidentally going in the wrong direction.
*   **Vulnerability:** When used for animals, it often suggests a sense of vulnerability or being in need of help.
*   **Common Usage:** It is very commonly used for animals (""a stray dog,"" ""stray cats""). It can also describe people who wander off (""stray from the path"") or thoughts that lose focus (""my mind began to stray""). Sometimes it refers to an object that is out of place (""a stray hair,"" ""a stray bullet"").
*   **Formality:** It's a common, everyday word and is not considered formal or informal.

⸻

## Example sentences
*   The children were told not to **stray** too far from their parents at the park.
*   We decided to adopt the **stray** dog we found wandering near our house.
*   It's easy for your thoughts to **stray** when you're tired during a long lecture.

⸻

## Synonyms (with short notes about the differences)
*   **wander** — To move around without a clear purpose or destination. *Difference:* ""Wander"" can be intentional or simply aimless, without necessarily being lost or off-course. ""Stray"" often implies an unintended departure or being lost.
*   **roam** — To move freely over a wide area, often with no specific destination. *Difference:* ""Roam"" suggests freedom and space, not typically being lost or in the wrong place.
*   **lost** — Describes the state of being unable to find one's way or something that is missing. *Difference:* ""Stray"" often describes the *action* of becoming lost or the *condition* of something that *is* lost and separated. ""Lost"" is a state, ""stray"" can be the cause or a description of that state.
*   **homeless (animal)** — An animal that does not have a home. *Difference:* ""Homeless"" focuses on the lack of a home. ""Stray"" focuses more on the act of wandering away or being separated, which often results in being homeless."
5317,prey,"# prey

## Meaning (easy English)

""Prey"" refers to an animal that is hunted and killed by another animal for food.
It can also mean a person or group that is easily harmed, tricked, or used by others, often because they are seen as weak or vulnerable.

⸻

## Nuance
*   The word ""prey"" often makes you think of danger, vulnerability, or being hunted.
*   It's widely used in discussions about nature and the animal kingdom (e.g., ""predator and prey"").
*   It's also used in a figurative way to describe a person or group that is targeted, exploited, or easily harmed by others (e.g., ""prey to criminals,"" ""prey to false promises"").
*   It's a neutral word, neither very formal nor informal. It's descriptive and clear.

⸻

## Example sentences
*   A rabbit is often **prey** for foxes and hawks.
*   The con artist saw the lonely old man as easy **prey** for his scheme.
*   Many small businesses fall **prey** to the economic downturn during a recession.

⸻

## Synonyms (with nuance)
*   **victim** — Someone or something that has suffered harm, loss, or injury, often due to a crime, accident, or cruel treatment.
    *   *Difference:* ""Victim"" is broader. While all ""prey"" in the human sense are victims, not all victims are ""prey."" ""Prey"" often suggests being actively hunted or exploited by a specific pursuer.
*   **target** — A person or thing that is chosen as the object of an attack, criticism, or attention.
    *   *Difference:* ""Target"" can be neutral (e.g., a marketing target). ""Prey"" strongly implies vulnerability and usually negative intent from the pursuer.
*   **quarry** — An animal or bird hunted or pursued.
    *   *Difference:* ""Quarry"" is mainly used for animals in hunting and is less common in everyday speech. ""Prey"" can be used for animals *and* for people/groups in a figurative sense."
5318,savage,"# savage

## Meaning (easy English)

""Savage"" is an adjective used to describe something that is wild, fierce, and very aggressive or violent.
It often describes animals in their natural, untamed state, or actions that are extremely brutal and uncontrolled.
It can also describe conditions, criticism, or emotions that are very harsh, severe, or intense.

⸻

## Nuance
*   ""Savage"" carries a strong, often negative feeling, suggesting something uncontrolled, very cruel, or extremely harsh.
*   It is often used to describe animals, very violent actions, or extremely difficult and harsh natural conditions.
*   When used to describe a person's words or behavior, it means they are very aggressive, critical, or without mercy.
*   It is not a formal word, but it has a serious and impactful tone.

⸻

## Example sentences
*   The wild dog showed its teeth and let out a **savage** growl.
*   The team faced **savage** criticism after losing the championship game.
*   Living in the wilderness meant facing **savage** weather and dangerous animals every day.

⸻

## Synonyms (with short notes about the differences)
*   **Fierce** — Suggests strong, intense, and sometimes aggressive behavior, like a fierce animal protecting its young. It can be strong without being necessarily cruel.
*   **Brutal** — Emphasizes extreme cruelty, harshness, and physical violence. A brutal attack is very violent and painful.
*   **Wild** — Means untamed, not controlled by humans, living in a natural state. It can be dangerous but doesn't always imply cruelty, just a lack of control or domestication.
*   **Cruel** — Focuses on the intention to cause pain or suffering to others, often without pity. A cruel person enjoys making others suffer."
5319,suppress,"# suppress

## Meaning (easy English)

To **suppress** means to stop something from happening, appearing, or developing. It can also mean to hold back a feeling or reaction, or to prevent information from becoming known. This often involves a deliberate effort or force.

⸻

## Nuance
*   **Deliberate action:** ""Suppress"" often implies a strong, intentional effort to stop or control something. It's not usually something that happens by accident.
*   **Common uses:**
    *   **To stop a rebellion or protest:** (e.g., ""The government suppressed the uprising."")
    *   **To hold back a feeling:** (e.g., ""She suppressed a laugh."")
    *   **To prevent information from becoming public:** (e.g., ""They suppressed the evidence."")
    *   **In a medical sense:** To reduce or stop a physical reaction (e.g., ""The medicine suppressed his cough."")
*   **Formality:** It is a neutral to formal word. It sounds more serious than casual everyday words like ""stop,"" but it's not overly academic.

⸻

## Example sentences
*   The police were called to **suppress** the riot and restore order in the streets.
*   She tried to **suppress** her anger during the argument, but it was difficult.
*   The company was accused of trying to **suppress** information about the product's negative side effects.

⸻

## Synonyms (with short notes about the differences)
*   **stop** — A very general word for ending something. ""Suppress"" usually implies more effort, force, or a specific reason to stop something than simply ""stop.""
*   **repress** — Very similar, especially for feelings, thoughts, or memories. ""Repress"" often suggests pushing something down, sometimes unconsciously, or over a longer period. ""Suppress"" can be more active and conscious.
*   **quash** — Means to officially or forcefully put an end to something, often a rebellion, a rumor, or a legal decision. It often implies a more decisive and final action than ""suppress.""
*   **stifle** — To prevent something from developing or expressing itself freely, or to prevent a sound. You might ""stifle a yawn"" or ""stifle creativity."" It can also mean to suffocate."
5320,sweetly,"# sweetly

## Meaning (easy English)

""Sweetly"" describes an action that is done in a pleasant, gentle, or charming way. It often refers to:

1.  **Sounds or music:** In a melodic, harmonious, or delightful way.
2.  **Smells:** In a pleasant or fragrant way.
3.  **Behavior or manner:** In a kind, polite, or charming way.
4.  **Sleeping:** In a peaceful and undisturbed way.

⸻

## Nuance
*   **Positive Feeling:** ""Sweetly"" always carries a positive feeling. It suggests something is lovely, agreeable, or delightful.
*   **Gentle and Pleasant:** It often implies softness, kindness, or a lack of harshness.
*   **Sensory:** It is frequently used to describe things we hear (like singing or music) or smell (like flowers).
*   **Charming or Innocent:** When describing a person's actions, it can suggest they are charming, polite, or even a little innocent.
*   **Formality:** It is a common and natural adverb, neither very formal nor informal. It can sometimes sound a bit poetic, especially in descriptions.

⸻

## Example sentences
*   The little bird sang **sweetly** from the top of the tree.
*   She smiled **sweetly** at the children as they approached her.
*   After a long day, the baby slept **sweetly** in her crib.

⸻

## Synonyms (with short notes about the differences)
*   **Gently** — Focuses on softness and care, avoiding harshness or force. ""Sweetly"" often adds a layer of charm or pleasantness beyond just being gentle.
*   **Kindly** — Means in a friendly, generous, or benevolent way. While ""sweetly"" can involve kindness, it often highlights the pleasant *manner* or *expression* of that kindness.
*   **Pleasantly** — A general term for something enjoyable or agreeable. ""Sweetly"" suggests a more specific, often delicate, melodic, or charming kind of pleasantness.
*   **Peacefully** — Used specifically for calm, quiet, and undisturbed states, especially for sleeping or resting. ""Sweetly"" implies a happy and undisturbed peace."
5321,trustworthy,"# trustworthy

## Meaning (easy English)

If someone or something is **trustworthy**, it means you can rely on them and believe what they say or do. They are honest, dependable, and will always do what they promise. You can feel safe giving them responsibility or sharing secrets with them because you know they will not let you down.

⸻

## Nuance
*   **Feeling**: ""Trustworthy"" suggests a strong sense of reliability, honesty, and integrity. When you call someone trustworthy, it's a high compliment. It means they have proven themselves over time.
*   **Usage**: It's used for people (friends, colleagues, leaders), but also for organizations (banks, brands), sources of information (news outlets, websites), or even systems and products (a car, a piece of software). It implies consistent positive behavior or performance.
*   **Formality**: It's a standard, neutral word. It's appropriate in both professional and personal situations.

⸻

## Example sentences
*   My assistant is completely **trustworthy**; I can always rely on her to handle important tasks.
*   It's essential to choose a **trustworthy** source for your news, especially online.
*   She proved to be a very **trustworthy** friend, always keeping my secrets and offering support.

⸻

## Synonyms (with short notes about the differences)
*   **Reliable** — Someone or something that you can count on to consistently work well or do what they are supposed to do. (Focuses on consistent performance or quality.)
*   **Dependable** — Very similar to reliable. You can depend on them to be there or to do something when needed, usually over a long period. (Emphasizes consistency and being there for support.)
*   **Honest** — Someone who always tells the truth and does not lie or cheat. (Focuses specifically on truthfulness and integrity, while ""trustworthy"" also includes reliability in actions.)
*   **Credible** — Believable or convincing. Often used for information, sources, or witnesses. (Focuses on whether something can be believed, less on personal character or actions over time.)"
5322,tackle,"# tackle

## Meaning (easy English)

""Tackle"" has a few main meanings:

1.  **To deal with a problem or task (verb):** To start dealing with a difficult problem, task, or situation in a determined and direct way. You face it instead of avoiding it.
    *   *Example:* We need to **tackle** the issue of plastic waste.

2.  **In sports (verb):** To stop an opponent who has the ball by grabbing or knocking them to the ground. This is common in sports like football or rugby.
    *   *Example:* The defender successfully **tackled** the striker.

3.  **Equipment (noun):** The equipment or gear needed for a particular activity, especially fishing.
    *   *Example:* He bought new fishing **tackle** for his trip.

⸻

## Nuance

*   **When used as a verb (to deal with a problem/task):** It suggests a direct, active, and often determined approach. It implies that the issue is serious or challenging and requires effort. It can be used for big, important problems (e.g., ""tackle climate change"") or for more everyday tasks (e.g., ""tackle the housework""). It is generally neutral in formality.
*   **When used as a verb (in sports):** This is a specific, physical action used to stop an opponent. It's a common term in many team sports.
*   **When used as a noun (equipment):** It's most commonly heard in the phrase ""fishing tackle,"" referring to items like rods, reels, lines, and hooks. It can also refer to a system of ropes and pulleys used for lifting heavy things, but this is less common in everyday conversation.

⸻

## Example sentences

*   The city council plans to **tackle** the problem of traffic congestion by building a new road. (Verb - deal with a problem)
*   During the rugby match, the player made a powerful **tackle** to prevent a try. (Verb - sports)
*   Before going fishing, I always check if I have all my **tackle** ready. (Noun - equipment)

⸻

## Synonyms (with short notes about the differences)

**For ""to deal with a problem/task"":**

*   **address** — Similar to ""tackle,"" but often means to give attention to a problem or speak about it, not always taking direct action to solve it.
*   **handle** — Means to manage or deal with something, often in a more general sense. ""Handle"" can be less about directly confronting a problem and more about managing a situation.
*   **undertake** — Means to commit to and begin a task or project. It often refers to starting a new responsibility or effort, rather than directly confronting a problem.
*   **resolve** — Focuses on finding a solution and bringing an end to a problem. ""Tackle"" is about the *process* of dealing with it, while ""resolve"" is about the *outcome* or solution.

**For ""tackle"" (in sports):**

*   **block** — To stand in the way of an opponent to prevent them from moving or seeing, but not necessarily to take the ball from them by physical contact.
*   **stop** — A more general word meaning to prevent movement. ""Tackle"" is a specific, physical way to stop someone in certain sports.

**For ""tackle"" (equipment):**

*   **gear** — A more general word for equipment or clothing used for a particular activity. ""Tackle"" is specific to fishing (or lifting)."
5323,terrify,"# terrify

## Meaning (easy English)

To **terrify** someone means to make them feel extremely scared or frightened. It's a very strong feeling of fear, much stronger than just being a little afraid. When something terrifies you, it makes you feel very unsafe, panicked, or deeply afraid.

⸻

## Nuance
*   ""Terrify"" describes an intense and overwhelming feeling of fear. It's much stronger than simply being ""scared"" or ""worried.""
*   When someone is terrified, they might feel panicked, unable to think clearly, or even unable to move (like being frozen with fear).
*   This word is often used when talking about things that are truly frightening, such as dangerous animals, scary movies, or unexpected, life-threatening situations.
*   The word itself is neutral in formality, suitable for everyday use, but it always points to a serious and strong emotion.
*   It's common to hear ""I was terrified"" (using the passive voice) to describe this strong feeling.

⸻

## Example sentences
*   The sudden loud bang of thunder **terrified** the small children.
*   I watched a horror movie last night that completely **terrified** me; I couldn't sleep afterwards.
*   The thought of speaking in front of a large audience **terrifies** him, even though he's very prepared.

⸻

## Synonyms (with nuance)
*   **frighten** — a general word for making someone feel afraid; ""terrify"" is much stronger and more intense, suggesting a deeper level of fear.
*   **scare** — similar to frighten, often implies a sudden, perhaps short-lived, fear; can sometimes be used playfully. ""Terrify"" describes a more severe and lasting fear.
*   **alarm** — to make someone worried or afraid about a potential danger or problem; it's less intense than ""terrify"" and often refers to a warning or a sudden realization of danger.
*   **petrify** — to make someone so extremely frightened that they are unable to move or think (like turning to stone); ""terrify"" describes the intense fear itself, while ""petrify"" specifically emphasizes the resulting inability to act or move because of that fear."
5324,fearless,"# fearless

## Meaning (easy English)

""Fearless"" describes a person who is not afraid of danger, difficulty, or things that usually scare people. They act very bravely and confidently, even when others might feel scared.

## Nuance
*   Sounds very positive and admiring. It describes someone strong, determined, and full of courage.
*   Often used for people who face big challenges, take risks, or stand up for what is right. It suggests that not feeling fear is a part of their character or how they usually act, rather than just a single brave moment.
*   It's a common and well-understood word, suitable for many situations.

## Example sentences
*   The **fearless** mountain climber reached the summit despite the harsh weather.
*   She was a **fearless** advocate for human rights, always speaking out against injustice.
*   Even as a child, he showed a **fearless** spirit, always ready to explore new places.

## Synonyms (with short notes about the differences)
*   **Brave** — Very similar. Often describes a single act of courage, while ""fearless"" suggests a more constant state of not being afraid. You can *be brave* in a moment, but *be fearless* as a personality trait.
*   **Courageous** — More formal than ""fearless"" or ""brave."" It emphasizes strength of mind and spirit, especially when facing pain, difficulty, or grief.
*   **Daring** — Describes someone willing to take risks, often for excitement or to achieve something difficult. ""Daring"" focuses more on the *action* of taking risks, while ""fearless"" focuses on the *lack of fear* behind the action.
*   **Bold** — Can mean confident and assertive, not just risk-taking. Someone can have bold ideas or a bold personality. It also implies a readiness to face danger or difficulty, but also confidence."
5325,undo,"# undo

## Meaning (easy English)

To ""undo"" means to reverse an action you have done, or to remove the effect of something. It makes something go back to how it was before.

It can also mean to unfasten, untie, or open something that was closed or tied.

⸻

## Nuance
*   **Common Use:** This word is very common in everyday language. You hear it often when talking about computers (like using the ""undo"" button to fix a mistake) or physical actions (like undoing a button).
*   **Feeling:** It often implies correcting a mistake, returning to a previous state, or making something open again. There's often a sense of relief when you can ""undo"" a mistake!
*   **Formality:** ""Undo"" is a neutral word; it's not especially formal or informal.

⸻

## Example sentences
*   Oh no, I accidentally deleted that paragraph! Luckily, the software has an **undo** button.
*   Please **undo** your seatbelt when the plane comes to a complete stop.
*   I wish I could **undo** what I said earlier; it was not very kind.

⸻

## Synonyms (with short notes about the differences)
*   **Reverse** — To change something back to an earlier state or opposite direction. (Very similar to ""undo,"" but ""reverse"" can be more general, applying to processes or directions, while ""undo"" often focuses on a specific action or fastening.)
*   **Cancel** — To stop something that was planned or started from happening. (Focuses on stopping an event or plan, not necessarily reversing a completed action.)
*   **Unfasten / Untie / Unbutton** — These are specific actions that ""undo"" covers when talking about physical fasteners like belts, knots, or buttons. (""Undo"" is the general term for these.)
*   **Retract** — To take back something you have said or written. (More specific to words or statements, often used in formal contexts.)"
5326,curse,"# curse

## Meaning (easy English)

""Curse"" can be used as a **verb** or a **noun**, and it has a few main meanings:

**As a verb, to ""curse"" means:**

1.  To use rude, offensive, or ""swear"" words, often when you are angry, annoyed, or in pain.
    *   *Example:* He **cursed** when he dropped the heavy hammer on his foot.
2.  To wish that something bad will happen to someone or something, sometimes with a belief in magic or a higher power.
    *   *Example:* The old woman **cursed** the dishonest merchant.

**As a noun, a ""curse"" is:**

1.  A rude, offensive, or ""swear"" word.
    *   *Example:* He let out a loud **curse** when his internet stopped working.
2.  A wish or statement that causes bad luck or harm, often believed to be from magic, a supernatural power, or a god.
    *   *Example:* Many ancient stories tell of heroes trying to break a powerful **curse**.
3.  Something that causes a lot of trouble, harm, or unhappiness for a long time.
    *   *Example:* The constant traffic is the **curse** of living in the city.

⸻

## Nuance
*   **Formality:**
    *   When referring to swear words (verb or noun), ""curse"" is generally **informal** and can be considered impolite.
    *   When referring to a wish for bad luck or a source of trouble, it is more **neutral to slightly formal/literary**, often carrying a serious or dramatic tone.
*   **Feel:**
    *   Using ""curse"" as a swear word suggests **anger, frustration, or pain**.
    *   Referring to a magical ""curse"" often feels **superstitious, ancient, or dramatic**, implying powerful negative forces.
    *   Calling something ""a curse"" (meaning a source of trouble) expresses a feeling of **burden, persistent difficulty, or deep unhappiness**.
*   **When used:**
    *   You might hear someone ""curse"" in everyday situations when they are upset.
    *   The magical sense of ""curse"" is common in fantasy stories, folklore, and historical legends.
    *   The sense of ""a curse"" as a persistent problem is used to describe ongoing difficulties in life, society, or situations.

⸻

## Example sentences
*   When the computer crashed again, she **cursed** under her breath. (Verb - to swear)
*   The villagers believed a **curse** prevented anyone from finding the hidden treasure. (Noun - bad wish)
*   For many small businesses, too much paperwork can be a real **curse**. (Noun - source of trouble)

⸻

## Synonyms (with short notes about the differences)
*   **swear word / expletive / profanity** (for ""curse"" as an offensive word):
    *   **Swear word:** A common, general term for a rude word.
    *   **Expletive:** A more formal term for a swear word, often used in writing or official reports.
    *   **Profanity:** Refers to language that is considered offensive or disrespectful, especially in a religious context.
*   **hex / jinx / spell** (for ""curse"" as a magical bad wish):
    *   **Hex:** A type of magical bad luck or evil spell, often thought to be less powerful or long-lasting than a full ""curse.""
    *   **Jinx:** Causes bad luck, often temporary and sometimes accidental, not always involving powerful magic.
    *   **Spell:** A magical action or set of words, which can be good or bad. A ""curse"" is usually a negative spell.
*   **bane / affliction / plague** (for ""curse"" as a source of trouble):
    *   **Bane:** Something that causes continuous trouble or unhappiness; very similar to ""curse"" in this context, often used in a slightly more literary way.
    *   **Affliction:** A cause of pain, suffering, or trouble, often a physical condition or a persistent problem.
    *   **Plague:** Can mean a widespread disease, but also a persistent trouble or annoyance that affects many people or causes widespread damage."
5327,undress,"# undress

## Meaning (easy English)

To **undress** means to take off your clothes. It can also mean to take the clothes off another person, like a child or someone who needs help.

It is the opposite of ""dress"" (to put on clothes). People usually undress when they are getting ready for bed, a shower, or to change into different clothes.

⸻

## Nuance
*   **Neutral and Common:** ""Undress"" is a very common and neutral word. It's not overly formal or informal.
*   **Private Act:** It usually refers to a private act, done in a bedroom, bathroom, or changing room.
*   **Preparation:** Often implies preparing for something else, like sleeping, bathing, or putting on new clothes.
*   **Helping Others:** It's often used when helping someone else, especially a child or someone who needs assistance, to remove their clothes.

⸻

## Example sentences
*   After a long day, she couldn't wait to **undress** and get into her pajamas.
*   My mother helped me **undress** my little brother before his bath.
*   The doctor asked the patient to **undress** from the waist up for the examination.

⸻

## Synonyms (with nuance)
*   **take off (clothes)** — This is the most common and direct way to say it. ""Take off"" is a phrasal verb and very natural in everyday conversation. ""Undress"" is a single verb, sometimes sounding slightly more concise.
*   **strip** — Can mean to remove all clothes quickly or forcefully. It can sometimes have a stronger or more negative feeling, or imply removing clothes for a specific purpose like a performance or search. It can also mean removing layers from something non-human (e.g., ""strip paint"").
*   **disrobe** — More formal and less common than ""undress."" It is often used in formal or ceremonial contexts, or when talking about changing clothes in a changing room or for a medical exam.
*   **change (clothes)** — This means to take off one set of clothes and put on another. ""Undress"" only refers to the act of taking clothes off, not putting new ones on."
5328,restless,"# restless

## Meaning (easy English)

If you are **restless**, you find it hard to stay still or relax. You might feel worried, bored, or have a lot of energy and want to move or do something different. It's a feeling of being uneasy or unable to settle down, either physically or mentally.

⸻

## Nuance
*   **Feeling:** Often describes a feeling of physical or mental discomfort, making it hard to stay calm.
*   **Causes:** Can be caused by worry, excitement, boredom, or a desire for change.
*   **Behavior:** When someone is restless, they might fidget, pace, struggle to concentrate, or have trouble sleeping. It suggests an inner urge to move or act.
*   **Formality:** It's a common word, used in everyday conversation, and is neither very formal nor informal.

⸻

## Example sentences
*   The students grew **restless** during the long, boring lecture.
*   She felt **restless** before her big job interview, pacing around the room.
*   After a few weeks in the same town, he started to feel **restless** and wanted to travel again.

⸻

## Synonyms (with short notes about the differences)
*   **Impatient** — You dislike waiting and want something to happen quickly. (Restless can be about waiting, but also about general discomfort or boredom, even without a specific thing to wait for.)
*   **Fidgety** — Describes someone who makes small, nervous movements, often because they are bored or anxious. (Being fidgety is a *sign* of being restless.)
*   **Anxious** — Feeling worried, nervous, or afraid about something. (Restlessness can be caused by anxiety, but anxiety is the feeling itself.)
*   **Uneasy** — Feeling worried or slightly uncomfortable, often without a clear reason. (Similar to restless, but ""uneasy"" is more about the internal feeling, ""restless"" often describes the inability to settle physically or mentally.)
*   **Agitated** — Feeling very disturbed or excited, often showing it through increased movement or speech. (Stronger and more active than restless, implying more visible distress.)"
5329,simultaneously,"# simultaneously

## Meaning (easy English)

""Simultaneously"" means that two or more things are happening or being done at the exact same moment. They are not happening one after the other, but truly together.

You use this word to show that different actions or events are happening at the same time, often by different people or in different places.

⸻

## Nuance
*   **Precise and Exact:** This word emphasizes that events happen at *exactly* the same time, not just generally close together.
*   **Slightly Formal:** ""Simultaneously"" sounds more formal and academic than ""at the same time."" It's often used in written reports, scientific contexts, or when you want to be very precise.
*   **Versatile:** It can describe people doing different actions at once, or different events occurring at the same moment.

If you use ""simultaneously,"" you are communicating a sense of exact timing and often a coordinated or parallel occurrence.

⸻

## Example sentences
*   The two children started talking *simultaneously*, so their mother couldn't understand either of them.
*   The new movie will be released in cinemas and on streaming platforms *simultaneously*.
*   You can't work on both projects *simultaneously*; you need to focus on one at a time.

⸻

## Synonyms (with nuance)
*   **at the same time** — This is the most common and natural way to say ""simultaneously"" in everyday conversation. It's less formal. (e.g., *I was eating and watching TV at the same time.*)
*   **concurrently** — Very similar to ""simultaneously,"" often interchangeable, but can sound slightly more formal or technical. It suggests things running or existing alongside each other. (e.g., *The two investigations ran concurrently.*)
*   **in unison** — This means doing the *same* action *together* and *at the same time*, often in a coordinated way. ""Simultaneously"" can describe different actions. (e.g., *The choir sang in unison.*)
*   **together** — A broader term. While it can mean ""at the same time,"" it can also mean ""with each other"" or ""in a group."" It's less precise about the exact timing than ""simultaneously."" (e.g., *We went to the park together.*)"
5330,unfold,"# unfold

## Meaning (easy English)

""Unfold"" has two main meanings:

1.  **To open something that was folded:** This means to spread out something that was previously creased or put into a smaller shape, like a piece of paper, a blanket, or a chair.
    *   *Example:* You **unfold** a map to see the full picture.

2.  **For a situation, story, or event to develop or become clear over time:** This means things are slowly revealed or happen step by step, like a story being told or a plan becoming reality.
    *   *Example:* The plot of a movie **unfolds** as you watch it.

⸻

## Nuance
*   **How it feels:** For the literal meaning, it's a physical action of opening something. For the figurative meaning, it suggests a gradual process, often natural and sometimes a little mysterious, where things become known or happen in sequence.
*   **When it is used:**
    *   **Literal:** Used for physical objects like maps, letters, blankets, chairs, or clothes.
    *   **Figurative:** Often used when talking about stories, plots, events, situations, plans, or future developments. It implies a process that takes time.
*   **Formality:** ""Unfold"" is a neutral word. It is common in everyday conversation for both meanings and is also used in more descriptive or narrative writing.

⸻

## Example sentences
*   He carefully **unfolded** the old letter to read the message inside.
*   We watched the news to see how the political situation would **unfold**.
*   The detective waited patiently for the whole story to **unfold** before making a judgment.

⸻

## Synonyms (with short notes about the differences)
*   **Open:** (literal sense) More general. You ""open"" a door, a book, a box. You ""unfold"" something that was specifically folded (like a map or a blanket).
*   **Reveal:** To make something known or visible. ""Unfold"" suggests a *process* where things become known gradually over time, whereas ""reveal"" can be a sudden or single act of showing.
*   **Develop:** To grow or change over time. Very similar to the figurative ""unfold,"" but ""develop"" can focus more on internal growth or progress (e.g., a child develops skills). ""Unfold"" often emphasizes the *sequence* of events becoming clear or apparent.
*   **Happen/Occur:** General words for events taking place. ""Unfold"" suggests a more continuous, often planned or natural progression of events, like a story being told or a situation progressing."
5331,ragged,
5332,cloak,
5333,identification,
5334,unlock,
5335,neatly,
5336,utilize,
5337,acknowledge,
5338,inadequate,
5339,supervision,
5340,compensation,
5341,lacking,"# lacking

## Meaning (easy English)

""Lacking"" means that something important or necessary is missing or not present in a sufficient amount.
It suggests that something is incomplete, not good enough, or has a fault because of this absence.

⸻

## Nuance
*   **Feeling:** Often carries a slightly negative feeling, showing that something is not as good as it could be or should be. It points out a weakness or a gap.
*   **Usage:** You use ""lacking"" to describe a person, object, idea, or situation that doesn't have a specific quality, item, or amount that is expected or needed.
*   **Formality:** It is a common and useful word that fits well in both everyday conversations and more formal writing. It's not too casual or too academic.

⸻

## Example sentences
*   The new employee is very enthusiastic, but she's still **lacking** some experience.
*   Many older phones are **lacking** the latest security features.
*   The soup was delicious, but it was **lacking** a little salt.

⸻

## Synonyms (with nuance)
*   **missing** — Often means simply ""not present"" or ""gone."" It can be more neutral. For example, ""My keys are missing"" (they are gone). ""Lacking"" often implies the absence is a problem or a fault.
*   **insufficient** — Means ""not enough"" in terms of quantity or quality. It often sounds more formal and is used when talking about evidence, resources, or time. ""The budget is insufficient.""
*   **deficient** — Means ""not having enough of a necessary quality or substance."" Often used for health, nutrition, or technical things, and can suggest a more serious problem or flaw. ""The diet was deficient in vitamins.""
*   **wanting** — (Less common in everyday speech for this meaning, but good to know) Means ""not meeting expectations"" or ""not good enough."" It often implies a judgment. ""His efforts were found wanting."""
5342,assess,
5343,positively,
5344,attribute,
5345,modesty,
5346,descendant,
5347,nobility,
5348,masterpiece,
5495,complication,"# complication

## Meaning (easy English)

A complication is an unexpected problem or difficulty that makes a situation more complex or harder to deal with. It often appears when you are already trying to do something, making the original plan or situation more challenging.

In medicine, it refers to a new illness or problem that happens during another illness or treatment.

⸻

## Nuance
*   Often has a negative feeling, suggesting that something has become more difficult or troublesome than it was before.
*   It implies that a situation was simpler, but then this new problem *added* to the difficulty or complexity.
*   Commonly used in everyday conversation, but also in more specific contexts like medicine, planning, or legal matters.
*   It's more specific than just ""problem"" because it highlights the *added difficulty* or *new complexity* to an existing situation.

⸻

## Example sentences
*   The sudden bad weather was an unexpected **complication** for our travel plans.
*   Doctors are carefully monitoring the patient for any **complications** after the surgery.
*   Trying to finish the report and prepare for the meeting at the same time created a lot of **complications** for me.

⸻

## Synonyms (with nuance)
*   **Problem** — A general word for something that needs to be solved or dealt with. (A complication is usually a *type* of problem that makes an existing situation more complex.)
*   **Difficulty** — Refers to how hard something is to do or understand. (A complication *creates* difficulty, but ""difficulty"" can also describe the state of being hard.)
*   **Obstacle** — Something that blocks your way or prevents progress. (A complication can be an obstacle, but it often adds complexity rather than just blocking a path.)
*   **Issue** — A topic or problem that people are discussing or disagreeing about. (More neutral and often relates to a topic; a complication is usually a direct negative event or development.)
*   **Setback** — Something that delays or stops progress. (A complication can *cause* a setback, but a setback is the result, while a complication is the cause.)"
5549,pretense,"# pretense

## Meaning (easy English)

A pretense is an action or a way of behaving that is not sincere or true. People use a pretense to hide their real feelings, intentions, or the truth about a situation. It's like putting on a false show or making up an excuse that isn't honest.

For example, if you say you are busy to avoid doing something you don't want to do, that is a pretense.

⸻

## Nuance
*   **Implies dishonesty:** ""Pretense"" often suggests that someone is being insincere, misleading, or trying to trick others.
*   **Hidden motives:** It's used when someone has a hidden reason for their actions, which is different from what they show.
*   **Can be mild or serious:** A pretense can be a small, everyday excuse or a more significant attempt to cover up something important.
*   **Standard English:** It's a common word, neither very formal nor informal, but it often carries a critical tone about the person's behavior.

⸻

## Example sentences
*   He made a **pretense** of being ill to avoid going to work, but we knew he just wanted to relax.
*   Under the **pretense** of helping us, she actually tried to get information for herself.
*   Her cheerful **pretense** didn't fool anyone; we could all see she was upset inside.

⸻

## Synonyms (with short notes about the differences)
*   **Facade** — An outward appearance that hides a different, often less pleasant, reality. (Focuses more on *what is shown* rather than the *act* of showing it.)
    *   *Example:* He maintained a **facade** of confidence, but inside he was very nervous.
*   **Excuse** — A reason given for an action or to avoid blame. An excuse can be true or false, but a pretense is *always* false and meant to mislead.
    *   *Example:* His **excuse** for being late was that his car broke down. (Could be true or false).
*   **Act / Show** — A performance or behavior that is not genuine, often to impress or mislead. ""Pretense"" often suggests a more deliberate and sustained ""act"" or ""show"" specifically to deceive.
    *   *Example:* His anger was just an **act** to get attention.
*   **Deception** — The act of misleading or tricking someone. ""Pretense"" is a *method* or *form* of deception.
    *   *Example:* The company used **deception** to hide its financial problems."
5706,administrator,"# administrator

## Meaning (easy English)

An **administrator** is a person whose job is to manage and organize the daily operations of an office, school, hospital, or other organization. They make sure that systems run smoothly, rules are followed, and resources are used effectively.

They often handle tasks like scheduling, paperwork, managing budgets, or overseeing a team to keep things working well.

⸻

## Nuance
*   **Sounds professional and responsible.** An administrator is essential for an organization to function efficiently, often working behind the scenes.
*   **Used in many different fields** like business, education, government, healthcare, and information technology (IT).
*   The role can involve making decisions, managing resources, or overseeing processes.
*   It's a **neutral to formal word**, commonly used as a job title.

If you hear ""administrator,"" you can imagine someone who keeps things organized and ensures that an office or system runs without problems.

⸻

## Example sentences
*   The university **administrator** is responsible for managing student records and enrollment.
*   Our IT **administrator** helped me fix my computer network problem quickly this morning.
*   As an office **administrator**, she manages all the supplies, schedules meetings, and supports the whole team.

⸻

## Synonyms (with short notes about the differences)
*   **Manager** — A broader term, often involves leading people, setting goals, and making decisions. An administrator focuses more on maintaining systems and smooth operations.
*   **Coordinator** — Often focuses on organizing a specific project, event, or task, bringing different parts together. An administrator usually has a wider scope of ongoing daily tasks.
*   **Director** — A more senior role, usually responsible for a whole department or a larger part of an organization, often making strategic, long-term decisions.
*   **Assistant** — A lower-level role, often supporting an administrator or manager with specific tasks, paperwork, and scheduling."
