word_id,word,source
1,I,svl
2,have,svl
3,enough,svl
4,money,svl
5,to,svl
6,the,svl
7,book,svl
8,my,svl
9,uncle,svl
10,has,svl
11,farm,svl
12,in,svl
13,you,svl
14,must,svl
15,be,svl
16,hungry,svl
17,by,svl
18,now,svl
19,am,svl
20,father,svl
21,of,svl
22,children,svl
23,they,svl
24,are,svl
25,very,svl
26,busy,svl
27,these,svl
28,day,svl
29,bank,svl
30,is,svl
31,just,svl
32,around,svl
33,corner,svl
34,was,svl
35,sure,svl
36,that,svl
37,world,svl
38,round,svl
39,several,svl
40,were,svl
41,afraid,svl
42,doctor,svl
43,Mr.,svl
44,been,svl
45,popular,svl
46,among,svl
47,student,svl
48,for,svl
49,year,svl
50,he,svl
51,become,svl
52,ill,svl
53,during,svl
54,his,svl
55,trip,svl
56,death,svl
57,change,svl
58,him,svl
59,into,svl
60,a,svl
61,strong,svl
62,person,svl
63,grandfather,svl
64,die,svl
65,last,svl
66,gas,svl
67,price,svl
68,suddenly,svl
69,drop,svl
70,week,svl
71,boy,svl
72,almost,svl
73,fall,svl
74,off,svl
75,bicycle,svl
76,never,svl
77,grow,svl
78,old,svl
79,bad,svl
80,thing,svl
81,can,svl
82,happen,svl
83,even,svl
84,good,svl
85,people,svl
86,keep,svl
87,quiet,svl
88,at,svl
89,library,svl
90,man,svl
91,not,svl
92,live,svl
93,without,svl
94,lose,svl
95,blue,svl
96,glove,svl
97,party,svl
98,we,svl
99,need,svl
100,some,svl
101,more,svl
102,green,svl
103,vegetable,svl
104,salad,svl
105,smoke,svl
106,rise,svl
107,from,svl
108,wood,svl
109,dog,svl
110,seem,svl
111,happy,svl
112,with,svl
113,new,svl
114,master,svl
115,outside,svl
116,tent,svl
117,star,svl
118,shine,svl
119,clear,svl
120,sky,svl
121,should,svl
122,sit,svl
123,back,svl
124,seat,svl
125,car,svl
126,sleep,svl
127,well,svl
128,when,svl
129,really,svl
130,tired,svl
131,policeman,svl
132,stand,svl
133,along,svl
134,road,svl
135,hotel,svl
136,stay,svl
137,home,svl
138,this,svl
139,weekend,svl
140,train,svl
141,stop,svl
142,girl,svl
143,turn,svl
144,me,svl
145,sad,svl
146,face,svl
147,want,svl
148,guitar,svl
149,birthday,svl
150,wear,svl
151,singer,svl
152,answer,svl
153,question,svl
154,about,svl
155,her,svl
156,ask,svl
157,if,svl
158,your,svl
159,phone,svl
160,number,svl
161,still,svl
162,call,svl
163,best,svl
164,friend,svl
165,fight,svl
166,over,svl
167,woman,svl
168,guide,svl
169,us,svl
170,museum,svl
171,help,svl
172,something,svl
173,word,svl
174,sometimes,svl
175,hurt,svl
176,other,svl
177,feeling,svl
178,invite,svl
179,classmate,svl
180,our,svl
181,house,svl
182,join,svl
183,basketball,svl
184,team,svl
185,college,svl
186,kiss,svl
187,mother,svl
188,night,svl
189,meet,svl
190,wife,svl
191,before,svl
192,and,svl
193,she,svl
194,friendly,svl
195,order,svl
196,company,svl
197,present,svl
198,its,svl
199,business,svl
200,plan,svl
201,next,svl
202,promise,svl
203,bottle,svl
204,wine,svl
205,tonight,svl
206,how,svl
207,could,svl
208,say,svl
209,such,svl
210,would,svl
211,show,svl
212,way,svl
213,post,svl
214,office,svl
215,smile,svl
216,neighbor,svl
217,baby,svl
218,anybody,svl
219,speak,svl
220,news,svl
221,surprise,svl
222,talk,svl
223,age,svl
224,front,svl
225,teach,svl
226,beautiful,svl
227,song,svl
228,tell,svl
229,secret,svl
230,thank,svl
231,great,svl
232,dinner,svl
233,child,svl
234,touch,svl
235,soft,svl
236,white,svl
237,snow,svl
238,on,svl
239,ground,svl
240,visit,svl
241,sick,svl
242,aunt,svl
243,hospital,svl
244,wave,svl
245,goodbye,svl
246,through,svl
247,window,svl
248,police,svl
249,arrive,svl
250,scene,svl
251,quickly,svl
252,kid,svl
253,blow,svl
254,nose,svl
255,many,svl
256,time,svl
257,carry,svl
258,all,svl
259,those,svl
260,box,svl
261,catch,svl
262,fish,svl
263,hand,svl
264,climb,svl
265,up,svl
266,top,svl
267,tree,svl
268,close,svl
269,door,svl
270,hot,svl
271,come,svl
272,here,svl
273,subway,svl
274,or,svl
275,taxi,svl
276,cry,svl
277,alone,svl
278,middle,svl
279,park,svl
280,dance,svl
281,music,svl
282,radio,svl
283,usually,svl
284,drink,svl
285,coffee,svl
286,morning,svl
287,perhaps,svl
288,daddy,svl
289,will,svl
290,drive,svl
291,station,svl
292,eat,svl
293,chocolate,svl
294,cake,svl
295,after,svl
296,yesterday,svl
297,someone,svl
298,enter,svl
299,kitchen,svl
300,airplane,svl
301,fly,svl
302,above,svl
303,cloud,svl
304,go,svl
305,movie,svl
306,together,svl
307,once,svl
308,month,svl
309,hit,svl
310,season,svl
311,sister,svl
312,hold,svl
313,doll,svl
314,photograph,svl
315,jump,svl
316,out,svl
317,chair,svl
318,sound,svl
319,bell,svl
320,behind,svl
321,kick,svl
322,laugh,svl
323,pink,svl
324,suit,svl
325,move,svl
326,table,svl
327,open,svl
328,textbook,svl
329,page,svl
330,play,svl
331,tennis,svl
332,today,svl
333,pull,svl
334,hair,svl
335,kind,svl
336,young,svl
337,push,svl
338,reach,svl
339,toy,svl
340,ride,svl
341,bike,svl
342,rainy,svl
343,ring,svl
344,till,svl
345,noon,svl
346,run,svl
347,fast,svl
348,than,svl
349,else,svl
350,school,svl
351,shake,svl
352,head,svl
353,silent,svl
354,shut,svl
355,down,svl
356,factory,svl
357,often,svl
358,sing,svl
359,bath,svl
360,most,svl
361,ski,svl
362,mountain,svl
363,near,svl
364,village,svl
365,brother,svl
366,swim,svl
367,side,svl
368,pool,svl
369,take,svl
370,fruit,svl
371,basket,svl
372,monkey,svl
373,throw,svl
374,little,svl
375,stone,svl
376,wake,svl
377,until,svl
378,late,svl
379,afternoon,svl
380,walk,svl
381,every,svl
382,write,svl
383,letter,svl
384,café,svl
385,why,svl
386,always,svl
387,act,svl
388,funny,svl
389,attack,svl
390,city,svl
391,air,svl
392,grandmother,svl
393,bake,svl
394,delicious,svl
395,cookie,svl
396,parent,svl
397,begin,svl
398,ago,svl
399,break,svl
400,left,svl
401,leg,svl
402,soccer,svl
403,game,svl
404,bring,svl
405,sandwich,svl
406,picnic,svl
407,build,svl
408,bridge,svl
409,across,svl
410,river,svl
411,buy,svl
412,cheap,svl
413,camera,svl
414,choose,svl
415,restaurant,svl
416,husband,svl
417,cook,svl
418,much,svl
419,better,svl
420,count,svl
421,cover,svl
422,skin,svl
423,sun,svl
424,cut,svl
425,an,svl
426,orange,svl
427,half,svl
428,knife,svl
429,did,svl
430,job,svl
431,captain,svl
432,do,svl
433,proud,svl
434,does,svl
435,everything,svl
436,slowly,svl
437,draw,svl
438,picture,svl
439,flower,svl
440,pencil,svl
441,dress,svl
442,dark,svl
443,color,svl
444,excuse,svl
445,so,svl
446,horse,svl
447,finish,svl
448,race,svl
449,place,svl
450,get,svl
451,ticket,svl
452,ice,svl
453,please,svl
454,give,svl
455,another,svl
456,chance,svl
457,hurry,svl
458,too,svl
459,large,svl
460,fire,svl
461,kill,svl
462,wild,svl
463,animal,svl
464,forest,svl
465,leave,svl
466,early,svl
467,tomorrow,svl
468,let,svl
469,ready,svl
470,shopping,svl
471,make,svl
472,wonderful,svl
473,tea,svl
474,guest,svl
475,king,svl
476,queen,svl
477,marry,svl
478,miss,svl
479,part,svl
480,because,svl
481,pass,svl
482,salt,svl
483,pay,svl
484,dollar,svl
485,umbrella,svl
486,pick,svl
487,simple,svl
488,silver,svl
489,practice,svl
490,violin,svl
491,hour,svl
492,put,svl
493,heavy,svl
494,bag,svl
495,bench,svl
496,receive,svl
497,any,svl
498,mail,svl
499,return,svl
500,store,svl
501,group,svl
502,may,svl
503,save,svl
504,poor,svl
505,country,svl
506,sell,svl
507,only,svl
508,natural,svl
509,healthy,svl
510,food,svl
511,send,svl
512,Christmas,svl
513,card,svl
514,set,svl
515,date,svl
516,meeting,svl
517,spend,svl
518,usual,svl
519,start,svl
520,cold,svl
521,tomato,svl
522,soup,svl
523,study,svl
524,test,svl
525,hard,svl
526,tie,svl
527,big,svl
528,beside,svl
529,travel,svl
530,bus,svl
531,holiday,svl
532,ever,svl
533,try,svl
534,winter,svl
535,sport,svl
536,use,svl
537,bathroom,svl
538,wait,svl
539,magazine,svl
540,wash,svl
541,dirty,svl
542,work,svl
543,supermarket,svl
544,believe,svl
545,thick,svl
546,decide,svl
547,which,svl
548,video,svl
549,discover,svl
550,name,svl
551,enjoy,svl
552,clever,svl
553,joke,svl
554,feel,svl
555,sorry,svl
556,who,svl
557,rain,svl
558,driver,svl
559,find,svl
560,dead,svl
561,body,svl
562,tunnel,svl
563,forget,svl
564,trouble,svl
565,vacation,svl
566,hear,svl
567,strange,svl
568,noise,svl
569,street,svl
570,hope,svl
571,again,svl
572,soon,svl
573,know,svl
574,against,svl
575,idea,svl
576,learn,svl
577,important,svl
578,lesson,svl
579,story,svl
580,like,svl
581,baker,svl
582,sweet,svl
583,listen,svl
584,teacher,svl
585,homework,svl
586,look,svl
587,quarter,svl
588,past,svl
589,though,svl
590,fat,svl
591,love,svl
592,cat,svl
593,what,svl
594,mean,svl
595,read,svl
596,newspaper,svl
597,honest,svl
598,remember,svl
599,see,svl
600,fool,svl
601,smell,svl
602,rose,svl
603,gone,svl
604,taste,svl
605,anything,svl
606,think,svl
607,interested,svl
608,understand,svl
609,angry,svl
610,watch,svl
611,television,svl
612,while,svl
613,worry,svl
614,but,svl
615,careful,svl
616,apple,svl
617,banana,svl
618,beef,svl
619,bread,svl
620,breakfast,svl
621,butter,svl
622,candy,svl
623,cheese,svl
624,egg,svl
625,honey,svl
626,jam,svl
627,juice,svl
628,lunch,svl
629,meal,svl
630,meat,svl
631,milk,svl
632,pork,svl
633,potato,svl
634,rice,svl
635,soda,svl
636,sugar,svl
637,spring,svl
638,summer,svl
639,autumn,svl
640,midnight,svl
641,evening,svl
642,Sunday,svl
643,Monday,svl
644,Tuesday,svl
645,Wednesday,svl
646,Thursday,svl
647,Friday,svl
648,Saturday,svl
649,January,svl
650,February,svl
651,March,svl
652,April,svl
653,May,svl
654,June,svl
655,July,svl
656,August,svl
657,September,svl
658,October,svl
659,November,svl
660,December,svl
661,eye,svl
662,ear,svl
663,lip,svl
664,mouth,svl
665,tongue,svl
666,tooth,svl
667,neck,svl
668,shoulder,svl
669,arm,svl
670,finger,svl
671,nail,svl
672,heart,svl
673,mind,svl
674,foot,svl
675,knee,svl
676,toe,svl
677,bird,svl
678,chicken,svl
679,cow,svl
680,elephant,svl
681,fox,svl
682,frog,svl
683,lion,svl
684,mouse,svl
685,pet,svl
686,pig,svl
687,rabbit,svl
688,sheep,svl
689,snake,svl
690,tiger,svl
691,earth,svl
692,space,svl
693,moon,svl
694,island,svl
695,sea,svl
696,lake,svl
697,land,svl
698,field,svl
699,hill,svl
700,water,svl
701,leaf,svl
702,grass,svl
703,plant,svl
704,sand,svl
705,rock,svl
706,gold,svl
707,oil,svl
708,hole,svl
709,light,svl
710,wind,svl
711,north,svl
712,south,svl
713,east,svl
714,west,svl
715,family,svl
716,dad,svl
717,son,svl
718,daughter,svl
719,gentleman,svl
720,lady,svl
721,men,svl
722,Miss,svl
723,Mrs.,svl
724,Ms.,svl
725,artist,svl
726,farmer,svl
727,musician,svl
728,nurse,svl
729,pilot,svl
730,speaker,svl
731,visitor,svl
732,member,svl
733,smoker,svl
734,chief,svl
735,cap,svl
736,hat,svl
737,clothes,svl
738,shirt,svl
739,coat,svl
740,pants,svl
741,pocket,svl
742,shoe,svl
743,boot,svl
744,album,svl
745,bed,svl
746,bedroom,svl
747,calendar,svl
748,case,svl
749,clock,svl
750,cup,svl
751,desk,svl
752,diary,svl
753,dish,svl
754,film,svl
755,floor,svl
756,fork,svl
757,garden,svl
758,glass,svl
759,gun,svl
760,key,svl
761,list,svl
762,machine,svl
763,map,svl
764,mirror,svl
765,paint,svl
766,paper,svl
767,pen,svl
768,piano,svl
769,pipe,svl
770,pot,svl
771,robot,svl
772,roof,svl
773,room,svl
774,rope,svl
775,shower,svl
776,soap,svl
777,spoon,svl
778,stamp,svl
779,step,svl
780,switch,svl
781,tape,svl
782,telephone,svl
783,toilet,svl
784,towel,svl
785,videotape,svl
786,wall,svl
787,boat,svl
788,plane,svl
789,rocket,svl
790,ship,svl
791,airport,svl
792,apartment,svl
793,building,svl
794,camp,svl
795,church,svl
796,shop,svl
797,tower,svl
798,town,svl
799,zoo,svl
800,baseball,svl
801,football,svl
802,golf,svl
803,skiing,svl
804,ball,svl
805,bat,svl
806,goal,svl
807,art,svl
808,history,svl
809,science,svl
810,blackboard,svl
811,chalk,svl
812,class,svl
813,classroom,svl
814,club,svl
815,dictionary,svl
816,note,svl
817,notebook,svl
818,beginning,svl
819,center,svl
820,end,svl
821,fact,svl
822,fun,svl
823,future,svl
824,God,svl
825,happiness,svl
826,inside,svl
827,interest,svl
828,joy,svl
829,language,svl
830,level,svl
831,life,svl
832,matter,svl
833,memory,svl
834,mistake,svl
835,power,svl
836,rule,svl
837,speed,svl
838,type,svl
839,war,svl
840,one,svl
841,two,svl
842,three,svl
843,four,svl
844,five,svl
845,six,svl
846,seven,svl
847,eight,svl
848,nine,svl
849,ten,svl
850,eleven,svl
851,twelve,svl
852,thirteen,svl
853,fourteen,svl
854,fifteen,svl
855,sixteen,svl
856,seventeen,svl
857,eighteen,svl
858,nineteen,svl
859,twenty,svl
860,thirty,svl
861,forty,svl
862,fifty,svl
863,sixty,svl
864,seventy,svl
865,eighty,svl
866,ninety,svl
867,hundred,svl
868,thousand,svl
869,circle,svl
870,point,svl
871,line,svl
872,square,svl
873,meter,svl
874,mile,svl
875,yard,svl
876,pound,svl
877,minute,svl
878,percent,svl
879,shape,svl
880,size,svl
881,department,svl
882,dream,svl
883,hobby,svl
884,market,svl
885,pair,svl
886,piece,svl
887,sale,svl
888,sign,svl
889,smoking,svl
890,voice,svl
891,welcome,svl
892,black,svl
893,brown,svl
894,golden,svl
895,gray,svl
896,red,svl
897,yellow,svl
898,deep,svl
899,tall,svl
900,long,svl
901,short,svl
902,high,svl
903,low,svl
904,narrow,svl
905,wide,svl
906,small,svl
907,sharp,svl
908,flat,svl
909,straight,svl
910,thin,svl
911,cloudy,svl
912,cool,svl
913,warm,svl
914,dry,svl
915,wet,svl
916,first,svl
917,second,svl
918,third,svl
919,few,svl
920,able,svl
921,born,svl
922,both,svl
923,certain,svl
924,clean,svl
925,dangerous,svl
926,dear,svl
927,different,svl
928,difficult,svl
929,each,svl
930,easy,svl
931,either,svl
932,famous,svl
933,fine,svl
934,free,svl
935,fresh,svl
936,full,svl
937,glad,svl
938,interesting,svl
939,junior,svl
940,lucky,svl
941,necessary,svl
942,nice,svl
943,OK,svl
944,pretty,svl
945,quick,svl
946,real,svl
947,rich,svl
948,right,svl
949,safe,svl
950,same,svl
951,sleepy,svl
952,slow,svl
953,special,svl
954,true,svl
955,useful,svl
956,weak,svl
957,wise,svl
958,worst,svl
959,wrong,svl
960,already,svl
961,also,svl
962,away,svl
963,everywhere,svl
964,far,svl
965,later,svl
966,no,svl
967,o'clock,svl
968,then,svl
969,there,svl
970,yes,svl
971,anyone,svl
972,everybody,svl
973,everyone,svl
974,hers,svl
975,it,svl
976,mine,svl
977,nobody,svl
978,none,svl
979,nothing,svl
980,ours,svl
981,somebody,svl
982,their,svl
983,theirs,svl
984,them,svl
985,yours,svl
986,as,svl
987,below,svl
988,between,svl
989,since,svl
990,toward,svl
991,under,svl
992,upon,svl
993,where,svl
994,whom,svl
995,whose,svl
996,shall,svl
997,bye,svl
998,hello,svl
999,hi,svl
1000,oh,svl
1001,actor,svl
1002,appear,svl
1003,drama,svl
1004,attend,svl
1005,wedding,svl
1006,castle,svl
1007,belong,svl
1008,giant,svl
1009,chain,svl
1010,tire,svl
1011,burst,svl
1012,spare,svl
1013,contain,svl
1014,lot,svl
1015,violent,svl
1016,cost,svl
1017,discussion,svl
1018,product,svl
1019,continue,svl
1020,dare,svl
1021,secretary,svl
1022,married,svl
1023,weight,svl
1024,limit,svl
1025,depend,svl
1026,airline,svl
1027,drug,svl
1028,maker,svl
1029,develop,svl
1030,stomach,svl
1031,medicine,svl
1032,immediate,svl
1033,effect,svl
1034,disappear,svl
1035,bill,svl
1036,cousin,svl
1037,drown,svl
1038,beach,svl
1039,ghost,svl
1040,actually,svl
1041,exist,svl
1042,fail,svl
1043,education,svl
1044,leather,svl
1045,jacket,svl
1046,fit,svl
1047,swan,svl
1048,float,svl
1049,flow,svl
1050,ocean,svl
1051,pond,svl
1052,freeze,svl
1053,gain,svl
1054,practical,svl
1055,vocabulary,svl
1056,conversation,svl
1057,hang,svl
1058,somewhere,svl
1059,president,svl
1060,surely,svl
1061,improve,svl
1062,image,svl
1063,include,svl
1064,tax,svl
1065,lack,svl
1066,basic,svl
1067,knowledge,svl
1068,brilliant,svl
1069,fashion,svl
1070,designer,svl
1071,match,svl
1072,melt,svl
1073,pan,svl
1074,sauce,svl
1075,owe,svl
1076,hamburger,svl
1077,recover,svl
1078,shock,svl
1079,terrible,svl
1080,murder,svl
1081,teenager,svl
1082,remain,svl
1083,serious,svl
1084,problem,svl
1085,society,svl
1086,sink,svl
1087,deeply,svl
1088,succeed,svl
1089,regular,svl
1090,exercise,svl
1091,weigh,svl
1092,twice,svl
1093,twin,svl
1094,champion,svl
1095,finally,svl
1096,win,svl
1097,battle,svl
1098,accept,svl
1099,crazy,svl
1100,reason,svl
1101,advise,svl
1102,polite,svl
1103,impression,svl
1104,customer,svl
1105,reasonable,svl
1106,agree,svl
1107,truck,svl
1108,allow,svl
1109,patient,svl
1110,pizza,svl
1111,yet,svl
1112,computer,svl
1113,announce,svl
1114,model,svl
1115,elder,svl
1116,assist,svl
1117,cooking,svl
1118,blame,svl
1119,drinking,svl
1120,habit,svl
1121,bow,svl
1122,audience,svl
1123,stage,svl
1124,jazz,svl
1125,festival,svl
1126,broadcast,svl
1127,worker,svl
1128,claim,svl
1129,labor,svl
1130,condition,svl
1131,comfort,svl
1132,local,svl
1133,flood,svl
1134,complain,svl
1135,noisy,svl
1136,demand,svl
1137,official,svl
1138,account,svl
1139,deny,svl
1140,handsome,svl
1141,intelligent,svl
1142,describe,svl
1143,own,svl
1144,experience,svl
1145,teenage,svl
1146,direct,svl
1147,tourist,svl
1148,discuss,svl
1149,personal,svl
1150,stuff,svl
1151,educate,svl
1152,public,svl
1153,disease,svl
1154,however,svl
1155,explain,svl
1156,professor,svl
1157,express,svl
1158,anger,svl
1159,rough,svl
1160,forgive,svl
1161,stupid,svl
1162,inform,svl
1163,immediately,svl
1164,introduce,svl
1165,herself,svl
1166,writer,svl
1167,ought,svl
1168,knock,svl
1169,clearly,svl
1170,lie,svl
1171,height,svl
1172,mention,svl
1173,lawyer,svl
1174,familiar,svl
1175,nod,svl
1176,whether,svl
1177,willing,svl
1178,railroad,svl
1179,permit,svl
1180,passenger,svl
1181,propose,svl
1182,further,svl
1183,rest,svl
1184,helpful,svl
1185,reply,svl
1186,invitation,svl
1187,fax,svl
1188,request,svl
1189,steam,svl
1190,iron,svl
1191,shout,svl
1192,waiter,svl
1193,loud,svl
1194,result,svl
1195,suggest,svl
1196,might,svl
1197,medical,svl
1198,steel,svl
1199,industry,svl
1200,support,svl
1201,trade,svl
1202,policy,svl
1203,coast,svl
1204,warn,svl
1205,fisherman,svl
1206,possibility,svl
1207,approach,svl
1208,carefully,svl
1209,awake,svl
1210,awful,svl
1211,sweat,svl
1212,beat,svl
1213,stereo,svl
1214,throat,svl
1215,unable,svl
1216,breathe,svl
1217,moment,svl
1218,owner,svl
1219,brush,svl
1220,dust,svl
1221,valuable,svl
1222,plate,svl
1223,cast,svl
1224,fishing,svl
1225,net,svl
1226,crash,svl
1227,bush,svl
1228,cross,svl
1229,grandpa,svl
1230,dig,svl
1231,grandma,svl
1232,drill,svl
1233,board,svl
1234,adult,svl
1235,follow,svl
1236,quite,svl
1237,lay,svl
1238,aside,svl
1239,cab,svl
1240,lift,svl
1241,suitcase,svl
1242,difficulty,svl
1243,grandson,svl
1244,march,svl
1245,parade,svl
1246,pour,svl
1247,beer,svl
1248,directly,svl
1249,press,svl
1250,button,svl
1251,message,svl
1252,raise,svl
1253,planet,svl
1254,repeat,svl
1255,empty,svl
1256,roll,svl
1257,rush,svl
1258,gift,svl
1259,scream,svl
1260,pain,svl
1261,thumb,svl
1262,shoot,svl
1263,warning,svl
1264,excellent,svl
1265,skate,svl
1266,slide,svl
1267,slip,svl
1268,platform,svl
1269,attention,svl
1270,spread,svl
1271,sofa,svl
1272,stretch,svl
1273,trumpet,svl
1274,carpenter,svl
1275,strike,svl
1276,hammer,svl
1277,player,svl
1278,swing,svl
1279,racket,svl
1280,waitress,svl
1281,wipe,svl
1282,amount,svl
1283,add,svl
1284,lemon,svl
1285,instead,svl
1286,apply,svl
1287,dentist,svl
1288,arrange,svl
1289,beautifully,svl
1290,behave,svl
1291,badly,svl
1292,drunk,svl
1293,bend,svl
1294,wire,svl
1295,easily,svl
1296,boil,svl
1297,bean,svl
1298,borrow,svl
1299,pearl,svl
1300,necklace,svl
1301,opera,svl
1302,burn,svl
1303,girlfriend,svl
1304,charge,svl
1305,worth,svl
1306,check,svl
1307,topic,svl
1308,fan,svl
1309,cheer,svl
1310,national,svl
1311,hero,svl
1312,collect,svl
1313,coin,svl
1314,collection,svl
1315,compare,svl
1316,sweater,svl
1317,purple,svl
1318,complete,svl
1319,course,svl
1320,mood,svl
1321,control,svl
1322,copy,svl
1323,sentence,svl
1324,writing,svl
1325,imagination,svl
1326,create,svl
1327,monster,svl
1328,deal,svl
1329,used,svl
1330,except,svl
1331,comic,svl
1332,trick,svl
1333,court,svl
1334,defend,svl
1335,position,svl
1336,deliver,svl
1337,exactly,svl
1338,design,svl
1339,wooden,svl
1340,furniture,svl
1341,storm,svl
1342,completely,svl
1343,destroy,svl
1344,divide,svl
1345,profit,svl
1346,earn,svl
1347,cash,svl
1348,tip,svl
1349,prisoner,svl
1350,escape,svl
1351,state,svl
1352,prison,svl
1353,examine,svl
1354,brain,svl
1355,feed,svl
1356,fill,svl
1357,upstairs,svl
1358,fix,svl
1359,engine,svl
1360,pie,svl
1361,oven,svl
1362,gather,svl
1363,guard,svl
1364,main,svl
1365,gate,svl
1366,university,svl
1367,hide,svl
1368,curtain,svl
1369,quietly,svl
1370,hire,svl
1371,clerk,svl
1372,least,svl
1373,hunt,svl
1374,bear,svl
1375,companion,svl
1376,lead,svl
1377,exit,svl
1378,lend,svl
1379,lock,svl
1380,partly,svl
1381,responsible,svl
1382,damage,svl
1383,traffic,svl
1384,manage,svl
1385,measure,svl
1386,distance,svl
1387,garage,svl
1388,mix,svl
1389,bowl,svl
1390,quiz,svl
1391,program,svl
1392,offer,svl
1393,grand,svl
1394,prize,svl
1395,impossible,svl
1396,pack,svl
1397,perform,svl
1398,couple,svl
1399,concert,svl
1400,band,svl
1401,happily,svl
1402,polish,svl
1403,adventure,svl
1404,highly,svl
1405,praise,svl
1406,reader,svl
1407,abroad,svl
1408,pray,svl
1409,safety,svl
1410,anxious,svl
1411,speech,svl
1412,prepare,svl
1413,prevent,svl
1414,asleep,svl
1415,method,svl
1416,print,svl
1417,nearly,svl
1418,automobile,svl
1419,produce,svl
1420,duty,svl
1421,protect,svl
1422,private,svl
1423,information,svl
1424,prove,svl
1425,diamond,svl
1426,scientific,svl
1427,manner,svl
1428,provide,svl
1429,proper,svl
1430,protection,svl
1431,favorite,svl
1432,publish,svl
1433,schoolboy,svl
1434,probably,svl
1435,punish,svl
1436,remove,svl
1437,mud,svl
1438,tool,svl
1439,repair,svl
1440,report,svl
1441,opinion,svl
1442,defense,svl
1443,reserve,svl
1444,agency,svl
1445,sail,svl
1446,sight,svl
1447,route,svl
1448,separate,svl
1449,jean,svl
1450,serve,svl
1451,priest,svl
1452,tiny,svl
1453,share,svl
1454,eraser,svl
1455,correct,svl
1456,spelling,svl
1457,spell,svl
1458,proof,svl
1459,steal,svl
1460,poet,svl
1461,struggle,svl
1462,illness,svl
1463,certainly,svl
1464,vote,svl
1465,nephew,svl
1466,former,svl
1467,waste,svl
1468,energy,svl
1469,admire,svl
1470,actress,svl
1471,beauty,svl
1472,character,svl
1473,dislike,svl
1474,onion,svl
1475,unless,svl
1476,doubt,svl
1477,truth,svl
1478,expect,svl
1479,mild,svl
1480,weather,svl
1481,guess,svl
1482,surprised,svl
1483,actual,svl
1484,boss,svl
1485,hate,svl
1486,mad,svl
1487,hardly,svl
1488,imagine,svl
1489,unhappy,svl
1490,intend,svl
1491,downtown,svl
1492,notice,svl
1493,haircut,svl
1494,recently,svl
1495,prefer,svl
1496,stair,svl
1497,rather,svl
1498,elevator,svl
1499,realize,svl
1500,silence,svl
1501,nervous,svl
1502,regard,svl
1503,servant,svl
1504,fair,svl
1505,respect,svl
1506,opposite,svl
1507,solve,svl
1508,mystery,svl
1509,suffer,svl
1510,painful,svl
1511,accident,svl
1512,wish,svl
1513,luck,svl
1514,final,svl
1515,examination,svl
1516,wonder,svl
1517,plain,svl
1518,painting,svl
1519,expensive,svl
1520,colorful,svl
1521,almond,svl
1522,bacon,svl
1523,cherry,svl
1524,cocoa,svl
1525,corn,svl
1526,cream,svl
1527,grape,svl
1528,grapefruit,svl
1529,ham,svl
1530,melon,svl
1531,menu,svl
1532,nut,svl
1533,pea,svl
1534,peach,svl
1535,peanut,svl
1536,pepper,svl
1537,pineapple,svl
1538,spaghetti,svl
1539,steak,svl
1540,strawberry,svl
1541,sundae,svl
1542,supper,svl
1543,cigar,svl
1544,cigarette,svl
1545,tobacco,svl
1546,whiskey,svl
1547,blanket,svl
1548,brake,svl
1549,brick,svl
1550,cable,svl
1551,cage,svl
1552,candle,svl
1553,ceiling,svl
1554,cleaning,svl
1555,cloth,svl
1556,dial,svl
1557,disk,svl
1558,electricity,svl
1559,entrance,svl
1560,envelope,svl
1561,fare,svl
1562,fence,svl
1563,fuel,svl
1564,hairbrush,svl
1565,hall,svl
1566,handkerchief,svl
1567,handle,svl
1568,hook,svl
1569,ink,svl
1570,lamp,svl
1571,locker,svl
1572,needle,svl
1573,package,svl
1574,passport,svl
1575,pillow,svl
1576,pin,svl
1577,pole,svl
1578,powder,svl
1579,purse,svl
1580,ribbon,svl
1581,salary,svl
1582,shampoo,svl
1583,sheet,svl
1584,silk,svl
1585,toothbrush,svl
1586,toothpaste,svl
1587,tube,svl
1588,wheel,svl
1589,apron,svl
1590,belt,svl
1591,earring,svl
1592,pajamas,svl
1593,skirt,svl
1594,sock,svl
1595,underwear,svl
1596,beard,svl
1597,blood,svl
1598,bone,svl
1599,breath,svl
1600,cheek,svl
1601,chest,svl
1602,elbow,svl
1603,headache,svl
1604,health,svl
1605,tear,svl
1606,tummy,svl
1607,ant,svl
1608,bee,svl
1609,butterfly,svl
1610,gorilla,svl
1611,insect,svl
1612,mosquito,svl
1613,panda,svl
1614,rat,svl
1615,shrimp,svl
1616,spider,svl
1617,swallow,svl
1618,turkey,svl
1619,wolf,svl
1620,bay,svl
1621,branch,svl
1622,coal,svl
1623,cotton,svl
1624,desert,svl
1625,jungle,svl
1626,nature,svl
1627,nest,svl
1628,rainbow,svl
1629,root,svl
1630,shade,svl
1631,shadow,svl
1632,stick,svl
1633,straw,svl
1634,stream,svl
1635,sunlight,svl
1636,sunset,svl
1637,sunshine,svl
1638,tulip,svl
1639,valley,svl
1640,violet,svl
1641,wing,svl
1642,wool,svl
1643,area,svl
1644,bookshop,svl
1645,bookstore,svl
1646,campus,svl
1647,capital,svl
1648,cinema,svl
1649,clinic,svl
1650,district,svl
1651,gym,svl
1652,harbor,svl
1653,palace,svl
1654,passage,svl
1655,path,svl
1656,port,svl
1657,railway,svl
1658,shore,svl
1659,spot,svl
1660,temple,svl
1661,theater,svl
1662,track,svl
1663,mama,svl
1664,papa,svl
1665,granddaughter,svl
1666,niece,svl
1667,agent,svl
1668,businessman,svl
1669,cowboy,svl
1670,crew,svl
1671,dancer,svl
1672,engineer,svl
1673,judge,svl
1674,manager,svl
1675,officer,svl
1676,painter,svl
1677,photographer,svl
1678,reporter,svl
1679,runner,svl
1680,sailor,svl
1681,scientist,svl
1682,seller,svl
1683,soldier,svl
1684,boyfriend,svl
1685,citizen,svl
1686,fellow,svl
1687,foreigner,svl
1688,host,svl
1689,leader,svl
1690,mankind,svl
1691,mate,svl
1692,prince,svl
1693,princess,svl
1694,pupil,svl
1695,ruler,svl
1696,schoolgirl,svl
1697,stranger,svl
1698,thief,svl
1699,walker,svl
1700,sir,svl
1701,kilo,svl
1702,kilogram,svl
1703,ton,svl
1704,millimeter,svl
1705,centimeter,svl
1706,kilometer,svl
1707,inch,svl
1708,cent,svl
1709,degree,svl
1710,dozen,svl
1711,zero,svl
1712,million,svl
1713,century,svl
1714,period,svl
1715,chapter,svl
1716,bit,svl
1717,plenty,svl
1718,length,svl
1719,depth,svl
1720,strength,svl
1721,activity,svl
1722,address,svl
1723,army,svl
1724,decision,svl
1725,discount,svl
1726,enemy,svl
1727,force,svl
1728,movement,svl
1729,nation,svl
1730,navy,svl
1731,rate,svl
1732,standard,svl
1733,value,svl
1734,wealth,svl
1735,ability,svl
1736,accent,svl
1737,action,svl
1738,advice,svl
1739,aim,svl
1740,alphabet,svl
1741,angel,svl
1742,appearance,svl
1743,arrangement,svl
1744,arrival,svl
1745,balance,svl
1746,balloon,svl
1747,bar,svl
1748,base,svl
1749,birth,svl
1750,block,svl
1751,bottom,svl
1752,care,svl
1753,cause,svl
1754,choice,svl
1755,content,svl
1756,courage,svl
1757,creation,svl
1758,crowd,svl
1759,crown,svl
1760,culture,svl
1761,curve,svl
1762,custom,svl
1763,cycle,svl
1764,dancing,svl
1765,danger,svl
1766,detail,svl
1767,difference,svl
1768,direction,svl
1769,edge,svl
1770,effort,svl
1771,ending,svl
1772,error,svl
1773,event,svl
1774,example,svl
1775,fault,svl
1776,favor,svl
1777,fear,svl
1778,figure,svl
1779,flag,svl
1780,flight,svl
1781,form,svl
1782,freedom,svl
1783,friendship,svl
1784,grade,svl
1785,grammar,svl
1786,greatness,svl
1787,greeting,svl
1788,harm,svl
1789,heat,svl
1790,heaven,svl
1791,helicopter,svl
1792,hell,svl
1793,hiking,svl
1794,homeroom,svl
1795,importance,svl
1796,jet,svl
1797,journey,svl
1798,law,svl
1799,load,svl
1800,magic,svl
1801,mark,svl
1802,mass,svl
1803,material,svl
1804,mathematics,svl
1805,meaning,svl
1806,medal,svl
1807,metal,svl
1808,motor,svl
1809,object,svl
1810,occasion,svl
1811,pardon,svl
1812,pattern,svl
1813,pause,svl
1814,peace,svl
1815,peak,svl
1816,pleasure,svl
1817,poem,svl
1818,poison,svl
1819,pride,svl
1820,process,svl
1821,progress,svl
1822,purpose,svl
1823,puzzle,svl
1824,rail,svl
1825,rank,svl
1826,record,svl
1827,role,svl
1828,row,svl
1829,rumor,svl
1830,sailing,svl
1831,saying,svl
1832,score,svl
1833,sense,svl
1834,service,svl
1835,sex,svl
1836,shot,svl
1837,signal,svl
1838,skating,svl
1839,sort,svl
1840,speaking,svl
1841,spirit,svl
1842,style,svl
1843,subject,svl
1844,success,svl
1845,symbol,svl
1846,system,svl
1847,tail,svl
1848,term,svl
1849,text,svl
1850,thinking,svl
1851,thought,svl
1852,title,svl
1853,tour,svl
1854,training,svl
1855,trust,svl
1856,understanding,svl
1857,view,svl
1858,volleyball,svl
1859,youth,svl
1860,fourth,svl
1861,fifth,svl
1862,sixth,svl
1863,seventh,svl
1864,eighth,svl
1865,ninth,svl
1866,tenth,svl
1867,eleventh,svl
1868,twelfth,svl
1869,thirteenth,svl
1870,fourteenth,svl
1871,fifteenth,svl
1872,sixteenth,svl
1873,seventeenth,svl
1874,eighteenth,svl
1875,nineteenth,svl
1876,twentieth,svl
1877,thirtieth,svl
1878,fortieth,svl
1879,fiftieth,svl
1880,sixtieth,svl
1881,seventieth,svl
1882,eightieth,svl
1883,ninetieth,svl
1884,double,svl
1885,broad,svl
1886,firm,svl
1887,smooth,svl
1888,solid,svl
1889,tight,svl
1890,daily,svl
1891,weekly,svl
1892,monthly,svl
1893,everyday,svl
1894,absent,svl
1895,active,svl
1896,alive,svl
1897,aware,svl
1898,blind,svl
1899,boring,svl
1900,brave,svl
1901,bright,svl
1902,broken,svl
1903,central,svl
1904,comfortable,svl
1905,common,svl
1906,crowded,svl
1907,deaf,svl
1908,distant,svl
1909,electric,svl
1910,equal,svl
1911,exact,svl
1912,exciting,svl
1913,false,svl
1914,female,svl
1915,following,svl
1916,foolish,svl
1917,foreign,svl
1918,formal,svl
1919,fortunate,svl
1920,general,svl
1921,gentle,svl
1922,grateful,svl
1923,holy,svl
1924,human,svl
1925,international,svl
1926,lazy,svl
1927,likely,svl
1928,lonely,svl
1929,lovely,svl
1930,male,svl
1931,merry,svl
1932,modern,svl
1933,musical,svl
1934,native,svl
1935,neat,svl
1936,noble,svl
1937,normal,svl
1938,particular,svl
1939,peaceful,svl
1940,perfect,svl
1941,plastic,svl
1942,pleasant,svl
1943,pleased,svl
1944,positive,svl
1945,possible,svl
1946,powerful,svl
1947,precious,svl
1948,professional,svl
1949,pure,svl
1950,rapid,svl
1951,raw,svl
1952,royal,svl
1953,silly,svl
1954,similar,svl
1955,single,svl
1956,social,svl
1957,spoken,svl
1958,successful,svl
1959,sudden,svl
1960,super,svl
1961,teen,svl
1962,thirsty,svl
1963,total,svl
1964,uniform,svl
1965,upper,svl
1966,western,svl
1967,whole,svl
1968,worried,svl
1969,worse,svl
1970,afterward,svl
1971,ahead,svl
1972,anyway,svl
1973,anywhere,svl
1974,apart,svl
1975,backward,svl
1976,downstairs,svl
1977,especially,svl
1978,forever,svl
1979,forward,svl
1980,generally,svl
1981,greatly,svl
1982,less,svl
1983,maybe,svl
1984,naturally,svl
1985,neither,svl
1986,nowhere,svl
1987,himself,svl
1988,itself,svl
1989,myself,svl
1990,oneself,svl
1991,ourselves,svl
1992,themselves,svl
1993,yourself,svl
1994,yourselves,svl
1995,within,svl
1996,beyond,svl
1997,nor,svl
1998,ah,svl
1999,hey,svl
2000,yeah,svl
2001,previous,svl
2002,achieve,svl
2003,refrigerator,svl
2004,afford,svl
2005,seriously,svl
2006,crack,svl
2007,earthquake,svl
2008,curl,svl
2009,slightly,svl
2010,population,svl
2011,gradually,svl
2012,decrease,svl
2013,therefore,svl
2014,deserve,svl
2015,biscuit,svl
2016,ease,svl
2017,hunger,svl
2018,lightning,svl
2019,flash,svl
2020,terribly,svl
2021,thunder,svl
2022,promising,svl
2023,increase,svl
2024,lower,svl
2025,basement,svl
2026,safely,svl
2027,maintain,svl
2028,relationship,svl
2029,luggage,svl
2030,occupy,svl
2031,occur,svl
2032,highway,svl
2033,author,svl
2034,novel,svl
2035,possess,svl
2036,spy,svl
2037,operation,svl
2038,simply,svl
2039,reduce,svl
2040,alcohol,svl
2041,jewel,svl
2042,reflect,svl
2043,relax,svl
2044,hometown,svl
2045,rely,svl
2046,situation,svl
2047,require,svl
2048,blank,svl
2049,application,svl
2050,relative,svl
2051,settle,svl
2052,excited,svl
2053,surround,svl
2054,sadly,svl
2055,survive,svl
2056,swell,svl
2057,drawer,svl
2058,tend,svl
2059,fashionable,svl
2060,admit,svl
2061,effective,svl
2062,appeal,svl
2063,mysterious,svl
2064,crime,svl
2065,argue,svl
2066,anymore,svl
2067,beg,svl
2068,sensitive,svl
2069,bless,svl
2070,talent,svl
2071,mainly,svl
2072,boast,svl
2073,bore,svl
2074,vague,svl
2075,global,svl
2076,financial,svl
2077,calm,svl
2078,communicate,svl
2079,contact,svl
2080,additional,svl
2081,display,svl
2082,religious,svl
2083,encourage,svl
2084,entertain,svl
2085,extra,svl
2086,greet,svl
2087,cheerful,svl
2088,hint,svl
2089,connection,svl
2090,institution,svl
2091,ignore,svl
2092,regulation,svl
2093,impress,svl
2094,homemade,svl
2095,insist,svl
2096,gossip,svl
2097,interrupt,svl
2098,explanation,svl
2099,production,svl
2100,entirely,svl
2101,neglect,svl
2102,extremely,svl
2103,offend,svl
2104,senior,svl
2105,management,svl
2106,bold,svl
2107,oppose,svl
2108,refer,svl
2109,essay,svl
2110,lecture,svl
2111,respond,svl
2112,sincerely,svl
2113,complaint,svl
2114,threaten,svl
2115,silently,svl
2116,yell,svl
2117,overnight,svl
2118,bark,svl
2119,neighborhood,svl
2120,obvious,svl
2121,bathe,svl
2122,lately,svl
2123,bind,svl
2124,useless,svl
2125,kangaroo,svl
2126,bound,svl
2127,loving,svl
2128,bury,svl
2129,seldom,svl
2130,chase,svl
2131,cough,svl
2132,horrible,svl
2133,crush,svl
2134,cocktail,svl
2135,flock,svl
2136,mostly,svl
2137,grip,svl
2138,tightly,svl
2139,lean,svl
2140,huge,svl
2141,somehow,svl
2142,mount,svl
2143,pat,svl
2144,teammate,svl
2145,pose,svl
2146,comfortably,svl
2147,rub,svl
2148,jaw,svl
2149,select,svl
2150,chairman,svl
2151,cleanly,svl
2152,shave,svl
2153,including,svl
2154,eyebrow,svl
2155,location,svl
2156,spin,svl
2157,suck,svl
2158,ashamed,svl
2159,sweep,svl
2160,chimney,svl
2161,tap,svl
2162,rhythm,svl
2163,toss,svl
2164,shelf,svl
2165,tough,svl
2166,twist,svl
2167,weep,svl
2168,loyal,svl
2169,whistle,svl
2170,attractive,svl
2171,accompany,svl
2172,sometime,svl
2173,adopt,svl
2174,means,svl
2175,observation,svl
2176,research,svl
2177,advance,svl
2178,technology,svl
2179,affect,svl
2180,economic,svl
2181,eastern,svl
2182,appoint,svl
2183,unexpected,svl
2184,authority,svl
2185,approve,svl
2186,housing,svl
2187,project,svl
2188,arrest,svl
2189,victim,svl
2190,employee,svl
2191,attach,svl
2192,balcony,svl
2193,collector,svl
2194,attract,svl
2195,pistol,svl
2196,criminal,svl
2197,avoid,svl
2198,responsibility,svl
2199,totally,svl
2200,legal,svl
2201,bet,svl
2202,breed,svl
2203,variety,svl
2204,cancel,svl
2205,appointment,svl
2206,celebrate,svl
2207,victory,svl
2208,throughout,svl
2209,clothe,svl
2210,naked,svl
2211,although,svl
2212,merely,svl
2213,confirm,svl
2214,connect,svl
2215,perfectly,svl
2216,cure,svl
2217,lung,svl
2218,defeat,svl
2219,competition,svl
2220,delay,svl
2221,thus,svl
2222,income,svl
2223,determine,svl
2224,dismiss,svl
2225,temporary,svl
2226,absolute,svl
2227,failure,svl
2228,elect,svl
2229,employ,svl
2230,security,svl
2231,establish,svl
2232,independent,svl
2233,kindly,svl
2234,exchange,svl
2235,performance,svl
2236,excite,svl
2237,outdoor,svl
2238,expert,svl
2239,explore,svl
2240,keen,svl
2241,export,svl
2242,mushroom,svl
2243,feature,svl
2244,educational,svl
2245,found,svl
2246,principle,svl
2247,equally,svl
2248,atomic,svl
2249,bomb,svl
2250,frighten,svl
2251,alike,svl
2252,fry,svl
2253,graduate,svl
2254,attitude,svl
2255,grant,svl
2256,original,svl
2257,indeed,svl
2258,identify,svl
2259,pub,svl
2260,import,svl
2261,goods,svl
2262,invent,svl
2263,equipment,svl
2264,knit,svl
2265,assistance,svl
2266,observe,svl
2267,growth,svl
2268,operate,svl
2269,instrument,svl
2270,busily,svl
2271,pile,svl
2272,pretend,svl
2273,shy,svl
2274,protest,svl
2275,democratic,svl
2276,government,svl
2277,recommend,svl
2278,bitter,svl
2279,reform,svl
2280,domestic,svl
2281,pop,svl
2282,refuse,svl
2283,article,svl
2284,reject,svl
2285,relate,svl
2286,individual,svl
2287,lifestyle,svl
2288,environment,svl
2289,fortunately,svl
2290,release,svl
2291,melody,svl
2292,remind,svl
2293,childhood,svl
2294,replace,svl
2295,battery,svl
2296,cruel,svl
2297,comment,svl
2298,represent,svl
2299,unfortunate,svl
2300,academic,svl
2301,adviser,svl
2302,retire,svl
2303,review,svl
2304,sales,svl
2305,lunchtime,svl
2306,eager,svl
2307,rid,svl
2308,stress,svl
2309,roast,svl
2310,beefsteak,svl
2311,altogether,svl
2312,rob,svl
2313,wallet,svl
2314,ruin,svl
2315,broccoli,svl
2316,spice,svl
2317,satisfy,svl
2318,client,svl
2319,search,svl
2320,stolen,svl
2321,seek,svl
2322,partner,svl
2323,humor,svl
2324,roughly,svl
2325,sketch,svl
2326,sketchbook,svl
2327,convenient,svl
2328,split,svl
2329,spoil,svl
2330,rude,svl
2331,supply,svl
2332,vitamin,svl
2333,mineral,svl
2334,swear,svl
2335,whatever,svl
2336,according,svl
2337,document,svl
2338,transfer,svl
2339,available,svl
2340,translate,svl
2341,aloud,svl
2342,aircraft,svl
2343,transport,svl
2344,grown,svl
2345,treat,svl
2346,somewhat,svl
2347,gently,svl
2348,wrap,svl
2349,shell,svl
2350,concern,svl
2351,climate,svl
2352,consider,svl
2353,community,svl
2354,absence,svl
2355,ceremony,svl
2356,disappoint,svl
2357,glance,svl
2358,housework,svl
2359,recognize,svl
2360,unusual,svl
2361,regret,svl
2362,receipt,svl
2363,suppose,svl
2364,wage,svl
2365,employer,svl
2366,suspect,svl
2367,politician,svl
2368,evidence,svl
2369,attempt,svl
2370,analysis,svl
2371,typical,svl
2372,asparagus,svl
2373,burger,svl
2374,cabbage,svl
2375,carrot,svl
2376,cola,svl
2377,curry,svl
2378,diet,svl
2379,flour,svl
2380,garlic,svl
2381,jelly,svl
2382,ketchup,svl
2383,lemonade,svl
2384,lettuce,svl
2385,mustard,svl
2386,olive,svl
2387,omelette,svl
2388,pancake,svl
2389,pear,svl
2390,plum,svl
2391,pudding,svl
2392,pumpkin,svl
2393,sausage,svl
2394,seafood,svl
2395,toast,svl
2396,vinegar,svl
2397,watermelon,svl
2398,wheat,svl
2399,yogurt,svl
2400,blouse,svl
2401,clothing,svl
2402,collar,svl
2403,costume,svl
2404,fur,svl
2405,helmet,svl
2406,mask,svl
2407,overcoat,svl
2408,patch,svl
2409,raincoat,svl
2410,robe,svl
2411,sandal,svl
2412,scarf,svl
2413,stocking,svl
2414,sweatshirt,svl
2415,trousers,svl
2416,vest,svl
2417,audio,svl
2418,cassette,svl
2419,drum,svl
2420,flute,svl
2421,harmony,svl
2422,harp,svl
2423,keyboard,svl
2424,microphone,svl
2425,orchestra,svl
2426,pianist,svl
2427,tune,svl
2428,violinist,svl
2429,basis,svl
2430,challenge,svl
2431,chart,svl
2432,data,svl
2433,description,svl
2434,engineering,svl
2435,exception,svl
2436,experiment,svl
2437,foundation,svl
2438,geography,svl
2439,index,svl
2440,instruction,svl
2441,intelligence,svl
2442,learning,svl
2443,literature,svl
2444,physics,svl
2445,poetry,svl
2446,politics,svl
2447,teaching,svl
2448,brow,svl
2449,chin,svl
2450,mustache,svl
2451,wrist,svl
2452,breast,svl
2453,waist,svl
2454,lap,svl
2455,hip,svl
2456,ankle,svl
2457,heel,svl
2458,joint,svl
2459,muscle,svl
2460,organ,svl
2461,nerve,svl
2462,fever,svl
2463,injury,svl
2464,sickness,svl
2465,wound,svl
2466,beast,svl
2467,bull,svl
2468,chimpanzee,svl
2469,creature,svl
2470,deer,svl
2471,duck,svl
2472,eagle,svl
2473,feather,svl
2474,goat,svl
2475,goose,svl
2476,hawk,svl
2477,hen,svl
2478,kitten,svl
2479,kitty,svl
2480,kiwi,svl
2481,koala,svl
2482,lamb,svl
2483,pigeon,svl
2484,whale,svl
2485,worm,svl
2486,atom,svl
2487,carbon,svl
2488,cliff,svl
2489,continent,svl
2490,crop,svl
2491,darkness,svl
2492,dawn,svl
2493,fog,svl
2494,fountain,svl
2495,horizon,svl
2496,lily,svl
2497,moonlight,svl
2498,palm,svl
2499,ray,svl
2500,seashore,svl
2501,seaside,svl
2502,seed,svl
2503,slope,svl
2504,soil,svl
2505,sunrise,svl
2506,trunk,svl
2507,universe,svl
2508,bathtub,svl
2509,Bible,svl
2510,bookcase,svl
2511,bookshelf,svl
2512,bucket,svl
2513,carpet,svl
2514,channel,svl
2515,coffeepot,svl
2516,comb,svl
2517,crayon,svl
2518,cupboard,svl
2519,cushion,svl
2520,cutter,svl
2521,file,svl
2522,fireplace,svl
2523,freezer,svl
2524,gasoline,svl
2525,glue,svl
2526,handbag,svl
2527,jar,svl
2528,kettle,svl
2529,kite,svl
2530,label,svl
2531,ladder,svl
2532,lens,svl
2533,license,svl
2534,lid,svl
2535,mixer,svl
2536,napkin,svl
2537,pill,svl
2538,pitcher,svl
2539,postcard,svl
2540,pump,svl
2541,recorder,svl
2542,rod,svl
2543,rubber,svl
2544,sack,svl
2545,saucer,svl
2546,saw,svl
2547,scale,svl
2548,scissors,svl
2549,screen,svl
2550,screw,svl
2551,stove,svl
2552,string,svl
2553,tablecloth,svl
2554,tank,svl
2555,teacup,svl
2556,teapot,svl
2557,telegram,svl
2558,telescope,svl
2559,thread,svl
2560,tin,svl
2561,tray,svl
2562,typewriter,svl
2563,vase,svl
2564,wax,svl
2565,announcer,svl
2566,babysitter,svl
2567,bakery,svl
2568,banker,svl
2569,barber,svl
2570,bookseller,svl
2571,businesswoman,svl
2572,cleaner,svl
2573,director,svl
2574,explorer,svl
2575,firefighter,svl
2576,governor,svl
2577,housewife,svl
2578,hunter,svl
2579,journalist,svl
2580,mailman,svl
2581,merchant,svl
2582,minister,svl
2583,operator,svl
2584,postman,svl
2585,printer,svl
2586,producer,svl
2587,salesman,svl
2588,shopkeeper,svl
2589,stewardess,svl
2590,tailor,svl
2591,typist,svl
2592,assistant,svl
2593,beginner,svl
2594,believer,svl
2595,folk,svl
2596,gang,svl
2597,grandchild,svl
2598,guy,svl
2599,listener,svl
2600,lord,svl
2601,lover,svl
2602,madam,svl
2603,prayer,svl
2604,rival,svl
2605,robber,svl
2606,slave,svl
2607,specialist,svl
2608,staff,svl
2609,supporter,svl
2610,traveler,svl
2611,user,svl
2612,winner,svl
2613,witness,svl
2614,bowling,svl
2615,boxer,svl
2616,boxing,svl
2617,climbing,svl
2618,goalkeeper,svl
2619,league,svl
2620,sportsman,svl
2621,swimmer,svl
2622,access,svl
2623,airmail,svl
2624,atlas,svl
2625,baggage,svl
2626,landing,svl
2627,parcel,svl
2628,planning,svl
2629,timetable,svl
2630,visa,svl
2631,schedule,svl
2632,bargain,svl
2633,benefit,svl
2634,brand,svl
2635,career,svl
2636,committee,svl
2637,conduct,svl
2638,contract,svl
2639,credit,svl
2640,democracy,svl
2641,development,svl
2642,distribution,svl
2643,economy,svl
2644,election,svl
2645,employment,svl
2646,expense,svl
2647,fee,svl
2648,finance,svl
2649,fortune,svl
2650,fund,svl
2651,improvement,svl
2652,insurance,svl
2653,interview,svl
2654,justice,svl
2655,kingdom,svl
2656,liberty,svl
2657,loan,svl
2658,majority,svl
2659,military,svl
2660,ministry,svl
2661,opportunity,svl
2662,option,svl
2663,organization,svl
2664,payment,svl
2665,profession,svl
2666,property,svl
2667,rent,svl
2668,revolution,svl
2669,reward,svl
2670,saving,svl
2671,signature,svl
2672,skill,svl
2673,statement,svl
2674,stock,svl
2675,sum,svl
2676,technique,svl
2677,theory,svl
2678,trial,svl
2679,union,svl
2680,weapon,svl
2681,ambulance,svl
2682,canoe,svl
2683,carriage,svl
2684,cart,svl
2685,deck,svl
2686,jeep,svl
2687,lane,svl
2688,motorboat,svl
2689,motorcycle,svl
2690,vehicle,svl
2691,wagon,svl
2692,yacht,svl
2693,avenue,svl
2694,backyard,svl
2695,cafeteria,svl
2696,chapel,svl
2697,circus,svl
2698,countryside,svl
2699,drugstore,svl
2700,escalator,svl
2701,grave,svl
2702,jail,svl
2703,lawn,svl
2704,parking,svl
2705,playground,svl
2706,porch,svl
2707,stadium,svl
2708,statue,svl
2709,studio,svl
2710,zone,svl
2711,gram,svl
2712,liter,svl
2713,pence,svl
2714,penny,svl
2715,percentage,svl
2716,bedtime,svl
2717,daytime,svl
2718,instant,svl
2719,leisure,svl
2720,meantime,svl
2721,weekday,svl
2722,addition,svl
2723,advantage,svl
2724,affair,svl
2725,agreement,svl
2726,aid,svl
2727,alarm,svl
2728,angle,svl
2729,announcement,svl
2730,arch,svl
2731,argument,svl
2732,arrow,svl
2733,average,svl
2734,background,svl
2735,baking,svl
2736,being,svl
2737,belief,svl
2738,border,svl
2739,bubble,svl
2740,bullet,svl
2741,bunch,svl
2742,celebration,svl
2743,cell,svl
2744,Christ,svl
2745,combination,svl
2746,communication,svl
2747,composition,svl
2748,confidence,svl
2749,covering,svl
2750,delight,svl
2751,desire,svl
2752,device,svl
2753,devil,svl
2754,dirt,svl
2755,disappointment,svl
2756,discovery,svl
2757,doing,svl
2758,drawing,svl
2759,element,svl
2760,emotion,svl
2761,entertainment,svl
2762,excitement,svl
2763,expression,svl
2764,fairy,svl
2765,faith,svl
2766,fancy,svl
2767,frame,svl
2768,function,svl
2769,funeral,svl
2770,gap,svl
2771,generation,svl
2772,grace,svl
2773,happening,svl
2774,hearing,svl
2775,honor,svl
2776,horn,svl
2777,horror,svl
2778,impact,svl
2779,influence,svl
2780,intention,svl
2781,introduction,svl
2782,issue,svl
2783,item,svl
2784,journal,svl
2785,killing,svl
2786,kindness,svl
2787,link,svl
2788,loaf,svl
2789,loss,svl
2790,loyalty,svl
2791,marriage,svl
2792,media,svl
2793,membership,svl
2794,merit,svl
2795,motion,svl
2796,necessity,svl
2797,network,svl
2798,nickname,svl
2799,nonsense,svl
2800,offense,svl
2801,opening,svl
2802,ordinary,svl
2803,pace,svl
2804,paradise,svl
2805,passion,svl
2806,patience,svl
2807,patrol,svl
2808,permission,svl
2809,personality,svl
2810,photography,svl
2811,phrase,svl
2812,pity,svl
2813,presence,svl
2814,pressure,svl
2815,proposal,svl
2816,punishment,svl
2817,quality,svl
2818,quarrel,svl
2819,range,svl
2820,reaction,svl
2821,reading,svl
2822,reality,svl
2823,relation,svl
2824,relief,svl
2825,religion,svl
2826,response,svl
2827,risk,svl
2828,sake,svl
2829,sample,svl
2830,section,svl
2831,selection,svl
2832,self,svl
2833,series,svl
2834,setting,svl
2835,shame,svl
2836,sigh,svl
2837,singing,svl
2838,slice,svl
2839,soul,svl
2840,stroke,svl
2841,structure,svl
2842,suffering,svl
2843,suggestion,svl
2844,surface,svl
2845,sympathy,svl
2846,tale,svl
2847,target,svl
2848,temper,svl
2849,temperature,svl
2850,threat,svl
2851,tone,svl
2852,tradition,svl
2853,trap,svl
2854,treasure,svl
2855,trend,svl
2856,triangle,svl
2857,unit,svl
2858,violence,svl
2859,vision,svl
2860,volume,svl
2861,waiting,svl
2862,walking,svl
2863,weakness,svl
2864,winning,svl
2865,closed,svl
2866,compact,svl
2867,farther,svl
2868,indoor,svl
2869,inner,svl
2870,northern,svl
2871,pointed,svl
2872,southern,svl
2873,loose,svl
2874,stiff,svl
2875,underground,svl
2876,vast,svl
2877,major,svl
2878,minor,svl
2879,slight,svl
2880,sufficient,svl
2881,hundredth,svl
2882,latest,svl
2883,permanent,svl
2884,recent,svl
2885,automatic,svl
2886,bare,svl
2887,bored,svl
2888,careless,svl
2889,casual,svl
2890,chemical,svl
2891,classic,svl
2892,commercial,svl
2893,complex,svl
2894,conscious,svl
2895,considerable,svl
2896,creative,svl
2897,delighted,svl
2898,dramatic,svl
2899,due,svl
2900,dull,svl
2901,entire,svl
2902,essential,svl
2903,evil,svl
2904,fixed,svl
2905,fond,svl
2906,frank,svl
2907,frightened,svl
2908,guilty,svl
2909,handy,svl
2910,helpless,svl
2911,hopeful,svl
2912,hopeless,svl
2913,ideal,svl
2914,industrial,svl
2915,informal,svl
2916,jealous,svl
2917,known,svl
2918,leading,svl
2919,learned,svl
2920,living,svl
2921,lost,svl
2922,mental,svl
2923,missing,svl
2924,mistaken,svl
2925,moral,svl
2926,moving,svl
2927,needless,svl
2928,negative,svl
2929,odd,svl
2930,paid,svl
2931,pale,svl
2932,physical,svl
2933,political,svl
2934,principal,svl
2935,probable,svl
2936,rare,svl
2937,romantic,svl
2938,selfish,svl
2939,sensible,svl
2940,sexual,svl
2941,sincere,svl
2942,smart,svl
2943,sore,svl
2944,sour,svl
2945,specific,svl
2946,speedy,svl
2947,steady,svl
2948,strict,svl
2949,suitable,svl
2950,sunny,svl
2951,surprising,svl
2952,technical,svl
2953,traditional,svl
2954,ugly,svl
2955,unique,svl
2956,unknown,svl
2957,unlucky,svl
2958,upset,svl
2959,various,svl
2960,visual,svl
2961,wealthy,svl
2962,written,svl
2963,anyhow,svl
2964,brightly,svl
2965,calmly,svl
2966,closely,svl
2967,differently,svl
2968,elsewhere,svl
2969,fairly,svl
2970,firstly,svl
2971,forth,svl
2972,fully,svl
2973,indoors,svl
2974,largely,svl
2975,lightly,svl
2976,moreover,svl
2977,otherwise,svl
2978,particularly,svl
2979,possibly,svl
2980,practically,svl
2981,properly,svl
2982,rapidly,svl
2983,rarely,svl
2984,secondly,svl
2985,sharply,svl
2986,softly,svl
2987,specially,svl
2988,truly,svl
2989,widely,svl
2990,wildly,svl
2991,besides,svl
2992,beneath,svl
2993,onto,svl
2994,per,svl
2995,plus,svl
2996,underneath,svl
2997,whenever,svl
2998,wherever,svl
2999,whichever,svl
3000,whoever,svl
3001,alter,svl
3002,agricultural,svl
3003,bleed,svl
3004,heavily,svl
3005,site,svl
3006,maid,svl
3007,blush,svl
3008,collapse,svl
3009,villager,svl
3010,empire,svl
3011,consist,svl
3012,decay,svl
3013,mature,svl
3014,differ,svl
3015,liberal,svl
3016,emerge,svl
3017,expand,svl
3018,capacity,svl
3019,explode,svl
3020,nearby,svl
3021,shortly,svl
3022,extend,svl
3023,welfare,svl
3024,popularity,svl
3025,fade,svl
3026,fasten,svl
3027,urgent,svl
3028,glow,svl
3029,wilderness,svl
3030,severe,svl
3031,heal,svl
3032,cattle,svl
3033,multiply,svl
3034,interior,svl
3035,resemble,svl
3036,restore,svl
3037,antique,svl
3038,retain,svl
3039,youthful,svl
3040,charm,svl
3041,youngster,svl
3042,scatter,svl
3043,hiding,svl
3044,hostess,svl
3045,smash,svl
3046,starve,svl
3047,disaster,svl
3048,detective,svl
3049,vanish,svl
3050,criticism,svl
3051,obviously,svl
3052,vary,svl
3053,frankly,svl
3054,investment,svl
3055,weaken,svl
3056,harvest,svl
3057,yield,svl
3058,accuse,svl
3059,liar,svl
3060,remarkable,svl
3061,amaze,svl
3062,amuse,svl
3063,elderly,svl
3064,nursing,svl
3065,apologize,svl
3066,unkind,svl
3067,assert,svl
3068,mistress,svl
3069,messenger,svl
3070,assure,svl
3071,betray,svl
3072,unlikely,svl
3073,achievement,svl
3074,constantly,svl
3075,bother,svl
3076,cheat,svl
3077,reputation,svl
3078,honesty,svl
3079,command,svl
3080,departure,svl
3081,confess,svl
3082,crossing,svl
3083,administration,svl
3084,congress,svl
3085,conflict,svl
3086,budget,svl
3087,convince,svl
3088,regularly,svl
3089,debate,svl
3090,complicated,svl
3091,minority,svl
3092,deceive,svl
3093,jewelry,svl
3094,declare,svl
3095,innocent,svl
3096,decline,svl
3097,timely,svl
3098,enterprise,svl
3099,apparently,svl
3100,discourage,svl
3101,encounter,svl
3102,honeymoon,svl
3103,hesitate,svl
3104,tutor,svl
3105,inspire,svl
3106,poster,svl
3107,dealer,svl
3108,instruct,svl
3109,insult,svl
3110,behavior,svl
3111,childish,svl
3112,persuade,svl
3113,bodyguard,svl
3114,preach,svl
3115,cooperation,svl
3116,remark,svl
3117,ban,svl
3118,via,svl
3119,scold,svl
3120,secretly,svl
3121,strongly,svl
3122,urge,svl
3123,whisper,svl
3124,nevertheless,svl
3125,opposition,svl
3126,amazing,svl
3127,wink,svl
3128,absorb,svl
3129,existing,svl
3130,bite,svl
3131,scared,svl
3132,occasionally,svl
3133,chew,svl
3134,slipper,svl
3135,affection,svl
3136,chop,svl
3137,stew,svl
3138,meanwhile,svl
3139,enthusiastic,svl
3140,clap,svl
3141,mayor,svl
3142,clip,svl
3143,excess,svl
3144,desirable,svl
3145,crawl,svl
3146,creep,svl
3147,outer,svl
3148,dash,svl
3149,coward,svl
3150,descend,svl
3151,briefly,svl
3152,dive,svl
3153,heroic,svl
3154,drag,svl
3155,tractor,svl
3156,fold,svl
3157,linen,svl
3158,grasp,svl
3159,bloody,svl
3160,sword,svl
3161,puppy,svl
3162,hop,svl
3163,meadow,svl
3164,kneel,svl
3165,voyage,svl
3166,leap,svl
3167,flame,svl
3168,inn,svl
3169,nap,svl
3170,recommendation,svl
3171,coach,svl
3172,pitch,svl
3173,pronounce,svl
3174,correctly,svl
3175,scratch,svl
3176,uncomfortable,svl
3177,pursuit,svl
3178,seize,svl
3179,cheerleader,svl
3180,sew,svl
3181,skip,svl
3182,sidewalk,svl
3183,snap,svl
3184,translation,svl
3185,spill,svl
3186,bitterly,svl
3187,squeeze,svl
3188,scarcely,svl
3189,spoonful,svl
3190,ginger,svl
3191,stir,svl
3192,athletic,svl
3193,strain,svl
3194,awfully,svl
3195,strip,svl
3196,knight,svl
3197,wander,svl
3198,mist,svl
3199,weave,svl
3200,dragon,svl
3201,whip,svl
3202,barely,svl
3203,competitor,svl
3204,cute,svl
3205,yawn,svl
3206,abuse,svl
3207,incident,svl
3208,accomplish,svl
3209,commission,svl
3210,council,svl
3211,acquire,svl
3212,regarding,svl
3213,physician,svl
3214,adapt,svl
3215,adjust,svl
3216,increasingly,svl
3217,enjoyable,svl
3218,analyze,svl
3219,finding,svl
3220,survey,svl
3221,concerning,svl
3222,associate,svl
3223,electrical,svl
3224,invention,svl
3225,await,svl
3226,attraction,svl
3227,blend,svl
3228,poisonous,svl
3229,fatal,svl
3230,capture,svl
3231,halfway,svl
3232,manual,svl
3233,combine,svl
3234,maintenance,svl
3235,illustration,svl
3236,commit,svl
3237,poverty,svl
3238,despair,svl
3239,compete,svl
3240,determination,svl
3241,concentrate,svl
3242,task,svl
3243,conquer,svl
3244,harsh,svl
3245,construct,svl
3246,scenery,svl
3247,decorate,svl
3248,lace,svl
3249,demonstrate,svl
3250,extraordinary,svl
3251,depart,svl
3252,destination,svl
3253,deposit,svl
3254,bonus,svl
3255,luxury,svl
3256,campaign,svl
3257,quantity,svl
3258,distribute,svl
3259,emphasize,svl
3260,profitable,svl
3261,enable,svl
3262,enclose,svl
3263,packet,svl
3264,endure,svl
3265,shortage,svl
3266,actively,svl
3267,engage,svl
3268,volunteer,svl
3269,millionaire,svl
3270,proudly,svl
3271,exhibit,svl
3272,expose,svl
3273,stormy,svl
3274,flee,svl
3275,parliament,svl
3276,legislation,svl
3277,govern,svl
3278,imitate,svl
3279,significant,svl
3280,impose,svl
3281,burden,svl
3282,indicate,svl
3283,efficient,svl
3284,conventional,svl
3285,treatment,svl
3286,inherit,svl
3287,lodge,svl
3288,injure,svl
3289,steep,svl
3290,institute,svl
3291,wildlife,svl
3292,settlement,svl
3293,interfere,svl
3294,negotiation,svl
3295,ancient,svl
3296,invade,svl
3297,mercy,svl
3298,nowadays,svl
3299,invest,svl
3300,venture,svl
3301,investigate,svl
3302,explosion,svl
3303,terror,svl
3304,absolutely,svl
3305,personally,svl
3306,involve,svl
3307,scandal,svl
3308,kidnap,svl
3309,willingly,svl
3310,sensation,svl
3311,locate,svl
3312,tomb,svl
3313,skillful,svl
3314,mend,svl
3315,rebel,svl
3316,obey,svl
3317,luckily,svl
3318,obtain,svl
3319,organize,svl
3320,scholarship,svl
3321,classical,svl
3322,confident,svl
3323,eventually,svl
3324,overcome,svl
3325,current,svl
3326,postpone,svl
3327,preparation,svl
3328,advertisement,svl
3329,association,svl
3330,preserve,svl
3331,historical,svl
3332,proceed,svl
3333,construction,svl
3334,amusement,svl
3335,prolong,svl
3336,occupation,svl
3337,region,svl
3338,promote,svl
3339,advanced,svl
3340,developing,svl
3341,purchase,svl
3342,household,svl
3343,pursue,svl
3344,trainer,svl
3345,quit,svl
3346,representative,svl
3347,artistic,svl
3348,repay,svl
3349,rating,svl
3350,shallow,svl
3351,passing,svl
3352,rescue,svl
3353,athlete,svl
3354,resist,svl
3355,temptation,svl
3356,illegal,svl
3357,resolve,svl
3358,worrying,svl
3359,restrain,svl
3360,hockey,svl
3361,investigation,svl
3362,reveal,svl
3363,marked,svl
3364,editor,svl
3365,rewrite,svl
3366,scare,svl
3367,secure,svl
3368,fort,svl
3369,seal,svl
3370,shift,svl
3371,emphasis,svl
3372,reception,svl
3373,stare,svl
3374,tame,svl
3375,submit,svl
3376,tribe,svl
3377,surrender,svl
3378,interpreter,svl
3379,underline,svl
3380,definition,svl
3381,relatively,svl
3382,unite,svl
3383,civil,svl
3384,ache,svl
3385,source,svl
3386,charity,svl
3387,appreciate,svl
3388,generous,svl
3389,assume,svl
3390,contest,svl
3391,calculate,svl
3392,definitely,svl
3393,billion,svl
3394,decade,svl
3395,conclude,svl
3396,judgment,svl
3397,homeless,svl
3398,criticize,svl
3399,ignorant,svl
3400,define,svl
3401,satisfaction,svl
3402,disagree,svl
3403,holding,svl
3404,basically,svl
3405,distinguish,svl
3406,estimate,svl
3407,suburb,svl
3408,justify,svl
3409,driving,svl
3410,circumstance,svl
3411,misunderstand,svl
3412,acquaintance,svl
3413,overlook,svl
3414,briefcase,svl
3415,despite,svl
3416,debt,svl
3417,perceive,svl
3418,recall,svl
3419,grocer,svl
3420,delivery,svl
3421,rejoice,svl
3422,sting,svl
3423,magician,svl
3424,thrill,svl
3425,ass,svl
3426,beaver,svl
3427,camel,svl
3428,cock,svl
3429,crow,svl
3430,horseback,svl
3431,owl,svl
3432,ox,svl
3433,parrot,svl
3434,salmon,svl
3435,dot,svl
3436,focus,svl
3437,northeast,svl
3438,northwest,svl
3439,southeast,svl
3440,southwest,svl
3441,draft,svl
3442,dressing,svl
3443,drift,svl
3444,entry,svl
3445,gesture,svl
3446,turning,svl
3447,agriculture,svl
3448,category,svl
3449,chemistry,svl
3450,code,svl
3451,context,svl
3452,essence,svl
3453,existence,svl
3454,humanity,svl
3455,identity,svl
3456,instance,svl
3457,logic,svl
3458,origin,svl
3459,philosophy,svl
3460,pronunciation,svl
3461,species,svl
3462,substance,svl
3463,wisdom,svl
3464,cancer,svl
3465,fist,svl
3466,flesh,svl
3467,limb,svl
3468,recovery,svl
3469,thirst,svl
3470,ambition,svl
3471,anxiety,svl
3472,appetite,svl
3473,caution,svl
3474,concentration,svl
3475,confession,svl
3476,conscience,svl
3477,consciousness,svl
3478,consideration,svl
3479,cruelty,svl
3480,curiosity,svl
3481,enjoyment,svl
3482,enthusiasm,svl
3483,envy,svl
3484,expectation,svl
3485,grief,svl
3486,hatred,svl
3487,ignorance,svl
3488,impulse,svl
3489,instinct,svl
3490,intent,svl
3491,jealousy,svl
3492,laughter,svl
3493,madness,svl
3494,notion,svl
3495,rage,svl
3496,resolution,svl
3497,restraint,svl
3498,sadness,svl
3499,scent,svl
3500,sorrow,svl
3501,spite,svl
3502,tension,svl
3503,acting,svl
3504,admiration,svl
3505,award,svl
3506,comedy,svl
3507,edition,svl
3508,episode,svl
3509,exhibition,svl
3510,fame,svl
3511,fiction,svl
3512,paragraph,svl
3513,portrait,svl
3514,prose,svl
3515,publication,svl
3516,recording,svl
3517,spectacle,svl
3518,verse,svl
3519,version,svl
3520,apricot,svl
3521,ash,svl
3522,atmosphere,svl
3523,bamboo,svl
3524,berry,svl
3525,bloom,svl
3526,blossom,svl
3527,brass,svl
3528,breeze,svl
3529,bud,svl
3530,cave,svl
3531,celery,svl
3532,cosmos,svl
3533,crystal,svl
3534,echo,svl
3535,frost,svl
3536,globe,svl
3537,grain,svl
3538,gulf,svl
3539,layer,svl
3540,liquid,svl
3541,magnet,svl
3542,marble,svl
3543,oak,svl
3544,oasis,svl
3545,oxygen,svl
3546,pine,svl
3547,pit,svl
3548,stem,svl
3549,sunflower,svl
3550,tide,svl
3551,vanilla,svl
3552,web,svl
3553,weed,svl
3554,anniversary,svl
3555,apology,svl
3556,asking,svl
3557,aspect,svl
3558,blessing,svl
3559,breakdown,svl
3560,convenience,svl
3561,deed,svl
3562,engagement,svl
3563,eve,svl
3564,fate,svl
3565,flavor,svl
3566,gamble,svl
3567,glory,svl
3568,goodness,svl
3569,guidance,svl
3570,helping,svl
3571,hunting,svl
3572,interval,svl
3573,landscape,svl
3574,lifetime,svl
3575,mess,svl
3576,miracle,svl
3577,misery,svl
3578,mode,svl
3579,portion,svl
3580,potential,svl
3581,privacy,svl
3582,rattle,svl
3583,spark,svl
3584,spray,svl
3585,transportation,svl
3586,virtue,svl
3587,acceptance,svl
3588,accord,svl
3589,adjustment,svl
3590,admission,svl
3591,alternative,svl
3592,approval,svl
3593,banking,svl
3594,bond,svl
3595,commerce,svl
3596,conclusion,svl
3597,conference,svl
3598,constitution,svl
3599,contribution,svl
3600,convention,svl
3601,corporation,svl
3602,crisis,svl
3603,destruction,svl
3604,digest,svl
3605,disadvantage,svl
3606,discipline,svl
3607,division,svl
3608,efficiency,svl
3609,emergency,svl
3610,establishment,svl
3611,estate,svl
3612,farming,svl
3613,forecast,svl
3614,formation,svl
3615,guarantee,svl
3616,guilt,svl
3617,hanging,svl
3618,independence,svl
3619,journalism,svl
3620,launch,svl
3621,making,svl
3622,manufacture,svl
3623,mechanism,svl
3624,nationality,svl
3625,output,svl
3626,panic,svl
3627,penalty,svl
3628,plot,svl
3629,pollution,svl
3630,possession,svl
3631,privilege,svl
3632,procedure,svl
3633,promotion,svl
3634,prospect,svl
3635,prosperity,svl
3636,recognition,svl
3637,reduction,svl
3638,reference,svl
3639,replacement,svl
3640,republic,svl
3641,requirement,svl
3642,resistance,svl
3643,resource,svl
3644,revenge,svl
3645,ruling,svl
3646,sacrifice,svl
3647,scheme,svl
3648,scout,svl
3649,searching,svl
3650,sector,svl
3651,session,svl
3652,sin,svl
3653,solution,svl
3654,status,svl
3655,summit,svl
3656,surrounding,svl
3657,treaty,svl
3658,triumph,svl
3659,vice,svl
3660,acre,svl
3661,chill,svl
3662,circuit,svl
3663,era,svl
3664,extension,svl
3665,extent,svl
3666,handful,svl
3667,haste,svl
3668,maximum,svl
3669,minimum,svl
3670,priority,svl
3671,variation,svl
3672,warmth,svl
3673,width,svl
3674,bulldozer,svl
3675,craft,svl
3676,steamer,svl
3677,van,svl
3678,aquarium,svl
3679,bedside,svl
3680,boundary,svl
3681,cabin,svl
3682,canal,svl
3683,colony,svl
3684,cottage,svl
3685,county,svl
3686,dam,svl
3687,doorway,svl
3688,frontier,svl
3689,gallery,svl
3690,hillside,svl
3691,hut,svl
3692,kindergarten,svl
3693,lobby,svl
3694,pavement,svl
3695,province,svl
3696,rear,svl
3697,residence,svl
3698,resort,svl
3699,shelter,svl
3700,stall,svl
3701,territory,svl
3702,trace,svl
3703,trail,svl
3704,alien,svl
3705,amateur,svl
3706,ancestor,svl
3707,beggar,svl
3708,bride,svl
3709,butcher,svl
3710,buyer,svl
3711,chef,svl
3712,chemist,svl
3713,Christian,svl
3714,composer,svl
3715,cop,svl
3716,countryman,svl
3717,darling,svl
3718,diver,svl
3719,drinker,svl
3720,electrician,svl
3721,emperor,svl
3722,founder,svl
3723,gangster,svl
3724,gardener,svl
3725,genius,svl
3726,goddess,svl
3727,grandparent,svl
3728,infant,svl
3729,jumper,svl
3730,keeper,svl
3731,learner,svl
3732,peasant,svl
3733,pioneer,svl
3734,planner,svl
3735,porter,svl
3736,resident,svl
3737,saint,svl
3738,scholar,svl
3739,shepherd,svl
3740,skier,svl
3741,spokesman,svl
3742,sponsor,svl
3743,stylist,svl
3744,characteristic,svl
3745,comparison,svl
3746,component,svl
3747,consequence,svl
3748,contrast,svl
3749,factor,svl
3750,measurement,svl
3751,outcome,svl
3752,outline,svl
3753,proportion,svl
3754,tendency,svl
3755,accessory,svl
3756,anchor,svl
3757,ashtray,svl
3758,ax,svl
3759,barrel,svl
3760,basin,svl
3761,beam,svl
3762,blade,svl
3763,boiler,svl
3764,bolt,svl
3765,booklet,svl
3766,brandy,svl
3767,cabinet,svl
3768,cardigan,svl
3769,catalog,svl
3770,cement,svl
3771,chess,svl
3772,closet,svl
3773,column,svl
3774,container,svl
3775,cord,svl
3776,counter,svl
3777,crossword,svl
3778,dessert,svl
3779,doorbell,svl
3780,filter,svl
3781,guidebook,svl
3782,handbook,svl
3783,heater,svl
3784,heating,svl
3785,hood,svl
3786,knot,svl
3787,laundry,svl
3788,lipstick,svl
3789,log,svl
3790,machinery,svl
3791,mast,svl
3792,mill,svl
3793,monitor,svl
3794,monument,svl
3795,panel,svl
3796,razor,svl
3797,receiver,svl
3798,rifle,svl
3799,shield,svl
3800,sleeve,svl
3801,snack,svl
3802,software,svl
3803,spade,svl
3804,sponge,svl
3805,stake,svl
3806,tablespoon,svl
3807,token,svl
3808,vessel,svl
3809,contrary,svl
3810,endless,svl
3811,external,svl
3812,farthest,svl
3813,internal,svl
3814,latter,svl
3815,medium,svl
3816,mutual,svl
3817,outward,svl
3818,overall,svl
3819,parallel,svl
3820,partial,svl
3821,passive,svl
3822,remote,svl
3823,reverse,svl
3824,universal,svl
3825,artificial,svl
3826,digital,svl
3827,electronic,svl
3828,literary,svl
3829,logical,svl
3830,mechanical,svl
3831,nuclear,svl
3832,technological,svl
3833,ambitious,svl
3834,beloved,svl
3835,curious,svl
3836,determined,svl
3837,emotional,svl
3838,favorable,svl
3839,fearful,svl
3840,gay,svl
3841,humble,svl
3842,impressive,svl
3843,intellectual,svl
3844,joyful,svl
3845,modest,svl
3846,nasty,svl
3847,satisfied,svl
3848,shocked,svl
3849,spiritual,svl
3850,sympathetic,svl
3851,wicked,svl
3852,abstract,svl
3853,aged,svl
3854,delicate,svl
3855,dried,svl
3856,dumb,svl
3857,dusty,svl
3858,faint,svl
3859,fallen,svl
3860,flying,svl
3861,fried,svl
3862,hollow,svl
3863,injured,svl
3864,invisible,svl
3865,slim,svl
3866,sticky,svl
3867,tender,svl
3868,tense,svl
3869,upright,svl
3870,visible,svl
3871,worn,svl
3872,annual,svl
3873,constant,svl
3874,frequent,svl
3875,lifelong,svl
3876,occasional,svl
3877,primary,svl
3878,repeated,svl
3879,secondary,svl
3880,thousandth,svl
3881,triple,svl
3882,yearly,svl
3883,amusing,svl
3884,apt,svl
3885,capable,svl
3886,chosen,svl
3887,compound,svl
3888,concerned,svl
3889,convinced,svl
3890,cutting,svl
3891,dependent,svl
3892,engaged,svl
3893,faithful,svl
3894,finishing,svl
3895,fitting,svl
3896,fundamental,svl
3897,greedy,svl
3898,harmful,svl
3899,hidden,svl
3900,idle,svl
3901,inevitable,svl
3902,involved,svl
3903,knowing,svl
3904,lifeless,svl
3905,lively,svl
3906,lying,svl
3907,magical,svl
3908,miserable,svl
3909,mixed,svl
3910,obedient,svl
3911,peculiar,svl
3912,primitive,svl
3913,related,svl
3914,relaxed,svl
3915,stable,svl
3916,striking,svl
3917,telling,svl
3918,tidy,svl
3919,united,svl
3920,vain,svl
3921,worthy,svl
3922,corporate,svl
3923,cultural,svl
3924,imperial,svl
3925,postal,svl
3926,radical,svl
3927,realistic,svl
3928,retired,svl
3929,acid,svl
3930,marine,svl
3931,muddy,svl
3932,oily,svl
3933,ripe,svl
3934,rural,svl
3935,salty,svl
3936,tropical,svl
3937,windy,svl
3938,acceptable,svl
3939,accurate,svl
3940,apparent,svl
3941,appropriate,svl
3942,brief,svl
3943,critical,svl
3944,deadly,svl
3945,definite,svl
3946,detailed,svl
3947,distinct,svl
3948,dynamic,svl
3949,enormous,svl
3950,evident,svl
3951,extreme,svl
3952,gradual,svl
3953,gross,svl
3954,healing,svl
3955,immense,svl
3956,initial,svl
3957,intense,svl
3958,limited,svl
3959,marvelous,svl
3960,mere,svl
3961,mighty,svl
3962,outstanding,svl
3963,precise,svl
3964,pressing,svl
3965,splendid,svl
3966,thorough,svl
3967,uncertain,svl
3968,unclear,svl
3969,unnecessary,svl
3970,aboard,svl
3971,outdoors,svl
3972,overseas,svl
3973,upward,svl
3974,formerly,svl
3975,frequently,svl
3976,newly,svl
3977,previously,svl
3978,sooner,svl
3979,freely,svl
3980,poorly,svl
3981,strictly,svl
3982,thickly,svl
3983,thoroughly,svl
3984,warmly,svl
3985,automatically,svl
3986,chiefly,svl
3987,essentially,svl
3988,honestly,svl
3989,merrily,svl
3990,namely,svl
3991,necessarily,svl
3992,normally,svl
3993,openly,svl
3994,originally,svl
3995,publicly,svl
3996,purely,svl
3997,readily,svl
3998,strangely,svl
3999,undoubtedly,svl
4000,unfortunately,svl
4001,accustom,svl
4002,restriction,svl
4003,incredible,svl
4004,devotion,svl
4005,ascend,svl
4006,cease,svl
4007,breathing,svl
4008,civilize,svl
4009,aggressive,svl
4010,constitute,svl
4011,prefecture,svl
4012,convert,svl
4013,Christianity,svl
4014,unusually,svl
4015,massive,svl
4016,darken,svl
4017,derive,svl
4018,relaxation,svl
4019,sole,svl
4020,pastime,svl
4021,cube,svl
4022,dissolve,svl
4023,dominate,svl
4024,drip,svl
4025,stain,svl
4026,comedian,svl
4027,dwell,svl
4028,stylish,svl
4029,situated,svl
4030,enlarge,svl
4031,humorous,svl
4032,boyhood,svl
4033,ensure,svl
4034,genuine,svl
4035,equality,svl
4036,erase,svl
4037,romance,svl
4038,risky,svl
4039,exceed,svl
4040,assignment,svl
4041,exhaust,svl
4042,mentally,svl
4043,animation,svl
4044,currently,svl
4045,flourish,svl
4046,trendy,svl
4047,gleam,svl
4048,stubborn,svl
4049,compromise,svl
4050,halt,svl
4051,bug,svl
4052,inhabit,svl
4053,moist,svl
4054,woodland,svl
4055,terrific,svl
4056,originate,svl
4057,refugee,svl
4058,overflow,svl
4059,oversleep,svl
4060,consequently,svl
4061,commonly,svl
4062,civilization,svl
4063,perish,svl
4064,myth,svl
4065,pierce,svl
4066,opponent,svl
4067,chaos,svl
4068,confusion,svl
4069,prevail,svl
4070,hurricane,svl
4071,prosper,svl
4072,throne,svl
4073,heir,svl
4074,effectively,svl
4075,refresh,svl
4076,aspirin,svl
4077,relieve,svl
4078,toothache,svl
4079,recess,svl
4080,resume,svl
4081,uncertainty,svl
4082,steadily,svl
4083,revive,svl
4084,communist,svl
4085,evidently,svl
4086,shrink,svl
4087,consumption,svl
4088,soar,svl
4089,summertime,svl
4090,literally,svl
4091,sparkle,svl
4092,overhead,svl
4093,psychologist,svl
4094,specialize,svl
4095,psychology,svl
4096,misfortune,svl
4097,transform,svl
4098,brutal,svl
4099,twinkle,svl
4100,mischief,svl
4101,acquaint,svl
4102,presidential,svl
4103,candidate,svl
4104,ultimate,svl
4105,advertise,svl
4106,irony,svl
4107,condemn,svl
4108,colonist,svl
4109,unexpectedly,svl
4110,consent,svl
4111,divorce,svl
4112,dispute,svl
4113,consult,svl
4114,oral,svl
4115,presentation,svl
4116,facial,svl
4117,plainly,svl
4118,convey,svl
4119,boredom,svl
4120,rudely,svl
4121,damn,svl
4122,critic,svl
4123,disgust,svl
4124,colleague,svl
4125,distinctly,svl
4126,embarrass,svl
4127,exaggerate,svl
4128,harmless,svl
4129,flatter,svl
4130,superior,svl
4131,unpleasant,svl
4132,jealously,svl
4133,inquire,svl
4134,charming,svl
4135,murmur,svl
4136,unaware,svl
4137,frustration,svl
4138,unwilling,svl
4139,negotiate,svl
4140,independently,svl
4141,plead,svl
4142,noted,svl
4143,guitarist,svl
4144,noticeable,svl
4145,proclaim,svl
4146,react,svl
4147,emotionally,svl
4148,refusal,svl
4149,tease,svl
4150,dearly,svl
4151,freshman,svl
4152,hastily,svl
4153,bump,svl
4154,exclaim,svl
4155,sporting,svl
4156,legend,svl
4157,patiently,svl
4158,fetch,svl
4159,frown,svl
4160,contempt,svl
4161,interviewer,svl
4162,pony,svl
4163,gallop,svl
4164,pasture,svl
4165,eagerly,svl
4166,gaze,svl
4167,mummy,svl
4168,grab,svl
4169,gown,svl
4170,instantly,svl
4171,grin,svl
4172,groan,svl
4173,painfully,svl
4174,rib,svl
4175,howl,svl
4176,reluctant,svl
4177,seemingly,svl
4178,jog,svl
4179,lick,svl
4180,moan,svl
4181,agony,svl
4182,obedience,svl
4183,pinch,svl
4184,rosy,svl
4185,tenderly,svl
4186,unemployment,svl
4187,urban,svl
4188,plunge,svl
4189,fierce,svl
4190,roar,svl
4191,technically,svl
4192,slap,svl
4193,motorbike,svl
4194,snatch,svl
4195,sneeze,svl
4196,nonstop,svl
4197,initially,svl
4198,flu,svl
4199,homesick,svl
4200,sob,svl
4201,stumble,svl
4202,doorstep,svl
4203,forehead,svl
4204,tread,svl
4205,cautious,svl
4206,stride,svl
4207,icy,svl
4208,slippery,svl
4209,armed,svl
4210,abandon,svl
4211,separately,svl
4212,unfair,svl
4213,abolish,svl
4214,pessimistic,svl
4215,annoy,svl
4216,assemble,svl
4217,experienced,svl
4218,skilled,svl
4219,ideally,svl
4220,assign,svl
4221,immensely,svl
4222,imaginative,svl
4223,astonish,svl
4224,elementary,svl
4225,attain,svl
4226,revolutionary,svl
4227,strategy,svl
4228,carve,svl
4229,lantern,svl
4230,scary,svl
4231,reservation,svl
4232,accommodation,svl
4233,click,svl
4234,compose,svl
4235,symphony,svl
4236,conductor,svl
4237,absurd,svl
4238,conceal,svl
4239,condense,svl
4240,extensive,svl
4241,confine,svl
4242,ward,svl
4243,suicide,svl
4244,presently,svl
4245,confront,svl
4246,challenging,svl
4247,reasonably,svl
4248,fluent,svl
4249,confuse,svl
4250,typically,svl
4251,consume,svl
4252,contribute,svl
4253,riches,svl
4254,patron,svl
4255,cope,svl
4256,loneliness,svl
4257,unfamiliar,svl
4258,cultivate,svl
4259,fertile,svl
4260,organic,svl
4261,desperate,svl
4262,wholly,svl
4263,deprive,svl
4264,dignity,svl
4265,devote,svl
4266,historic,svl
4267,architecture,svl
4268,prominent,svl
4269,embassy,svl
4270,dine,svl
4271,ambassador,svl
4272,dip,svl
4273,sunglasses,svl
4274,liver,svl
4275,disorder,svl
4276,discharge,svl
4277,surgery,svl
4278,disguise,svl
4279,mechanic,svl
4280,environmental,svl
4281,dispose,svl
4282,legally,svl
4283,disturb,svl
4284,drain,svl
4285,surprisingly,svl
4286,hairdresser,svl
4287,dye,svl
4288,blond,svl
4289,edit,svl
4290,adventurer,svl
4291,magnificent,svl
4292,expedition,svl
4293,accomplishment,svl
4294,entitle,svl
4295,researcher,svl
4296,evaluate,svl
4297,remedy,svl
4298,powerless,svl
4299,stomachache,svl
4300,exclude,svl
4301,sentiment,svl
4302,forbid,svl
4303,physically,svl
4304,fulfill,svl
4305,obligation,svl
4306,generously,svl
4307,furnish,svl
4308,grind,svl
4309,hasten,svl
4310,punctual,svl
4311,impatient,svl
4312,survival,svl
4313,highlight,svl
4314,significance,svl
4315,rental,svl
4316,hitchhike,svl
4317,illustrate,svl
4318,thanksgiving,svl
4319,feast,svl
4320,recipe,svl
4321,leadership,svl
4322,implement,svl
4323,numerous,svl
4324,imply,svl
4325,prime,svl
4326,robbery,svl
4327,inspect,svl
4328,random,svl
4329,install,svl
4330,burglar,svl
4331,glorious,svl
4332,insure,svl
4333,respectable,svl
4334,interpret,svl
4335,offensive,svl
4336,architect,svl
4337,modify,svl
4338,astonishing,svl
4339,infection,svl
4340,oblige,svl
4341,isolated,svl
4342,omit,svl
4343,unimportant,svl
4344,satisfactory,svl
4345,someday,svl
4346,overtake,svl
4347,considering,svl
4348,tournament,svl
4349,participate,svl
4350,peel,svl
4351,awkward,svl
4352,touching,svl
4353,portray,svl
4354,courageous,svl
4355,prejudice,svl
4356,conservation,svl
4357,ivory,svl
4358,utterly,svl
4359,prohibit,svl
4360,punch,svl
4361,distinguished,svl
4362,novelist,svl
4363,qualify,svl
4364,honorable,svl
4365,quote,svl
4366,medieval,svl
4367,proverb,svl
4368,comprehension,svl
4369,carelessly,svl
4370,recycle,svl
4371,approximately,svl
4372,refine,svl
4373,facility,svl
4374,undergraduate,svl
4375,register,svl
4376,oriental,svl
4377,regulate,svl
4378,marketing,svl
4379,advertising,svl
4380,ridiculous,svl
4381,renew,svl
4382,printing,svl
4383,reproduce,svl
4384,consistent,svl
4385,prudent,svl
4386,resign,svl
4387,severely,svl
4388,restrict,svl
4389,commander,svl
4390,retreat,svl
4391,killer,svl
4392,rinse,svl
4393,shed,svl
4394,marathon,svl
4395,desperately,svl
4396,shorten,svl
4397,deadline,svl
4398,vital,svl
4399,moisture,svl
4400,soften,svl
4401,bulb,svl
4402,sow,svl
4403,daisy,svl
4404,sprinkle,svl
4405,finely,svl
4406,stern,svl
4407,steer,svl
4408,chat,svl
4409,stimulate,svl
4410,productivity,svl
4411,tragic,svl
4412,strengthen,svl
4413,solidly,svl
4414,strive,svl
4415,diplomatic,svl
4416,consumer,svl
4417,sue,svl
4418,manufacturer,svl
4419,summon,svl
4420,executive,svl
4421,privately,svl
4422,suspend,svl
4423,substantial,svl
4424,sustain,svl
4425,overwhelming,svl
4426,tempt,svl
4427,grocery,svl
4428,lastly,svl
4429,tighten,svl
4430,apparatus,svl
4431,tolerate,svl
4432,unjust,svl
4433,ethnic,svl
4434,trim,svl
4435,hedge,svl
4436,uncover,svl
4437,clue,svl
4438,unlike,svl
4439,undergo,svl
4440,depression,svl
4441,retirement,svl
4442,undertake,svl
4443,acquisition,svl
4444,cunning,svl
4445,violate,svl
4446,morally,svl
4447,unacceptable,svl
4448,vow,svl
4449,eternal,svl
4450,precisely,svl
4451,violently,svl
4452,waken,svl
4453,electronics,svl
4454,officially,svl
4455,withdraw,svl
4456,anticipate,svl
4457,moderate,svl
4458,conceive,svl
4459,fantastic,svl
4460,despise,svl
4461,inferior,svl
4462,detect,svl
4463,suspicious,svl
4464,dread,svl
4465,grieve,svl
4466,distress,svl
4467,destiny,svl
4468,regardless,svl
4469,conviction,svl
4470,mourn,svl
4471,pope,svl
4472,influential,svl
4473,economist,svl
4474,predict,svl
4475,recession,svl
4476,dim,svl
4477,startle,svl
4478,garment,svl
4479,alligator,svl
4480,beetle,svl
4481,calf,svl
4482,cricket,svl
4483,crocodile,svl
4484,dinosaur,svl
4485,dolphin,svl
4486,donkey,svl
4487,dove,svl
4488,giraffe,svl
4489,herd,svl
4490,lark,svl
4491,lobster,svl
4492,sparrow,svl
4493,squirrel,svl
4494,turtle,svl
4495,zebra,svl
4496,ballet,svl
4497,beating,svl
4498,championship,svl
4499,handling,svl
4500,riding,svl
4501,rugby,svl
4502,surfing,svl
4503,arithmetic,svl
4504,biology,svl
4505,calculation,svl
4506,evolution,svl
4507,noun,svl
4508,organism,svl
4509,Renaissance,svl
4510,theme,svl
4511,tragedy,svl
4512,verb,svl
4513,belly,svl
4514,footprint,svl
4515,footstep,svl
4516,appreciation,svl
4517,awareness,svl
4518,awe,svl
4519,creativity,svl
4520,daring,svl
4521,disgrace,svl
4522,eagerness,svl
4523,esteem,svl
4524,fantasy,svl
4525,illusion,svl
4526,inspiration,svl
4527,motive,svl
4528,perception,svl
4529,preference,svl
4530,seriousness,svl
4531,suspicion,svl
4532,wit,svl
4533,clay,svl
4534,clover,svl
4535,daylight,svl
4536,hay,svl
4537,moss,svl
4538,pansy,svl
4539,raindrop,svl
4540,thorn,svl
4541,twilight,svl
4542,typhoon,svl
4543,vine,svl
4544,volcano,svl
4545,allowance,svl
4546,assumption,svl
4547,assurance,svl
4548,bang,svl
4549,belonging,svl
4550,climax,svl
4551,congratulation,svl
4552,decoration,svl
4553,defect,svl
4554,earning,svl
4555,Easter,svl
4556,errand,svl
4557,exploration,svl
4558,exposure,svl
4559,farewell,svl
4560,ferry,svl
4561,format,svl
4562,graduation,svl
4563,heading,svl
4564,headline,svl
4565,heap,svl
4566,hike,svl
4567,housekeeping,svl
4568,hug,svl
4569,incline,svl
4570,input,svl
4571,keyword,svl
4572,knitting,svl
4573,lighting,svl
4574,listing,svl
4575,lump,svl
4576,midday,svl
4577,mixture,svl
4578,nightmare,svl
4579,objective,svl
4580,offering,svl
4581,outlet,svl
4582,packaging,svl
4583,packing,svl
4584,password,svl
4585,phase,svl
4586,phenomenon,svl
4587,prescription,svl
4588,prevention,svl
4589,procession,svl
4590,profile,svl
4591,publishing,svl
4592,reflection,svl
4593,removal,svl
4594,routine,svl
4595,scar,svl
4596,shipping,svl
4597,sightseeing,svl
4598,similarity,svl
4599,solitude,svl
4600,standing,svl
4601,stitch,svl
4602,streetcar,svl
4603,testing,svl
4604,topping,svl
4605,vacuum,svl
4606,vigor,svl
4607,warming,svl
4608,alliance,svl
4609,assembly,svl
4610,behalf,svl
4611,broadcasting,svl
4612,capitalism,svl
4613,charter,svl
4614,combat,svl
4615,commitment,svl
4616,concept,svl
4617,conquest,svl
4618,consensus,svl
4619,dealing,svl
4620,declaration,svl
4621,demonstration,svl
4622,distinction,svl
4623,evaluation,svl
4624,expansion,svl
4625,fairness,svl
4626,famine,svl
4627,guideline,svl
4628,inflation,svl
4629,invasion,svl
4630,limitation,svl
4631,majesty,svl
4632,missile,svl
4633,outlook,svl
4634,partnership,svl
4635,poll,svl
4636,provision,svl
4637,publicity,svl
4638,refuge,svl
4639,revival,svl
4640,satellite,svl
4641,senate,svl
4642,separation,svl
4643,sphere,svl
4644,trading,svl
4645,transition,svl
4646,unity,svl
4647,wartime,svl
4648,blueberry,svl
4649,cereal,svl
4650,cider,svl
4651,coconut,svl
4652,cucumber,svl
4653,liquor,svl
4654,mango,svl
4655,oyster,svl
4656,pasta,svl
4657,raisin,svl
4658,raspberry,svl
4659,abundance,svl
4660,breadth,svl
4661,bulk,svl
4662,calorie,svl
4663,frequency,svl
4664,hardness,svl
4665,ounce,svl
4666,particle,svl
4667,shilling,svl
4668,academy,svl
4669,aisle,svl
4670,arcade,svl
4671,arena,svl
4672,barn,svl
4673,brim,svl
4674,bureau,svl
4675,cape,svl
4676,cathedral,svl
4677,chamber,svl
4678,coffeehouse,svl
4679,corridor,svl
4680,crossroad,svl
4681,crosswalk,svl
4682,disco,svl
4683,dock,svl
4684,farmhouse,svl
4685,freeway,svl
4686,greenhouse,svl
4687,headquarters,svl
4688,hilltop,svl
4689,laboratory,svl
4690,lounge,svl
4691,margin,svl
4692,nursery,svl
4693,pyramid,svl
4694,riverside,svl
4695,schoolhouse,svl
4696,schoolroom,svl
4697,veranda,svl
4698,viewpoint,svl
4699,workshop,svl
4700,attendant,svl
4701,biologist,svl
4702,borrower,svl
4703,breaker,svl
4704,capitalist,svl
4705,catcher,svl
4706,civilian,svl
4707,conqueror,svl
4708,consultant,svl
4709,democrat,svl
4710,developer,svl
4711,dresser,svl
4712,dressmaker,svl
4713,educator,svl
4714,elite,svl
4715,entertainer,svl
4716,fighter,svl
4717,follower,svl
4718,golfer,svl
4719,heroine,svl
4720,historian,svl
4721,horseman,svl
4722,housekeeper,svl
4723,idiot,svl
4724,immigrant,svl
4725,inhabitant,svl
4726,insider,svl
4727,inspector,svl
4728,instructor,svl
4729,inventor,svl
4730,investor,svl
4731,laborer,svl
4732,marker,svl
4733,milkman,svl
4734,mission,svl
4735,monarch,svl
4736,motorist,svl
4737,observer,svl
4738,organist,svl
4739,pal,svl
4740,peer,svl
4741,performer,svl
4742,philosopher,svl
4743,playmate,svl
4744,provider,svl
4745,publisher,svl
4746,recruit,svl
4747,republican,svl
4748,rider,svl
4749,salesclerk,svl
4750,salespeople,svl
4751,salesperson,svl
4752,schoolmaster,svl
4753,schoolteacher,svl
4754,shoemaker,svl
4755,spectator,svl
4756,statesman,svl
4757,substitute,svl
4758,sufferer,svl
4759,surgeon,svl
4760,survivor,svl
4761,terrorist,svl
4762,thinker,svl
4763,trader,svl
4764,troop,svl
4765,warrior,svl
4766,widow,svl
4767,witch,svl
4768,antenna,svl
4769,armor,svl
4770,ballpoint,svl
4771,barrier,svl
4772,blaze,svl
4773,bra,svl
4774,bracelet,svl
4775,bronze,svl
4776,bundle,svl
4777,canvas,svl
4778,chip,svl
4779,chorus,svl
4780,cooker,svl
4781,copper,svl
4782,core,svl
4783,coupon,svl
4784,cradle,svl
4785,currency,svl
4786,dishwater,svl
4787,drier,svl
4788,fastener,svl
4789,fiber,svl
4790,flashlight,svl
4791,foam,svl
4792,folder,svl
4793,garbage,svl
4794,gear,svl
4795,graph,svl
4796,gum,svl
4797,hanger,svl
4798,hardware,svl
4799,harmonica,svl
4800,headphone,svl
4801,imitation,svl
4802,lighter,svl
4803,makeup,svl
4804,marking,svl
4805,mat,svl
4806,mattress,svl
4807,memo,svl
4808,memorial,svl
4809,microwave,svl
4810,mitten,svl
4811,nickel,svl
4812,nightdress,svl
4813,nightgown,svl
4814,nylon,svl
4815,oar,svl
4816,ornament,svl
4817,pad,svl
4818,pamphlet,svl
4819,paperback,svl
4820,parasol,svl
4821,paste,svl
4822,perfume,svl
4823,petrol,svl
4824,pillowcase,svl
4825,plow,svl
4826,pocketbook,svl
4827,pointer,svl
4828,pullover,svl
4829,rag,svl
4830,saddle,svl
4831,schoolbook,svl
4832,scrap,svl
4833,sculpture,svl
4834,shovel,svl
4835,strap,svl
4836,stripe,svl
4837,thermometer,svl
4838,thriller,svl
4839,tights,svl
4840,tissue,svl
4841,torch,svl
4842,trombone,svl
4843,tub,svl
4844,veil,svl
4845,wineglass,svl
4846,zipper,svl
4847,exterior,svl
4848,horizontal,svl
4849,mid,svl
4850,neutral,svl
4851,provincial,svl
4852,regional,svl
4853,widespread,svl
4854,biological,svl
4855,Catholic,svl
4856,educated,svl
4857,experimental,svl
4858,mathematical,svl
4859,psychological,svl
4860,sacred,svl
4861,solo,svl
4862,adventurous,svl
4863,caring,svl
4864,delightful,svl
4865,earnest,svl
4866,forgetful,svl
4867,inclined,svl
4868,talented,svl
4869,thoughtful,svl
4870,arched,svl
4871,auto,svl
4872,beaten,svl
4873,bent,svl
4874,burning,svl
4875,circular,svl
4876,concrete,svl
4877,creamy,svl
4878,dairy,svl
4879,damp,svl
4880,dense,svl
4881,drawn,svl
4882,dying,svl
4883,elegant,svl
4884,erect,svl
4885,flexible,svl
4886,frozen,svl
4887,gloomy,svl
4888,graphic,svl
4889,iced,svl
4890,lame,svl
4891,nude,svl
4892,portable,svl
4893,rocky,svl
4894,sandy,svl
4895,sexy,svl
4896,shiny,svl
4897,slender,svl
4898,swift,svl
4899,wireless,svl
4900,abandoned,svl
4901,accidental,svl
4902,accomplished,svl
4903,accustomed,svl
4904,agreeable,svl
4905,alert,svl
4906,broke,svl
4907,concentrated,svl
4908,confused,svl
4909,confusing,svl
4910,contemporary,svl
4911,continuous,svl
4912,decided,svl
4913,destructive,svl
4914,diligent,svl
4915,disappointed,svl
4916,disgusting,svl
4917,doubtful,svl
4918,earthly,svl
4919,embarrassing,svl
4920,exhausted,svl
4921,fascinating,svl
4922,forbidden,svl
4923,forced,svl
4924,frightening,svl
4925,fruitful,svl
4926,graceful,svl
4927,grim,svl
4928,hasty,svl
4929,heavenly,svl
4930,imaginary,svl
4931,indirect,svl
4932,industrious,svl
4933,optimistic,svl
4934,passionate,svl
4935,pleasing,svl
4936,prompt,svl
4937,prosperous,svl
4938,protective,svl
4939,proven,svl
4940,relieved,svl
4941,reserved,svl
4942,rising,svl
4943,satisfying,svl
4944,shocking,svl
4945,supposed,svl
4946,thrilling,svl
4947,victorious,svl
4948,vivid,svl
4949,accused,svl
4950,colonial,svl
4951,competitive,svl
4952,conservative,svl
4953,developed,svl
4954,dominant,svl
4955,economical,svl
4956,elective,svl
4957,federal,svl
4958,organized,svl
4959,productive,svl
4960,progressive,svl
4961,racial,svl
4962,racing,svl
4963,rational,svl
4964,abundant,svl
4965,acute,svl
4966,crucial,svl
4967,excessive,svl
4968,imperfect,svl
4969,millionth,svl
4970,multiple,svl
4971,plural,svl
4972,scarce,svl
4973,singular,svl
4974,supreme,svl
4975,timeless,svl
4976,unbelievable,svl
4977,uncommon,svl
4978,utter,svl
4979,downward,svl
4980,inward,svl
4981,onward,svl
4982,worldwide,svl
4983,accurately,svl
4984,bravely,svl
4985,darkly,svl
4986,loosely,svl
4987,nicely,svl
4988,promptly,svl
4989,remarkably,svl
4990,thinly,svl
4991,accordingly,svl
4992,doubtless,svl
4993,faithfully,svl
4994,likewise,svl
4995,primarily,svl
4996,rightly,svl
4997,similarly,svl
4998,solely,svl
4999,specifically,svl
5000,minus,svl
5001,trivial,svl
5002,misunderstanding,svl
5003,hostility,svl
5004,accumulate,svl
5005,tourism,svl
5006,boom,svl
5007,unsteady,svl
5008,jolly,svl
5009,brighten,svl
5010,depressed,svl
5011,symbolic,svl
5012,unconscious,svl
5013,correspond,svl
5014,bodily,svl
5015,beneficial,svl
5016,deepen,svl
5017,cooperative,svl
5018,multimedia,svl
5019,diminish,svl
5020,obstacle,svl
5021,completion,svl
5022,objection,svl
5023,evolve,svl
5024,ape,svl
5025,flatten,svl
5026,swimsuit,svl
5027,generate,svl
5028,resentment,svl
5029,grower,svl
5030,gem,svl
5031,glitter,svl
5032,harden,svl
5033,dreadful,svl
5034,haunt,svl
5035,deserted,svl
5036,infect,svl
5037,virus,svl
5038,outbreak,svl
5039,loosen,svl
5040,disturbing,svl
5041,massage,svl
5042,penetrate,svl
5043,mildly,svl
5044,reckless,svl
5045,render,svl
5046,unsuitable,svl
5047,successor,svl
5048,envious,svl
5049,reside,svl
5050,gorgeous,svl
5051,villa,svl
5052,signify,svl
5053,disapproval,svl
5054,proposition,svl
5055,straighten,svl
5056,statistics,svl
5057,continuously,svl
5058,widen,svl
5059,activist,svl
5060,clash,svl
5061,fortnight,svl
5062,congratulate,svl
5063,timid,svl
5064,courtesy,svl
5065,weakly,svl
5066,mutter,svl
5067,pledge,svl
5068,reliable,svl
5069,inexpensive,svl
5070,proficient,svl
5071,specify,svl
5072,receptionist,svl
5073,unwise,svl
5074,transmit,svl
5075,classified,svl
5076,bounce,svl
5077,disturbed,svl
5078,uneasy,svl
5079,buzz,svl
5080,noisily,svl
5081,choke,svl
5082,sheer,svl
5083,crouch,svl
5084,precaution,svl
5085,exhaustion,svl
5086,fling,svl
5087,couch,svl
5088,triangular,svl
5089,banner,svl
5090,flutter,svl
5091,gasp,svl
5092,astonishment,svl
5093,glide,svl
5094,peacefully,svl
5095,chilly,svl
5096,highland,svl
5097,graze,svl
5098,nationalist,svl
5099,hail,svl
5100,pant,svl
5101,peck,svl
5102,attentive,svl
5103,revolve,svl
5104,librarian,svl
5105,rip,svl
5106,roam,svl
5107,spectacular,svl
5108,waterfall,svl
5109,correspondent,svl
5110,scramble,svl
5111,controversial,svl
5112,adequate,svl
5113,shiver,svl
5114,unbearable,svl
5115,transparent,svl
5116,slam,svl
5117,spit,svl
5118,umpire,svl
5119,sober,svl
5120,stagger,svl
5121,stalk,svl
5122,paw,svl
5123,babe,svl
5124,stoop,svl
5125,thankfully,svl
5126,feeble,svl
5127,walnut,svl
5128,sway,svl
5129,dizzy,svl
5130,thrust,svl
5131,tremble,svl
5132,hateful,svl
5133,scorn,svl
5134,tuck,svl
5135,untidy,svl
5136,whirl,svl
5137,banquet,svl
5138,accommodate,svl
5139,ally,svl
5140,neighboring,svl
5141,preservation,svl
5142,applaud,svl
5143,voluntary,svl
5144,participation,svl
5145,needy,svl
5146,database,svl
5147,exclusively,svl
5148,authorize,svl
5149,banish,svl
5150,involvement,svl
5151,blast,svl
5152,outskirt,svl
5153,accidentally,svl
5154,bleach,svl
5155,colored,svl
5156,comical,svl
5157,boost,svl
5158,familiarity,svl
5159,characterize,svl
5160,peculiarly,svl
5161,cite,svl
5162,indication,svl
5163,intimate,svl
5164,defendant,svl
5165,classify,svl
5166,descent,svl
5167,commence,svl
5168,solemnly,svl
5169,hymn,svl
5170,priceless,svl
5171,remembrance,svl
5172,compel,svl
5173,genetic,svl
5174,complicate,svl
5175,wrongly,svl
5176,convict,svl
5177,jury,svl
5178,cooperate,svl
5179,cargo,svl
5180,inspection,svl
5181,diplomat,svl
5182,counterpart,svl
5183,coordinate,svl
5184,financially,svl
5185,donation,svl
5186,corrupt,svl
5187,cruise,svl
5188,offshore,svl
5189,cozy,svl
5190,thankful,svl
5191,hospitality,svl
5192,dedicate,svl
5193,defy,svl
5194,analyst,svl
5195,prediction,svl
5196,hostile,svl
5197,indifference,svl
5198,depress,svl
5199,disclose,svl
5200,accountant,svl
5201,dishonest,svl
5202,unmistakable,svl
5203,resemblance,svl
5204,displease,svl
5205,cheaply,svl
5206,coarse,svl
5207,dissatisfy,svl
5208,trusting,svl
5209,shameful,svl
5210,dump,svl
5211,trash,svl
5212,eliminate,svl
5213,stale,svl
5214,odor,svl
5215,unsatisfactory,svl
5216,Muslim,svl
5217,earnestly,svl
5218,endeavor,svl
5219,Islam,svl
5220,equip,svl
5221,electron,svl
5222,microscope,svl
5223,murderer,svl
5224,execute,svl
5225,slavery,svl
5226,exploit,svl
5227,extract,svl
5228,cork,svl
5229,sophisticated,svl
5230,mathematician,svl
5231,fascinate,svl
5232,fraction,svl
5233,foster,svl
5234,orphan,svl
5235,insufficient,svl
5236,funding,svl
5237,continually,svl
5238,frustrate,svl
5239,grill,svl
5240,crisp,svl
5241,juicy,svl
5242,unreasonable,svl
5243,imprison,svl
5244,abrupt,svl
5245,inflict,svl
5246,initiate,svl
5247,dialogue,svl
5248,insert,svl
5249,individually,svl
5250,decent,svl
5251,craftsman,svl
5252,irritate,svl
5253,exclusive,svl
5254,isolate,svl
5255,mingle,svl
5256,ingredient,svl
5257,mold,svl
5258,nutrition,svl
5259,mislead,svl
5260,naughty,svl
5261,mock,svl
5262,headmaster,svl
5263,inspiring,svl
5264,astronaut,svl
5265,motivate,svl
5266,dropout,svl
5267,overthrow,svl
5268,unsuccessful,svl
5269,overwhelm,svl
5270,gratitude,svl
5271,generosity,svl
5272,overwork,svl
5273,symptom,svl
5274,fatigue,svl
5275,curiously,svl
5276,peep,svl
5277,shady,svl
5278,dependence,svl
5279,persist,svl
5280,therapy,svl
5281,prick,svl
5282,irresponsible,svl
5283,provoke,svl
5284,rebellion,svl
5285,unemployed,svl
5286,inevitably,svl
5287,reap,svl
5288,innovation,svl
5289,reassure,svl
5290,pregnant,svl
5291,overtime,svl
5292,rebuild,svl
5293,regain,svl
5294,brilliance,svl
5295,prominence,svl
5296,closing,svl
5297,speculation,svl
5298,hardship,svl
5299,reopen,svl
5300,replay,svl
5301,repeatedly,svl
5302,restructure,svl
5303,bankrupt,svl
5304,retail,svl
5305,cosmetic,svl
5306,considerably,svl
5307,revise,svl
5308,manuscript,svl
5309,subtle,svl
5310,scrape,svl
5311,sharpen,svl
5312,deliberately,svl
5313,shatter,svl
5314,soak,svl
5315,soapy,svl
5316,stray,svl
5317,prey,svl
5318,savage,svl
5319,suppress,svl
5320,sweetly,svl
5321,trustworthy,svl
5322,tackle,svl
5323,terrify,svl
5324,fearless,svl
5325,undo,svl
5326,curse,svl
5327,undress,svl
5328,restless,svl
5329,simultaneously,svl
5330,unfold,svl
5331,ragged,svl
5332,cloak,svl
5333,identification,svl
5334,unlock,svl
5335,neatly,svl
5336,utilize,svl
5337,acknowledge,svl
5338,inadequate,svl
5339,supervision,svl
5340,compensation,svl
5341,lacking,svl
5342,assess,svl
5343,positively,svl
5344,attribute,svl
5345,modesty,svl
5346,descendant,svl
5347,nobility,svl
5348,masterpiece,svl
5349,obscure,svl
5350,comprehend,svl
5351,profound,svl
5352,insight,svl
5353,devise,svl
5354,ultimately,svl
5355,disapprove,svl
5356,distrust,svl
5357,habitual,svl
5358,offender,svl
5359,denial,svl
5360,accusation,svl
5361,idealize,svl
5362,exceedingly,svl
5363,orthodox,svl
5364,memorize,svl
5365,perfection,svl
5366,rehearsal,svl
5367,resent,svl
5368,impolite,svl
5369,rejection,svl
5370,participant,svl
5371,unpaid,svl
5372,sympathize,svl
5373,coverage,svl
5374,worship,svl
5375,Satan,svl
5376,beak,svl
5377,cuckoo,svl
5378,dwarf,svl
5379,fowl,svl
5380,gene,svl
5381,mammal,svl
5382,octopus,svl
5383,peacock,svl
5384,ram,svl
5385,shark,svl
5386,tortoise,svl
5387,watchdog,svl
5388,athletics,svl
5389,badminton,svl
5390,cycling,svl
5391,excursion,svl
5392,glimpse,svl
5393,backbone,svl
5394,digestion,svl
5395,fitness,svl
5396,plague,svl
5397,pregnancy,svl
5398,vitality,svl
5399,anticipation,svl
5400,bitterness,svl
5401,bravery,svl
5402,conception,svl
5403,contentment,svl
5404,coolness,svl
5405,disagreement,svl
5406,embarrassment,svl
5407,encouragement,svl
5408,folly,svl
5409,forgiveness,svl
5410,hesitation,svl
5411,impatience,svl
5412,intellect,svl
5413,irritation,svl
5414,liking,svl
5415,marvel,svl
5416,nuisance,svl
5417,originality,svl
5418,perspective,svl
5419,purity,svl
5420,sincerity,svl
5421,stimulus,svl
5422,stupidity,svl
5423,suspense,svl
5424,torment,svl
5425,vanity,svl
5426,adjective,svl
5427,adverb,svl
5428,astronomy,svl
5429,biography,svl
5430,Buddhism,svl
5431,classification,svl
5432,clause,svl
5433,curriculum,svl
5434,diagram,svl
5435,diversity,svl
5436,economics,svl
5437,ego,svl
5438,equation,svl
5439,ethics,svl
5440,fable,svl
5441,faculty,svl
5442,geometry,svl
5443,holiness,svl
5444,idiom,svl
5445,metaphor,svl
5446,molecule,svl
5447,paradox,svl
5448,reasoning,svl
5449,ritual,svl
5450,schooling,svl
5451,Shinto,svl
5452,sociology,svl
5453,summary,svl
5454,syllable,svl
5455,vowel,svl
5456,bacteria,svl
5457,brook,svl
5458,comet,svl
5459,daybreak,svl
5460,dew,svl
5461,gravity,svl
5462,grove,svl
5463,herb,svl
5464,rainfall,svl
5465,rust,svl
5466,seaweed,svl
5467,snowstorm,svl
5468,springtime,svl
5469,stump,svl
5470,surf,svl
5471,abortion,svl
5472,accounting,svl
5473,aftercare,svl
5474,applause,svl
5475,ascent,svl
5476,assessment,svl
5477,attendance,svl
5478,bargaining,svl
5479,betrayal,svl
5480,blot,svl
5481,blueprint,svl
5482,booking,svl
5483,boycott,svl
5484,breaking,svl
5485,burial,svl
5486,caress,svl
5487,cartoon,svl
5488,checkup,svl
5489,circulation,svl
5490,clearing,svl
5491,cluster,svl
5492,coating,svl
5493,coloring,svl
5494,comeback,svl
5495,complication,svl
5496,compliment,svl
5497,consultation,svl
5498,controversy,svl
5499,correction,svl
5500,counsel,svl
5501,counseling,svl
5502,cue,svl
5503,deceit,svl
5504,deception,svl
5505,demerit,svl
5506,disturbance,svl
5507,dullness,svl
5508,endurance,svl
5509,exaggeration,svl
5510,excellence,svl
5511,facsimile,svl
5512,fake,svl
5513,flexibility,svl
5514,fluid,svl
5515,formality,svl
5516,formula,svl
5517,fragment,svl
5518,fuck,svl
5519,fulfillment,svl
5520,fuss,svl
5521,gathering,svl
5522,grouping,svl
5523,handicap,svl
5524,hum,svl
5525,idleness,svl
5526,impossibility,svl
5527,inclination,svl
5528,initiative,svl
5529,inquiry,svl
5530,interpretation,svl
5531,interruption,svl
5532,jerk,svl
5533,leak,svl
5534,manhood,svl
5535,moderation,svl
5536,morality,svl
5537,narration,svl
5538,narrative,svl
5539,navigation,svl
5540,newsletter,svl
5541,nomination,svl
5542,ownership,svl
5543,peculiarity,svl
5544,penetration,svl
5545,peril,svl
5546,personnel,svl
5547,postage,svl
5548,premise,svl
5549,pretense,svl
5550,probability,svl
5551,qualification,svl
5552,quest,svl
5553,queue,svl
5554,rape,svl
5555,recreation,svl
5556,registration,svl
5557,regularity,svl
5558,remainder,svl
5559,repetition,svl
5560,repose,svl
5561,representation,svl
5562,restoration,svl
5563,revolt,svl
5564,riddle,svl
5565,salute,svl
5566,scenario,svl
5567,seminar,svl
5568,sequence,svl
5569,sewing,svl
5570,slogan,svl
5571,span,svl
5572,stability,svl
5573,storage,svl
5574,storytelling,svl
5575,strife,svl
5576,supplement,svl
5577,surname,svl
5578,teamwork,svl
5579,telegraph,svl
5580,theft,svl
5581,tick,svl
5582,transformation,svl
5583,transmission,svl
5584,unhappiness,svl
5585,usefulness,svl
5586,utility,svl
5587,violation,svl
5588,withdrawal,svl
5589,bribe,svl
5590,corruption,svl
5591,deficit,svl
5592,discrimination,svl
5593,federation,svl
5594,fleet,svl
5595,framework,svl
5596,ideology,svl
5597,insistence,svl
5598,intervention,svl
5599,isolation,svl
5600,justification,svl
5601,mining,svl
5602,monopoly,svl
5603,patent,svl
5604,pension,svl
5605,proceeding,svl
5606,rally,svl
5607,realm,svl
5608,reign,svl
5609,revenue,svl
5610,sect,svl
5611,starvation,svl
5612,taxation,svl
5613,torture,svl
5614,transaction,svl
5615,treasury,svl
5616,warrant,svl
5617,barbecue,svl
5618,cracker,svl
5619,eggplant,svl
5620,mutton,svl
5621,noodle,svl
5622,oat,svl
5623,pastry,svl
5624,radish,svl
5625,refreshment,svl
5626,spinach,svl
5627,tuna,svl
5628,accuracy,svl
5629,boldness,svl
5630,brightness,svl
5631,calmness,svl
5632,capability,svl
5633,certainty,svl
5634,cheapness,svl
5635,clearness,svl
5636,complexity,svl
5637,cupful,svl
5638,dimension,svl
5639,gallon,svl
5640,intensity,svl
5641,mouthful,svl
5642,multitude,svl
5643,pint,svl
5644,puff,svl
5645,quietness,svl
5646,ratio,svl
5647,scope,svl
5648,sensitivity,svl
5649,sharpness,svl
5650,simplicity,svl
5651,stack,svl
5652,stillness,svl
5653,succession,svl
5654,sufficiency,svl
5655,sweetness,svl
5656,teaspoonful,svl
5657,tempo,svl
5658,tenderness,svl
5659,thickness,svl
5660,voltage,svl
5661,whiteness,svl
5662,airliner,svl
5663,crane,svl
5664,glider,svl
5665,liner,svl
5666,motorcar,svl
5667,scooter,svl
5668,spacecraft,svl
5669,spaceship,svl
5670,steamship,svl
5671,alley,svl
5672,bazaar,svl
5673,booth,svl
5674,campground,svl
5675,canyon,svl
5676,cemetery,svl
5677,ditch,svl
5678,driveway,svl
5679,dwelling,svl
5680,farmland,svl
5681,gateway,svl
5682,hallway,svl
5683,isle,svl
5684,lodging,svl
5685,mainland,svl
5686,marketplace,svl
5687,midst,svl
5688,motorway,svl
5689,nightclub,svl
5690,orbit,svl
5691,orchard,svl
5692,orient,svl
5693,parlor,svl
5694,planetarium,svl
5695,plantation,svl
5696,ridge,svl
5697,salon,svl
5698,seaport,svl
5699,shrine,svl
5700,staircase,svl
5701,standpoint,svl
5702,strait,svl
5703,swamp,svl
5704,terrace,svl
5705,ace,svl
5706,administrator,svl
5707,admirer,svl
5708,advertiser,svl
5709,astronomer,svl
5710,Buddhist,svl
5711,builder,svl
5712,caller,svl
5713,carrier,svl
5714,cashier,svl
5715,chairperson,svl
5716,challenger,svl
5717,councilor,svl
5718,counselor,svl
5719,creator,svl
5720,crook,svl
5721,cyclist,svl
5722,defender,svl
5723,demonstrator,svl
5724,deputy,svl
5725,duke,svl
5726,examiner,svl
5727,exporter,svl
5728,feminist,svl
5729,gunman,svl
5730,lad,svl
5731,loser,svl
5732,mister,svl
5733,newcomer,svl
5734,newscaster,svl
5735,nobleman,svl
5736,nun,svl
5737,offspring,svl
5738,outsider,svl
5739,physicist,svl
5740,promoter,svl
5741,protector,svl
5742,Protestant,svl
5743,senator,svl
5744,sender,svl
5745,socialist,svl
5746,storyteller,svl
5747,sweetheart,svl
5748,taxpayer,svl
5749,technician,svl
5750,tenant,svl
5751,translator,svl
5752,viewer,svl
5753,virgin,svl
5754,voter,svl
5755,watchman,svl
5756,workman,svl
5757,aluminum,svl
5758,armchair,svl
5759,asset,svl
5760,beater,svl
5761,broom,svl
5762,calculator,svl
5763,cannon,svl
5764,cello,svl
5765,certificate,svl
5766,commodity,svl
5767,compass,svl
5768,condom,svl
5769,dart,svl
5770,dime,svl
5771,firework,svl
5772,fossil,svl
5773,headlight,svl
5774,heritage,svl
5775,holder,svl
5776,inheritance,svl
5777,junk,svl
5778,kit,svl
5779,lever,svl
5780,lining,svl
5781,loudspeaker,svl
5782,lumber,svl
5783,miniature,svl
5784,opener,svl
5785,pedal,svl
5786,perch,svl
5787,pillar,svl
5788,plug,svl
5789,probe,svl
5790,puppet,svl
5791,rack,svl
5792,radar,svl
5793,reel,svl
5794,reproduction,svl
5795,rubbish,svl
5796,script,svl
5797,searchlight,svl
5798,shit,svl
5799,shutter,svl
5800,skyscraper,svl
5801,stool,svl
5802,tablet,svl
5803,tag,svl
5804,teaspoon,svl
5805,trophy,svl
5806,velvet,svl
5807,watercolor,svl
5808,wrinkle,svl
5809,alphabetical,svl
5810,architectural,svl
5811,bilingual,svl
5812,blessed,svl
5813,divine,svl
5814,ethical,svl
5815,grammatical,svl
5816,instructive,svl
5817,poetic,svl
5818,preschool,svl
5819,theatrical,svl
5820,annoying,svl
5821,composed,svl
5822,cowardly,svl
5823,depressing,svl
5824,disappointing,svl
5825,embarrassed,svl
5826,entertaining,svl
5827,foul,svl
5828,fucking,svl
5829,indifferent,svl
5830,irritating,svl
5831,relaxing,svl
5832,spicy,svl
5833,startling,svl
5834,tasty,svl
5835,vicious,svl
5836,alcoholic,svl
5837,bald,svl
5838,boiling,svl
5839,climatic,svl
5840,dental,svl
5841,drunken,svl
5842,folding,svl
5843,fuzzy,svl
5844,hardy,svl
5845,hilly,svl
5846,magnetic,svl
5847,mellow,svl
5848,melting,svl
5849,metallic,svl
5850,milky,svl
5851,mini,svl
5852,noiseless,svl
5853,oval,svl
5854,photographic,svl
5855,rhythmic,svl
5856,rigid,svl
5857,smoky,svl
5858,snowy,svl
5859,solar,svl
5860,stony,svl
5861,vocal,svl
5862,woolen,svl
5863,accessible,svl
5864,admirable,svl
5865,almighty,svl
5866,applied,svl
5867,businesslike,svl
5868,changeable,svl
5869,collective,svl
5870,combined,svl
5871,competent,svl
5872,constructive,svl
5873,continental,svl
5874,conversational,svl
5875,convincing,svl
5876,dedicated,svl
5877,defensive,svl
5878,deliberate,svl
5879,devoted,svl
5880,distinctive,svl
5881,diverse,svl
5882,documentary,svl
5883,elaborate,svl
5884,energetic,svl
5885,everlasting,svl
5886,exceptional,svl
5887,explosive,svl
5888,faraway,svl
5889,fireproof,svl
5890,guarded,svl
5891,handicapped,svl
5892,immortal,svl
5893,incapable,svl
5894,incorrect,svl
5895,infectious,svl
5896,informed,svl
5897,insistent,svl
5898,instrumental,svl
5899,intended,svl
5900,irregular,svl
5901,lasting,svl
5902,lone,svl
5903,maiden,svl
5904,manly,svl
5905,momentary,svl
5906,mortal,svl
5907,optional,svl
5908,ornamental,svl
5909,owing,svl
5910,penniless,svl
5911,persistent,svl
5912,preliminary,svl
5913,reflective,svl
5914,refreshing,svl
5915,relevant,svl
5916,residential,svl
5917,respectful,svl
5918,salaried,svl
5919,secondhand,svl
5920,sleepless,svl
5921,solitary,svl
5922,sporty,svl
5923,structural,svl
5924,successive,svl
5925,systematic,svl
5926,tiring,svl
5927,troublesome,svl
5928,truthful,svl
5929,unavoidable,svl
5930,undoubted,svl
5931,unmarried,svl
5932,unnatural,svl
5933,unseen,svl
5934,unselfish,svl
5935,vacant,svl
5936,valid,svl
5937,varied,svl
5938,vigorous,svl
5939,virtual,svl
5940,wasteful,svl
5941,watchful,svl
5942,waterproof,svl
5943,worldly,svl
5944,administrative,svl
5945,competing,svl
5946,compulsory,svl
5947,conditional,svl
5948,institutional,svl
5949,monetary,svl
5950,naval,svl
5951,parliamentary,svl
5952,topical,svl
5953,unarmed,svl
5954,ample,svl
5955,biting,svl
5956,comparable,svl
5957,comparative,svl
5958,continual,svl
5959,costly,svl
5960,countless,svl
5961,equivalent,svl
5962,immature,svl
5963,infinite,svl
5964,intermediate,svl
5965,overweight,svl
5966,plentiful,svl
5967,terminal,svl
5968,tremendous,svl
5969,unlimited,svl
5970,unworthy,svl
5971,utmost,svl
5972,valueless,svl
5973,worthless,svl
5974,worthwhile,svl
5975,alongside,svl
5976,sideways,svl
5977,comparatively,svl
5978,delicately,svl
5979,dishonestly,svl
5980,enormously,svl
5981,freshly,svl
5982,moderately,svl
5983,modestly,svl
5984,partially,svl
5985,beforehand,svl
5986,casually,svl
5987,economically,svl
5988,eternally,svl
5989,furthermore,svl
5990,hence,svl
5991,importantly,svl
5992,nonetheless,svl
5993,popularly,svl
5994,universally,svl
5995,lest,svl
5996,provided,svl
5997,providing,svl
5998,whereas,svl
5999,aha,svl
6000,alas,svl
6001,symposium,svl
6002,broaden,svl
6003,ecology,svl
6004,circulate,svl
6005,corpse,svl
6006,marsh,svl
6007,fingerprint,svl
6008,coincide,svl
6009,plumber,svl
6010,comprise,svl
6011,dictation,svl
6012,amazement,svl
6013,contradict,svl
6014,hypothesis,svl
6015,cripple,svl
6016,lieutenant,svl
6017,wheelchair,svl
6018,locomotive,svl
6019,deafen,svl
6020,optimism,svl
6021,doom,svl
6022,bankruptcy,svl
6023,cylinder,svl
6024,enhance,svl
6025,enrich,svl
6026,expertise,svl
6027,intensive,svl
6028,smog,svl
6029,envelop,svl
6030,soloist,svl
6031,expressive,svl
6032,excel,svl
6033,plaster,svl
6034,flake,svl
6035,lavatory,svl
6036,madly,svl
6037,flap,svl
6038,thunderstorm,svl
6039,flush,svl
6040,indignation,svl
6041,heighten,svl
6042,contradiction,svl
6043,hush,svl
6044,lecturer,svl
6045,illuminate,svl
6046,wintertime,svl
6047,prevailing,svl
6048,incorporate,svl
6049,raid,svl
6050,metropolitan,svl
6051,intensify,svl
6052,intake,svl
6053,lengthen,svl
6054,rehabilitation,svl
6055,cane,svl
6056,lessen,svl
6057,bruise,svl
6058,recollection,svl
6059,debut,svl
6060,temporarily,svl
6061,lighten,svl
6062,nationalize,svl
6063,miner,svl
6064,preface,svl
6065,precede,svl
6066,appendix,svl
6067,pulse,svl
6068,quicken,svl
6069,apprehension,svl
6070,fig,svl
6071,ripen,svl
6072,goldfish,svl
6073,rot,svl
6074,distributor,svl
6075,simplify,svl
6076,merchandise,svl
6077,metropolis,svl
6078,situate,svl
6079,dose,svl
6080,sooth,svl
6081,bowel,svl
6082,subscription,svl
6083,surpass,svl
6084,scandalous,svl
6085,symbolize,svl
6086,telecommunications,svl
6087,storehouse,svl
6088,thaw,svl
6089,thicken,svl
6090,lighthouse,svl
6091,stationery,svl
6092,thrive,svl
6093,gardening,svl
6094,update,svl
6095,wither,svl
6096,chancellor,svl
6097,affirm,svl
6098,continuation,svl
6099,drastic,svl
6100,anonymous,svl
6101,allege,svl
6102,commissioner,svl
6103,conspiracy,svl
6104,arrogant,svl
6105,deceitful,svl
6106,arouse,svl
6107,fury,svl
6108,creditor,svl
6109,pedestrian,svl
6110,beware,svl
6111,pathway,svl
6112,tram,svl
6113,chatter,svl
6114,idol,svl
6115,clarify,svl
6116,constitutional,svl
6117,dean,svl
6118,commend,svl
6119,superb,svl
6120,thesis,svl
6121,predecessor,svl
6122,concede,svl
6123,statistical,svl
6124,falsehood,svl
6125,confer,svl
6126,treasurer,svl
6127,fiscal,svl
6128,confide,svl
6129,weary,svl
6130,dissatisfied,svl
6131,pastor,svl
6132,console,svl
6133,sorrowful,svl
6134,formulate,svl
6135,amendment,svl
6136,grumble,svl
6137,annoyance,svl
6138,utensil,svl
6139,disciple,svl
6140,implore,svl
6141,doctrine,svl
6142,persuasive,svl
6143,induce,svl
6144,trustee,svl
6145,manifest,svl
6146,dissatisfaction,svl
6147,unskilled,svl
6148,eccentric,svl
6149,unpredictable,svl
6150,perplex,svl
6151,profess,svl
6152,supportive,svl
6153,civic,svl
6154,reconcile,svl
6155,foe,svl
6156,rouse,svl
6157,folklore,svl
6158,slant,svl
6159,botanical,svl
6160,sensational,svl
6161,testify,svl
6162,commuter,svl
6163,bulletin,svl
6164,blink,svl
6165,disbelief,svl
6166,chime,svl
6167,brunch,svl
6168,chuckle,svl
6169,bridegroom,svl
6170,witty,svl
6171,hoof,svl
6172,clatter,svl
6173,desolate,svl
6174,curly,svl
6175,clutch,svl
6176,bouquet,svl
6177,serpent,svl
6178,coil,svl
6179,bough,svl
6180,hound,svl
6181,devour,svl
6182,hare,svl
6183,appliance,svl
6184,dictate,svl
6185,elevate,svl
6186,dome,svl
6187,embrace,svl
6188,sweetie,svl
6189,mansion,svl
6190,tedious,svl
6191,campaigner,svl
6192,flip,svl
6193,handout,svl
6194,outing,svl
6195,gargle,svl
6196,detergent,svl
6197,giggle,svl
6198,superstition,svl
6199,groom,svl
6200,horseshoe,svl
6201,brute,svl
6202,growl,svl
6203,chick,svl
6204,hatch,svl
6205,haul,svl
6206,lifeboat,svl
6207,ashore,svl
6208,thicket,svl
6209,hiss,svl
6210,barricade,svl
6211,hurl,svl
6212,riot,svl
6213,jockey,svl
6214,lash,svl
6215,avail,svl
6216,splendor,svl
6217,maple,svl
6218,linger,svl
6219,usage,svl
6220,bracket,svl
6221,misplace,svl
6222,pave,svl
6223,coastal,svl
6224,pluck,svl
6225,watering,svl
6226,wanderer,svl
6227,reappear,svl
6228,shabby,svl
6229,lapse,svl
6230,recite,svl
6231,gull,svl
6232,rustle,svl
6233,footpath,svl
6234,shriek,svl
6235,illumination,svl
6236,shrug,svl
6237,abandonment,svl
6238,antarctic,svl
6239,sip,svl
6240,sherry,svl
6241,horoscope,svl
6242,plump,svl
6243,slumber,svl
6244,tramp,svl
6245,snore,svl
6246,lorry,svl
6247,splash,svl
6248,stout,svl
6249,squash,svl
6250,parsley,svl
6251,stab,svl
6252,spear,svl
6253,tumble,svl
6254,exhausting,svl
6255,sleeper,svl
6256,vibrate,svl
6257,creek,svl
6258,wring,svl
6259,zip,svl
6260,takeout,svl
6261,administer,svl
6262,geology,svl
6263,forum,svl
6264,glacier,svl
6265,adorn,svl
6266,altar,svl
6267,exquisite,svl
6268,carving,svl
6269,presumably,svl
6270,amend,svl
6271,forthcoming,svl
6272,bestow,svl
6273,wreath,svl
6274,victor,svl
6275,cater,svl
6276,luncheon,svl
6277,certify,svl
6278,applicant,svl
6279,pharmacist,svl
6280,cherish,svl
6281,luxurious,svl
6282,shawl,svl
6283,souvenir,svl
6284,inexperienced,svl
6285,trainee,svl
6286,compensate,svl
6287,inherent,svl
6288,diligence,svl
6289,conform,svl
6290,sanitary,svl
6291,criteria,svl
6292,superpower,svl
6293,contend,svl
6294,peninsula,svl
6295,contractor,svl
6296,contrive,svl
6297,confrontation,svl
6298,fraud,svl
6299,detach,svl
6300,capsule,svl
6301,cone,svl
6302,discard,svl
6303,duster,svl
6304,washcloth,svl
6305,dispatch,svl
6306,destroyer,svl
6307,prevalent,svl
6308,displace,svl
6309,columnist,svl
6310,distort,svl
6311,fiery,svl
6312,piercing,svl
6313,divert,svl
6314,tiresome,svl
6315,sermon,svl
6316,donate,svl
6317,royalty,svl
6318,catastrophe,svl
6319,gigantic,svl
6320,embark,svl
6321,undertaking,svl
6322,harmonious,svl
6323,choir,svl
6324,enchant,svl
6325,auditorium,svl
6326,enforce,svl
6327,evenly,svl
6328,precision,svl
6329,err,svl
6330,diagnosis,svl
6331,escort,svl
6332,jeweler,svl
6333,exert,svl
6334,decisive,svl
6335,abolition,svl
6336,expend,svl
6337,bureaucracy,svl
6338,municipal,svl
6339,forsake,svl
6340,vocation,svl
6341,clergyman,svl
6342,competence,svl
6343,accompaniment,svl
6344,gratify,svl
6345,longtime,svl
6346,halve,svl
6347,hazard,svl
6348,mortality,svl
6349,hijack,svl
6350,delegation,svl
6351,tariff,svl
6352,hinder,svl
6353,territorial,svl
6354,preferable,svl
6355,indulge,svl
6356,pessimism,svl
6357,barbarian,svl
6358,westward,svl
6359,intrude,svl
6360,monk,svl
6361,magnify,svl
6362,navigate,svl
6363,equator,svl
6364,tan,svl
6365,nominate,svl
6366,sophomore,svl
6367,deficiency,svl
6368,nourish,svl
6369,regime,svl
6370,oppress,svl
6371,collision,svl
6372,overturn,svl
6373,freight,svl
6374,delegate,svl
6375,partake,svl
6376,ceremonial,svl
6377,bandage,svl
6378,prescribe,svl
6379,clergy,svl
6380,preside,svl
6381,timber,svl
6382,prop,svl
6383,barrack,svl
6384,prune,svl
6385,twig,svl
6386,rationalize,svl
6387,melancholy,svl
6388,unsure,svl
6389,intentional,svl
6390,refrain,svl
6391,reinforce,svl
6392,feedback,svl
6393,loop,svl
6394,reorganize,svl
6395,subsidiary,svl
6396,thereafter,svl
6397,reprint,svl
6398,safeguard,svl
6399,aggression,svl
6400,skim,svl
6401,editorial,svl
6402,diplomacy,svl
6403,slay,svl
6404,ranch,svl
6405,saloon,svl
6406,rebellious,svl
6407,subdue,svl
6408,tyrant,svl
6409,captive,svl
6410,algebra,svl
6411,subtract,svl
6412,summarize,svl
6413,verbal,svl
6414,supervise,svl
6415,apprentice,svl
6416,sweeten,svl
6417,chestnut,svl
6418,scoop,svl
6419,tile,svl
6420,toil,svl
6421,tolerance,svl
6422,trample,svl
6423,storekeeper,svl
6424,imprisonment,svl
6425,uphold,svl
6426,prophet,svl
6427,withstand,svl
6428,insulting,svl
6429,scornful,svl
6430,tempest,svl
6431,wreck,svl
6432,tanker,svl
6433,zealous,svl
6434,reptile,svl
6435,enthusiast,svl
6436,adore,svl
6437,lizard,svl
6438,behold,svl
6439,frightful,svl
6440,pathetic,svl
6441,occurrence,svl
6442,marshal,svl
6443,cling,svl
6444,dogmatic,svl
6445,admiral,svl
6446,contemplate,svl
6447,disastrous,svl
6448,picturesque,svl
6449,panorama,svl
6450,dazzle,svl
6451,deem,svl
6452,alteration,svl
6453,pipeline,svl
6454,differentiate,svl
6455,consonant,svl
6456,incessant,svl
6457,distract,svl
6458,foresee,svl
6459,epoch,svl
6460,archaeology,svl
6461,colonel,svl
6462,glare,svl
6463,seaman,svl
6464,indignant,svl
6465,alcoholism,svl
6466,heed,svl
6467,rash,svl
6468,itch,svl
6469,lotion,svl
6470,lament,svl
6471,sergeant,svl
6472,calamity,svl
6473,sociologist,svl
6474,meditate,svl
6475,alternate,svl
6476,propaganda,svl
6477,muse,svl
6478,cordial,svl
6479,attorney,svl
6480,simultaneous,svl
6481,paralyze,svl
6482,presume,svl
6483,friction,svl
6484,hindrance,svl
6485,reckon,svl
6486,assertion,svl
6487,recollect,svl
6488,caravan,svl
6489,eastward,svl
6490,navigator,svl
6491,repent,svl
6492,thoughtless,svl
6493,steward,svl
6494,stiffen,svl
6495,fright,svl
6496,gunshot,svl
6497,waver,svl
6498,semifinal,svl
6499,canary,svl
6500,crab,svl
6501,leopard,svl
6502,rooster,svl
6503,slug,svl
6504,snail,svl
6505,swarm,svl
6506,avoidance,svl
6507,continuity,svl
6508,contraction,svl
6509,conversion,svl
6510,disappearance,svl
6511,emergence,svl
6512,emission,svl
6513,omission,svl
6514,relay,svl
6515,rotation,svl
6516,wrestling,svl
6517,bellybutton,svl
6518,bosom,svl
6519,disposition,svl
6520,eyelash,svl
6521,eyelid,svl
6522,eyesight,svl
6523,incidence,svl
6524,injection,svl
6525,knuckle,svl
6526,poisoning,svl
6527,sexuality,svl
6528,swelling,svl
6529,thigh,svl
6530,vein,svl
6531,bias,svl
6532,bliss,svl
6533,discomfort,svl
6534,discouragement,svl
6535,dismay,svl
6536,fascination,svl
6537,greed,svl
6538,humility,svl
6539,indignity,svl
6540,innocence,svl
6541,malice,svl
6542,meditation,svl
6543,motivation,svl
6544,negligence,svl
6545,outrage,svl
6546,reluctance,svl
6547,reproach,svl
6548,reverence,svl
6549,ridicule,svl
6550,texture,svl
6551,zeal,svl
6552,adaptation,svl
6553,audition,svl
6554,autobiography,svl
6555,caption,svl
6556,encore,svl
6557,genre,svl
6558,projection,svl
6559,satire,svl
6560,abbreviation,svl
6561,advancement,svl
6562,anthropology,svl
6563,correspondence,svl
6564,dialect,svl
6565,diploma,svl
6566,domain,svl
6567,exclamation,svl
6568,gospel,svl
6569,handwriting,svl
6570,overview,svl
6571,pronoun,svl
6572,quotation,svl
6573,rationality,svl
6574,realization,svl
6575,rhetoric,svl
6576,slang,svl
6577,utterance,svl
6578,duration,svl
6579,punctuality,svl
6580,timing,svl
6581,calcium,svl
6582,dusk,svl
6583,hydrogen,svl
6584,latitude,svl
6585,mercury,svl
6586,reed,svl
6587,shrub,svl
6588,skyline,svl
6589,sunbeam,svl
6590,vapor,svl
6591,willow,svl
6592,chore,svl
6593,clockwork,svl
6594,confirmation,svl
6595,cultivation,svl
6596,dependency,svl
6597,dining,svl
6598,fasting,svl
6599,flattery,svl
6600,handshake,svl
6601,homecoming,svl
6602,inclusion,svl
6603,inconvenience,svl
6604,installation,svl
6605,interaction,svl
6606,livelihood,svl
6607,mentality,svl
6608,modification,svl
6609,refinement,svl
6610,revelation,svl
6611,seam,svl
6612,stance,svl
6613,tribute,svl
6614,accordance,svl
6615,adoption,svl
6616,agenda,svl
6617,attachment,svl
6618,auction,svl
6619,backing,svl
6620,ballot,svl
6621,bid,svl
6622,census,svl
6623,citizenship,svl
6624,commonwealth,svl
6625,communism,svl
6626,concession,svl
6627,corps,svl
6628,directive,svl
6629,disarmament,svl
6630,dishonor,svl
6631,dismissal,svl
6632,disposal,svl
6633,dividend,svl
6634,enforcement,svl
6635,exclusion,svl
6636,execution,svl
6637,exile,svl
6638,expenditure,svl
6639,inability,svl
6640,incentive,svl
6641,injustice,svl
6642,interference,svl
6643,kernel,svl
6644,lease,svl
6645,liability,svl
6646,lottery,svl
6647,mainstream,svl
6648,mantle,svl
6649,memorandum,svl
6650,menace,svl
6651,monarchy,svl
6652,mortgage,svl
6653,nationalism,svl
6654,oath,svl
6655,oppression,svl
6656,persuasion,svl
6657,petition,svl
6658,prestige,svl
6659,reconciliation,svl
6660,renewal,svl
6661,setup,svl
6662,snare,svl
6663,socialism,svl
6664,sponsorship,svl
6665,submission,svl
6666,subsidy,svl
6667,suppression,svl
6668,suspension,svl
6669,toll,svl
6670,turnover,svl
6671,tyranny,svl
6672,uniformity,svl
6673,warfare,svl
6674,appetizer,svl
6675,bait,svl
6676,barley,svl
6677,beverage,svl
6678,crust,svl
6679,leftover,svl
6680,potluck,svl
6681,seasoning,svl
6682,altitude,svl
6683,density,svl
6684,diameter,svl
6685,magnitude,svl
6686,maturity,svl
6687,mileage,svl
6688,quart,svl
6689,sublime,svl
6690,trifle,svl
6691,airway,svl
6692,axis,svl
6693,birthplace,svl
6694,buffet,svl
6695,bypass,svl
6696,cellar,svl
6697,churchyard,svl
6698,cloakroom,svl
6699,compartment,svl
6700,den,svl
6701,dormitory,svl
6702,enclosure,svl
6703,hostel,svl
6704,intersection,svl
6705,junction,svl
6706,rim,svl
6707,slot,svl
6708,threshold,svl
6709,vacancy,svl
6710,aide,svl
6711,ancestry,svl
6712,bachelor,svl
6713,chap,svl
6714,clown,svl
6715,comrade,svl
6716,controller,svl
6717,feeder,svl
6718,forefather,svl
6719,guardian,svl
6720,householder,svl
6721,kin,svl
6722,landlord,svl
6723,mediator,svl
6724,mover,svl
6725,optimist,svl
6726,patriot,svl
6727,payer,svl
6728,pessimist,svl
6729,referee,svl
6730,seeker,svl
6731,striker,svl
6732,supplier,svl
6733,teller,svl
6734,tradesman,svl
6735,traitor,svl
6736,bedding,svl
6737,brochure,svl
6738,cardboard,svl
6739,cartridge,svl
6740,chariot,svl
6741,coffin,svl
6742,complement,svl
6743,crumb,svl
6744,crutch,svl
6745,fabric,svl
6746,fringe,svl
6747,furnace,svl
6748,grease,svl
6749,handicraft,svl
6750,hearth,svl
6751,hive,svl
6752,hurdle,svl
6753,indicator,svl
6754,jug,svl
6755,knob,svl
6756,leaflet,svl
6757,outfit,svl
6758,pail,svl
6759,pebble,svl
6760,peg,svl
6761,pottery,svl
6762,pouch,svl
6763,rake,svl
6764,rein,svl
6765,roller,svl
6766,rug,svl
6767,shaft,svl
6768,specimen,svl
6769,spike,svl
6770,spoke,svl
6771,spur,svl
6772,staple,svl
6773,stapler,svl
6774,stopper,svl
6775,strand,svl
6776,submarine,svl
6777,textile,svl
6778,timer,svl
6779,valve,svl
6780,wallpaper,svl
6781,ware,svl
6782,yarn,svl
6783,advantageous,svl
6784,centered,svl
6785,hind,svl
6786,identical,svl
6787,lofty,svl
6788,premier,svl
6789,respective,svl
6790,roundabout,svl
6791,uphill,svl
6792,vertical,svl
6793,conceptual,svl
6794,cultivated,svl
6795,knowledgeable,svl
6796,linguistic,svl
6797,papal,svl
6798,stylistic,svl
6799,theoretical,svl
6800,barefoot,svl
6801,breathless,svl
6802,brisk,svl
6803,challenged,svl
6804,clinical,svl
6805,developmental,svl
6806,feverish,svl
6807,husky,svl
6808,invalid,svl
6809,limp,svl
6810,skinny,svl
6811,unhealthy,svl
6812,wholesome,svl
6813,alarming,svl
6814,amazed,svl
6815,appetizing,svl
6816,comforting,svl
6817,disagreeable,svl
6818,disgusted,svl
6819,dismal,svl
6820,dreamy,svl
6821,drowsy,svl
6822,furious,svl
6823,hearty,svl
6824,insane,svl
6825,ironical,svl
6826,lonesome,svl
6827,pitiful,svl
6828,playful,svl
6829,regrettable,svl
6830,sane,svl
6831,senseless,svl
6832,sentimental,svl
6833,subjective,svl
6834,tearful,svl
6835,wretched,svl
6836,burnt,svl
6837,chaotic,svl
6838,cracked,svl
6839,distorted,svl
6840,edible,svl
6841,erotic,svl
6842,existent,svl
6843,forbidding,svl
6844,formidable,svl
6845,functional,svl
6846,furnished,svl
6847,hairy,svl
6848,identifiable,svl
6849,imposing,svl
6850,ingenious,svl
6851,intact,svl
6852,linear,svl
6853,messy,svl
6854,monstrous,svl
6855,motionless,svl
6856,mute,svl
6857,operating,svl
6858,quaint,svl
6859,queer,svl
6860,resistant,svl
6861,restrictive,svl
6862,rotten,svl
6863,rugged,svl
6864,scarlet,svl
6865,shadowy,svl
6866,shining,svl
6867,silky,svl
6868,sown,svl
6869,sparkling,svl
6870,spotted,svl
6871,sprung,svl
6872,static,svl
6873,tasteful,svl
6874,tranquil,svl
6875,traveling,svl
6876,tricky,svl
6877,unchanged,svl
6878,variable,svl
6879,weird,svl
6880,belated,svl
6881,bimonthly,svl
6882,consequent,svl
6883,descendent,svl
6884,eventual,svl
6885,hourly,svl
6886,innumerable,svl
6887,perpetual,svl
6888,prior,svl
6889,subsequent,svl
6890,abusive,svl
6891,affectionate,svl
6892,aimless,svl
6893,applicable,svl
6894,blunt,svl
6895,boastful,svl
6896,clumsy,svl
6897,communicative,svl
6898,courteous,svl
6899,crude,svl
6900,destined,svl
6901,dutiful,svl
6902,easygoing,svl
6903,elastic,svl
6904,eloquent,svl
6905,engaging,svl
6906,feminine,svl
6907,gracious,svl
6908,instinctive,svl
6909,liable,svl
6910,masculine,svl
6911,merciful,svl
6912,obstinate,svl
6913,outgoing,svl
6914,pious,svl
6915,responsive,svl
6916,sly,svl
6917,spontaneous,svl
6918,straightforward,svl
6919,sullen,svl
6920,talkative,svl
6921,tireless,svl
6922,tolerant,svl
6923,virtuous,svl
6924,vulgar,svl
6925,advisory,svl
6926,allied,svl
6927,armored,svl
6928,binding,svl
6929,comprehensive,svl
6930,factual,svl
6931,idealistic,svl
6932,inactive,svl
6933,lawful,svl
6934,legislative,svl
6935,legitimate,svl
6936,patriotic,svl
6937,payable,svl
6938,qualified,svl
6939,revealing,svl
6940,unanimous,svl
6941,unofficial,svl
6942,warring,svl
6943,wholesale,svl
6944,arctic,svl
6945,atmospheric,svl
6946,foggy,svl
6947,geographical,svl
6948,humid,svl
6949,inland,svl
6950,planetary,svl
6951,polar,svl
6952,seasonal,svl
6953,supernatural,svl
6954,temperate,svl
6955,tidal,svl
6956,abnormal,svl
6957,approximate,svl
6958,commonplace,svl
6959,concise,svl
6960,confidential,svl
6961,eminent,svl
6962,Fahrenheit,svl
6963,faultless,svl
6964,forceful,svl
6965,given,svl
6966,improper,svl
6967,inclusive,svl
6968,inconvenient,svl
6969,indispensable,svl
6970,insignificant,svl
6971,intelligible,svl
6972,miraculous,svl
6973,monotonous,svl
6974,notable,svl
6975,orderly,svl
6976,prospective,svl
6977,scanty,svl
6978,selective,svl
6979,steadfast,svl
6980,sunk,svl
6981,surplus,svl
6982,tolerable,svl
6983,understandable,svl
6984,undesirable,svl
6985,unpopular,svl
6986,hereafter,svl
6987,invariably,svl
6988,ordinarily,svl
6989,subsequently,svl
6990,broadly,svl
6991,decidedly,svl
6992,heartily,svl
6993,oddly,svl
6994,vaguely,svl
6995,hopefully,svl
6996,incidentally,svl
6997,respectively,svl
6998,virtually,svl
6999,notwithstanding,svl
7000,amen,svl
7001,buffalo,svl
7002,abound,svl
7003,prairie,svl
7004,conspicuous,svl
7005,sticker,svl
7006,adhere,svl
7007,bumper,svl
7008,displeasure,svl
7009,workplace,svl
7010,ascribe,svl
7011,gender,svl
7012,inequality,svl
7013,colonize,svl
7014,shoreline,svl
7015,aboriginal,svl
7016,computerize,svl
7017,shipment,svl
7018,warehouse,svl
7019,consolidate,svl
7020,sensor,svl
7021,bishop,svl
7022,dignify,svl
7023,discredit,svl
7024,eyewitness,svl
7025,testimony,svl
7026,consistency,svl
7027,dramatize,svl
7028,online,svl
7029,protein,svl
7030,endanger,svl
7031,bully,svl
7032,escalate,svl
7033,assault,svl
7034,passerby,svl
7035,washer,svl
7036,expire,svl
7037,facilitate,svl
7038,coordination,svl
7039,donor,svl
7040,recipient,svl
7041,generalize,svl
7042,operational,svl
7043,reactor,svl
7044,necktie,svl
7045,harmonize,svl
7046,industrialize,svl
7047,habitat,svl
7048,aristocrat,svl
7049,spacious,svl
7050,materialize,svl
7051,filmmaker,svl
7052,keenly,svl
7053,minimize,svl
7054,subconscious,svl
7055,overlap,svl
7056,inseparable,svl
7057,privatize,svl
7058,fishery,svl
7059,recede,svl
7060,jobless,svl
7061,shelve,svl
7062,waterway,svl
7063,notably,svl
7064,slump,svl
7065,contagious,svl
7066,exotic,svl
7067,pavilion,svl
7068,sprawl,svl
7069,ecological,svl
7070,stabilize,svl
7071,exploitation,svl
7072,standardize,svl
7073,interface,svl
7074,subside,svl
7075,coup,svl
7076,plank,svl
7077,suffice,svl
7078,reinforcement,svl
7079,intricate,svl
7080,underlie,svl
7081,uncontrollable,svl
7082,likelihood,svl
7083,scarcity,svl
7084,worsen,svl
7085,advocate,svl
7086,exhaustive,svl
7087,reformation,svl
7088,childcare,svl
7089,babble,svl
7090,godfather,svl
7091,hysterical,svl
7092,landowner,svl
7093,bewilder,svl
7094,con,svl
7095,pirate,svl
7096,conspire,svl
7097,subordinate,svl
7098,wrongdoing,svl
7099,disregard,svl
7100,therapist,svl
7101,unreliable,svl
7102,endorse,svl
7103,postwar,svl
7104,reconstruction,svl
7105,enlist,svl
7106,novice,svl
7107,veteran,svl
7108,interact,svl
7109,tavern,svl
7110,intervene,svl
7111,adolescent,svl
7112,lure,svl
7113,obscene,svl
7114,pornography,svl
7115,supervisor,svl
7116,mumble,svl
7117,voucher,svl
7118,notify,svl
7119,processor,svl
7120,commentator,svl
7121,paraphrase,svl
7122,misleading,svl
7123,celebrity,svl
7124,rave,svl
7125,cruiser,svl
7126,missionary,svl
7127,recount,svl
7128,testament,svl
7129,retort,svl
7130,resentful,svl
7131,coincidence,svl
7132,waltz,svl
7133,socialize,svl
7134,stammer,svl
7135,prophecy,svl
7136,underestimate,svl
7137,enterprising,svl
7138,stamina,svl
7139,frantic,svl
7140,mob,svl
7141,batter,svl
7142,buckle,svl
7143,parachute,svl
7144,cockpit,svl
7145,chirp,svl
7146,pleasantly,svl
7147,farmyard,svl
7148,prosecutor,svl
7149,clench,svl
7150,don,svl
7151,striped,svl
7152,crater,svl
7153,emit,svl
7154,toxic,svl
7155,volcanic,svl
7156,gulp,svl
7157,tonic,svl
7158,innkeeper,svl
7159,gush,svl
7160,hose,svl
7161,hitch,svl
7162,ballad,svl
7163,jingle,svl
7164,reddish,svl
7165,mow,svl
7166,diversion,svl
7167,quake,svl
7168,horrified,svl
7169,quiver,svl
7170,shooting,svl
7171,windmill,svl
7172,arc,svl
7173,rotate,svl
7174,trailer,svl
7175,rumble,svl
7176,nightfall,svl
7177,scrub,svl
7178,dough,svl
7179,shove,svl
7180,honorary,svl
7181,platinum,svl
7182,badge,svl
7183,vegetarian,svl
7184,shudder,svl
7185,fillet,svl
7186,skid,svl
7187,narrowly,svl
7188,sneer,svl
7189,melodrama,svl
7190,disdain,svl
7191,sniff,svl
7192,rusty,svl
7193,dagger,svl
7194,snort,svl
7195,discontent,svl
7196,dummy,svl
7197,stroll,svl
7198,pastoral,svl
7199,luminous,svl
7200,swirl,svl
7201,guru,svl
7202,initiation,svl
7203,snapshot,svl
7204,tilt,svl
7205,tow,svl
7206,raft,svl
7207,trot,svl
7208,downhill,svl
7209,tug,svl
7210,mesh,svl
7211,scroll,svl
7212,untie,svl
7213,gale,svl
7214,uproot,svl
7215,cramp,svl
7216,vomit,svl
7217,disciplined,svl
7218,wag,svl
7219,limousine,svl
7220,expressway,svl
7221,accelerate,svl
7222,allocate,svl
7223,terrorism,svl
7224,turmoil,svl
7225,arise,svl
7226,solemn,svl
7227,rite,svl
7228,investigator,svl
7229,ascertain,svl
7230,breach,svl
7231,reformer,svl
7232,assassinate,svl
7233,merciless,svl
7234,dictator,svl
7235,audit,svl
7236,pharmacy,svl
7237,brace,svl
7238,wicket,svl
7239,brew,svl
7240,hangover,svl
7241,shellfish,svl
7242,cleanse,svl
7243,reportedly,svl
7244,collide,svl
7245,runway,svl
7246,casualty,svl
7247,buddy,svl
7248,commute,svl
7249,bulky,svl
7250,compile,svl
7251,directory,svl
7252,retailer,svl
7253,comply,svl
7254,customary,svl
7255,compress,svl
7256,encyclopedia,svl
7257,compute,svl
7258,condominium,svl
7259,waterfront,svl
7260,conserve,svl
7261,ranger,svl
7262,extravagant,svl
7263,fertilizer,svl
7264,contaminate,svl
7265,cram,svl
7266,accumulation,svl
7267,attic,svl
7268,delete,svl
7269,unwanted,svl
7270,desktop,svl
7271,biographer,svl
7272,depict,svl
7273,sculptor,svl
7274,designate,svl
7275,prehistoric,svl
7276,mound,svl
7277,landmark,svl
7278,tornado,svl
7279,devastate,svl
7280,locality,svl
7281,disarm,svl
7282,smuggler,svl
7283,custody,svl
7284,ecologist,svl
7285,discern,svl
7286,conflicting,svl
7287,discontinue,svl
7288,aviation,svl
7289,periodical,svl
7290,discriminate,svl
7291,biased,svl
7292,unstable,svl
7293,disobey,svl
7294,dispense,svl
7295,humanitarian,svl
7296,disrupt,svl
7297,recital,svl
7298,liberation,svl
7299,dodge,svl
7300,query,svl
7301,embroider,svl
7302,decorative,svl
7303,emigrate,svl
7304,planter,svl
7305,endow,svl
7306,aesthetic,svl
7307,sensibility,svl
7308,enroll,svl
7309,prestigious,svl
7310,magistrate,svl
7311,allegedly,svl
7312,entangle,svl
7313,bribery,svl
7314,exalt,svl
7315,dramatist,svl
7316,expel,svl
7317,homeland,svl
7318,bungalow,svl
7319,extinguish,svl
7320,fertilize,svl
7321,turnip,svl
7322,serial,svl
7323,prostitute,svl
7324,horrify,svl
7325,wasp,svl
7326,hospitalize,svl
7327,guerrilla,svl
7328,hostage,svl
7329,humiliate,svl
7330,immerse,svl
7331,avocado,svl
7332,immigrate,svl
7333,persecution,svl
7334,pretentious,svl
7335,inhibit,svl
7336,inject,svl
7337,medication,svl
7338,integrate,svl
7339,casino,svl
7340,mammoth,svl
7341,intercept,svl
7342,heroin,svl
7343,pier,svl
7344,broker,svl
7345,liberate,svl
7346,bail,svl
7347,filthy,svl
7348,bum,svl
7349,lurk,svl
7350,slum,svl
7351,mar,svl
7352,sideboard,svl
7353,screwdriver,svl
7354,hardworking,svl
7355,sociable,svl
7356,meddle,svl
7357,mediate,svl
7358,congressional,svl
7359,faction,svl
7360,apparel,svl
7361,merge,svl
7362,strategic,svl
7363,settler,svl
7364,barren,svl
7365,migrate,svl
7366,southward,svl
7367,nurture,svl
7368,courtyard,svl
7369,immigration,svl
7370,offset,svl
7371,reduced,svl
7372,birthrate,svl
7373,governmental,svl
7374,outlaw,svl
7375,juvenile,svl
7376,harassment,svl
7377,spotlight,svl
7378,overdo,svl
7379,overpower,svl
7380,crushing,svl
7381,fascism,svl
7382,persecute,svl
7383,poach,svl
7384,ostrich,svl
7385,trout,svl
7386,pollute,svl
7387,tribal,svl
7388,populate,svl
7389,blacksmith,svl
7390,artisan,svl
7391,propel,svl
7392,aerospace,svl
7393,prosecute,svl
7394,burglary,svl
7395,reconstruct,svl
7396,warship,svl
7397,rapidity,svl
7398,recreate,svl
7399,gymnasium,svl
7400,redefine,svl
7401,archaic,svl
7402,electoral,svl
7403,module,svl
7404,trigger,svl
7405,defective,svl
7406,redesign,svl
7407,refill,svl
7408,cleanser,svl
7409,fragrance,svl
7410,repel,svl
7411,moth,svl
7412,wardrobe,svl
7413,ripple,svl
7414,serene,svl
7415,slash,svl
7416,rouge,svl
7417,slaughter,svl
7418,terrifying,svl
7419,authentic,svl
7420,trio,svl
7421,smuggle,svl
7422,restricted,svl
7423,lodger,svl
7424,sneak,svl
7425,supposedly,svl
7426,intruder,svl
7427,cruelly,svl
7428,strangle,svl
7429,landlady,svl
7430,submerge,svl
7431,ancestral,svl
7432,fanciful,svl
7433,tickle,svl
7434,transplant,svl
7435,aging,svl
7436,traverse,svl
7437,marginal,svl
7438,unify,svl
7439,jurisdiction,svl
7440,frustrating,svl
7441,upgrade,svl
7442,laptop,svl
7443,victimize,svl
7444,irrational,svl
7445,unethical,svl
7446,warp,svl
7447,withhold,svl
7448,ambiguous,svl
7449,zoom,svl
7450,jellyfish,svl
7451,underwater,svl
7452,addiction,svl
7453,afflict,svl
7454,preacher,svl
7455,baron,svl
7456,agonize,svl
7457,creed,svl
7458,nationwide,svl
7459,aspire,svl
7460,presidency,svl
7461,brood,svl
7462,impeachment,svl
7463,cleanup,svl
7464,profoundly,svl
7465,disillusion,svl
7466,falter,svl
7467,custard,svl
7468,botany,svl
7469,novelty,svl
7470,glaze,svl
7471,obsess,svl
7472,mystical,svl
7473,demon,svl
7474,deathbed,svl
7475,authoritative,svl
7476,documentation,svl
7477,reconsider,svl
7478,relish,svl
7479,legendary,svl
7480,scenic,svl
7481,misty,svl
7482,shareholder,svl
7483,habitually,svl
7484,scan,svl
7485,tar,svl
7486,sicken,svl
7487,theorist,svl
7488,smack,svl
7489,arrogance,svl
7490,speculate,svl
7491,invader,svl
7492,layout,svl
7493,yearn,svl
7494,entrepreneur,svl
7495,ell,svl
7496,pest,svl
7497,bearing,svl
7498,displacement,svl
7499,expanse,svl
7500,rap,svl
7501,uplift,svl
7502,vibration,svl
7503,antibody,svl
7504,countenance,svl
7505,deodorant,svl
7506,disability,svl
7507,eyeball,svl
7508,fingernail,svl
7509,immortality,svl
7510,posture,svl
7511,skeleton,svl
7512,spine,svl
7513,agitation,svl
7514,anguish,svl
7515,aspiration,svl
7516,bewilderment,svl
7517,compassion,svl
7518,conceit,svl
7519,dilemma,svl
7520,discretion,svl
7521,distraction,svl
7522,ecstasy,svl
7523,estimation,svl
7524,gut,svl
7525,humiliation,svl
7526,hypocrisy,svl
7527,indulgence,svl
7528,integrity,svl
7529,intuition,svl
7530,longing,svl
7531,lust,svl
7532,mockery,svl
7533,mourning,svl
7534,perseverance,svl
7535,pretension,svl
7536,rapture,svl
7537,sanity,svl
7538,stimulation,svl
7539,temperament,svl
7540,chord,svl
7541,comma,svl
7542,commentary,svl
7543,lyric,svl
7544,revision,svl
7545,screening,svl
7546,alpha,svl
7547,anatomy,svl
7548,carnival,svl
7549,clone,svl
7550,communion,svl
7551,critique,svl
7552,dedication,svl
7553,delta,svl
7554,divinity,svl
7555,dynamics,svl
7556,enlightenment,svl
7557,festivity,svl
7558,formulation,svl
7559,imagery,svl
7560,implication,svl
7561,literacy,svl
7562,materialism,svl
7563,motto,svl
7564,multiplication,svl
7565,numeral,svl
7566,parable,svl
7567,dandelion,svl
7568,eruption,svl
7569,fertility,svl
7570,galaxy,svl
7571,humidity,svl
7572,ivy,svl
7573,ozone,svl
7574,radium,svl
7575,spa,svl
7576,starlight,svl
7577,absorption,svl
7578,adolescence,svl
7579,array,svl
7580,blackmail,svl
7581,blur,svl
7582,buttonhole,svl
7583,calling,svl
7584,coeducation,svl
7585,confinement,svl
7586,congregation,svl
7587,cookery,svl
7588,craze,svl
7589,decency,svl
7590,detachment,svl
7591,drawback,svl
7592,eccentricity,svl
7593,epidemic,svl
7594,etiquette,svl
7595,fad,svl
7596,fatality,svl
7597,fellowship,svl
7598,footlights,svl
7599,gloom,svl
7600,goodwill,svl
7601,hybrid,svl
7602,ignition,svl
7603,imprint,svl
7604,individuality,svl
7605,infancy,svl
7606,intercourse,svl
7607,intimacy,svl
7608,kinship,svl
7609,parting,svl
7610,permanence,svl
7611,placement,svl
7612,potentiality,svl
7613,proficiency,svl
7614,progression,svl
7615,readiness,svl
7616,relevance,svl
7617,secrecy,svl
7618,siren,svl
7619,sophistication,svl
7620,specialty,svl
7621,starter,svl
7622,stature,svl
7623,streak,svl
7624,symbolism,svl
7625,trait,svl
7626,acknowledgement,svl
7627,allegation,svl
7628,aristocracy,svl
7629,attainment,svl
7630,autonomy,svl
7631,breakthrough,svl
7632,breakup,svl
7633,cancellation,svl
7634,captivity,svl
7635,closure,svl
7636,coalition,svl
7637,consolidation,svl
7638,constraint,svl
7639,contributor,svl
7640,crusade,svl
7641,degradation,svl
7642,demo,svl
7643,deprivation,svl
7644,disobedience,svl
7645,disruption,svl
7646,dissolution,svl
7647,dominance,svl
7648,domination,svl
7649,dumping,svl
7650,elimination,svl
7651,emigration,svl
7652,endowment,svl
7653,entity,svl
7654,equity,svl
7655,feminism,svl
7656,forestry,svl
7657,friendliness,svl
7658,groundwork,svl
7659,hierarchy,svl
7660,humanism,svl
7661,idealism,svl
7662,integration,svl
7663,intrusion,svl
7664,lawsuit,svl
7665,legacy,svl
7666,lookout,svl
7667,manifestation,svl
7668,manpower,svl
7669,merger,svl
7670,migration,svl
7671,mobility,svl
7672,observance,svl
7673,orientation,svl
7674,par,svl
7675,plea,svl
7676,premium,svl
7677,pro,svl
7678,prologue,svl
7679,prosecution,svl
7680,quota,svl
7681,realism,svl
7682,recruitment,svl
7683,reliance,svl
7684,resignation,svl
7685,rivalry,svl
7686,server,svl
7687,statute,svl
7688,superiority,svl
7689,syndicate,svl
7690,takeover,svl
7691,thrift,svl
7692,trademark,svl
7693,brownie,svl
7694,hazelnut,svl
7695,marmalade,svl
7696,mint,svl
7697,nourishment,svl
7698,rye,svl
7699,abnormality,svl
7700,ambiguity,svl
7701,analogy,svl
7702,batch,svl
7703,clarity,svl
7704,delicacy,svl
7705,desperation,svl
7706,elegance,svl
7707,eloquence,svl
7708,equilibrium,svl
7709,eternity,svl
7710,fullness,svl
7711,generalization,svl
7712,imbalance,svl
7713,inadequacy,svl
7714,inferiority,svl
7715,likeness,svl
7716,mastery,svl
7717,millennium,svl
7718,obscurity,svl
7719,persistence,svl
7720,rarity,svl
7721,transparency,svl
7722,urgency,svl
7723,velocity,svl
7724,brink,svl
7725,correlation,svl
7726,forefront,svl
7727,hemisphere,svl
7728,interchange,svl
7729,manor,svl
7730,maze,svl
7731,segment,svl
7732,tech,svl
7733,trench,svl
7734,vent,svl
7735,addict,svl
7736,bearer,svl
7737,dweller,svl
7738,gourmet,svl
7739,grader,svl
7740,lender,svl
7741,lunatic,svl
7742,narrator,svl
7743,pickpocket,svl
7744,pilgrim,svl
7745,plaintiff,svl
7746,practitioner,svl
7747,presenter,svl
7748,realist,svl
7749,sovereign,svl
7750,spouse,svl
7751,weaver,svl
7752,workaholic,svl
7753,adapter,svl
7754,charcoal,svl
7755,checklist,svl
7756,clasp,svl
7757,claw,svl
7758,dice,svl
7759,dynamite,svl
7760,filling,svl
7761,foil,svl
7762,gauge,svl
7763,hinge,svl
7764,hoop,svl
7765,inscription,svl
7766,invoice,svl
7767,litter,svl
7768,mop,svl
7769,paddle,svl
7770,portfolio,svl
7771,questionnaire,svl
7772,quilt,svl
7773,radiation,svl
7774,radiator,svl
7775,relic,svl
7776,socket,svl
7777,substitution,svl
7778,tack,svl
7779,transcript,svl
7780,wrapper,svl
7781,adverse,svl
7782,anti,svl
7783,borderline,svl
7784,coherent,svl
7785,compatible,svl
7786,corresponding,svl
7787,incoming,svl
7788,inconsistent,svl
7789,interactive,svl
7790,irrelevant,svl
7791,lesser,svl
7792,northward,svl
7793,parental,svl
7794,proportional,svl
7795,removed,svl
7796,spatial,svl
7797,suburban,svl
7798,unborn,svl
7799,unequal,svl
7800,unrelated,svl
7801,wandering,svl
7802,bass,svl
7803,biographical,svl
7804,descriptive,svl
7805,festive,svl
7806,hereditary,svl
7807,illiterate,svl
7808,introductory,svl
7809,literal,svl
7810,literate,svl
7811,paradoxical,svl
7812,philosophical,svl
7813,postgraduate,svl
7814,superstitious,svl
7815,amused,svl
7816,annoyed,svl
7817,appreciative,svl
7818,conceivable,svl
7819,contented,svl
7820,credible,svl
7821,detached,svl
7822,encouraging,svl
7823,estimated,svl
7824,favored,svl
7825,hesitant,svl
7826,imaginable,svl
7827,impulsive,svl
7828,incomprehensible,svl
7829,involuntary,svl
7830,ironic,svl
7831,joyous,svl
7832,memorable,svl
7833,prickly,svl
7834,reminiscent,svl
7835,sarcastic,svl
7836,sensuous,svl
7837,stressful,svl
7838,tempting,svl
7839,unforgettable,svl
7840,unsuspecting,svl
7841,adaptable,svl
7842,adjustable,svl
7843,analog,svl
7844,analytic,svl
7845,analytical,svl
7846,assorted,svl
7847,composite,svl
7848,crooked,svl
7849,curved,svl
7850,disabled,svl
7851,disposable,svl
7852,divided,svl
7853,driven,svl
7854,explanatory,svl
7855,extinct,svl
7856,fading,svl
7857,finished,svl
7858,fragile,svl
7859,illustrated,svl
7860,implicit,svl
7861,implied,svl
7862,impractical,svl
7863,inaccessible,svl
7864,inflexible,svl
7865,majestic,svl
7866,mobile,svl
7867,movable,svl
7868,mum,svl
7869,ongoing,svl
7870,raised,svl
7871,recognizable,svl
7872,settled,svl
7873,stationary,svl
7874,superficial,svl
7875,unbroken,svl
7876,underlying,svl
7877,undisturbed,svl
7878,uneven,svl
7879,unfinished,svl
7880,unsettled,svl
7881,vulnerable,svl
7882,decimal,svl
7883,enduring,svl
7884,quarterly,svl
7885,unending,svl
7886,advisable,svl
7887,affirmative,svl
7888,compelling,svl
7889,conscientious,svl
7890,considerate,svl
7891,cursed,svl
7892,designing,svl
7893,disinterested,svl
7894,homosexual,svl
7895,immoral,svl
7896,impersonal,svl
7897,improbable,svl
7898,indulgent,svl
7899,innate,svl
7900,inventive,svl
7901,mischievous,svl
7902,moody,svl
7903,negligent,svl
7904,predictable,svl
7905,resolute,svl
7906,shameless,svl
7907,shrewd,svl
7908,treacherous,svl
7909,unfavorable,svl
7910,unfriendly,svl
7911,untrue,svl
7912,alleged,svl
7913,aristocratic,svl
7914,charitable,svl
7915,clerical,svl
7916,confirmed,svl
7917,cosmopolitan,svl
7918,disciplinary,svl
7919,freelance,svl
7920,governing,svl
7921,ideological,svl
7922,incorporated,svl
7923,informative,svl
7924,integrated,svl
7925,judicial,svl
7926,licensed,svl
7927,marketable,svl
7928,nationalistic,svl
7929,occupational,svl
7930,oppressive,svl
7931,organizational,svl
7932,pending,svl
7933,pragmatic,svl
7934,preventive,svl
7935,problematic,svl
7936,triumphant,svl
7937,aerial,svl
7938,bleak,svl
7939,cloudless,svl
7940,leafy,svl
7941,lunar,svl
7942,sterile,svl
7943,absorbing,svl
7944,arbitrary,svl
7945,balanced,svl
7946,categorical,svl
7947,centigrade,svl
7948,conclusive,svl
7949,cubic,svl
7950,deserved,svl
7951,durable,svl
7952,emphatic,svl
7953,explicit,svl
7954,finite,svl
7955,frail,svl
7956,heavyweight,svl
7957,inaccurate,svl
7958,incomplete,svl
7959,ineffective,svl
7960,inefficient,svl
7961,integral,svl
7962,intolerable,svl
7963,invaluable,svl
7964,lightweight,svl
7965,meaningful,svl
7966,meaningless,svl
7967,metric,svl
7968,negligible,svl
7969,perilous,svl
7970,redundant,svl
7971,scant,svl
7972,shrill,svl
7973,unconditional,svl
7974,unfit,svl
7975,unreal,svl
7976,unsafe,svl
7977,locally,svl
7978,midway,svl
7979,hitherto,svl
7980,nightly,svl
7981,acutely,svl
7982,affectionately,svl
7983,cleverly,svl
7984,duly,svl
7985,emphatically,svl
7986,exceptionally,svl
7987,faintly,svl
7988,genuinely,svl
7989,infinitely,svl
7990,substantially,svl
7991,sufficiently,svl
7992,alternatively,svl
7993,mutually,svl
7994,potentially,svl
7995,purposely,svl
7996,suspiciously,svl
7997,amid,svl
7998,versus,svl
7999,assuming,svl
8000,hurrah,svl
8001,drought,svl
8002,aggravate,svl
8003,amplify,svl
8004,acoustic,svl
8005,animate,svl
8006,unconventional,svl
8007,assimilate,svl
8008,painstaking,svl
8009,automate,svl
8010,semiconductor,svl
8011,blacken,svl
8012,steeple,svl
8013,crumble,svl
8014,quartz,svl
8015,ore,svl
8016,gunpowder,svl
8017,badger,svl
8018,deteriorate,svl
8019,contaminant,svl
8020,daffodil,svl
8021,droop,svl
8022,electrify,svl
8023,gorge,svl
8024,icon,svl
8025,embody,svl
8026,motherhood,svl
8027,erupt,svl
8028,reef,svl
8029,humane,svl
8030,enmity,svl
8031,evaporate,svl
8032,freshen,svl
8033,dreary,svl
8034,showroom,svl
8035,muscular,svl
8036,tattoo,svl
8037,glisten,svl
8038,manifesto,svl
8039,incur,svl
8040,condemnation,svl
8041,constituency,svl
8042,modernize,svl
8043,headdress,svl
8044,vogue,svl
8045,constituent,svl
8046,cauliflower,svl
8047,neutralize,svl
8048,cholesterol,svl
8049,vendor,svl
8050,outnumber,svl
8051,shopper,svl
8052,boulevard,svl
8053,racist,svl
8054,perpetuate,svl
8055,supremacy,svl
8056,militant,svl
8057,pervade,svl
8058,enrollment,svl
8059,preparatory,svl
8060,plummet,svl
8061,intrinsic,svl
8062,kidney,svl
8063,purify,svl
8064,tumor,svl
8065,recur,svl
8066,lethal,svl
8067,forefinger,svl
8068,redden,svl
8069,inflammation,svl
8070,sliding,svl
8071,depot,svl
8072,squeak,svl
8073,contamination,svl
8074,stink,svl
8075,sardine,svl
8076,tart,svl
8077,muffin,svl
8078,taint,svl
8079,taper,svl
8080,unprecedented,svl
8081,sanction,svl
8082,chronic,svl
8083,ailment,svl
8084,void,svl
8085,undermine,svl
8086,validate,svl
8087,segregation,svl
8088,holocaust,svl
8089,scrutiny,svl
8090,attest,svl
8091,validity,svl
8092,socioeconomic,svl
8093,barter,svl
8094,poultry,svl
8095,collaborate,svl
8096,vegetation,svl
8097,converse,svl
8098,organizer,svl
8099,malicious,svl
8100,degrade,svl
8101,broadcaster,svl
8102,denounce,svl
8103,superstar,svl
8104,misfit,svl
8105,dub,svl
8106,mindless,svl
8107,earthworm,svl
8108,empower,svl
8109,inhuman,svl
8110,sovereignty,svl
8111,entice,svl
8112,meek,svl
8113,prank,svl
8114,northwestern,svl
8115,herald,svl
8116,herring,svl
8117,impeach,svl
8118,petty,svl
8119,immeasurable,svl
8120,constable,svl
8121,interrogate,svl
8122,unidentified,svl
8123,metro,svl
8124,dictatorship,svl
8125,intimidate,svl
8126,stereotype,svl
8127,patriotism,svl
8128,freak,svl
8129,mimic,svl
8130,affected,svl
8131,disobedient,svl
8132,misdirect,svl
8133,mystify,svl
8134,incoherent,svl
8135,soaked,svl
8136,widower,svl
8137,pester,svl
8138,publicize,svl
8139,merchandising,svl
8140,prototype,svl
8141,cameraman,svl
8142,seduce,svl
8143,naive,svl
8144,snub,svl
8145,psychiatry,svl
8146,assassination,svl
8147,stun,svl
8148,discoverer,svl
8149,unveil,svl
8150,affluent,svl
8151,rectangular,svl
8152,activate,svl
8153,generator,svl
8154,boarder,svl
8155,crunch,svl
8156,pickle,svl
8157,rocker,svl
8158,granddad,svl
8159,cuddle,svl
8160,throng,svl
8161,encircle,svl
8162,legislature,svl
8163,thrush,svl
8164,hover,svl
8165,caterpillar,svl
8166,psychiatrist,svl
8167,waistcoat,svl
8168,jot,svl
8169,respondent,svl
8170,chunk,svl
8171,munch,svl
8172,nutritious,svl
8173,buck,svl
8174,breeding,svl
8175,nip,svl
8176,assassin,svl
8177,revolver,svl
8178,peek,svl
8179,poke,svl
8180,toothpick,svl
8181,yolk,svl
8182,pry,svl
8183,roadside,svl
8184,boulder,svl
8185,rehearse,svl
8186,animated,svl
8187,monologue,svl
8188,bellboy,svl
8189,retrace,svl
8190,blizzard,svl
8191,sling,svl
8192,snowball,svl
8193,rustic,svl
8194,intolerant,svl
8195,spank,svl
8196,signing,svl
8197,pact,svl
8198,surge,svl
8199,swoop,svl
8200,reservoir,svl
8201,carp,svl
8202,sled,svl
8203,thump,svl
8204,lamppost,svl
8205,twitch,svl
8206,pang,svl
8207,forearm,svl
8208,showy,svl
8209,unbutton,svl
8210,snug,svl
8211,mournful,svl
8212,hoot,svl
8213,wail,svl
8214,supersonic,svl
8215,abbreviate,svl
8216,abort,svl
8217,environmentalist,svl
8218,affix,svl
8219,censorship,svl
8220,anarchist,svl
8221,agitate,svl
8222,commercialism,svl
8223,alienate,svl
8224,ruthless,svl
8225,allot,svl
8226,laborious,svl
8227,sheriff,svl
8228,apprehend,svl
8229,notorious,svl
8230,villain,svl
8231,avert,svl
8232,dynasty,svl
8233,unrest,svl
8234,censor,svl
8235,pretext,svl
8236,oversight,svl
8237,decree,svl
8238,centralize,svl
8239,illogical,svl
8240,bonfire,svl
8241,chant,svl
8242,grandeur,svl
8243,gravel,svl
8244,pulp,svl
8245,clog,svl
8246,sewer,svl
8247,townspeople,svl
8248,commemorate,svl
8249,bust,svl
8250,loyalist,svl
8251,confound,svl
8252,deceptive,svl
8253,hypocrite,svl
8254,amenity,svl
8255,dabble,svl
8256,billiards,svl
8257,stepmother,svl
8258,darn,svl
8259,zigzag,svl
8260,nick,svl
8261,extended,svl
8262,deduct,svl
8263,tuition,svl
8264,loading,svl
8265,deform,svl
8266,detain,svl
8267,solicitor,svl
8268,cocaine,svl
8269,insecurity,svl
8270,deter,svl
8271,heiress,svl
8272,extravagance,svl
8273,contestant,svl
8274,devalue,svl
8275,myriad,svl
8276,diffuse,svl
8277,dioxide,svl
8278,dilute,svl
8279,porridge,svl
8280,trolley,svl
8281,disconnect,svl
8282,upland,svl
8283,conditioner,svl
8284,disfigure,svl
8285,allergic,svl
8286,distill,svl
8287,prohibition,svl
8288,tribunal,svl
8289,diverge,svl
8290,verdict,svl
8291,intern,svl
8292,doze,svl
8293,intermission,svl
8294,enlighten,svl
8295,sinner,svl
8296,scripture,svl
8297,insensitive,svl
8298,sarcasm,svl
8299,enrage,svl
8300,stepfather,svl
8301,entrust,svl
8302,caretaker,svl
8303,fixture,svl
8304,evacuate,svl
8305,occupant,svl
8306,avalanche,svl
8307,evade,svl
8308,briefing,svl
8309,layoff,svl
8310,marijuana,svl
8311,impair,svl
8312,cheeky,svl
8313,infuriate,svl
8314,godmother,svl
8315,irrigate,svl
8316,heath,svl
8317,beet,svl
8318,resourceful,svl
8319,juggle,svl
8320,sibling,svl
8321,aerobic,svl
8322,adorable,svl
8323,kindle,svl
8324,bomber,svl
8325,localize,svl
8326,battlefield,svl
8327,madden,svl
8328,inning,svl
8329,tabloid,svl
8330,defenseless,svl
8331,manipulate,svl
8332,subcommittee,svl
8333,chronicle,svl
8334,pagan,svl
8335,massacre,svl
8336,unification,svl
8337,maximize,svl
8338,exemption,svl
8339,misuse,svl
8340,pesticide,svl
8341,robin,svl
8342,regiment,svl
8343,mobilize,svl
8344,monopolize,svl
8345,petroleum,svl
8346,phenomenal,svl
8347,moor,svl
8348,steamboat,svl
8349,hazy,svl
8350,gravestone,svl
8351,obstruct,svl
8352,bog,svl
8353,opt,svl
8354,renowned,svl
8355,recreational,svl
8356,auditor,svl
8357,overestimate,svl
8358,duchess,svl
8359,superintendent,svl
8360,oversee,svl
8361,spinner,svl
8362,reluctantly,svl
8363,persevere,svl
8364,diabetes,svl
8365,hormone,svl
8366,pinpoint,svl
8367,extinction,svl
8368,emigrant,svl
8369,ply,svl
8370,gutter,svl
8371,horrid,svl
8372,din,svl
8373,punctuate,svl
8374,privileged,svl
8375,purge,svl
8376,fatherland,svl
8377,aggressor,svl
8378,ravage,svl
8379,rearrange,svl
8380,partition,svl
8381,rebuke,svl
8382,chauffeur,svl
8383,indecent,svl
8384,squad,svl
8385,pickup,svl
8386,recapture,svl
8387,rectify,svl
8388,warranty,svl
8389,thermostat,svl
8390,redeem,svl
8391,armful,svl
8392,blooming,svl
8393,pensioner,svl
8394,reenter,svl
8395,biotechnology,svl
8396,reestablish,svl
8397,prewar,svl
8398,parish,svl
8399,renounce,svl
8400,exertion,svl
8401,justifiable,svl
8402,lighthearted,svl
8403,jest,svl
8404,repress,svl
8405,retrieve,svl
8406,inventory,svl
8407,woodwork,svl
8408,admittedly,svl
8409,rig,svl
8410,anarchy,svl
8411,breeder,svl
8412,segregate,svl
8413,rascal,svl
8414,shoplift,svl
8415,shun,svl
8416,unavailable,svl
8417,sift,svl
8418,sampling,svl
8419,parasite,svl
8420,inexplicable,svl
8421,smelt,svl
8422,solicit,svl
8423,transfusion,svl
8424,distracted,svl
8425,stifle,svl
8426,sickly,svl
8427,subscribe,svl
8428,jigsaw,svl
8429,lovable,svl
8430,penguin,svl
8431,adversity,svl
8432,swap,svl
8433,banjo,svl
8434,synthesize,svl
8435,vaccine,svl
8436,immunity,svl
8437,terminate,svl
8438,uninterrupted,svl
8439,siege,svl
8440,linguist,svl
8441,transcribe,svl
8442,dogma,svl
8443,fingertip,svl
8444,pane,svl
8445,trickle,svl
8446,unleash,svl
8447,egoistic,svl
8448,barbarism,svl
8449,unpack,svl
8450,bin,svl
8451,mayonnaise,svl
8452,verify,svl
8453,copyright,svl
8454,linguistics,svl
8455,programmer,svl
8456,browse,svl
8457,specification,svl
8458,knockout,svl
8459,captivate,svl
8460,playwright,svl
8461,crave,svl
8462,renown,svl
8463,cynical,svl
8464,denote,svl
8465,gratification,svl
8466,epic,svl
8467,evoke,svl
8468,reminiscence,svl
8469,sage,svl
8470,antiquity,svl
8471,foretell,svl
8472,hospice,svl
8473,harass,svl
8474,hygiene,svl
8475,infer,svl
8476,speck,svl
8477,butler,svl
8478,cult,svl
8479,infuse,svl
8480,conformity,svl
8481,alpine,svl
8482,intrigue,svl
8483,botanist,svl
8484,archbishop,svl
8485,ponder,svl
8486,discord,svl
8487,childless,svl
8488,rediscover,svl
8489,lengthy,svl
8490,marital,svl
8491,surmise,svl
8492,runaway,svl
8493,boarding,svl
8494,enlargement,svl
8495,unsettle,svl
8496,placid,svl
8497,commune,svl
8498,dreamer,svl
8499,visualize,svl
8500,utopia,svl
8501,flea,svl
8502,grasshopper,svl
8503,lioness,svl
8504,mare,svl
8505,reindeer,svl
8506,acceleration,svl
8507,casting,svl
8508,distortion,svl
8509,elasticity,svl
8510,momentum,svl
8511,mountaineering,svl
8512,takeoff,svl
8513,transit,svl
8514,allergy,svl
8515,childbirth,svl
8516,colon,svl
8517,germ,svl
8518,heredity,svl
8519,intestine,svl
8520,longevity,svl
8521,nudity,svl
8522,receptor,svl
8523,recurrence,svl
8524,stimulant,svl
8525,syndrome,svl
8526,abstraction,svl
8527,alienation,svl
8528,apathy,svl
8529,compulsion,svl
8530,conjecture,svl
8531,consolation,svl
8532,cowardice,svl
8533,daze,svl
8534,distaste,svl
8535,inference,svl
8536,mistrust,svl
8537,objectivity,svl
8538,obsession,svl
8539,repentance,svl
8540,retrospect,svl
8541,tact,svl
8542,tumult,svl
8543,willingness,svl
8544,woe,svl
8545,yearning,svl
8546,anecdote,svl
8547,aptitude,svl
8548,collaboration,svl
8549,elaboration,svl
8550,excerpt,svl
8551,footnote,svl
8552,italic,svl
8553,motif,svl
8554,photocopy,svl
8555,punctuation,svl
8556,sequel,svl
8557,sonata,svl
8558,beta,svl
8559,canon,svl
8560,carol,svl
8561,coherence,svl
8562,discourse,svl
8563,ethic,svl
8564,flair,svl
8565,illiteracy,svl
8566,ingenuity,svl
8567,laser,svl
8568,maxim,svl
8569,mechanics,svl
8570,mythology,svl
8571,participle,svl
8572,piety,svl
8573,predicate,svl
8574,providence,svl
8575,salvation,svl
8576,skepticism,svl
8577,spectrum,svl
8578,syllabus,svl
8579,synonym,svl
8580,wording,svl
8581,cedar,svl
8582,coastline,svl
8583,crescent,svl
8584,ebb,svl
8585,eclipse,svl
8586,gust,svl
8587,haze,svl
8588,holly,svl
8589,irrigation,svl
8590,peat,svl
8591,plume,svl
8592,puddle,svl
8593,sap,svl
8594,silicon,svl
8595,splinter,svl
8596,absurdity,svl
8597,actuality,svl
8598,admittance,svl
8599,affirmation,svl
8600,apprenticeship,svl
8601,bondage,svl
8602,camouflage,svl
8603,cleanliness,svl
8604,conditioning,svl
8605,contour,svl
8606,credibility,svl
8607,designation,svl
8608,detection,svl
8609,disclosure,svl
8610,evacuation,svl
8611,feat,svl
8612,flashing,svl
8613,heroism,svl
8614,homosexuality,svl
8615,honk,svl
8616,misbehavior,svl
8617,ordeal,svl
8618,pollutant,svl
8619,preview,svl
8620,redemption,svl
8621,reminder,svl
8622,reunion,svl
8623,reversal,svl
8624,setback,svl
8625,silhouette,svl
8626,simulation,svl
8627,spontaneity,svl
8628,temperance,svl
8629,wiring,svl
8630,allocation,svl
8631,boon,svl
8632,clearance,svl
8633,computing,svl
8634,contention,svl
8635,curfew,svl
8636,deduction,svl
8637,deposition,svl
8638,dissent,svl
8639,downfall,svl
8640,endorsement,svl
8641,flaw,svl
8642,fusion,svl
8643,gentry,svl
8644,imperialism,svl
8645,inconsistency,svl
8646,individualism,svl
8647,inefficiency,svl
8648,infrastructure,svl
8649,legitimacy,svl
8650,liberalism,svl
8651,lordship,svl
8652,maneuver,svl
8653,manipulation,svl
8654,matrix,svl
8655,Messrs.,svl
8656,milestone,svl
8657,morale,svl
8658,neutrality,svl
8659,precedent,svl
8660,protocol,svl
8661,racism,svl
8662,refund,svl
8663,repression,svl
8664,repute,svl
8665,retention,svl
8666,seizure,svl
8667,shipbuilding,svl
8668,spinning,svl
8669,subgroup,svl
8670,tactics,svl
8671,torrent,svl
8672,trump,svl
8673,turf,svl
8674,uranium,svl
8675,valuation,svl
8676,bran,svl
8677,champagne,svl
8678,coke,svl
8679,cuisine,svl
8680,gravy,svl
8681,lime,svl
8682,nutrient,svl
8683,sherbet,svl
8684,soybean,svl
8685,starch,svl
8686,yeast,svl
8687,adequacy,svl
8688,adherence,svl
8689,congestion,svl
8690,digit,svl
8691,enrichment,svl
8692,highness,svl
8693,imperfection,svl
8694,interim,svl
8695,intolerance,svl
8696,intricacy,svl
8697,irrelevance,svl
8698,jackpot,svl
8699,monotony,svl
8700,norm,svl
8701,oblivion,svl
8702,pinnacle,svl
8703,preoccupation,svl
8704,radius,svl
8705,redundancy,svl
8706,residue,svl
8707,severity,svl
8708,subtlety,svl
8709,trillion,svl
8710,watt,svl
8711,crest,svl
8712,curb,svl
8713,fore,svl
8714,foreground,svl
8715,haven,svl
8716,kiosk,svl
8717,ledge,svl
8718,midweek,svl
8719,nucleus,svl
8720,observatory,svl
8721,plateau,svl
8722,ramp,svl
8723,rink,svl
8724,sanctuary,svl
8725,stairway,svl
8726,suite,svl
8727,verge,svl
8728,authoritarian,svl
8729,bitch,svl
8730,bowler,svl
8731,communicator,svl
8732,cultivator,svl
8733,devotee,svl
8734,egoist,svl
8735,empress,svl
8736,hippie,svl
8737,humanist,svl
8738,idealist,svl
8739,interviewee,svl
8740,janitor,svl
8741,layman,svl
8742,miser,svl
8743,negotiator,svl
8744,posterity,svl
8745,snob,svl
8746,spokesperson,svl
8747,subscriber,svl
8748,adornment,svl
8749,barometer,svl
8750,binder,svl
8751,duplicate,svl
8752,harness,svl
8753,hoe,svl
8754,jack,svl
8755,latch,svl
8756,modem,svl
8757,mosaic,svl
8758,obstruction,svl
8759,oddity,svl
8760,pedestal,svl
8761,placard,svl
8762,plaque,svl
8763,propeller,svl
8764,rectangle,svl
8765,remnant,svl
8766,replica,svl
8767,shoelace,svl
8768,signpost,svl
8769,slab,svl
8770,spiral,svl
8771,spreadsheet,svl
8772,thong,svl
8773,transmitter,svl
8774,yoke,svl
8775,adjacent,svl
8776,akin,svl
8777,analogous,svl
8778,contradictory,svl
8779,differential,svl
8780,downstream,svl
8781,frontal,svl
8782,incidental,svl
8783,incompatible,svl
8784,maternal,svl
8785,median,svl
8786,northeastern,svl
8787,predominant,svl
8788,reciprocal,svl
8789,separable,svl
8790,southeastern,svl
8791,southwestern,svl
8792,supplementary,svl
8793,evolutionary,svl
8794,fictional,svl
8795,geological,svl
8796,lyrical,svl
8797,notional,svl
8798,optical,svl
8799,orchestral,svl
8800,phonetic,svl
8801,scholarly,svl
8802,secular,svl
8803,surgical,svl
8804,tutorial,svl
8805,utopian,svl
8806,agonizing,svl
8807,awesome,svl
8808,cheery,svl
8809,complacent,svl
8810,conceited,svl
8811,contemptuous,svl
8812,damned,svl
8813,desirous,svl
8814,dubious,svl
8815,ecstatic,svl
8816,foreseeable,svl
8817,hospitable,svl
8818,intuitive,svl
8819,platonic,svl
8820,puzzling,svl
8821,radiant,svl
8822,retrospective,svl
8823,sensory,svl
8824,speechless,svl
8825,stirring,svl
8826,subdued,svl
8827,unintentional,svl
8828,unloved,svl
8829,unnoticed,svl
8830,unwelcome,svl
8831,angelic,svl
8832,automotive,svl
8833,circumstantial,svl
8834,compulsive,svl
8835,connected,svl
8836,crimson,svl
8837,devoid,svl
8838,erroneous,svl
8839,fishy,svl
8840,floating,svl
8841,fragrant,svl
8842,grotesque,svl
8843,handmade,svl
8844,insecure,svl
8845,jointed,svl
8846,lifelike,svl
8847,loaded,svl
8848,occidental,svl
8849,packed,svl
8850,polished,svl
8851,precarious,svl
8852,radioactive,svl
8853,reproductive,svl
8854,seeming,svl
8855,shaped,svl
8856,silvery,svl
8857,sinister,svl
8858,slack,svl
8859,specialized,svl
8860,sturdy,svl
8861,suggestive,svl
8862,sunken,svl
8863,swollen,svl
8864,synthetic,svl
8865,tasteless,svl
8866,thermal,svl
8867,thunderous,svl
8868,turbulent,svl
8869,undone,svl
8870,wanting,svl
8871,watertight,svl
8872,watery,svl
8873,yielding,svl
8874,ceaseless,svl
8875,instantaneous,svl
8876,overdue,svl
8877,periodic,svl
8878,populous,svl
8879,premature,svl
8880,temporal,svl
8881,transitional,svl
8882,treble,svl
8883,unprepared,svl
8884,addicted,svl
8885,addictive,svl
8886,amiable,svl
8887,artful,svl
8888,assertive,svl
8889,behavioral,svl
8890,carefree,svl
8891,compassionate,svl
8892,discreet,svl
8893,faithless,svl
8894,frivolous,svl
8895,gifted,svl
8896,immune,svl
8897,imprudent,svl
8898,inappropriate,svl
8899,inborn,svl
8900,inconclusive,svl
8901,insincere,svl
8902,lavish,svl
8903,lesbian,svl
8904,martial,svl
8905,misguided,svl
8906,perverse,svl
8907,prone,svl
8908,psychic,svl
8909,renewable,svl
8910,rigorous,svl
8911,skeptical,svl
8912,submissive,svl
8913,suicidal,svl
8914,unconcerned,svl
8915,debatable,svl
8916,exempt,svl
8917,feudal,svl
8918,illegitimate,svl
8919,judiciary,svl
8920,lucrative,svl
8921,materialistic,svl
8922,multinational,svl
8923,negotiable,svl
8924,operative,svl
8925,receivable,svl
8926,repressive,svl
8927,rogue,svl
8928,sociological,svl
8929,speculative,svl
8930,taboo,svl
8931,tyrannical,svl
8932,unsold,svl
8933,vocational,svl
8934,aquatic,svl
8935,celestial,svl
8936,cosmic,svl
8937,evergreen,svl
8938,freezing,svl
8939,astronomical,svl
8940,bizarre,svl
8941,bottomless,svl
8942,burdensome,svl
8943,comprehensible,svl
8944,congenial,svl
8945,disruptive,svl
8946,effortless,svl
8947,elemental,svl
8948,eventful,svl
8949,exceeding,svl
8950,fabulous,svl
8951,forcible,svl
8952,frugal,svl
8953,futile,svl
8954,generic,svl
8955,hazardous,svl
8956,hectic,svl
8957,impotent,svl
8958,inconceivable,svl
8959,inescapable,svl
8960,infrequent,svl
8961,irresistible,svl
8962,lukewarm,svl
8963,meager,svl
8964,mediocre,svl
8965,noteworthy,svl
8966,obligatory,svl
8967,obsolete,svl
8968,outrageous,svl
8969,overt,svl
8970,passable,svl
8971,pointless,svl
8972,potent,svl
8973,readable,svl
8974,righteous,svl
8975,robust,svl
8976,sustainable,svl
8977,tangible,svl
8978,tentative,svl
8979,undeniable,svl
8980,workable,svl
8981,afar,svl
8982,aloof,svl
8983,astray,svl
8984,conversely,svl
8985,squarely,svl
8986,anytime,svl
8987,indefinitely,svl
8988,gaily,svl
8989,idly,svl
8990,principally,svl
8991,respectfully,svl
8992,whatsoever,svl
8993,alternately,svl
8994,apiece,svl
8995,thereby,svl
8996,variously,svl
8997,whereby,svl
8998,thou,svl
8999,ye,svl
9000,ha,svl
9001,tactic,svl
9002,backfire,svl
9003,catastrophic,svl
9004,enigmatic,svl
9005,baffle,svl
9006,denim,svl
9007,beset,svl
9008,sluggish,svl
9009,drummer,svl
9010,besiege,svl
9011,ardent,svl
9012,adversary,svl
9013,bolster,svl
9014,locust,svl
9015,categorize,svl
9016,endangered,svl
9017,clan,svl
9018,coexist,svl
9019,multicultural,svl
9020,aftermath,svl
9021,turbulence,svl
9022,peacekeeping,svl
9023,constrain,svl
9024,aggregate,svl
9025,counteract,svl
9026,erosion,svl
9027,culminate,svl
9028,demise,svl
9029,bloc,svl
9030,chic,svl
9031,pendant,svl
9032,dangle,svl
9033,decease,svl
9034,coronation,svl
9035,inauguration,svl
9036,defer,svl
9037,indefinite,svl
9038,deflect,svl
9039,ultraviolet,svl
9040,sunburn,svl
9041,disable,svl
9042,gymnastics,svl
9043,shuttle,svl
9044,disintegrate,svl
9045,brewer,svl
9046,diversify,svl
9047,lineup,svl
9048,foothold,svl
9049,graveyard,svl
9050,dwindle,svl
9051,exposition,svl
9052,encompass,svl
9053,nostalgia,svl
9054,engulf,svl
9055,volley,svl
9056,ensue,svl
9057,termination,svl
9058,entail,svl
9059,penal,svl
9060,equalize,svl
9061,showcase,svl
9062,inaugural,svl
9063,imperative,svl
9064,eradicate,svl
9065,plausible,svl
9066,erode,svl
9067,sandstone,svl
9068,exemplify,svl
9069,haughty,svl
9070,bureaucrat,svl
9071,resin,svl
9072,flare,svl
9073,vile,svl
9074,fume,svl
9075,neon,svl
9076,billboard,svl
9077,flicker,svl
9078,implicate,svl
9079,disgraceful,svl
9080,inaugurate,svl
9081,consecutive,svl
9082,invalidate,svl
9083,entitlement,svl
9084,rebate,svl
9085,blunder,svl
9086,jeopardize,svl
9087,undercover,svl
9088,underway,svl
9089,lag,svl
9090,protectionism,svl
9091,liberalize,svl
9092,bead,svl
9093,perspiration,svl
9094,moisten,svl
9095,smock,svl
9096,necessitate,svl
9097,dietary,svl
9098,obliterate,svl
9099,predominantly,svl
9100,indigenous,svl
9101,theology,svl
9102,ordain,svl
9103,vicar,svl
9104,beneficiary,svl
9105,outweigh,svl
9106,overrun,svl
9107,influenza,svl
9108,beastly,svl
9109,midsummer,svl
9110,parch,svl
9111,jargon,svl
9112,pertain,svl
9113,biochemistry,svl
9114,wry,svl
9115,stunning,svl
9116,rebound,svl
9117,rehabilitate,svl
9118,narcotic,svl
9119,venerable,svl
9120,relegate,svl
9121,commoner,svl
9122,unaccountable,svl
9123,usher,svl
9124,relent,svl
9125,venue,svl
9126,muddle,svl
9127,revert,svl
9128,feudalism,svl
9129,advent,svl
9130,revolutionize,svl
9131,saturate,svl
9132,urine,svl
9133,snowflake,svl
9134,shimmer,svl
9135,basil,svl
9136,broth,svl
9137,simmer,svl
9138,cod,svl
9139,spawn,svl
9140,sprout,svl
9141,promenade,svl
9142,lance,svl
9143,spurt,svl
9144,subdivide,svl
9145,legality,svl
9146,questionable,svl
9147,glamorous,svl
9148,allure,svl
9149,transcend,svl
9150,melodramatic,svl
9151,undercut,svl
9152,authenticity,svl
9153,flawless,svl
9154,acclaim,svl
9155,incomparable,svl
9156,saga,svl
9157,pacifist,svl
9158,allude,svl
9159,shortcoming,svl
9160,bureaucratic,svl
9161,methodology,svl
9162,lousy,svl
9163,bastard,svl
9164,bellow,svl
9165,concur,svl
9166,supposition,svl
9167,causal,svl
9168,elicit,svl
9169,candid,svl
9170,fruitless,svl
9171,culprit,svl
9172,haunted,svl
9173,motel,svl
9174,fabricate,svl
9175,alibi,svl
9176,treatise,svl
9177,overstate,svl
9178,instability,svl
9179,purport,svl
9180,definitive,svl
9181,duo,svl
9182,ramble,svl
9183,plight,svl
9184,disadvantaged,svl
9185,diminutive,svl
9186,hue,svl
9187,alight,svl
9188,cerebral,svl
9189,bash,svl
9190,skull,svl
9191,braid,svl
9192,beckon,svl
9193,buff,svl
9194,boutique,svl
9195,glossy,svl
9196,bustle,svl
9197,cutlery,svl
9198,fanatic,svl
9199,chuck,svl
9200,grenade,svl
9201,havoc,svl
9202,clamber,svl
9203,rung,svl
9204,dusky,svl
9205,loft,svl
9206,fragmentary,svl
9207,embed,svl
9208,granite,svl
9209,potter,svl
9210,engrave,svl
9211,dainty,svl
9212,flick,svl
9213,butt,svl
9214,mug,svl
9215,suspender,svl
9216,flop,svl
9217,fumble,svl
9218,ruby,svl
9219,clothesline,svl
9220,gag,svl
9221,adhesive,svl
9222,gape,svl
9223,larva,svl
9224,cobweb,svl
9225,grimace,svl
9226,flank,svl
9227,hack,svl
9228,laurel,svl
9229,wrestler,svl
9230,heave,svl
9231,aloft,svl
9232,inflate,svl
9233,airship,svl
9234,transcontinental,svl
9235,invert,svl
9236,greasy,svl
9237,mince,svl
9238,prawn,svl
9239,clam,svl
9240,casserole,svl
9241,bony,svl
9242,prowl,svl
9243,consulate,svl
9244,scrawl,svl
9245,logo,svl
9246,scribble,svl
9247,autograph,svl
9248,duckling,svl
9249,scurry,svl
9250,asphalt,svl
9251,sever,svl
9252,artery,svl
9253,coma,svl
9254,shuffle,svl
9255,pulpit,svl
9256,bridal,svl
9257,smear,svl
9258,margarine,svl
9259,smother,svl
9260,syrup,svl
9261,snuff,svl
9262,mantlepiece,svl
9263,stoke,svl
9264,briskly,svl
9265,nominee,svl
9266,strut,svl
9267,convoy,svl
9268,swerve,svl
9269,maniac,svl
9270,tinker,svl
9271,gadget,svl
9272,infantry,svl
9273,wade,svl
9274,numb,svl
9275,weld,svl
9276,alloy,svl
9277,stud,svl
9278,wince,svl
9279,abdomen,svl
9280,wrench,svl
9281,hideous,svl
9282,wrestle,svl
9283,infamous,svl
9284,fugitive,svl
9285,meticulous,svl
9286,abide,svl
9287,sloppy,svl
9288,abstain,svl
9289,fatty,svl
9290,herbal,svl
9291,amass,svl
9292,colossal,svl
9293,maritime,svl
9294,inmate,svl
9295,baptize,svl
9296,versatile,svl
9297,brag,svl
9298,repertoire,svl
9299,christen,svl
9300,deceased,svl
9301,coax,svl
9302,toddler,svl
9303,consign,svl
9304,guiltless,svl
9305,convene,svl
9306,resumption,svl
9307,converge,svl
9308,premiere,svl
9309,crucify,svl
9310,detention,svl
9311,demolish,svl
9312,debris,svl
9313,mediation,svl
9314,deploy,svl
9315,brigade,svl
9316,dismantle,svl
9317,projector,svl
9318,soot,svl
9319,dispel,svl
9320,longstanding,svl
9321,misconception,svl
9322,disperse,svl
9323,migrant,svl
9324,provocative,svl
9325,paramount,svl
9326,economize,svl
9327,visibility,svl
9328,eject,svl
9329,leverage,svl
9330,elude,svl
9331,indictment,svl
9332,adoration,svl
9333,clarinet,svl
9334,emulate,svl
9335,legislator,svl
9336,enact,svl
9337,compliance,svl
9338,tactful,svl
9339,feign,svl
9340,allegiance,svl
9341,guild,svl
9342,royalist,svl
9343,flirt,svl
9344,forge,svl
9345,affidavit,svl
9346,fortify,svl
9347,fortress,svl
9348,ammunition,svl
9349,greyhound,svl
9350,fracture,svl
9351,mishap,svl
9352,wreckage,svl
9353,hamper,svl
9354,ferocious,svl
9355,hoard,svl
9356,impending,svl
9357,camper,svl
9358,huddle,svl
9359,pleasurable,svl
9360,adept,svl
9361,improvise,svl
9362,rhyme,svl
9363,indict,svl
9364,atrocity,svl
9365,padding,svl
9366,insulate,svl
9367,invoke,svl
9368,amnesty,svl
9369,dissident,svl
9370,statutory,svl
9371,levy,svl
9372,pendulum,svl
9373,lull,svl
9374,muster,svl
9375,courtroom,svl
9376,uprising,svl
9377,oust,svl
9378,overcrowd,svl
9379,overpopulation,svl
9380,overhaul,svl
9381,jumbo,svl
9382,recurrent,svl
9383,barge,svl
9384,overload,svl
9385,insurer,svl
9386,overpay,svl
9387,override,svl
9388,censure,svl
9389,liquidity,svl
9390,pep,svl
9391,crafty,svl
9392,pervert,svl
9393,pitiless,svl
9394,plunder,svl
9395,loot,svl
9396,covenant,svl
9397,preclude,svl
9398,homestead,svl
9399,livestock,svl
9400,fundraising,svl
9401,procure,svl
9402,erection,svl
9403,monastery,svl
9404,prod,svl
9405,anthropologist,svl
9406,bibliography,svl
9407,radiate,svl
9408,motherly,svl
9409,recharge,svl
9410,trek,svl
9411,expulsion,svl
9412,reclaim,svl
9413,focal,svl
9414,incumbent,svl
9415,reelect,svl
9416,brewery,svl
9417,refurbish,svl
9418,repeal,svl
9419,surveillance,svl
9420,tract,svl
9421,resell,svl
9422,reset,svl
9423,blackout,svl
9424,abortive,svl
9425,restart,svl
9426,therapeutic,svl
9427,retard,svl
9428,asthma,svl
9429,punk,svl
9430,reunite,svl
9431,gig,svl
9432,militia,svl
9433,sabotage,svl
9434,arsenal,svl
9435,devastating,svl
9436,scorch,svl
9437,hectare,svl
9438,sear,svl
9439,veal,svl
9440,ceramic,svl
9441,simulate,svl
9442,configuration,svl
9443,ion,svl
9444,stipulate,svl
9445,mandatory,svl
9446,polytechnic,svl
9447,subsidize,svl
9448,surmount,svl
9449,recourse,svl
9450,pageant,svl
9451,televise,svl
9452,attempted,svl
9453,topple,svl
9454,transact,svl
9455,impediment,svl
9456,surveyor,svl
9457,inadvertently,svl
9458,trespass,svl
9459,artillery,svl
9460,underwrite,svl
9461,consortium,svl
9462,ventilate,svl
9463,innermost,svl
9464,incense,svl
9465,veto,svl
9466,referendum,svl
9467,wager,svl
9468,poker,svl
9469,woo,svl
9470,electorate,svl
9471,buildup,svl
9472,symmetry,svl
9473,porcelain,svl
9474,astound,svl
9475,archaeologist,svl
9476,bristle,svl
9477,groundless,svl
9478,contender,svl
9479,egocentric,svl
9480,construe,svl
9481,outright,svl
9482,defiance,svl
9483,mandate,svl
9484,preoccupied,svl
9485,covet,svl
9486,deduce,svl
9487,bacterial,svl
9488,mutation,svl
9489,attributable,svl
9490,digestive,svl
9491,enzyme,svl
9492,delude,svl
9493,deficient,svl
9494,performing,svl
9495,deplore,svl
9496,accountability,svl
9497,diagnose,svl
9498,benign,svl
9499,gastric,svl
9500,ulcer,svl
9501,envisage,svl
9502,autonomous,svl
9503,viable,svl
9504,envision,svl
9505,duet,svl
9506,alto,svl
9507,exasperate,svl
9508,erratic,svl
9509,ferret,svl
9510,trauma,svl
9511,debtor,svl
9512,fret,svl
9513,installment,svl
9514,anchorage,svl
9515,wharf,svl
9516,loom,svl
9517,overhear,svl
9518,franchise,svl
9519,safari,svl
9520,preoccupy,svl
9521,ratify,svl
9522,proliferation,svl
9523,armament,svl
9524,refute,svl
9525,faulty,svl
9526,presumption,svl
9527,rethink,svl
9528,paradigm,svl
9529,revere,svl
9530,eligible,svl
9531,tenure,svl
9532,savor,svl
9533,aroma,svl
9534,sesame,svl
9535,scrutinize,svl
9536,treachery,svl
9537,bladder,svl
9538,throb,svl
9539,tingle,svl
9540,frosty,svl
9541,consul,svl
9542,defiant,svl
9543,vex,svl
9544,fungus,svl
9545,hog,svl
9546,mermaid,svl
9547,nymph,svl
9548,phoenix,svl
9549,predator,svl
9550,raven,svl
9551,ambush,svl
9552,archer,svl
9553,batsman,svl
9554,bout,svl
9555,dexterity,svl
9556,exodus,svl
9557,firing,svl
9558,fray,svl
9559,impetus,svl
9560,inertia,svl
9561,jolt,svl
9562,mountaineer,svl
9563,racecourse,svl
9564,tee,svl
9565,yoga,svl
9566,antibiotic,svl
9567,booster,svl
9568,burnout,svl
9569,cavity,svl
9570,childbearing,svl
9571,complexion,svl
9572,diarrhea,svl
9573,extraction,svl
9574,gland,svl
9575,hype,svl
9576,indigestion,svl
9577,maternity,svl
9578,paralysis,svl
9579,penis,svl
9580,piss,svl
9581,spasm,svl
9582,sperm,svl
9583,affinity,svl
9584,antagonism,svl
9585,aversion,svl
9586,brutality,svl
9587,composure,svl
9588,dishonesty,svl
9589,disquiet,svl
9590,fervor,svl
9591,fidelity,svl
9592,foresight,svl
9593,frenzy,svl
9594,glamour,svl
9595,grievance,svl
9596,heartache,svl
9597,heartbreak,svl
9598,hysteria,svl
9599,inducement,svl
9600,ingratitude,svl
9601,inhibition,svl
9602,leaning,svl
9603,mania,svl
9604,outburst,svl
9605,perplexity,svl
9606,poise,svl
9607,reassurance,svl
9608,resonance,svl
9609,screaming,svl
9610,solemnity,svl
9611,timidity,svl
9612,trance,svl
9613,tranquility,svl
9614,whim,svl
9615,accompanist,svl
9616,caricature,svl
9617,handiwork,svl
9618,modernism,svl
9619,modernist,svl
9620,octave,svl
9621,pastel,svl
9622,subculture,svl
9623,aesthetics,svl
9624,antonym,svl
9625,archive,svl
9626,baptism,svl
9627,cliché,svl
9628,commencement,svl
9629,contemplation,svl
9630,generality,svl
9631,glossary,svl
9632,martyr,svl
9633,mosque,svl
9634,nuance,svl
9635,orthodoxy,svl
9636,parenthesis,svl
9637,particularity,svl
9638,recitation,svl
9639,reviewer,svl
9640,shorthand,svl
9641,skeptic,svl
9642,synthesis,svl
9643,continuance,svl
9644,countdown,svl
9645,noonday,svl
9646,onset,svl
9647,outset,svl
9648,peacetime,svl
9649,semester,svl
9650,showdown,svl
9651,ammonia,svl
9652,cascade,svl
9653,coral,svl
9654,embryo,svl
9655,gravitation,svl
9656,iceberg,svl
9657,lilac,svl
9658,manure,svl
9659,naturalist,svl
9660,upheaval,svl
9661,vintage,svl
9662,backup,svl
9663,beige,svl
9664,bingo,svl
9665,coexistence,svl
9666,cohesion,svl
9667,compression,svl
9668,concord,svl
9669,confidentiality,svl
9670,connector,svl
9671,conveyance,svl
9672,eminence,svl
9673,facing,svl
9674,fraternity,svl
9675,furnishing,svl
9676,lather,svl
9677,liaison,svl
9678,magnificence,svl
9679,millstone,svl
9680,parody,svl
9681,pawn,svl
9682,payoff,svl
9683,petticoat,svl
9684,propriety,svl
9685,regulator,svl
9686,sedan,svl
9687,selector,svl
9688,semblance,svl
9689,shipwreck,svl
9690,stopover,svl
9691,stoppage,svl
9692,subdivision,svl
9693,tab,svl
9694,tangle,svl
9695,tint,svl
9696,advocacy,svl
9697,affiliate,svl
9698,affiliation,svl
9699,affluence,svl
9700,appropriation,svl
9701,birthright,svl
9702,borrowing,svl
9703,bourgeois,svl
9704,centralization,svl
9705,conjunction,svl
9706,default,svl
9707,deterrent,svl
9708,dominion,svl
9709,embargo,svl
9710,envoy,svl
9711,influx,svl
9712,interrogation,svl
9713,misconduct,svl
9714,moratorium,svl
9715,outcry,svl
9716,partisan,svl
9717,proponent,svl
9718,proxy,svl
9719,rebirth,svl
9720,remittance,svl
9721,retrieval,svl
9722,socialization,svl
9723,solidarity,svl
9724,speculator,svl
9725,unionist,svl
9726,additive,svl
9727,ale,svl
9728,carbohydrate,svl
9729,dripping,svl
9730,fixing,svl
9731,gin,svl
9732,malt,svl
9733,oatmeal,svl
9734,ration,svl
9735,sustenance,svl
9736,allotment,svl
9737,bulge,svl
9738,discrepancy,svl
9739,exaltation,svl
9740,expectancy,svl
9741,fineness,svl
9742,gloss,svl
9743,infinity,svl
9744,parameter,svl
9745,quid,svl
9746,relativity,svl
9747,variant,svl
9748,concealment,svl
9749,facade,svl
9750,facet,svl
9751,groove,svl
9752,midland,svl
9753,niche,svl
9754,notch,svl
9755,proximity,svl
9756,quarry,svl
9757,repository,svl
9758,rift,svl
9759,shroud,svl
9760,terminus,svl
9761,underside,svl
9762,upside,svl
9763,vista,svl
9764,adherent,svl
9765,airman,svl
9766,antagonist,svl
9767,bloke,svl
9768,caddie,svl
9769,courier,svl
9770,custodian,svl
9771,headteacher,svl
9772,mentor,svl
9773,midwife,svl
9774,newsagent,svl
9775,outcast,svl
9776,pygmy,svl
9777,scapegoat,svl
9778,seniority,svl
9779,suitor,svl
9780,wretch,svl
9781,accelerator,svl
9782,amber,svl
9783,chisel,svl
9784,churn,svl
9785,clothespin,svl
9786,crank,svl
9787,crib,svl
9788,derivative,svl
9789,detector,svl
9790,diesel,svl
9791,dropping,svl
9792,flint,svl
9793,flooring,svl
9794,frill,svl
9795,fuse,svl
9796,helm,svl
9797,mainframe,svl
9798,mortar,svl
9799,neutron,svl
9800,plaything,svl
9801,rubble,svl
9802,semicircle,svl
9803,sham,svl
9804,shred,svl
9805,slate,svl
9806,spout,svl
9807,stub,svl
9808,sulfur,svl
9809,transistor,svl
9810,trimming,svl
9811,varnish,svl
9812,vault,svl
9813,wedge,svl
9814,wig,svl
9815,divisional,svl
9816,dual,svl
9817,elevated,svl
9818,foremost,svl
9819,immovable,svl
9820,interdependent,svl
9821,intermediary,svl
9822,paternal,svl
9823,pervasive,svl
9824,proportionate,svl
9825,relational,svl
9826,reliant,svl
9827,reversible,svl
9828,rotary,svl
9829,symmetrical,svl
9830,cognitive,svl
9831,colloquial,svl
9832,discernible,svl
9833,elusive,svl
9834,empirical,svl
9835,existential,svl
9836,figurative,svl
9837,geometric,svl
9838,investigative,svl
9839,methodical,svl
9840,microscopic,svl
9841,molecular,svl
9842,monumental,svl
9843,mystic,svl
9844,mythical,svl
9845,occult,svl
9846,proverbial,svl
9847,reactive,svl
9848,substantive,svl
9849,utilitarian,svl
9850,hale,svl
9851,injurious,svl
9852,malignant,svl
9853,neurotic,svl
9854,psychiatric,svl
9855,retarded,svl
9856,toothless,svl
9857,appalling,svl
9858,audible,svl
9859,awakening,svl
9860,blinding,svl
9861,creepy,svl
9862,eerie,svl
9863,expectant,svl
9864,fraught,svl
9865,inflammatory,svl
9866,intriguing,svl
9867,lamentable,svl
9868,objectionable,svl
9869,oblivious,svl
9870,observant,svl
9871,possessed,svl
9872,sensual,svl
9873,unspoken,svl
9874,wistful,svl
9875,arduous,svl
9876,articulate,svl
9877,bumpy,svl
9878,cellular,svl
9879,ceremonious,svl
9880,convertible,svl
9881,creditable,svl
9882,crossed,svl
9883,deserving,svl
9884,disorderly,svl
9885,dormant,svl
9886,floppy,svl
9887,gallant,svl
9888,ghostly,svl
9889,homely,svl
9890,inconspicuous,svl
9891,indistinct,svl
9892,latent,svl
9893,laughable,svl
9894,lax,svl
9895,matching,svl
9896,monotone,svl
9897,ornate,svl
9898,phony,svl
9899,powdery,svl
9900,seamless,svl
9901,shaggy,svl
9902,simplistic,svl
9903,slick,svl
9904,unambiguous,svl
9905,opportune,svl
9906,predictive,svl
9907,presumable,svl
9908,primal,svl
9909,repetitive,svl
9910,transient,svl
9911,unbeaten,svl
9912,unforeseen,svl
9913,unparalleled,svl
9914,accommodating,svl
9915,assured,svl
9916,benevolent,svl
9917,bland,svl
9918,boyish,svl
9919,calculating,svl
9920,cardinal,svl
9921,delinquent,svl
9922,devout,svl
9923,egotistic,svl
9924,flattering,svl
9925,genial,svl
9926,heartless,svl
9927,incompetent,svl
9928,invincible,svl
9929,neglectful,svl
9930,politic,svl
9931,quarrelsome,svl
9932,receptive,svl
9933,relentless,svl
9934,secretive,svl
9935,sheepish,svl
9936,sterling,svl
9937,stingy,svl
9938,strenuous,svl
9939,uncompromising,svl
9940,uncontrolled,svl
9941,wary,svl
9942,accountable,svl
9943,apologetic,svl
9944,communal,svl
9945,hierarchical,svl
9946,imperialist,svl
9947,lawmaking,svl
9948,managerial,svl
9949,nomadic,svl
9950,provisional,svl
9951,regulatory,svl
9952,retiring,svl
9953,secretarial,svl
9954,sparing,svl
9955,tactical,svl
9956,unauthorized,svl
9957,unprofitable,svl
9958,visionary,svl
9959,volatile,svl
9960,warlike,svl
9961,flowering,svl
9962,freshwater,svl
9963,overgrown,svl
9964,stark,svl
9965,untouched,svl
9966,wooded,svl
9967,zoological,svl
9968,complementary,svl
9969,complimentary,svl
9970,cumulative,svl
9971,facile,svl
9972,fateful,svl
9973,feasible,svl
9974,imminent,svl
9975,invariable,svl
9976,manageable,svl
9977,minimal,svl
9978,momentous,svl
9979,mundane,svl
9980,peripheral,svl
9981,pertinent,svl
9982,practicable,svl
9983,praiseworthy,svl
9984,superfluous,svl
9985,unorthodox,svl
9986,unthinkable,svl
9987,usable,svl
9988,wee,svl
9989,weighty,svl
9990,clockwise,svl
9991,counterclockwise,svl
9992,afresh,svl
9993,expressly,svl
9994,gingerly,svl
9995,minutely,svl
9996,sorely,svl
9997,aye,svl
9998,theoretically,svl
9999,gee,svl
10000,thee,svl
10001,nominal,svl
10002,accrue,svl
10003,financier,svl
10004,plaza,svl
10005,accomplice,svl
10006,acquit,svl
10007,aria,svl
10008,alleviate,svl
10009,wrath,svl
10010,annul,svl
10011,ferocity,svl
10012,pharmaceutical,svl
10013,burgeon,svl
10014,anesthetic,svl
10015,cardiovascular,svl
10016,clot,svl
10017,boisterous,svl
10018,booze,svl
10019,clutter,svl
10020,disparate,svl
10021,coalesce,svl
10022,conglomerate,svl
10023,sliver,svl
10024,incendiary,svl
10025,crackle,svl
10026,hepatitis,svl
10027,debilitate,svl
10028,obese,svl
10029,patriarch,svl
10030,deflate,svl
10031,predicament,svl
10032,boardroom,svl
10033,degenerate,svl
10034,uproar,svl
10035,stockpile,svl
10036,deplete,svl
10037,deport,svl
10038,illicit,svl
10039,ghetto,svl
10040,depose,svl
10041,treason,svl
10042,deportation,svl
10043,czar,svl
10044,enactment,svl
10045,devolve,svl
10046,cartel,svl
10047,disband,svl
10048,devaluation,svl
10049,trooper,svl
10050,french,svl
10051,frigid,svl
10052,apostle,svl
10053,emanate,svl
10054,aura,svl
10055,embroil,svl
10056,libel,svl
10057,entrench,svl
10058,arcane,svl
10059,tenet,svl
10060,allusion,svl
10061,exacerbate,svl
10062,animosity,svl
10063,exhilarate,svl
10064,mural,svl
10065,asylum,svl
10066,forestall,svl
10067,forgo,svl
10068,diaper,svl
10069,galvanize,svl
10070,pivotal,svl
10071,vibrant,svl
10072,gild,svl
10073,portal,svl
10074,onslaught,svl
10075,catapult,svl
10076,gouge,svl
10077,rampart,svl
10078,acquittal,svl
10079,hearten,svl
10080,cutback,svl
10081,ignite,svl
10082,backlash,svl
10083,incriminate,svl
10084,perjury,svl
10085,ghastly,svl
10086,conflagration,svl
10087,inundate,svl
10088,languish,svl
10089,dearth,svl
10090,pilgrimage,svl
10091,meander,svl
10092,mitigate,svl
10093,antipathy,svl
10094,lineage,svl
10095,turnout,svl
10096,outstrip,svl
10097,stunt,svl
10098,overshadow,svl
10099,troupe,svl
10100,ordinance,svl
10101,placate,svl
10102,apocalypse,svl
10103,proliferate,svl
10104,excise,svl
10105,quadruple,svl
10106,quash,svl
10107,flagrant,svl
10108,bogus,svl
10109,rendezvous,svl
10110,reverberate,svl
10111,hub,svl
10112,revitalize,svl
10113,rivet,svl
10114,edifice,svl
10115,collateral,svl
10116,sag,svl
10117,seep,svl
10118,duct,svl
10119,meltdown,svl
10120,shackle,svl
10121,moribund,svl
10122,retribution,svl
10123,smite,svl
10124,spook,svl
10125,specter,svl
10126,garrison,svl
10127,foray,svl
10128,subvert,svl
10129,pronounced,svl
10130,supplant,svl
10131,antiquated,svl
10132,ethos,svl
10133,rupture,svl
10134,tarnish,svl
10135,deft,svl
10136,teem,svl
10137,canine,svl
10138,acumen,svl
10139,stately,svl
10140,wane,svl
10141,comptroller,svl
10142,crony,svl
10143,abet,svl
10144,curator,svl
10145,admonish,svl
10146,cleric,svl
10147,bask,svl
10148,brazen,svl
10149,beguile,svl
10150,bluff,svl
10151,evangelist,svl
10152,foreman,svl
10153,blurt,svl
10154,insidious,svl
10155,defection,svl
10156,chasten,svl
10157,chide,svl
10158,upbringing,svl
10159,corroborate,svl
10160,expatriate,svl
10161,espionage,svl
10162,combo,svl
10163,demur,svl
10164,deride,svl
10165,overture,svl
10166,rapprochement,svl
10167,ludicrous,svl
10168,connoisseur,svl
10169,disparage,svl
10170,cooper,svl
10171,drone,svl
10172,gall,svl
10173,extol,svl
10174,precinct,svl
10175,philanthropy,svl
10176,maverick,svl
10177,fawn,svl
10178,caste,svl
10179,choreographer,svl
10180,grouse,svl
10181,wayward,svl
10182,scathing,svl
10183,surcharge,svl
10184,grunt,svl
10185,insinuate,svl
10186,smug,svl
10187,instill,svl
10188,austerity,svl
10189,civility,svl
10190,laud,svl
10191,laureate,svl
10192,malign,svl
10193,innocuous,svl
10194,communique,svl
10195,nag,svl
10196,jumble,svl
10197,proffer,svl
10198,rationale,svl
10199,contraceptive,svl
10200,quip,svl
10201,rant,svl
10202,defamation,svl
10203,reprimand,svl
10204,devious,svl
10205,revile,svl
10206,audacity,svl
10207,slur,svl
10208,overdose,svl
10209,plagiarism,svl
10210,sputter,svl
10211,squabble,svl
10212,dementia,svl
10213,goody,svl
10214,squeal,svl
10215,elf,svl
10216,cynic,svl
10217,taunt,svl
10218,crap,svl
10219,tout,svl
10220,sedative,svl
10221,respiratory,svl
10222,covert,svl
10223,penchant,svl
10224,unearth,svl
10225,recalcitrant,svl
10226,bombard,svl
10227,squadron,svl
10228,rowdy,svl
10229,brandish,svl
10230,sickle,svl
10231,withdrawn,svl
10232,goldsmith,svl
10233,burnish,svl
10234,rodent,svl
10235,burrow,svl
10236,magnolia,svl
10237,conjure,svl
10238,jay,svl
10239,stein,svl
10240,crumple,svl
10241,lingerie,svl
10242,drape,svl
10243,commando,svl
10244,anthem,svl
10245,dredge,svl
10246,carcass,svl
10247,pneumonia,svl
10248,exhale,svl
10249,tenor,svl
10250,fiddle,svl
10251,fondle,svl
10252,irate,svl
10253,rebuff,svl
10254,enclave,svl
10255,gala,svl
10256,frolic,svl
10257,duel,svl
10258,gloat,svl
10259,cub,svl
10260,gnaw,svl
10261,doe,svl
10262,unruly,svl
10263,grapple,svl
10264,grope,svl
10265,coffer,svl
10266,handcuff,svl
10267,intractable,svl
10268,thug,svl
10269,asteroid,svl
10270,hurtle,svl
10271,platoon,svl
10272,barrage,svl
10273,hustle,svl
10274,stronghold,svl
10275,exacting,svl
10276,implant,svl
10277,roach,svl
10278,infest,svl
10279,hulk,svl
10280,township,svl
10281,inhale,svl
10282,pernicious,svl
10283,jab,svl
10284,arthritis,svl
10285,sodium,svl
10286,leach,svl
10287,sewage,svl
10288,deterioration,svl
10289,lob,svl
10290,picket,svl
10291,ark,svl
10292,lurch,svl
10293,deluge,svl
10294,grueling,svl
10295,nestle,svl
10296,nibble,svl
10297,nutty,svl
10298,bun,svl
10299,nudge,svl
10300,pew,svl
10301,blister,svl
10302,translucent,svl
10303,ooze,svl
10304,putt,svl
10305,footing,svl
10306,sire,svl
10307,colt,svl
10308,romp,svl
10309,battalion,svl
10310,rove,svl
10311,prowess,svl
10312,renegade,svl
10313,scoff,svl
10314,deity,svl
10315,screech,svl
10316,gruesome,svl
10317,shear,svl
10318,sideline,svl
10319,epitaph,svl
10320,slouch,svl
10321,pimp,svl
10322,smirk,svl
10323,brawl,svl
10324,panther,svl
10325,snarl,svl
10326,headlong,svl
10327,sprint,svl
10328,marquee,svl
10329,squirm,svl
10330,obscenity,svl
10331,footage,svl
10332,strew,svl
10333,petal,svl
10334,primate,svl
10335,protagonist,svl
10336,swagger,svl
10337,turner,svl
10338,tamper,svl
10339,pivot,svl
10340,throttle,svl
10341,retaliation,svl
10342,perennial,svl
10343,trudge,svl
10344,logging,svl
10345,whirlwind,svl
10346,veer,svl
10347,whack,svl
10348,dent,svl
10349,forlorn,svl
10350,plywood,svl
10351,whine,svl
10352,whisk,svl
10353,inferno,svl
10354,wizard,svl
10355,wield,svl
10356,anemia,svl
10357,wobble,svl
10358,align,svl
10359,autocratic,svl
10360,caucus,svl
10361,raider,svl
10362,annex,svl
10363,appease,svl
10364,clientele,svl
10365,cadet,svl
10366,avenge,svl
10367,proprietor,svl
10368,balk,svl
10369,prodigy,svl
10370,botch,svl
10371,benefactor,svl
10372,capitalize,svl
10373,capitulate,svl
10374,horrendous,svl
10375,bombardment,svl
10376,circumvent,svl
10377,windfall,svl
10378,flurry,svl
10379,clinch,svl
10380,insurgent,svl
10381,insurrection,svl
10382,flirtation,svl
10383,concoct,svl
10384,warden,svl
10385,condone,svl
10386,hoax,svl
10387,confiscate,svl
10388,cohort,svl
10389,firearm,svl
10390,cull,svl
10391,exemplary,svl
10392,corpus,svl
10393,ensemble,svl
10394,curtail,svl
10395,genteel,svl
10396,debase,svl
10397,lewd,svl
10398,adultery,svl
10399,informant,svl
10400,divulge,svl
10401,homicide,svl
10402,diabetic,svl
10403,eschew,svl
10404,exhort,svl
10405,extremist,svl
10406,bigotry,svl
10407,ferment,svl
10408,tepid,svl
10409,microbe,svl
10410,flaunt,svl
10411,booty,svl
10412,flex,svl
10413,buyout,svl
10414,junta,svl
10415,flounder,svl
10416,garner,svl
10417,sumptuous,svl
10418,perk,svl
10419,glean,svl
10420,euphemism,svl
10421,lexicon,svl
10422,measles,svl
10423,goad,svl
10424,inoculation,svl
10425,pundit,svl
10426,harry,svl
10427,metaphysical,svl
10428,outspoken,svl
10429,wrangle,svl
10430,hone,svl
10431,drawl,svl
10432,impart,svl
10433,convent,svl
10434,terrain,svl
10435,impede,svl
10436,reconnaissance,svl
10437,incite,svl
10438,zealot,svl
10439,masterly,svl
10440,inflame,svl
10441,stalwart,svl
10442,inter,svl
10443,rover,svl
10444,jettison,svl
10445,affiliated,svl
10446,stagnation,svl
10447,jeopardy,svl
10448,opium,svl
10449,launder,svl
10450,liken,svl
10451,abbey,svl
10452,narrate,svl
10453,persona,svl
10454,staunch,svl
10455,affable,svl
10456,pamper,svl
10457,backer,svl
10458,patronize,svl
10459,peddle,svl
10460,dope,svl
10461,rabid,svl
10462,sectarian,svl
10463,perpetrate,svl
10464,vandalism,svl
10465,skirmish,svl
10466,quell,svl
10467,recoup,svl
10468,centennial,svl
10469,reinstate,svl
10470,misdemeanor,svl
10471,injunction,svl
10472,relinquish,svl
10473,renovate,svl
10474,courthouse,svl
10475,replenish,svl
10476,requisite,svl
10477,replicate,svl
10478,disintegration,svl
10479,resurrect,svl
10480,hyperbole,svl
10481,opus,svl
10482,grudge,svl
10483,retaliate,svl
10484,revamp,svl
10485,rendition,svl
10486,crackdown,svl
10487,revoke,svl
10488,counterfeit,svl
10489,rout,svl
10490,fluke,svl
10491,salvage,svl
10492,sierra,svl
10493,scour,svl
10494,epicenter,svl
10495,annuity,svl
10496,scuttle,svl
10497,impasse,svl
10498,secede,svl
10499,spearhead,svl
10500,prostitution,svl
10501,splice,svl
10502,perimeter,svl
10503,spurn,svl
10504,preposterous,svl
10505,paranoia,svl
10506,squander,svl
10507,patronage,svl
10508,stave,svl
10509,attrition,svl
10510,abstinence,svl
10511,succumb,svl
10512,infringement,svl
10513,thwart,svl
10514,vie,svl
10515,hegemony,svl
10516,miscarriage,svl
10517,vindicate,svl
10518,waive,svl
10519,eligibility,svl
10520,conservationist,svl
10521,bemoan,svl
10522,oracle,svl
10523,decipher,svl
10524,genetics,svl
10525,delve,svl
10526,downplay,svl
10527,cardiac,svl
10528,pathology,svl
10529,chaplain,svl
10530,endear,svl
10531,evangelical,svl
10532,entreat,svl
10533,lama,svl
10534,espouse,svl
10535,altruism,svl
10536,dire,svl
10537,etch,svl
10538,archipelago,svl
10539,legion,svl
10540,exult,svl
10541,truce,svl
10542,fathom,svl
10543,lore,svl
10544,tome,svl
10545,loathe,svl
10546,incest,svl
10547,mortify,svl
10548,snag,svl
10549,mull,svl
10550,fiasco,svl
10551,farce,svl
10552,bidder,svl
10553,rue,svl
10554,squint,svl
10555,writ,svl
10556,litigation,svl
10557,incarnation,svl
10558,heyday,svl
10559,swoon,svl
10560,unravel,svl
10561,schizophrenia,svl
10562,falcon,svl
10563,fin,svl
10564,mule,svl
10565,catalyst,svl
10566,clout,svl
10567,anesthesia,svl
10568,antidote,svl
10569,biopsy,svl
10570,chromosome,svl
10571,containment,svl
10572,contraception,svl
10573,cortex,svl
10574,efficacy,svl
10575,euthanasia,svl
10576,fetus,svl
10577,genital,svl
10578,hypertension,svl
10579,leukemia,svl
10580,marrow,svl
10581,menopause,svl
10582,metabolism,svl
10583,mole,svl
10584,nausea,svl
10585,neuron,svl
10586,nipple,svl
10587,placebo,svl
10588,pore,svl
10589,reflex,svl
10590,relapse,svl
10591,retina,svl
10592,scalp,svl
10593,tuberculosis,svl
10594,womb,svl
10595,bravado,svl
10596,clamor,svl
10597,complacency,svl
10598,contrition,svl
10599,cynicism,svl
10600,deference,svl
10601,demeanor,svl
10602,derision,svl
10603,empathy,svl
10604,euphoria,svl
10605,funk,svl
10606,furor,svl
10607,glee,svl
10608,hallucination,svl
10609,homage,svl
10610,hunch,svl
10611,mirage,svl
10612,misgiving,svl
10613,ovation,svl
10614,phantom,svl
10615,rancor,svl
10616,remorse,svl
10617,revulsion,svl
10618,solace,svl
10619,tantrum,svl
10620,tremor,svl
10621,vengeance,svl
10622,whiff,svl
10623,concerto,svl
10624,embodiment,svl
10625,tribune,svl
10626,acronym,svl
10627,banter,svl
10628,benchmark,svl
10629,calculus,svl
10630,citation,svl
10631,commandment,svl
10632,compilation,svl
10633,conundrum,svl
10634,convergence,svl
10635,denomination,svl
10636,dictum,svl
10637,doctorate,svl
10638,enigma,svl
10639,halo,svl
10640,heresy,svl
10641,psyche,svl
10642,pun,svl
10643,quantum,svl
10644,resurrection,svl
10645,sanctity,svl
10646,savior,svl
10647,seminary,svl
10648,upshot,svl
10649,verification,svl
10650,continuum,svl
10651,courtship,svl
10652,flux,svl
10653,genealogy,svl
10654,genesis,svl
10655,hiatus,svl
10656,omen,svl
10657,precursor,svl
10658,prelude,svl
10659,respite,svl
10660,vigil,svl
10661,aspen,svl
10662,birch,svl
10663,blight,svl
10664,garland,svl
10665,graft,svl
10666,heather,svl
10667,hull,svl
10668,meteor,svl
10669,nitrogen,svl
10670,pod,svl
10671,pollen,svl
10672,ante,svl
10673,assortment,svl
10674,bane,svl
10675,decor,svl
10676,demolition,svl
10677,forcing,svl
10678,fragmentation,svl
10679,graffiti,svl
10680,grid,svl
10681,hassle,svl
10682,hindsight,svl
10683,incompetence,svl
10684,knack,svl
10685,mannerism,svl
10686,orgy,svl
10687,puncture,svl
10688,quirk,svl
10689,rapport,svl
10690,respectability,svl
10691,scourge,svl
10692,stealth,svl
10693,stigma,svl
10694,arson,svl
10695,backdrop,svl
10696,bounty,svl
10697,complicity,svl
10698,confederate,svl
10699,contingency,svl
10700,debacle,svl
10701,disparity,svl
10702,evasion,svl
10703,extradition,svl
10704,feud,svl
10705,fiat,svl
10706,glut,svl
10707,imposition,svl
10708,impunity,svl
10709,infusion,svl
10710,loophole,svl
10711,malaise,svl
10712,middleman,svl
10713,payroll,svl
10714,probation,svl
10715,procurement,svl
10716,ransom,svl
10717,registry,svl
10718,roster,svl
10719,tally,svl
10720,ultimatum,svl
10721,vindication,svl
10722,waiver,svl
10723,fodder,svl
10724,regimen,svl
10725,aberration,svl
10726,anomaly,svl
10727,caliber,svl
10728,centerpiece,svl
10729,finesse,svl
10730,glimmer,svl
10731,hallmark,svl
10732,horde,svl
10733,parity,svl
10734,rectitude,svl
10735,rigor,svl
10736,spate,svl
10737,spree,svl
10738,stint,svl
10739,tinge,svl
10740,abyss,svl
10741,arbor,svl
10742,ascendancy,svl
10743,bastion,svl
10744,bedrock,svl
10745,bower,svl
10746,cache,svl
10747,chasm,svl
10748,culmination,svl
10749,furrow,svl
10750,hump,svl
10751,labyrinth,svl
10752,milieu,svl
10753,pitfall,svl
10754,quagmire,svl
10755,stalemate,svl
10756,tier,svl
10757,torso,svl
10758,trajectory,svl
10759,vanguard,svl
10760,warren,svl
10761,watershed,svl
10762,alias,svl
10763,alumnus,svl
10764,bard,svl
10765,boomer,svl
10766,brethren,svl
10767,comer,svl
10768,entourage,svl
10769,guise,svl
10770,heterosexual,svl
10771,mason,svl
10772,pedigree,svl
10773,pseudonym,svl
10774,skinner,svl
10775,surrogate,svl
10776,upstart,svl
10777,whore,svl
10778,beacon,svl
10779,buffer,svl
10780,buttress,svl
10781,clamp,svl
10782,cobble,svl
10783,cornerstone,svl
10784,crate,svl
10785,cuff,svl
10786,dolly,svl
10787,flagship,svl
10788,funnel,svl
10789,gauntlet,svl
10790,grit,svl
10791,luster,svl
10792,sheen,svl
10793,shingle,svl
10794,sludge,svl
10795,torpedo,svl
10796,zinc,svl
10797,adjoining,svl
10798,contingent,svl
10799,disproportionate,svl
10800,eclectic,svl
10801,sparse,svl
10802,sporadic,svl
10803,towering,svl
10804,ubiquitous,svl
10805,unilateral,svl
10806,vernacular,svl
10807,baroque,svl
10808,contemplative,svl
10809,nuptial,svl
10810,parochial,svl
10811,profane,svl
10812,prolific,svl
10813,putative,svl
10814,quintessential,svl
10815,testimonial,svl
10816,theological,svl
10817,uncanny,svl
10818,ailing,svl
10819,burly,svl
10820,comatose,svl
10821,coronary,svl
10822,corporal,svl
10823,hefty,svl
10824,intestinal,svl
10825,intravenous,svl
10826,nasal,svl
10827,neural,svl
10828,optic,svl
10829,precocious,svl
10830,spinal,svl
10831,abrasive,svl
10832,aggrieved,svl
10833,alluring,svl
10834,ambivalent,svl
10835,apprehensive,svl
10836,avid,svl
10837,breathtaking,svl
10838,buoyant,svl
10839,distraught,svl
10840,evocative,svl
10841,exuberant,svl
10842,fervent,svl
10843,giddy,svl
10844,glum,svl
10845,grudging,svl
10846,harrowing,svl
10847,heady,svl
10848,hilarious,svl
10849,humiliating,svl
10850,jubilant,svl
10851,morbid,svl
10852,obnoxious,svl
10853,poignant,svl
10854,poised,svl
10855,raucous,svl
10856,rueful,svl
10857,sardonic,svl
10858,seductive,svl
10859,somber,svl
10860,strident,svl
10861,tacit,svl
10862,tantalizing,svl
10863,taut,svl
10864,vigilant,svl
10865,adrift,svl
10866,austere,svl
10867,baggy,svl
10868,barbed,svl
10869,blatant,svl
10870,brittle,svl
10871,charred,svl
10872,clandestine,svl
10873,culinary,svl
10874,destitute,svl
10875,discretionary,svl
10876,drab,svl
10877,ethereal,svl
10878,flamboyant,svl
10879,flimsy,svl
10880,fluorescent,svl
10881,grandiose,svl
10882,idiosyncratic,svl
10883,idyllic,svl
10884,impeccable,svl
10885,impoverished,svl
10886,indelible,svl
10887,jagged,svl
10888,murky,svl
10889,opaque,svl
10890,palatable,svl
10891,palpable,svl
10892,plush,svl
10893,posh,svl
10894,pristine,svl
10895,pseudo,svl
10896,resonant,svl
10897,seedy,svl
10898,shoddy,svl
10899,sleazy,svl
10900,sleek,svl
10901,stagnant,svl
10902,stricken,svl
10903,supple,svl
10904,tangled,svl
10905,tawdry,svl
10906,terse,svl
10907,tumultuous,svl
10908,abiding,svl
10909,defunct,svl
10910,demographic,svl
10911,fledgling,svl
10912,fleeting,svl
10913,impromptu,svl
10914,leisurely,svl
10915,makeshift,svl
10916,mounting,svl
10917,ominous,svl
10918,resilient,svl
10919,adamant,svl
10920,astute,svl
10921,audacious,svl
10922,brash,svl
10923,bullish,svl
10924,canny,svl
10925,coy,svl
10926,curt,svl
10927,disgruntled,svl
10928,dogged,svl
10929,dour,svl
10930,fickle,svl
10931,forthright,svl
10932,fraternal,svl
10933,glib,svl
10934,gregarious,svl
10935,hapless,svl
10936,implacable,svl
10937,inept,svl
10938,insatiable,svl
10939,intrepid,svl
10940,introspective,svl
10941,nimble,svl
10942,obsessive,svl
10943,perky,svl
10944,sanguine,svl
10945,scrupulous,svl
10946,sordid,svl
10947,tenacious,svl
10948,touchy,svl
10949,upbeat,svl
10950,whimsical,svl
10951,airborne,svl
10952,belligerent,svl
10953,concerted,svl
10954,contentious,svl
10955,cumbersome,svl
10956,evasive,svl
10957,forensic,svl
10958,fraudulent,svl
10959,insolvent,svl
10960,null,svl
10961,patrician,svl
10962,proprietary,svl
10963,punitive,svl
10964,reactionary,svl
10965,regal,svl
10966,sexist,svl
10967,stringent,svl
10968,subversive,svl
10969,ablaze,svl
10970,arid,svl
10971,corrosive,svl
10972,endemic,svl
10973,infrared,svl
10974,lush,svl
10975,mutant,svl
10976,predatory,svl
10977,rampant,svl
10978,seismic,svl
10979,consummate,svl
10980,daunting,svl
10981,downright,svl
10982,glowing,svl
10983,inexorable,svl
10984,lurid,svl
10985,motley,svl
10986,overblown,svl
10987,overriding,svl
10988,pleading,svl
10989,prodigious,svl
10990,rife,svl
10991,seminal,svl
10992,sizable,svl
10993,stellar,svl
10994,susceptible,svl
10995,sweeping,svl
10996,tenuous,svl
10997,veritable,svl
10998,anew,svl
10999,amply,svl
11000,overly,svl
11001,artifice,svl
11002,abate,svl
11003,bile,svl
11004,sultan,svl
11005,abdicate,svl
11006,lesion,svl
11007,accede,svl
11008,duchy,svl
11009,arbitration,svl
11010,allay,svl
11011,hemorrhage,svl
11012,amalgamate,svl
11013,confederation,svl
11014,incursion,svl
11015,annihilate,svl
11016,annexation,svl
11017,municipality,svl
11018,augment,svl
11019,destitution,svl
11020,beget,svl
11021,iniquity,svl
11022,decorum,svl
11023,belie,svl
11024,quay,svl
11025,billow,svl
11026,capricious,svl
11027,bode,svl
11028,auspicious,svl
11029,subversion,svl
11030,cleave,svl
11031,iris,svl
11032,constrict,svl
11033,corrode,svl
11034,keel,svl
11035,dinghy,svl
11036,decentralize,svl
11037,environs,svl
11038,insecticide,svl
11039,decimate,svl
11040,detrimental,svl
11041,noxious,svl
11042,garish,svl
11043,detract,svl
11044,amphitheater,svl
11045,arsenic,svl
11046,dilate,svl
11047,sorcerer,svl
11048,wand,svl
11049,leaden,svl
11050,dissipate,svl
11051,dribble,svl
11052,trough,svl
11053,tenement,svl
11054,vantage,svl
11055,drizzle,svl
11056,armistice,svl
11057,emancipate,svl
11058,deforestation,svl
11059,encroach,svl
11060,periphery,svl
11061,depletion,svl
11062,engender,svl
11063,squalid,svl
11064,stubble,svl
11065,epitomize,svl
11066,vagabond,svl
11067,exude,svl
11068,stench,svl
11069,precipitation,svl
11070,fluctuate,svl
11071,forfeit,svl
11072,breadwinner,svl
11073,orchid,svl
11074,germinate,svl
11075,conservatory,svl
11076,sheath,svl
11077,inlaid,svl
11078,glint,svl
11079,gurgle,svl
11080,vale,svl
11081,impinge,svl
11082,oneness,svl
11083,neurosis,svl
11084,hypnosis,svl
11085,interlock,svl
11086,precipitous,svl
11087,jut,svl
11088,secluded,svl
11089,insulation,svl
11090,muffle,svl
11091,mutilate,svl
11092,haphazard,svl
11093,patter,svl
11094,hangar,svl
11095,ostracism,svl
11096,permeate,svl
11097,despotic,svl
11098,roundup,svl
11099,polarize,svl
11100,sedate,svl
11101,presage,svl
11102,cataclysm,svl
11103,propagate,svl
11104,genus,svl
11105,narcissus,svl
11106,cove,svl
11107,periscope,svl
11108,protrude,svl
11109,senile,svl
11110,recuperate,svl
11111,typhoid,svl
11112,zest,svl
11113,rejuvenate,svl
11114,resuscitate,svl
11115,panacea,svl
11116,coroner,svl
11117,seclude,svl
11118,fir,svl
11119,smolder,svl
11120,sod,svl
11121,stagnate,svl
11122,decadence,svl
11123,hedonism,svl
11124,supersede,svl
11125,frugality,svl
11126,tarry,svl
11127,berth,svl
11128,chivalry,svl
11129,underpin,svl
11130,valor,svl
11131,kerosene,svl
11132,waft,svl
11133,incinerator,svl
11134,wean,svl
11135,aegis,svl
11136,domicile,svl
11137,beseech,svl
11138,dike,svl
11139,orator,svl
11140,canvass,svl
11141,plebiscite,svl
11142,chastise,svl
11143,indemnity,svl
11144,serviceman,svl
11145,condescend,svl
11146,nomad,svl
11147,exponent,svl
11148,deviate,svl
11149,disseminate,svl
11150,chauvinism,svl
11151,embellish,svl
11152,filial,svl
11153,allegory,svl
11154,enjoin,svl
11155,claimant,svl
11156,enunciate,svl
11157,diction,svl
11158,expound,svl
11159,psalm,svl
11160,depraved,svl
11161,fiend,svl
11162,imbue,svl
11163,fallacy,svl
11164,instigate,svl
11165,foolhardy,svl
11166,jeer,svl
11167,attire,svl
11168,pacify,svl
11169,peevish,svl
11170,conciliatory,svl
11171,postulate,svl
11172,salutary,svl
11173,pedagogy,svl
11174,reiterate,svl
11175,volition,svl
11176,suffrage,svl
11177,sprightly,svl
11178,reminisce,svl
11179,memento,svl
11180,retract,svl
11181,altercation,svl
11182,spar,svl
11183,opinionated,svl
11184,twitter,svl
11185,interminable,svl
11186,voluble,svl
11187,extrovert,svl
11188,vouch,svl
11189,cavalry,svl
11190,amble,svl
11191,thoroughfare,svl
11192,borough,svl
11193,skipper,svl
11194,batten,svl
11195,tremulous,svl
11196,cower,svl
11197,dingy,svl
11198,buggy,svl
11199,creak,svl
11200,detour,svl
11201,unobtrusive,svl
11202,matron,svl
11203,cringe,svl
11204,cavalier,svl
11205,crochet,svl
11206,frock,svl
11207,visage,svl
11208,daub,svl
11209,sacrilegious,svl
11210,denunciation,svl
11211,daunt,svl
11212,rostrum,svl
11213,douse,svl
11214,husk,svl
11215,excavate,svl
11216,casket,svl
11217,extricate,svl
11218,dune,svl
11219,flail,svl
11220,delirium,svl
11221,flinch,svl
11222,thud,svl
11223,flit,svl
11224,sprig,svl
11225,nocturnal,svl
11226,lynx,svl
11227,lair,svl
11228,forage,svl
11229,garnish,svl
11230,pheasant,svl
11231,persimmon,svl
11232,grate,svl
11233,squid,svl
11234,hiccup,svl
11235,glutton,svl
11236,hoist,svl
11237,charlatan,svl
11238,impersonate,svl
11239,terminology,svl
11240,nave,svl
11241,inscribe,svl
11242,gilt,svl
11243,infatuation,svl
11244,jostle,svl
11245,resplendent,svl
11246,flippant,svl
11247,loiter,svl
11248,canteen,svl
11249,morose,svl
11250,lubricate,svl
11251,lathe,svl
11252,lunge,svl
11253,bison,svl
11254,javelin,svl
11255,escapade,svl
11256,molest,svl
11257,cessation,svl
11258,pelt,svl
11259,haggard,svl
11260,plod,svl
11261,glacial,svl
11262,vulture,svl
11263,pounce,svl
11264,talon,svl
11265,wicker,svl
11266,sleigh,svl
11267,pout,svl
11268,mackerel,svl
11269,nook,svl
11270,purr,svl
11271,condolence,svl
11272,bereaved,svl
11273,quaver,svl
11274,lattice,svl
11275,ransack,svl
11276,otter,svl
11277,recoil,svl
11278,hedgehog,svl
11279,tempestuous,svl
11280,ruffle,svl
11281,surly,svl
11282,scowl,svl
11283,antic,svl
11284,scrabble,svl
11285,cot,svl
11286,padlock,svl
11287,slacken,svl
11288,gradient,svl
11289,slither,svl
11290,clump,svl
11291,snip,svl
11292,whisker,svl
11293,snooze,svl
11294,anteroom,svl
11295,tongs,svl
11296,squat,svl
11297,squirt,svl
11298,aviary,svl
11299,antiseptic,svl
11300,stow,svl
11301,ballast,svl
11302,suffocate,svl
11303,convulsion,svl
11304,epilepsy,svl
11305,angler,svl
11306,thrash,svl
11307,scuffle,svl
11308,totter,svl
11309,unfurl,svl
11310,deterrence,svl
11311,detriment,svl
11312,variegated,svl
11313,warble,svl
11314,roost,svl
11315,infirm,svl
11316,wheeze,svl
11317,whimper,svl
11318,mortuary,svl
11319,wrest,svl
11320,hatchet,svl
11321,daft,svl
11322,wriggle,svl
11323,moat,svl
11324,shin,svl
11325,pike,svl
11326,writhe,svl
11327,alderman,svl
11328,adjourn,svl
11329,functionary,svl
11330,peddler,svl
11331,appraise,svl
11332,stallion,svl
11333,assail,svl
11334,citadel,svl
11335,promontory,svl
11336,assay,svl
11337,fluoride,svl
11338,parson,svl
11339,bandit,svl
11340,atone,svl
11341,bequeath,svl
11342,sundry,svl
11343,curio,svl
11344,synod,svl
11345,circumscribe,svl
11346,laity,svl
11347,crypt,svl
11348,coddle,svl
11349,bashful,svl
11350,coerce,svl
11351,atheist,svl
11352,sabbath,svl
11353,conciliate,svl
11354,litigant,svl
11355,reparation,svl
11356,onlooker,svl
11357,congregate,svl
11358,fuselage,svl
11359,consecrate,svl
11360,jubilee,svl
11361,coercion,svl
11362,contravene,svl
11363,assessor,svl
11364,dally,svl
11365,ledger,svl
11366,drudgery,svl
11367,contagion,svl
11368,demoralize,svl
11369,dislodge,svl
11370,scum,svl
11371,sediment,svl
11372,sluice,svl
11373,dissect,svl
11374,sinew,svl
11375,exhortation,svl
11376,edify,svl
11377,dejected,svl
11378,veterinarian,svl
11379,elucidate,svl
11380,rabies,svl
11381,embezzle,svl
11382,kickback,svl
11383,enshrine,svl
11384,goblin,svl
11385,talisman,svl
11386,evict,svl
11387,turnpike,svl
11388,exorcise,svl
11389,malevolent,svl
11390,apparition,svl
11391,expedite,svl
11392,embankment,svl
11393,extradite,svl
11394,itinerant,svl
11395,squatter,svl
11396,devolution,svl
11397,foreclose,svl
11398,complainant,svl
11399,gird,svl
11400,rebuttal,svl
11401,immunize,svl
11402,mumps,svl
11403,eviction,svl
11404,infringe,svl
11405,liquidate,svl
11406,decrepit,svl
11407,foundry,svl
11408,modulate,svl
11409,autism,svl
11410,polemic,svl
11411,negate,svl
11412,ratification,svl
11413,nullify,svl
11414,bilateral,svl
11415,saturation,svl
11416,outwit,svl
11417,sentry,svl
11418,subterranean,svl
11419,mercenary,svl
11420,overrate,svl
11421,thoroughbred,svl
11422,armpit,svl
11423,scruffy,svl
11424,panhandle,svl
11425,shifty,svl
11426,pilfer,svl
11427,satchel,svl
11428,pillage,svl
11429,vicinity,svl
11430,procrastinate,svl
11431,irksome,svl
11432,proscribe,svl
11433,sojourn,svl
11434,raze,svl
11435,dilapidated,svl
11436,upmarket,svl
11437,recompense,svl
11438,bountiful,svl
11439,gratuity,svl
11440,redress,svl
11441,welter,svl
11442,reimburse,svl
11443,outlay,svl
11444,flora,svl
11445,repatriate,svl
11446,quarantine,svl
11447,repudiate,svl
11448,consignment,svl
11449,futility,svl
11450,rescind,svl
11451,rummage,svl
11452,urn,svl
11453,toad,svl
11454,secrete,svl
11455,sequester,svl
11456,cavern,svl
11457,exemplar,svl
11458,slough,svl
11459,dermatologist,svl
11460,sterilize,svl
11461,subjugate,svl
11462,kindred,svl
11463,sewerage,svl
11464,substantiate,svl
11465,sulk,svl
11466,brusque,svl
11467,recrimination,svl
11468,superimpose,svl
11469,cactus,svl
11470,vindictive,svl
11471,swindle,svl
11472,usurp,svl
11473,forgery,svl
11474,vacate,svl
11475,tenancy,svl
11476,vanquish,svl
11477,mane,svl
11478,wheedle,svl
11479,docile,svl
11480,whitewash,svl
11481,concomitant,svl
11482,heretic,svl
11483,abhor,svl
11484,swine,svl
11485,bronchitis,svl
11486,ail,svl
11487,affront,svl
11488,magnate,svl
11489,antagonize,svl
11490,friar,svl
11491,blanch,svl
11492,filth,svl
11493,claustrophobia,svl
11494,detest,svl
11495,foyer,svl
11496,eavesdrop,svl
11497,exchequer,svl
11498,emissary,svl
11499,efface,svl
11500,abominable,svl
11501,slapstick,svl
11502,hark,svl
11503,puberty,svl
11504,scruple,svl
11505,impel,svl
11506,diabolic,svl
11507,keynote,svl
11508,oscillate,svl
11509,peruse,svl
11510,copious,svl
11511,prospectus,svl
11512,chronology,svl
11513,pique,svl
11514,lagoon,svl
11515,quench,svl
11516,hoarse,svl
11517,rasp,svl
11518,caprice,svl
11519,repulse,svl
11520,revel,svl
11521,accolade,svl
11522,ruminate,svl
11523,admonition,svl
11524,seethe,svl
11525,impudent,svl
11526,rejoinder,svl
11527,tantalize,svl
11528,finery,svl
11529,tranquilize,svl
11530,delirious,svl
11531,terrestrial,svl
11532,whet,svl
11533,amphibian,svl
11534,dung,svl
11535,ewe,svl
11536,fauna,svl
11537,gill,svl
11538,leech,svl
11539,maggot,svl
11540,membrane,svl
11541,muzzle,svl
11542,plumage,svl
11543,quail,svl
11544,rump,svl
11545,sprite,svl
11546,stag,svl
11547,tadpole,svl
11548,tentacle,svl
11549,venom,svl
11550,affectation,svl
11551,cadence,svl
11552,anorexia,svl
11553,antigen,svl
11554,balm,svl
11555,biceps,svl
11556,buttock,svl
11557,carcinogen,svl
11558,cataract,svl
11559,cleavage,svl
11560,colitis,svl
11561,constipation,svl
11562,convalescence,svl
11563,dispensary,svl
11564,esophagus,svl
11565,glucose,svl
11566,groin,svl
11567,infirmity,svl
11568,insomnia,svl
11569,intoxication,svl
11570,ligament,svl
11571,lobe,svl
11572,malady,svl
11573,node,svl
11574,nostril,svl
11575,obstetrician,svl
11576,ointment,svl
11577,ovary,svl
11578,pelvis,svl
11579,physiology,svl
11580,prognosis,svl
11581,remission,svl
11582,saliva,svl
11583,serum,svl
11584,tetanus,svl
11585,wart,svl
11586,xenophobia,svl
11587,arousal,svl
11588,articulation,svl
11589,avarice,svl
11590,benevolence,svl
11591,consternation,svl
11592,discomfiture,svl
11593,elation,svl
11594,exasperation,svl
11595,fortitude,svl
11596,gusto,svl
11597,innuendo,svl
11598,merriment,svl
11599,mirth,svl
11600,peal,svl
11601,pomp,svl
11602,predisposition,svl
11603,premonition,svl
11604,propensity,svl
11605,stupor,svl
11606,susceptibility,svl
11607,vulgarity,svl
11608,obituary,svl
11609,ode,svl
11610,pigment,svl
11611,reverie,svl
11612,tableau,svl
11613,adage,svl
11614,assimilation,svl
11615,blasphemy,svl
11616,cant,svl
11617,cognition,svl
11618,concordance,svl
11619,connotation,svl
11620,corollary,svl
11621,demography,svl
11622,dichotomy,svl
11623,dissertation,svl
11624,ellipse,svl
11625,fabrication,svl
11626,feasibility,svl
11627,fission,svl
11628,introspection,svl
11629,lisp,svl
11630,overtone,svl
11631,penance,svl
11632,precept,svl
11633,prerequisite,svl
11634,solvent,svl
11635,synopsis,svl
11636,syntax,svl
11637,thesaurus,svl
11638,vector,svl
11639,zodiac,svl
11640,inception,svl
11641,interlude,svl
11642,itinerary,svl
11643,solstice,svl
11644,zenith,svl
11645,acorn,svl
11646,algae,svl
11647,bromide,svl
11648,chlorine,svl
11649,combustion,svl
11650,compost,svl
11651,eddy,svl
11652,fern,svl
11653,foliage,svl
11654,lava,svl
11655,nettle,svl
11656,nitrate,svl
11657,oxide,svl
11658,phosphorus,svl
11659,poppy,svl
11660,potassium,svl
11661,rind,svl
11662,baloney,svl
11663,blemish,svl
11664,crease,svl
11665,decoy,svl
11666,delineation,svl
11667,embroidery,svl
11668,fleece,svl
11669,fluff,svl
11670,froth,svl
11671,hearsay,svl
11672,hem,svl
11673,knell,svl
11674,matrimony,svl
11675,muck,svl
11676,sabbatical,svl
11677,smudge,svl
11678,subsistence,svl
11679,thatch,svl
11680,ventilation,svl
11681,vestige,svl
11682,wavelength,svl
11683,accession,svl
11684,acclamation,svl
11685,acquiescence,svl
11686,amends,svl
11687,amity,svl
11688,brunt,svl
11689,collusion,svl
11690,consummation,svl
11691,corroboration,svl
11692,crucifixion,svl
11693,debit,svl
11694,delinquency,svl
11695,deliverance,svl
11696,furlough,svl
11697,induction,svl
11698,mutiny,svl
11699,offshoot,svl
11700,onus,svl
11701,passbook,svl
11702,preponderance,svl
11703,prerogative,svl
11704,proviso,svl
11705,quorum,svl
11706,reprieve,svl
11707,restitution,svl
11708,schism,svl
11709,secession,svl
11710,slander,svl
11711,sortie,svl
11712,stead,svl
11713,stricture,svl
11714,tithe,svl
11715,chaff,svl
11716,fudge,svl
11717,galley,svl
11718,pellet,svl
11719,alignment,svl
11720,bale,svl
11721,brevity,svl
11722,crux,svl
11723,dab,svl
11724,dissonance,svl
11725,doldrums,svl
11726,epitome,svl
11727,forte,svl
11728,incongruity,svl
11729,mite,svl
11730,naught,svl
11731,nil,svl
11732,pall,svl
11733,plethora,svl
11734,precedence,svl
11735,profusion,svl
11736,ramification,svl
11737,shoal,svl
11738,acreage,svl
11739,antithesis,svl
11740,aperture,svl
11741,apex,svl
11742,circumference,svl
11743,confluence,svl
11744,cordon,svl
11745,crevice,svl
11746,demarcation,svl
11747,fissure,svl
11748,gully,svl
11749,inlet,svl
11750,juxtaposition,svl
11751,locus,svl
11752,longitude,svl
11753,precipice,svl
11754,rut,svl
11755,squalor,svl
11756,stratum,svl
11757,tether,svl
11758,topography,svl
11759,tropic,svl
11760,whirlpool,svl
11761,aggregation,svl
11762,chum,svl
11763,clairvoyant,svl
11764,constellation,svl
11765,gentile,svl
11766,hermit,svl
11767,manipulator,svl
11768,recluse,svl
11769,stenographer,svl
11770,anvil,svl
11771,barrow,svl
11772,bridle,svl
11773,bunk,svl
11774,canopy,svl
11775,carousel,svl
11776,cistern,svl
11777,confetti,svl
11778,coop,svl
11779,graphite,svl
11780,harrow,svl
11781,kiln,svl
11782,molding,svl
11783,projectile,svl
11784,rotor,svl
11785,rudder,svl
11786,sieve,svl
11787,spire,svl
11788,thimble,svl
11789,trident,svl
11790,upholstery,svl
11791,vane,svl
11792,vat,svl
11793,adjunct,svl
11794,ancillary,svl
11795,auxiliary,svl
11796,diagonal,svl
11797,discrete,svl
11798,divergent,svl
11799,incongruous,svl
11800,lateral,svl
11801,miscellaneous,svl
11802,oblique,svl
11803,ostensible,svl
11804,perpendicular,svl
11805,piecemeal,svl
11806,plumb,svl
11807,cryptic,svl
11808,dialectic,svl
11809,ecclesiastical,svl
11810,esoteric,svl
11811,interdisciplinary,svl
11812,lucid,svl
11813,monastic,svl
11814,moot,svl
11815,omnipotent,svl
11816,omniscient,svl
11817,pedantic,svl
11818,polyglot,svl
11819,ponderous,svl
11820,schematic,svl
11821,semantic,svl
11822,abdominal,svl
11823,callous,svl
11824,disheveled,svl
11825,distal,svl
11826,equestrian,svl
11827,flabby,svl
11828,gaunt,svl
11829,inert,svl
11830,kinetic,svl
11831,lethargic,svl
11832,listless,svl
11833,lusty,svl
11834,pathological,svl
11835,prostrate,svl
11836,ruddy,svl
11837,sedentary,svl
11838,stocky,svl
11839,abhorrent,svl
11840,acrid,svl
11841,averse,svl
11842,deafening,svl
11843,deplorable,svl
11844,derisive,svl
11845,derogatory,svl
11846,despondent,svl
11847,diffident,svl
11848,downcast,svl
11849,effervescent,svl
11850,facetious,svl
11851,fastidious,svl
11852,ignoble,svl
11853,impassive,svl
11854,inadvertent,svl
11855,insipid,svl
11856,jovial,svl
11857,languid,svl
11858,lenient,svl
11859,nonchalant,svl
11860,nondescript,svl
11861,pensive,svl
11862,petulant,svl
11863,plaintive,svl
11864,porous,svl
11865,prosaic,svl
11866,pungent,svl
11867,rapt,svl
11868,repellent,svl
11869,squeamish,svl
11870,vociferous,svl
11871,voluptuous,svl
11872,airtight,svl
11873,caustic,svl
11874,chaste,svl
11875,concave,svl
11876,derelict,svl
11877,earthen,svl
11878,fluffy,svl
11879,furtive,svl
11880,grubby,svl
11881,hackneyed,svl
11882,homogeneous,svl
11883,humdrum,svl
11884,immaculate,svl
11885,impervious,svl
11886,incandescent,svl
11887,inscrutable,svl
11888,intangible,svl
11889,legible,svl
11890,lithe,svl
11891,menial,svl
11892,ostentatious,svl
11893,peppery,svl
11894,privy,svl
11895,promiscuous,svl
11896,replete,svl
11897,salient,svl
11898,sodden,svl
11899,soggy,svl
11900,spurious,svl
11901,stealthy,svl
11902,stuffy,svl
11903,threadbare,svl
11904,trite,svl
11905,ungainly,svl
11906,unkempt,svl
11907,unscathed,svl
11908,urbane,svl
11909,venomous,svl
11910,antecedent,svl
11911,binary,svl
11912,binocular,svl
11913,embryonic,svl
11914,ephemeral,svl
11915,exorbitant,svl
11916,extemporaneous,svl
11917,fitful,svl
11918,immemorial,svl
11919,impetuous,svl
11920,irrevocable,svl
11921,posthumous,svl
11922,primordial,svl
11923,rudimentary,svl
11924,tardy,svl
11925,transitory,svl
11926,agile,svl
11927,amenable,svl
11928,blithe,svl
11929,circumspect,svl
11930,compliant,svl
11931,demure,svl
11932,discerning,svl
11933,fussy,svl
11934,gullible,svl
11935,impertinent,svl
11936,incredulous,svl
11937,indolent,svl
11938,infallible,svl
11939,inquisitive,svl
11940,insolent,svl
11941,insular,svl
11942,judicious,svl
11943,obtrusive,svl
11944,overbearing,svl
11945,pert,svl
11946,pompous,svl
11947,prim,svl
11948,sagacious,svl
11949,servile,svl
11950,slovenly,svl
11951,spruce,svl
11952,thrifty,svl
11953,truant,svl
11954,uncouth,svl
11955,valiant,svl
11956,virile,svl
11957,vivacious,svl
11958,abject,svl
11959,agrarian,svl
11960,egalitarian,svl
11961,expedient,svl
11962,ineligible,svl
11963,onerous,svl
11964,prodigal,svl
11965,untenable,svl
11966,vested,svl
11967,arable,svl
11968,bovine,svl
11969,succulent,svl
11970,sultry,svl
11971,cursory,svl
11972,foolproof,svl
11973,gratuitous,svl
11974,illustrious,svl
11975,immaterial,svl
11976,insurmountable,svl
11977,irredeemable,svl
11978,laudable,svl
11979,omnivorous,svl
11980,optimal,svl
11981,optimum,svl
11982,perfunctory,svl
11983,plenary,svl
11984,residual,svl
11985,specious,svl
11986,stupendous,svl
11987,succinct,svl
11988,undue,svl
11989,unequivocal,svl
11990,unscrupulous,svl
11991,vehement,svl
11992,wanton,svl
11993,wont,svl
11994,abreast,svl
11995,afield,svl
11996,aft,svl
11997,astern,svl
11998,asunder,svl
11999,therein,svl
12000,afoot,svl
