number,word,example
9001,tactic,The lawyer's tactic of repeatedly objecting was clearly meant to frustrate the witness.
9001,tactic,Our sales team is trying a new tactic this quarter: offering free consultations to potential clients.
9001,tactic,"He tried to distract me with flattery, but I saw through his obvious tactic."
9001,tactic,What's your go-to tactic when dealing with difficult customers?
9001,tactic,The general's winning tactic was to divide the enemy forces and attack them separately.
9002,backfire,The company's attempt to cut costs by using cheaper materials backfired when customers complained about the poor quality.
9002,backfire,"I tried to play a prank on my brother, but it totally backfired and I ended up getting in trouble instead."
9002,backfire,"The politician's aggressive campaign tactics backfired, alienating many moderate voters."
9002,backfire,Her plan to surprise him with a party backfired when he found out about it a week in advance.
9002,backfire,"Ignoring the warning signs and pushing the system too hard ultimately backfired, leading to a complete system failure."
9003,catastrophic,The oil spill had a catastrophic effect on the local marine ecosystem.
9003,catastrophic,"If the dam were to break, the resulting flood would be catastrophic for the towns downstream."
9003,catastrophic,Failing to address climate change now could lead to catastrophic consequences in the future.
9003,catastrophic,Losing our biggest client would be catastrophic for our small business; we'd likely have to shut down.
9003,catastrophic,Her reckless driving nearly caused a catastrophic accident.
9004,enigmatic,"The Mona Lisa's smile is famously enigmatic, leading to endless speculation about her thoughts."
9004,enigmatic,His sudden departure from the company was quite enigmatic; no one understood his reasons for leaving.
9004,enigmatic,She gave me an enigmatic look that I couldn't quite decipher.
9004,enigmatic,"The old poem was full of enigmatic symbols and metaphors, making it difficult to interpret."
9004,enigmatic,"Despite being interviewed multiple times, the suspect remained enigmatic, revealing very little about his involvement."
9005,baffle,The complex instructions for assembling the furniture completely baffled me.
9005,baffle,His sudden change of heart baffled everyone who knew him.
9005,baffle,The magician's trick was designed to baffle the audience with its illusion of impossibility.
9005,baffle,I'm baffled as to why the computer keeps crashing; I've tried everything!
9005,baffle,The detective admitted that the cryptic note left at the scene baffled even the most experienced members of the force.
9006,denim,She paired a crisp white blouse with dark denim jeans for a classic look.
9006,denim,The store is having a sale on all denim jackets this weekend.
9006,denim,He always felt most comfortable in his worn denim shirt and boots.
9006,denim,The designer is experimenting with different washes and textures of denim in their new collection.
9006,denim,I need to find a good tailor who can shorten these denim pants without ruining the original hem.
9007,beset,The hikers were beset by mosquitoes as they made their way through the swamp.
9007,beset,Our company has been beset by financial difficulties ever since the pandemic started.
9007,beset,"Despite being beset with doubts, she decided to pursue her dream of becoming a doctor."
9007,beset,The small village was beset by bandits who stole their crops and livestock.
9007,beset,"He felt beset on all sides by responsibilities and demands, leaving him with little time for himself."
9008,sluggish,"After a heavy lunch, I always feel sluggish and unproductive for the rest of the afternoon."
9008,sluggish,The website's sluggish performance was frustrating users and leading to a high bounce rate.
9008,sluggish,"The economy has been sluggish for the past year, with little sign of significant growth."
9008,sluggish,"He felt sluggish and unwell, suspecting he was coming down with a cold."
9008,sluggish,"The river's current was sluggish and barely noticeable, making it perfect for a leisurely kayak trip."
9009,drummer,The band is looking for a new drummer after their previous one left to pursue a solo career.
9009,drummer,He's not just a drummer; he's a percussionist who can play almost any instrument you put in front of him.
9009,drummer,I could hear the drummer practicing in his garage all afternoon; it was quite loud.
9009,drummer,My brother dreams of becoming a famous drummer and touring the world with a rock band.
9009,drummer,"The drummer's complex rhythms and fills added a unique texture to the song, making it a standout track on the album."
9010,besiege,Reporters besieged the actress with questions after the premiere.
9010,besiege,The charity was besieged with requests for assistance after the devastating hurricane.
9010,besiege,"During the software launch, the customer support team was besieged by users reporting bugs."
9010,besiege,"The small village was besieged by bandits, forcing the residents to seek refuge in the mountains."
9010,besiege,"Figuratively speaking, I feel besieged by deadlines at work this week."
9011,ardent,"He was an ardent supporter of the local animal shelter, volunteering every weekend."
9011,ardent,Her ardent belief in the power of education drove her to become a teacher in an underserved community.
9011,ardent,"Despite the criticism, she remained an ardent defender of her artistic vision."
9011,ardent,"The young couple exchanged ardent glances across the crowded room, oblivious to everyone else."
9011,ardent,"The professor's ardent passion for history was contagious, inspiring many students to pursue further study in the field."
9012,adversary,"In business, it's crucial to understand your adversary's strategies to anticipate their next move."
9012,adversary,"The chess grandmaster stared intently at his adversary, searching for any sign of weakness."
9012,adversary,"Despite their political differences, they found common ground and moved from being adversaries to allies."
9012,adversary,"He knew his biggest adversary in the race would be the defending champion, but he was determined to give it his all."
9012,adversary,"Sometimes, your greatest adversary isn't another person, but your own self-doubt and fear."
9013,bolster,The company announced new initiatives to bolster employee morale after the recent layoffs.
9013,bolster,He needed to bolster his argument with more concrete evidence before presenting it to the committee.
9013,bolster,Having a strong support system can bolster your confidence when facing difficult challenges.
9013,bolster,The extra pillows helped to bolster her back while she recovered from the surgery.
9013,bolster,Winning the debate will certainly bolster her chances of getting elected as class president.
9014,locust,The farmer feared a locust plague would decimate his crops this year.
9014,locust,We could hear the buzzing of the locusts in the fields as we drove by.
9014,locust,"The sheer number of locusts darkened the sky, making it seem like dusk in the middle of the day."
9014,locust,"Historically, locust swarms have caused widespread famine and economic hardship in many parts of the world."
9014,locust,He compared the relentless arrival of tourists to a swarm of locusts descending on a small town.
9015,categorize,The librarian had to categorize the new books based on their genre and subject matter.
9015,categorize,How would you categorize this abstract painting – is it modern or contemporary?
9015,categorize,It's often helpful to categorize your expenses to better understand where your money is going.
9015,categorize,Scientists categorize organisms based on their evolutionary relationships and shared characteristics.
9015,categorize,We need to categorize these customer complaints to identify any recurring issues and improve our service.
9016,endangered,The Amur leopard is an endangered species with only a few dozen individuals remaining in the wild.
9016,endangered,Habitat loss and poaching have made the Iberian lynx an endangered animal in Spain and Portugal.
9016,endangered,Many people are working to protect endangered coral reefs from the effects of climate change and pollution.
9016,endangered,"If we don't take action, the unique cultural traditions of some indigenous communities could become endangered."
9016,endangered,"The politician emphasized the importance of preserving endangered languages, stating that they represent a vital part of our global heritage."
9017,clan,The Kennedy clan has a long and storied history in American politics.
9017,clan,"My extended family is so large, it's practically a clan, especially during the holidays when everyone comes to visit."
9017,clan,"The remote Scottish Highlands were once ruled by powerful clans, each with its own territory and traditions."
9017,clan,"Despite their differences, the members of the hiking club felt like a close-knit clan, always supporting each other on challenging trails."
9017,clan,He was raised in a tight-knit clan where family loyalty and respect for elders were paramount values.
9018,coexist,Different religious beliefs can coexist peacefully within a diverse community if there is mutual respect.
9018,coexist,"The developer argued that the new shopping mall could coexist with the existing small businesses, benefiting the entire town."
9018,coexist,"My cat and dog surprisingly coexist quite well, even though they have very different personalities."
9018,coexist,"In a healthy ecosystem, many different species coexist, each playing a vital role in maintaining balance."
9018,coexist,"For a truly sustainable future, economic growth and environmental protection must coexist and support each other."
9019,multicultural,"Toronto is a vibrant, multicultural city with a diverse range of cuisines and cultural festivals."
9019,multicultural,"The company values a multicultural workforce, believing that different perspectives lead to more innovative solutions."
9019,multicultural,My children attend a multicultural school where they learn about different cultures and traditions from around the world.
9019,multicultural,"While the conference aimed to promote multicultural understanding, some attendees felt certain voices were still marginalized."
9019,multicultural,"She's always been drawn to multicultural environments, finding them intellectually stimulating and personally enriching."
9020,aftermath,"In the aftermath of the storm, many homes were left without power."
9020,aftermath,The team struggled to cope with the emotional aftermath of their devastating loss.
9020,aftermath,Cleaning up the debris was just part of the aftermath; rebuilding the community would take much longer.
9020,aftermath,The government is still assessing the economic aftermath of the financial crisis.
9020,aftermath,"After the argument, an awkward silence filled the room, a common aftermath of their disagreements."
9021,turbulance,"The airplane experienced moderate turbulence as it passed through the storm clouds, causing the beverage cart to rattle."
9021,turbulance,His sudden departure from the company caused a period of turbulence in the stock market.
9021,turbulance,The social and political turbulence of the 1960s led to significant changes in American society.
9021,turbulance,"I felt a bit of turbulence in my stomach before the big presentation, but I managed to calm myself down."
9021,turbulance,Scientists are studying the turbulence within the sun's corona to better understand solar flares.
9022,peacekeeping,The UN's peacekeeping efforts in the region have been hampered by a lack of resources and political will.
9022,peacekeeping,"After the ceasefire agreement, the deployment of peacekeeping troops was crucial to maintaining stability."
9022,peacekeeping,"She's interested in a career in international relations, specifically focusing on peacekeeping operations."
9022,peacekeeping,"Do you think peacekeeping forces are truly effective in preventing further conflict, or do they just delay the inevitable?"
9022,peacekeeping,The organization received the Nobel Peace Prize for its decades of peacekeeping work in conflict zones around the world.
9023,constrain,The project's limited budget will severely constrain our options for development.
9023,constrain,"I didn't want to constrain him with a long-term commitment, so I offered a short-term contract instead."
9023,constrain,Heavy traffic often constrains the flow of goods through the city center.
9023,constrain,"While I appreciate your enthusiasm, please don't let your personal feelings constrain your professional judgment."
9023,constrain,The new regulations are designed to constrain pollution levels from factories.
9024,aggregate,The aggregate score of all the students on the exam was used to determine the class average.
9024,aggregate,We need to aggregate the data from all the different departments before we can create a comprehensive report.
9024,aggregate,"The construction company used an aggregate of sand, gravel, and cement to make the concrete."
9024,aggregate,"The website aggregates news articles from various sources, so you can find everything in one place."
9024,aggregate,What is the aggregate amount of money you've spent on coffee this month?
9025,counteract,Drinking plenty of water can help counteract the dehydrating effects of caffeine.
9025,counteract,The company implemented new security measures to counteract the increasing number of cyberattacks.
9025,counteract,"To counteract the negative press, the politician launched a public relations campaign focused on her achievements."
9025,counteract,Eating a healthy breakfast can counteract that mid-morning energy slump.
9025,counteract,We need to develop a strategy to counteract the opponent's aggressive tactics in the upcoming debate.
9026,erosion,"The constant rain and wind caused significant erosion along the coastline, threatening the stability of the cliffs."
9026,erosion,"Political erosion of public trust is a serious concern, especially when misinformation spreads so easily."
9026,erosion,"Dental erosion, often caused by acidic drinks, can weaken the enamel and lead to cavities."
9026,erosion,"After years of neglect, we saw the erosion of the company's market share as competitors offered better products."
9026,erosion,The farmer implemented new soil conservation techniques to combat erosion and preserve the fertile topsoil.
9027,culminate,The years of hard work and dedication would culminate in her receiving the prestigious award.
9027,culminate,Our road trip will culminate with a relaxing week on the beach in Florida.
9027,culminate,"After weeks of intense negotiations, the talks are expected to culminate in a signed agreement tomorrow."
9027,culminate,The festival will culminate with a spectacular fireworks display over the harbor.
9027,culminate,His career as a chef would ultimately culminate in him opening his own highly successful restaurant.
9028,demise,The sudden demise of the company shocked many investors and employees alike.
9028,demise,"With the rise of streaming services, some predict the eventual demise of traditional cable television."
9028,demise,His constant negativity contributed to the demise of their friendship.
9028,demise,The politician's career suffered a rapid demise after the scandal was revealed.
9028,demise,"I fear that if we don't address these environmental issues, we're looking at the eventual demise of many fragile ecosystems."
9029,bloc,The trade bloc agreed to lower tariffs on agricultural products in an effort to stimulate economic growth.
9029,bloc,Several countries formed a political bloc to advocate for stronger environmental regulations at the international summit.
9029,bloc,"Within the company, the marketing and sales teams often function as a unified bloc, coordinating their strategies closely."
9029,bloc,It seems like the conservative bloc in Congress is likely to oppose the new healthcare bill.
9029,bloc,The Eastern European bloc experienced significant political and economic changes after the fall of the Soviet Union.
9030,chic,"Her apartment, with its minimalist decor and carefully chosen artwork, had a distinctly chic vibe."
9030,chic,"The little black dress, paired with those elegant heels, is a timelessly chic ensemble."
9030,chic,"For a chic and comfortable look, try pairing wide-leg trousers with a simple cashmere sweater."
9030,chic,"While the design is functional, it lacks the chic sophistication of the Italian models."
9030,chic,I'm loving her new haircut; it's so short and chic!
9031,pendant,"She wore a delicate silver chain with a small, heart-shaped pendant."
9031,pendant,"The antique shop had a beautiful display of pendants, each with its own unique history."
9031,pendant,He nervously fiddled with the cross pendant hanging around his neck.
9031,pendant,The electrician installed a new pendant light fixture over the kitchen island.
9031,pendant,"As a graduation gift, her parents gave her a gold pendant engraved with her initials."
9032,dangle,The keys would dangle precariously from her pocket as she walked.
9032,dangle,He tried to dangle the promise of a promotion to get her to work overtime.
9032,dangle,Don't let your feet dangle off the edge of the diving board; it's dangerous.
9032,dangle,The spider used its web to dangle down from the ceiling.
9032,dangle,"The fate of the project continues to dangle, awaiting final approval from the board."
9033,decease,The announcement of her decease was met with widespread grief and disbelief throughout the community.
9033,decease,"In the event of the policyholder's decease, the beneficiary will receive the full death benefit."
9033,decease,"We were saddened to learn of the decease of our former colleague, Mr. Henderson."
9033,decease,The lawyer is carefully reviewing the will to determine how the assets will be distributed following the decease.
9033,decease,"Although years have passed since his decease, his memory still lives on in the hearts of those who knew him."
9034,coronation,"The city prepared for weeks leading up to the King's coronation, decorating the streets with flags and banners."
9034,coronation,Did you watch the coronation on television? It was quite a spectacle.
9034,coronation,The historian specialized in the study of royal coronations and their significance in different cultures.
9034,coronation,"Rumors circulated about who would be invited to the coronation, as seating was limited and highly coveted."
9034,coronation,"Following the successful military campaign, the general's supporters called for his coronation as the new leader of the nation."
9035,inauguration,"The city is preparing for the mayor's inauguration next week, with street closures and increased security."
9035,inauguration,Did you watch the inauguration on TV? I thought the speech was very inspiring.
9035,inauguration,The professor gave a lecture on the history of presidential inaugurations in the United States.
9035,inauguration,We're planning a small family gathering to celebrate the inauguration of my sister as the new school principal.
9035,inauguration,"Despite the controversy surrounding the election, the inauguration proceeded peacefully and according to tradition."
9036,defer,"I think I'll defer to your judgment on this matter, since you have more experience."
9036,defer,The committee decided to defer the decision until the next meeting to allow for further research.
9036,defer,"Due to the overwhelming workload, we've had to defer some of our less urgent projects."
9036,defer,She chose to defer her admission to graduate school for a year to travel abroad.
9036,defer,"Out of respect for his seniority, we will defer to his opinion during the discussion."
9037,indefinite,"The meeting has been postponed to an indefinite date, pending further notice from the CEO."
9037,indefinite,I'm taking an indefinite leave of absence to deal with some personal matters; I'm not sure when I'll be back.
9037,indefinite,The project is currently on hold due to indefinite funding concerns.
9037,indefinite,"He has an indefinite amount of time to finish the assignment, but I still expect him to work diligently."
9037,indefinite,The company's future remains indefinite as they navigate this challenging economic climate.
9038,deflect,The goalie managed to deflect the puck just enough to prevent a goal.
9038,deflect,"He tried to deflect the blame onto his colleagues, but everyone knew he was responsible."
9038,deflect,The politician skillfully deflected the reporter's question about his personal finances.
9038,deflect,The thick armor plating was designed to deflect bullets and other projectiles.
9038,deflect,"My umbrella helped to deflect the rain, but I still got a little wet."
9039,ultraviolet,Be sure to wear sunscreen to protect your skin from the harmful ultraviolet rays of the sun.
9039,ultraviolet,The museum uses special glass to filter out ultraviolet light and prevent damage to sensitive artifacts.
9039,ultraviolet,Scientists are studying the effects of increased ultraviolet radiation on marine ecosystems.
9039,ultraviolet,I bought a blacklight for my daughter's room; it makes certain colors glow under ultraviolet light.
9039,ultraviolet,The sterilization process in the lab uses ultraviolet lamps to kill bacteria and viruses on surfaces.
9040,sunburn,"After spending all day at the beach, I came home with a terrible sunburn on my shoulders."
9040,sunburn,"Don't forget to apply sunscreen regularly to prevent sunburn, especially during peak hours."
9040,sunburn,She's suffering from a severe sunburn and is using aloe vera to soothe the burning sensation.
9040,sunburn,The doctor warned him that repeated sunburns significantly increase the risk of skin cancer.
9040,sunburn,"Despite wearing a hat, he still got a mild sunburn on his nose."
9041,disable,Please disable the alarm system before entering the building.
9041,disable,The software update seems to have disabled my computer's sound card.
9041,disable,"Due to a technical malfunction, we had to temporarily disable online payments on the website."
9041,disable,I had to disable the comments section on my blog because of all the spam.
9041,disable,"The accident left him severely disabled, requiring him to use a wheelchair."
9042,gymnastics,My daughter is really passionate about gymnastics and trains several times a week.
9042,gymnastics,"The Olympic Games always features a strong showing in gymnastics, with incredible displays of athleticism and artistry."
9042,gymnastics,"After her knee injury, she had to give up gymnastics, which was heartbreaking for her."
9042,gymnastics,He's surprisingly flexible for someone his age; he used to do gymnastics in college.
9042,gymnastics,The local community center offers gymnastics classes for children of all ages and skill levels.
9043,shuttle,The airport shuttle leaves every 30 minutes from the hotel lobby.
9043,shuttle,We had to shuttle the kids back and forth between soccer practice and dance class all afternoon.
9043,shuttle,NASA plans to launch the new space shuttle next year for a mission to the International Space Station.
9043,shuttle,The company provides a free shuttle service to the train station for its employees.
9043,shuttle,"Due to the road closure, a temporary bus will shuttle passengers between the two affected towns."
9044,disintegrate,The ancient scroll was so fragile that it threatened to disintegrate at the slightest touch.
9044,disintegrate,"Without proper support, the coalition began to disintegrate under the pressure of internal disagreements."
9044,disintegrate,The villain's body started to disintegrate after being exposed to the powerful energy beam.
9044,disintegrate,My dreams of winning the lottery seem to disintegrate a little more each week when I check my numbers.
9044,disintegrate,The old bridge was in such poor condition that the engineers feared it would completely disintegrate during the next major storm.
9045,brewer,The brewer meticulously checked the fermentation tanks to ensure the beer was developing correctly.
9045,brewer,My uncle is a home brewer and he's always experimenting with new hop combinations.
9045,brewer,Local brewers are collaborating on a special beer for the town's annual festival.
9045,brewer,The company is looking for an experienced brewer to oversee production at their new facility.
9045,brewer,"As a master brewer, she has won numerous awards for her innovative and flavorful craft beers."
9046,diversify,"To mitigate risk, it's crucial to diversify your investment portfolio across different asset classes."
9046,diversify,The company decided to diversify its product line to appeal to a wider range of customers.
9046,diversify,We should diversify our energy sources by investing in renewable technologies like solar and wind power.
9046,diversify,Farmers are often encouraged to diversify their crops to improve soil health and reduce reliance on a single market.
9046,diversify,I'm trying to diversify my skillset by taking online courses in data analysis and web development.
9047,lineup,The police asked the witness to look at the lineup to identify the suspect.
9047,lineup,I'm really excited about the music festival's lineup this year; they have so many great bands playing.
9047,lineup,We need to finalize the lineup for the presentation so everyone knows when they're speaking.
9047,lineup,The starting lineup for the basketball game tonight includes two new players.
9047,lineup,"After several injuries, the team's lineup looked drastically different from the beginning of the season."
9048,foothold,The climber carefully searched for a secure foothold on the icy rock face.
9048,foothold,Gaining a foothold in the competitive tech industry requires both talent and persistence.
9048,foothold,The new law gave the company a significant foothold in the renewable energy market.
9048,foothold,We need to establish a foothold in the Asian market before our competitors do.
9048,foothold,"Despite the initial setbacks, the rebels managed to gain a foothold in the northern provinces."
9049,graveyard,The old graveyard on the hill was said to be haunted by the ghosts of former residents.
9049,graveyard,"We walked past the graveyard on our way home, the shadows lengthening in the twilight."
9049,graveyard,My grandmother always brings fresh flowers to the graveyard to honor her late husband.
9049,graveyard,The local historical society is working to preserve the crumbling headstones in the town's oldest graveyard.
9049,graveyard,This project is a graveyard for good ideas; they start strong but quickly get abandoned.
9050,dwindle,The crowd began to dwindle as the rain started to pour down.
9050,dwindle,My savings started to dwindle after the car repairs.
9050,dwindle,Support for the controversial policy began to dwindle after the details were revealed.
9050,dwindle,"If we don't conserve water, our supply will continue to dwindle."
9050,dwindle,"As the company's profits dwindled, they were forced to lay off employees."
9051,exposition,"The beginning of the movie suffered from too much exposition, explaining the characters' backstories in a clunky way."
9051,exposition,"During the presentation, the speaker provided a clear exposition of the new company strategy, outlining the goals and methods."
9051,exposition,"I found the book's exposition a bit slow, but once it got past the initial world-building, the story really took off."
9051,exposition,"The museum exhibit included a detailed exposition on the history of the artifact, complete with interactive displays."
9051,exposition,"In his essay, he offers a compelling exposition of the philosophical arguments surrounding free will, carefully analyzing each perspective."
9052,encompass,"The new curriculum will encompass a wider range of subjects, including art and music."
9052,encompass,Our investigation aims to encompass all aspects of the company's financial dealings over the past five years.
9052,encompass,"The festival will encompass a variety of activities, from live music performances to local craft fairs."
9052,encompass,My understanding of the situation doesn't fully encompass all the nuances of their relationship.
9052,encompass,The term 'sustainable development' encompasses not only environmental protection but also social and economic equity.
9053,nostalgia,Listening to that old record filled me with such nostalgia for my childhood summers.
9053,nostalgia,She felt a pang of nostalgia when she saw her old school uniform in the attic.
9053,nostalgia,The museum exhibit was designed to evoke feelings of nostalgia for the simpler times of the past.
9053,nostalgia,"While some people dismiss it as sentimental, nostalgia can be a powerful force for remembering and celebrating our history."
9053,nostalgia,"He admitted to feeling a bit of nostalgia for his college days, even though they were filled with late nights and ramen noodles."
9054,engulf,The rising floodwaters began to engulf the lower parts of the town.
9054,engulf,A wave of sadness seemed to engulf her as she remembered her lost friend.
9054,engulf,"The thick fog threatened to engulf the entire airport, delaying all flights."
9054,engulf,"The scandal began to engulf the politician's career, making it difficult for him to continue his work."
9054,engulf,I was so engrossed in the book that I felt completely engulfed by the story's world.
9055,volley,"The tennis players engaged in a long volley near the net, each trying to outmaneuver the other."
9055,volley,The politician faced a volley of questions from reporters after the controversial announcement.
9055,volley,"After the joke, the comedian received a volley of laughter and applause from the audience."
9055,volley,"We need to practice our passing drills, focusing on maintaining a quick and accurate volley of the ball."
9055,volley,The company responded with a strong volley of counter-arguments to defend its position against the allegations.
9056,ensue,"If the negotiations fail, a period of economic instability will likely ensue."
9056,ensue,"A heated argument began, and a shouting match quickly ensued."
9056,ensue,"The power outage caused the alarm system to fail, and a chaotic scramble to reset it ensued."
9056,ensue,"After the controversial decision was announced, protests ensued outside the courthouse."
9056,ensue,"Once the rain stopped, a beautiful rainbow ensued, arching across the valley."
9057,termination,The company announced the termination of several projects due to budget constraints.
9057,termination,My employment contract includes a clause regarding termination procedures.
9057,termination,We need to discuss the termination of your phone service; the bill is overdue.
9057,termination,The bridge construction was delayed due to the termination of the initial contract with the building company.
9057,termination,"After a long and difficult battle with cancer, we are saddened to announce the termination of her suffering."
9058,entail,Renovating the old house will entail a significant investment of both time and money.
9058,entail,"Accepting the promotion would entail relocating to a different city, which I'm not sure I want to do."
9058,entail,The new security protocol will entail all employees undergoing mandatory training.
9058,entail,Becoming a doctor will entail years of rigorous study and demanding work.
9058,entail,Understanding the complexities of quantum physics often entails grappling with concepts that defy everyday intuition.
9059,penal,The judge imposed a penal sentence of five years for the crime.
9059,penal,Failure to submit the report on time will result in penal consequences.
9059,penal,Is the penal system truly effective at rehabilitating offenders?
9059,penal,The company faced penal charges for polluting the river with industrial waste.
9059,penal,He argued that the penal code was overly harsh and needed reform.
9060,equalize,The team fought hard to equalize the score in the final minutes of the game.
9060,equalize,"We need to equalize opportunities for all students, regardless of their background."
9060,equalize,The software uses an algorithm to equalize the audio levels across different tracks.
9060,equalize,Adding a pinch of salt can help equalize the sweetness in this dessert.
9060,equalize,Efforts to equalize wealth distribution often face significant political and economic challenges.
9061,showcase,The art gallery will showcase local talent in its upcoming exhibition.
9061,showcase,This year's conference is designed to showcase the latest innovations in renewable energy.
9061,showcase,The company used the product launch to showcase its commitment to sustainability.
9061,showcase,"He wanted to showcase his cooking skills, so he prepared a elaborate multi-course meal for his friends."
9061,showcase,The museum's new wing will showcase artifacts from the ancient Roman Empire.
9062,inaugural,The museum's inaugural exhibition featured a stunning collection of Renaissance paintings.
9062,inaugural,I'm so excited to attend the inaugural meeting of the new book club this Thursday.
9062,inaugural,The mayor's inaugural address focused on plans to revitalize the city's downtown area.
9062,inaugural,They are offering a special discount for the inaugural cruise of their new luxury liner.
9062,inaugural,Our company is proud to be a platinum sponsor of the inaugural technology conference in Austin.
9063,imperative,"It's imperative that you submit your application before the deadline; otherwise, you won't be considered."
9063,imperative,Getting enough sleep is imperative for maintaining good health and cognitive function.
9063,imperative,The general's imperative was clear: secure the bridge at all costs.
9063,imperative,"In this situation, remaining calm is imperative, or we risk making things worse."
9063,imperative,"The project's success is imperative to the company's future, so we need everyone to give it their all."
9064,eradicate,The organization is dedicated to eradicate poverty in developing nations.
9064,eradicate,We need to eradicate all traces of the virus from the system before it spreads further.
9064,eradicate,"It's difficult to eradicate deeply ingrained prejudices, but we must keep trying."
9064,eradicate,Proper dental hygiene is essential to eradicate bacteria and prevent cavities.
9064,eradicate,The new policy aims to eradicate corruption within the government.
9065,plausible,"While the explanation seemed plausible at first, further investigation revealed several inconsistencies."
9065,plausible,"It's a plausible theory, but we need more evidence to support it."
9065,plausible,"Given his history of honesty, his denial of involvement seems plausible."
9065,plausible,"The detective considered several plausible suspects, but none had a solid motive."
9065,plausible,"That's a plausible excuse for being late, considering the traffic this morning."
9066,erode,The constant crashing of waves began to erode the base of the cliff over time.
9066,erode,"Years of neglect had allowed the building's foundation to erode, making it unsafe."
9066,erode,His confidence began to erode after a series of failures.
9066,erode,We need to address the issues causing the soil to erode from the riverbank before it's too late.
9066,erode,The politician's credibility started to erode as more details of the scandal came to light.
9067,sandstone,"The ancient city was built almost entirely from sandstone, giving it a distinctive reddish hue."
9067,sandstone,"We hiked through the canyon, marveling at the towering sandstone cliffs sculpted by centuries of wind and rain."
9067,sandstone,"I chose sandstone pavers for the patio because I liked the natural, earthy look."
9067,sandstone,The geologist explained that the sandstone formation was evidence of a prehistoric seabed.
9067,sandstone,"After years of exposure to the elements, the sandstone statue had begun to show signs of weathering and erosion."
9068,exemplify,The artist's early works exemplify a fascination with abstract expressionism.
9068,exemplify,Her dedication to volunteer work exemplifies what it means to be a good citizen.
9068,exemplify,This project aims to exemplify best practices in sustainable development.
9068,exemplify,"He was always willing to help others, and his actions truly exemplify his kind nature."
9068,exemplify,The company's innovative products exemplify their commitment to technological advancement.
9069,haughty,"Her haughty demeanor made it difficult to approach her, even though I knew she was probably just shy."
9069,haughty,The CEO's haughty attitude towards the junior employees created a tense and unpleasant work environment.
9069,haughty,I couldn't help but roll my eyes at his haughty pronouncements on matters he clearly knew nothing about.
9069,haughty,"Despite her family's wealth, she tried not to appear haughty or superior to others."
9069,haughty,"The critic's haughty review completely dismissed the film, failing to acknowledge any of its artistic merit."
9070,bureaucrat,"The bureaucratic process took months, but we finally received the necessary permits."
9070,bureaucrat,"I tried to explain the situation, but the bureaucrat just kept pointing to the regulations."
9070,bureaucrat,He became a successful politician after years of working as a bureaucrat in the Department of Agriculture.
9070,bureaucrat,Getting anything done in this city is impossible; you have to navigate a maze of bureaucrats and red tape.
9070,bureaucrat,"Some people see bureaucrats as obstructive, but others view them as essential for maintaining order and fairness in government."
9071,resin,The artist used a clear epoxy resin to encapsulate the delicate flower petals in the pendant.
9071,resin,We need to apply a coat of resin to the wooden boat to protect it from the harsh marine environment.
9071,resin,The strong smell of pine resin filled the air as we hiked through the forest.
9071,resin,Dental fillings are often made from a composite resin that matches the color of your teeth.
9071,resin,"After the ancient tree fell, large chunks of amber, which is fossilized resin, were found embedded in the soil."
9072,flare,"The sudden gust of wind caused the campfire to flare up, sending sparks flying into the night."
9072,flare,"If you get lost hiking, remember to use your emergency flare to signal for help."
9072,flare,"Her nostrils seemed to flare slightly as she argued her point, indicating her rising anger."
9072,flare,"The old gas lamp began to flare and dim intermittently, making it difficult to read."
9072,flare,Doctors noticed a flare-up of her arthritis symptoms after she had been working in the garden all day.
9073,vile,"The vile smell of rotting garbage permeated the entire street, making it almost unbearable to walk through."
9073,vile,I can't believe he spread such vile rumors about her; it's completely unfair and damaging to her reputation.
9073,vile,The villain's vile plot to destroy the city was finally foiled by the courageous heroes.
9073,vile,That restaurant's reputation took a nosedive after reports of vile health code violations surfaced.
9073,vile,"Honestly, the way he treated her was vile and completely unacceptable."
9074,fume,He was starting to fume when the airline announced another delay.
9074,fume,The scientist carefully collected the fumes from the chemical reaction for analysis.
9074,fume,"She could fume about the injustice for hours, but it wouldn't change anything."
9074,fume,"After the argument, he went for a walk to let off some steam and stop fuming."
9074,fume,The factory was fined for releasing toxic fumes into the atmosphere.
9075,neon,The old diner down the street has a bright neon sign that flickers intermittently.
9075,neon,I'm thinking of adding a neon accent light to my gaming setup for a more vibrant atmosphere.
9075,neon,"The artist used neon colors to create a striking, almost otherworldly effect in her latest painting."
9075,neon,"Despite the city's efforts to reduce light pollution, the skyline is still dominated by flashing neon advertisements."
9075,neon,"He felt a pang of nostalgia as he drove past the motel, its faded neon sign a reminder of simpler times."
9076,billboard,"The new billboard advertising that restaurant is so bright, it's distracting to drivers at night."
9076,billboard,We saw a billboard for a personal injury lawyer right after we passed the accident on the highway.
9076,billboard,The city council is debating whether to restrict the size and placement of billboards in the downtown area.
9076,billboard,"Driving down Route 66, you'll see a lot of quirky roadside attractions and vintage billboards."
9076,billboard,Our marketing team is considering purchasing space on a digital billboard to promote our upcoming summer sale.
9077,flicker,"The candle began to flicker in the draft, threatening to go out completely."
9077,flicker,I saw a brief flicker of recognition in his eyes before he turned away.
9077,flicker,Did you notice the lights flicker during the thunderstorm last night?
9077,flicker,"Her hopes would occasionally flicker, only to be extinguished by the harsh reality of the situation."
9077,flicker,"The old television screen would flicker intermittently, making it difficult to watch anything comfortably."
9078,implicate,"The evidence seems to implicate him in the robbery, though he maintains his innocence."
9078,implicate,"I don't want to implicate you in this mess, so I'll handle it myself."
9078,implicate,Her testimony could implicate several high-ranking officials in the scandal.
9078,implicate,"By accepting the bribe, he implicitly implicated himself in the conspiracy."
9078,implicate,"The investigation is ongoing, but several documents implicate the company in environmental violations."
9079,disgraceful,The team's performance in the championship game was disgraceful; they didn't even seem to be trying.
9079,disgraceful,It's disgraceful how some companies exploit their workers with such low wages and long hours.
9079,disgraceful,I find it disgraceful that politicians are allowed to accept such large sums of money from lobbyists.
9079,disgraceful,His drunken outburst at the wedding was absolutely disgraceful and completely ruined the celebration.
9079,disgraceful,The museum director considered the vandalism of the ancient artifact to be a disgraceful act of disrespect to history.
9080,inaugurate,The mayor will inaugurate the new park with a ribbon-cutting ceremony next week.
9080,inaugurate,They plan to inaugurate a new system for tracking inventory at the warehouse.
9080,inaugurate,We're excited to inaugurate this new era of collaboration between our departments.
9080,inaugurate,The president will inaugurate his second term in January with a grand celebration.
9080,inaugurate,The museum decided to inaugurate the exhibit with a special gala for its patrons.
9081,consecutive,"She was absent for three consecutive days last week, so she missed a lot of important material."
9081,consecutive,"After winning five consecutive games, the team is now a strong contender for the championship."
9081,consecutive,"The fine print stated that the offer was valid for seven consecutive days, starting from the date of purchase."
9081,consecutive,"We experienced unusually high temperatures for two consecutive weeks this summer, breaking several local records."
9081,consecutive,"To earn the bonus, employees must meet their sales quota for three consecutive months."
9082,invalidate,The discovery of new evidence could invalidate the original conviction.
9082,invalidate,"If you don't sign and return the contract by the deadline, it will invalidate the agreement."
9082,invalidate,"His constant lying started to invalidate everything he said, making it hard to trust him."
9082,invalidate,The referee's controversial call to invalidate the goal sparked outrage among the fans.
9082,invalidate,Failing to properly maintain the equipment will invalidate the warranty.
9083,entitlement,"The younger generation is often accused of having a sense of entitlement, expecting success without putting in the hard work."
9083,entitlement,"She felt a strong sense of entitlement to the promotion, believing her seniority alone qualified her for the position."
9083,entitlement,"The company offers a generous benefits package, including healthcare and paid time off, but employees shouldn't mistake these for entitlements; they're earned through continued service."
9083,entitlement,His constant complaining about not getting preferential treatment revealed a deep-seated entitlement that alienated his colleagues.
9083,entitlement,"While everyone is entitled to basic human rights, expecting special favors simply because of your background is not entitlement, it's unfair."
9084,rebate,"I'm thinking of buying a new washing machine, especially since there's a manufacturer's rebate on the energy-efficient models."
9084,rebate,"After submitting all the paperwork, it took about eight weeks to receive the rebate check in the mail."
9084,rebate,The government is offering a significant rebate to encourage homeowners to install solar panels.
9084,rebate,Did you remember to apply for the mail-in rebate after purchasing the printer?
9084,rebate,"Many energy companies offer a rebate for customers who upgrade to more efficient appliances, which can help lower your monthly bill."
9085,blunder,I made a real blunder when I accidentally sent that email to the wrong person.
9085,blunder,The politician's insensitive remarks were seen as a major blunder that cost him a lot of support.
9085,blunder,He realized his blunder immediately after blurting out the surprise party plans.
9085,blunder,"Due to a clerical blunder, my bank account was temporarily frozen."
9085,blunder,"It was a careless blunder on my part to forget my passport at home, and it almost made me miss my flight."
9086,jeopardize,Don't jeopardize your chances of getting the job by arriving late for the interview.
9086,jeopardize,He knew that releasing the confidential information would jeopardize his career.
9086,jeopardize,The company's financial stability was jeopardized by the sudden drop in sales.
9086,jeopardize,"If you don't follow the safety procedures, you could jeopardize not only your own well-being but also the safety of your colleagues."
9086,jeopardize,I wouldn't jeopardize a good friendship over something so trivial.
9087,undercover,The police officer went undercover to infiltrate the drug trafficking ring.
9087,undercover,I heard he's an undercover journalist writing a story about factory conditions.
9087,undercover,That new restaurant downtown is actually an undercover speakeasy; you need a password to get in.
9087,undercover,"The investigator worked undercover for months, gathering evidence of corporate fraud."
9087,undercover,"She suspected her neighbor was an undercover agent, always being secretive and receiving strange deliveries."
9088,underway,"The construction of the new bridge is already underway, and we expect it to be completed by next spring."
9088,underway,"Once the director gives the signal, the rescue operation will be underway immediately."
9088,underway,"Negotiations between the two companies are underway, but a final agreement is still uncertain."
9088,underway,"Now that the music has started, let the party get underway!"
9088,underway,"With the initial funding secured, the research project is officially underway."
9089,lag,"There's a noticeable lag between when I press the button and when the action happens on the screen, which is frustrating when I'm gaming."
9089,lag,"If we lag behind on this project, we risk missing the deadline and losing the client."
9089,lag,"The country's economic growth continues to lag behind its neighbors, despite recent efforts at reform."
9089,lag,I think I'm coming down with something; I feel a bit of a lag in my energy today.
9089,lag,The software update should prevent any further lag in the system's performance.
9090,protectionism,Many economists argue that protectionism ultimately harms consumers by raising prices and limiting choices.
9090,protectionism,The steel industry is lobbying the government for increased protectionism against cheaper foreign imports.
9090,protectionism,"While some argue that protectionism safeguards domestic jobs, others believe it hinders innovation and economic growth."
9090,protectionism,"The politician's speech was filled with rhetoric advocating for protectionism, promising to prioritize local businesses."
9090,protectionism,"Do you think a return to protectionism is a viable solution for our struggling manufacturing sector, or would it just trigger trade wars?"
9091,liberalize,The government decided to liberalize trade regulations in an effort to boost the national economy.
9091,liberalize,"To attract more international students, the university is planning to liberalize its admissions criteria."
9091,liberalize,My parents are slowly starting to liberalize their views on dating as I get older.
9091,liberalize,We need to liberalize access to information so that citizens can make informed decisions.
9091,liberalize,"The new reforms aim to liberalize the banking sector, allowing for greater competition and innovation."
9092,bead,She spent the afternoon stringing colorful beads to make a necklace.
9092,bead,Sweat began to bead on his forehead as he nervously waited for the results.
9092,bead,The antique dress was intricately decorated with tiny glass beads.
9092,bead,We need to replace the bead of caulk around the bathtub to prevent leaks.
9092,bead,The jeweler carefully selected each bead for its unique color and texture.
9093,perspiration,"After the intense workout, beads of perspiration dotted his forehead."
9093,perspiration,The actress dabbed at her brow to remove any perspiration before stepping onto the stage.
9093,perspiration,The heat and humidity caused an almost instant sheen of perspiration to appear on everyone's skin.
9093,perspiration,Controlling perspiration during a job interview is crucial for maintaining a professional demeanor.
9093,perspiration,He attributed his nervous perspiration to the high stakes of the negotiation.
9094,moisten,Could you moisten this cloth a little? It's too dry to wipe the table effectively.
9094,moisten,The baker used a spray bottle to moisten the bread dough before putting it in the oven.
9094,moisten,Her eyes started to moisten with tears as she listened to the emotional song.
9094,moisten,"To revive the dry cake, try wrapping it in a moisten paper towel and microwaving it for a few seconds."
9094,moisten,"Please moisten the stamp before affixing it to the envelope; otherwise, it won't adhere properly."
9095,smock,The art teacher always wore a paint-splattered smock to protect her clothes.
9095,smock,"For the pottery class, you'll need to bring an old shirt or a smock to avoid getting clay on your good clothes."
9095,smock,She looked adorable in her little gingham smock and sandals as she played in the garden.
9095,smock,"The nurses in the children's ward wore bright, cheerful smocks to help put the young patients at ease."
9095,smock,"Historically, agricultural laborers often wore a distinctive type of smock, known as a 'smock-frock', as a practical and protective garment."
9096,necessitate,The unexpected road closure will necessitate a detour of at least thirty minutes.
9096,necessitate,Increased demand for the product may necessitate hiring additional staff.
9096,necessitate,"Given the complexity of the project, thorough planning will necessitate close collaboration between departments."
9096,necessitate,"My car broke down, which will necessitate taking the bus to work this week."
9096,necessitate,The new regulations necessitate that all employees complete the safety training by the end of the month.
9097,dietary,The doctor recommended several dietary changes to help lower my cholesterol.
9097,dietary,Many breakfast cereals are fortified with vitamins and minerals to improve their dietary value.
9097,dietary,"Before starting any new exercise program, it's crucial to assess your current dietary habits and adjust them accordingly."
9097,dietary,"The nutritionist provided a detailed dietary plan, outlining the specific foods I should eat and avoid."
9097,dietary,"Maintaining a balanced dietary intake is essential for overall health and well-being, especially as we age."
9098,obliterate,The hurricane threatened to obliterate the small coastal town.
9098,obliterate,Years of neglect had begun to obliterate the original details of the painting.
9098,obliterate,He hoped the heavy rain would obliterate any footprints he left behind.
9098,obliterate,The team's embarrassing defeat completely obliterated their chances of winning the championship.
9098,obliterate,The dictator sought to obliterate all traces of dissent and opposition.
9099,predominantly,The audience at the concert was predominantly young adults.
9099,predominantly,Our company predominantly uses open-source software for its development projects.
9099,predominantly,"The diet in this region is predominantly vegetarian, with meat consumption being relatively low."
9099,predominantly,"The weather forecast for the week is predominantly sunny, with only a small chance of rain on Friday."
9099,predominantly,"The article predominantly focuses on the economic impact of the new policy, but it also touches on the social implications."
9100,indigenous,The museum has a fascinating exhibit on the indigenous art of the Pacific Northwest.
9100,indigenous,Efforts are being made to protect the indigenous languages of Canada from extinction.
9100,indigenous,"Many of the plants in this garden are indigenous to the local area, meaning they grew here naturally."
9100,indigenous,The government is working to address the social and economic disparities faced by indigenous communities.
9100,indigenous,"Before colonization, the land was solely inhabited by indigenous peoples who had their own complex systems of governance and culture."
9101,theology,"Her master's degree is in theology, with a focus on feminist interpretations of scripture."
9101,theology,"The professor's lecture on systematic theology was surprisingly engaging, even for those unfamiliar with the subject."
9101,theology,I'm not sure I agree with that argument; it seems to be based on a very specific and perhaps outdated theology.
9101,theology,"He spent years studying theology, but ultimately decided that his calling lay elsewhere."
9101,theology,"Discussions about theology can be fascinating, but they often lead to heated debates."
9102,ordain,The church will ordain several new priests this spring.
9102,ordain,Tradition ordains that the eldest son inherits the family business.
9102,ordain,The city council voted to ordain a new set of regulations concerning noise pollution.
9102,ordain,It seems fate has ordained that we should meet again after all these years.
9102,ordain,Who are we to question what destiny has ordained for us?
9103,vicar,The vicar of our parish is a kind and compassionate man who is always willing to lend a helping hand.
9103,vicar,"After the previous vicar retired, the church council began the search for a suitable replacement."
9103,vicar,"My grandmother volunteers at the church every week, assisting the vicar with various tasks."
9103,vicar,The scandal involving the vicar rocked the small village and divided the community.
9103,vicar,"During the village fete, the vicar could be found cheerfully running the coconut shy."
9104,beneficiary,"She was named as the sole beneficiary in her grandfather's will, inheriting his entire estate."
9104,beneficiary,"The charity event was a huge success, with countless children being the beneficiaries of the funds raised."
9104,beneficiary,"Before you can receive your insurance payout, you'll need to designate a beneficiary who will receive the funds if you pass away."
9104,beneficiary,"As a beneficiary of the trust, he receives a monthly income to help cover his living expenses."
9104,beneficiary,We need to confirm the beneficiary information on file to ensure the funds are distributed correctly.
9105,outweigh,The potential benefits of the new policy far outweigh the risks involved.
9105,outweigh,The convenience of living in the city often outweighs the higher cost of living.
9105,outweigh,"For me, the joy of spending time with my family outweighs any career ambitions I might have."
9105,outweigh,"While the initial investment is significant, the long-term savings will ultimately outweigh the upfront expense."
9105,outweigh,"The evidence against him heavily outweighs his claims of innocence, making a conviction likely."
9106,overrun,The weeds have completely overrun the garden; I need to spend the weekend pulling them out.
9106,overrun,Our small town was nearly overrun by tourists during the summer festival.
9106,overrun,The cost of the project has overrun the initial budget by a significant margin.
9106,overrun,"I'm afraid my schedule is completely overrun with meetings this week, so I won't be able to fit you in."
9106,overrun,The invading army quickly overrun the lightly defended border regions.
9107,influenza,"The doctor confirmed I have influenza, so I'll be staying home from work this week."
9107,influenza,Health officials are urging everyone to get their annual influenza vaccine before the winter season begins.
9107,influenza,"Symptoms of influenza can include fever, cough, sore throat, and body aches."
9107,influenza,"The elderly are particularly vulnerable to complications from influenza, such as pneumonia."
9107,influenza,"Due to the widespread influenza outbreak, the hospital is experiencing a shortage of beds and medical staff."
9108,beastly,"The weather has been beastly lately, with constant rain and wind."
9108,beastly,"I had a beastly headache all day, making it impossible to concentrate."
9108,beastly,"He behaved in a beastly manner towards the waiter, yelling and complaining about everything."
9108,beastly,The construction project caused beastly traffic jams during rush hour.
9108,beastly,"That was a beastly thing to say, and I think you owe her an apology."
9109,midsummer,The village holds a large bonfire celebration every midsummer to mark the longest day of the year.
9109,midsummer,"We're planning a midsummer wedding in June, hoping for beautiful weather and long daylight hours."
9109,midsummer,Shakespeare's 'A Midsummer Night's Dream' is a classic play often performed outdoors during the summer months.
9109,midsummer,"The wildflowers were in full bloom, creating a breathtaking spectacle in the midsummer meadows."
9109,midsummer,Sales usually peak during the midsummer period as people take advantage of summer promotions and vacation deals.
9110,parch,"The desert sun began to parch the earth, turning the once-green vegetation brown and brittle."
9110,parch,"After running the marathon, I was parched and desperately needed a large glass of water."
9110,parch,"The farmer worried that the lack of rain would parch his crops, leading to a devastating harvest."
9110,parch,"Years of neglect had left the old book with a parched leather cover, cracking at the slightest touch."
9110,parch,Don't forget to water the seedlings; the hot weather will parch them quickly if you're not careful.
9111,jargon,The legal document was filled with jargon that only lawyers could understand.
9111,jargon,"I tried to follow the conversation, but it was all just tech jargon to me."
9111,jargon,Avoid using industry jargon when presenting to a general audience; clarity is key.
9111,jargon,"Honestly, sometimes I think they use medical jargon just to confuse patients."
9111,jargon,He's been in the field for so long that he doesn't even realize he's speaking in jargon anymore.
9112,pertain,"These documents pertain to the ongoing investigation, so please handle them with care."
9112,pertain,I'm not sure how that information would pertain to our current discussion about marketing strategies.
9112,pertain,The regulations only pertain to businesses with more than fifty employees.
9112,pertain,Do you have any questions that pertain specifically to the second chapter of the book?
9112,pertain,"Her comments didn't really pertain to the topic at hand, and she seemed a bit off-topic."
9113,biochemistry,Her fascination with how the body processes food led her to major in biochemistry at university.
9113,biochemistry,The professor's lecture on enzyme kinetics was a challenging introduction to the world of biochemistry.
9113,biochemistry,Modern medicine relies heavily on biochemistry to understand and treat diseases at a molecular level.
9113,biochemistry,I'm reading a fascinating book that explains complex biological processes through the lens of biochemistry.
9113,biochemistry,Recent advances in biochemistry have allowed us to develop more effective and targeted cancer therapies.
9114,wry,"He gave a wry smile when I told him I'd accidentally deleted the entire presentation, a mixture of amusement and exasperation in his expression."
9114,wry,"With a wry observation about the futility of dieting, she reached for another slice of cake."
9114,wry,"The comedian's wry humor, often delivered with a deadpan expression, was a hit with the audience."
9114,wry,"After years of struggling with the old car, he accepted its latest breakdown with a wry shrug and called a tow truck."
9114,wry,"The novel is filled with wry commentary on modern society, offering a cynical yet insightful perspective on our everyday lives."
9115,stunning,The bride looked absolutely stunning in her white gown.
9115,stunning,We saw a stunning sunset over the ocean last night; the colors were incredible.
9115,stunning,The museum unveiled a stunning new exhibit featuring ancient artifacts.
9115,stunning,"Her performance in the play was stunning, earning her a standing ovation."
9115,stunning,He presented a stunning argument that completely changed my perspective on the issue.
9116,rebound,"After losing the account, the sales team is hoping to rebound with a strong performance next quarter."
9116,rebound,The basketball player managed to grab the rebound despite being heavily guarded.
9116,rebound,"She's been through a tough breakup, but I'm sure she'll rebound and find someone even better."
9116,rebound,"The economy is showing signs of a rebound after the recent recession, with increased job growth and consumer spending."
9116,rebound,The price of the stock is expected to rebound once the company releases its positive earnings report.
9117,rehabilitate,"After his knee surgery, he had to rehabilitate for several months before returning to sports."
9117,rehabilitate,The organization aims to rehabilitate abandoned buildings and turn them into affordable housing.
9117,rehabilitate,The prison system focuses on programs to rehabilitate offenders and reintegrate them into society.
9117,rehabilitate,She's been working hard to rehabilitate her reputation after the scandal.
9117,rehabilitate,"Following the oil spill, volunteers worked tirelessly to rehabilitate the affected wildlife and restore the coastal ecosystem."
9118,narcotic,The doctor prescribed a strong narcotic for her post-operative pain.
9118,narcotic,He became addicted to narcotics after a serious car accident.
9118,narcotic,The police seized a large quantity of narcotics during the raid.
9118,narcotic,Many people are unaware of the dangers associated with even short-term use of narcotic painkillers.
9118,narcotic,The rehabilitation center specializes in treating patients with narcotic dependencies.
9119,venerable,"The venerable old oak tree had stood in the park for over two centuries, a silent witness to the town's history."
9119,venerable,"Professor Armitage, a venerable scholar in the field of ancient languages, was invited to give the keynote address."
9119,venerable,"My grandmother, a venerable woman of ninety, still enjoys knitting and sharing stories with her grandchildren."
9119,venerable,"We visited the venerable monastery perched high on the mountaintop, a place of peace and contemplation for centuries."
9119,venerable,"Despite his youthful appearance, the CEO was a venerable leader in the tech industry, respected for his innovative strategies and ethical practices."
9120,relegate,"After a series of embarrassing losses, the team was relegated to a lower division."
9120,relegate,I don't want to relegate this important issue to the bottom of the agenda; it needs to be discussed thoroughly.
9120,relegate,He felt his opinions were being relegated to insignificance by the new management team.
9120,relegate,The older technology was relegated to the storage room once the company upgraded its systems.
9120,relegate,"If we don't improve our performance, we risk being relegated to a less desirable role within the project."
9121,commoner,"Despite being born a commoner, she rose to a position of great influence through her intelligence and hard work."
9121,commoner,The king's decision to mingle with commoners during the festival was seen as a gesture of goodwill.
9121,commoner,"He felt out of place at the exclusive gala, surrounded by aristocrats while he was just a commoner from a small town."
9121,commoner,"Historically, there was a significant social divide between the nobility and the commoner class, with different rights and privileges."
9121,commoner,"The play tells the story of a commoner who unexpectedly inherits the throne, exploring the challenges of adapting to royal life."
9122,unaccountable,The team's sudden and unaccountable loss of form is baffling the coach.
9122,unaccountable,"For some unaccountable reason, the computer started working again after I restarted it."
9122,unaccountable,His unaccountable behavior at the party made everyone uncomfortable.
9122,unaccountable,The government's decision to cut funding for the arts seems completely unaccountable given its proven benefits.
9122,unaccountable,She felt an unaccountable sadness wash over her as she looked at the old photograph.
9123,usher,The theater usher showed us to our seats right before the curtain went up.
9123,usher,These new technologies could usher in an era of unprecedented economic growth.
9123,usher,"As an usher at the wedding, my job was to guide guests to their designated tables."
9123,usher,The company hopes their innovative approach will usher in a new standard for customer service.
9123,usher,A period of silence ushered in the speaker's moving eulogy.
9124,relent,The protesters demanded that the government relent on its proposed tax increases.
9124,relent,"After hours of arguing, she finally relented and agreed to go to the party."
9124,relent,"The rain didn't relent all day, forcing us to cancel our picnic."
9124,relent,"Despite the immense pressure from his colleagues, he refused to relent on his principles."
9124,relent,"Seeing the child's tear-filled eyes, the strict teacher relented and allowed him to retake the test."
9125,venue,"We're still deciding on the venue for the wedding reception, but we're leaning towards the lakeside hotel."
9125,venue,"The concert venue was packed, and the energy of the crowd was incredible."
9125,venue,"The museum proved to be the perfect venue for the art exhibition, providing ample space and excellent lighting."
9125,venue,"Have you booked a venue for the conference yet, or are you still considering your options?"
9125,venue,"Unfortunately, the original venue for the fundraiser had to cancel, so we're scrambling to find a suitable replacement."
9126,muddle,"I always muddle up the names of the twins, even though they look nothing alike."
9126,muddle,The politician's vague response only served to muddle the issue further in the public's mind.
9126,muddle,"He tried to explain the complicated procedure, but his nervousness caused him to muddle his words."
9126,muddle,The investigation was muddled by conflicting witness statements and a lack of clear evidence.
9126,muddle,Don't muddle your personal feelings with your professional responsibilities; keep them separate.
9127,revert,"If you don't like the changes, you can revert to the original version of the document."
9127,revert,"After the medication wore off, his symptoms began to revert to their previous state."
9127,revert,"I tried the new software update, but I decided to revert to the older version because it was more stable."
9127,revert,The company's profits seem to revert to the mean after periods of high growth.
9127,revert,Please revert back to me with your decision by the end of the week.
9128,feudalism,Historians often debate the extent to which feudalism truly defined medieval European society.
9128,feudalism,The rigid social hierarchy of feudalism offered little opportunity for upward mobility.
9128,feudalism,Some argue that elements of feudalism can still be seen in modern power structures and land ownership in certain regions.
9128,feudalism,"After the revolution, the new government sought to dismantle the remaining vestiges of feudalism and redistribute land to the peasants."
9128,feudalism,"While not strictly feudalism, the company's management style sometimes feels like a modern interpretation, with a clear chain of command and limited autonomy for lower-level employees."
9129,advent,"With the advent of the internet, libraries have had to adapt to the changing needs of their patrons."
9129,advent,The town prepared for the advent of winter by stocking up on firewood and supplies.
9129,advent,The advent of personal computers revolutionized the way people worked and communicated.
9129,advent,"Many Christians celebrate Advent, the period leading up to Christmas, with special prayers and traditions."
9129,advent,"The advent of spring brought a welcome burst of color to the landscape after the long, gray winter."
9130,revolutionize,The internet has helped revolutionize the way people communicate and access information.
9130,revolutionize,This new software promises to revolutionize our workflow and dramatically increase efficiency.
9130,revolutionize,Electric vehicles could revolutionize the transportation industry and significantly reduce carbon emissions.
9130,revolutionize,Did you hear about that new study? It might revolutionize our understanding of how the brain processes language.
9130,revolutionize,The invention of the printing press helped to revolutionize the spread of knowledge throughout Europe.
9131,saturate,"The heavy rain began to saturate the ground, making it difficult to walk without sinking."
9131,saturate,"After applying the stain, let it saturate the wood for a few minutes before wiping off the excess."
9131,saturate,"The market is already saturate with similar products, so launching a new one will be challenging."
9131,saturate,"The news media tend to saturate the airwaves with coverage of major events, sometimes to the exclusion of other important stories."
9131,saturate,"If you saturate a cloth with rubbing alcohol, you can use it to clean the surface."
9132,urine,The doctor ordered a urine test to check for a possible infection.
9132,urine,"After the marathon, my urine was dark and concentrated, so I made sure to rehydrate immediately."
9132,urine,The strong smell of ammonia in the air suggested that someone hadn't cleaned up pet urine properly.
9132,urine,The lab technician analyzed the urine sample for protein and glucose levels.
9132,urine,"For the drug screening, please provide a urine sample in the designated cup."
9133,snowflake,"Each snowflake has a unique and intricate design, making them fascinating to observe under a microscope."
9133,snowflake,"The meteorologist predicted a significant snowfall, warning residents to prepare for large, fluffy snowflakes."
9133,snowflake,My daughter loves catching snowflakes on her tongue during the first snowfall of the year.
9133,snowflake,He was called a 'snowflake' for expressing his sensitive feelings about the company's restructuring announcement.
9133,snowflake,The delicate snowflake pattern on the Christmas ornament added a touch of winter elegance to the tree.
9134,shimmer,The sequins on her dress shimmered under the bright stage lights.
9134,shimmer,A heat haze made the asphalt shimmer in the summer sun.
9134,shimmer,Did you see the way the lake shimmered at sunset? It was breathtaking.
9134,shimmer,The freshly polished silver shimmered invitingly on the buffet table.
9134,shimmer,"With a touch of glitter, the eyeshadow began to shimmer, adding a subtle sparkle to her look."
9135,basil,"I'm making pesto tonight, so I need to pick up some fresh basil at the farmer's market."
9135,basil,"The Caprese salad was delicious, especially with the fragrant basil leaves."
9135,basil,"For this Thai green curry recipe, dried basil just won't do; you really need the fresh stuff."
9135,basil,"My herb garden is thriving, and the basil is growing like crazy – I'll have to prune it soon."
9135,basil,"The chef garnished the pasta with a chiffonade of basil, adding a final touch of freshness and aroma."
9136,broth,"I'm feeling a bit under the weather, so I think I'll just have a bowl of chicken broth for dinner."
9136,broth,The chef simmered the bones for hours to create a rich and flavorful beef broth.
9136,broth,"For a lighter option, try the vegetable broth instead of the cream-based soup."
9136,broth,"Grandma always said that a good broth can cure anything, and she always had a pot simmering on the stove."
9136,broth,The restaurant's signature dish is a delicate seafood broth with saffron and a hint of lemon.
9137,simmer,I'm going to let the tomato sauce simmer on low for a couple of hours to really develop the flavors.
9137,simmer,A low-grade fever can simmer for days before finally breaking.
9137,simmer,"Tensions between the two countries have been simmering for years, threatening to erupt into open conflict."
9137,simmer,"After bringing the soup to a boil, reduce the heat and let it simmer gently for at least 30 minutes."
9137,simmer,"He tried to ignore the anger simmering inside him, but it was becoming increasingly difficult."
9138,cod,We're having baked cod with roasted vegetables for dinner tonight.
9138,cod,"The restaurant's menu featured a special on fresh Atlantic cod, caught that morning."
9138,cod,Scientists are concerned about the declining cod populations in the North Sea due to overfishing.
9138,cod,"He works as a fishmonger, filleting cod and other types of seafood all day."
9138,cod,"The recipe calls for a pound of skinless cod fillets, but I think tilapia would work as a substitute."
9139,spawn,"The heavy rains caused the river to flood, which will likely spawn a larger mosquito population this summer."
9139,spawn,That one decision seemed to spawn a whole series of unexpected problems for the company.
9139,spawn,Many online forums spawn heated debates about even the most trivial topics.
9139,spawn,The documentary aimed to explore the social conditions that spawn violence in urban communities.
9139,spawn,"During the spring, salmon return to their natal streams to spawn."
9140,sprout,"After the rain, tiny green shoots began to sprout in the garden bed."
9140,sprout,"The new business started as a small project, but it's beginning to sprout into a successful enterprise."
9140,sprout,"I noticed a potato in the pantry had started to sprout, so I decided to plant it."
9140,sprout,Concerns about the project began to sprout as deadlines were missed and costs increased.
9140,sprout,"With proper care and attention, even the smallest seed can sprout into something magnificent."
9141,promenade,"After dinner, we took a leisurely promenade along the beach, enjoying the cool evening breeze."
9141,promenade,"The elegant couple decided to promenade through the gardens, admiring the meticulously manicured flowerbeds."
9141,promenade,"The town's annual summer festival always includes a grand promenade down Main Street, featuring local businesses and community groups."
9141,promenade,Let's promenade around the lake this afternoon; it's a beautiful day to get some fresh air and exercise.
9141,promenade,"The new park offers a wide promenade perfect for cycling, walking, or simply enjoying the scenic views of the river."
9142,lance,The doctor had to lance the boil on my back to relieve the pressure.
9142,lance,"In medieval tournaments, knights would often compete using a lance while on horseback."
9142,lance,The reporter's article was a sharp lance aimed at the company's corrupt practices.
9142,lance,"He used a long, thin lance to spear the fish while wading in the shallow water."
9142,lance,"Figuratively, she decided to lance the issue of workplace inequality during the meeting, hoping to start a productive conversation."
9143,spurt,Blood spurted from the wound when he accidentally cut himself with the knife.
9143,spurt,The company saw a sudden spurt in sales after their new marketing campaign launched.
9143,spurt,"With a final spurt of energy, the marathon runner crossed the finish line."
9143,spurt,"As the pressure built, water began to spurt out of the cracked pipe."
9143,spurt,There was a spurt of applause as the conductor took his place on the podium.
9144,subdivide,"The developer plans to subdivide the large plot of land into smaller, more manageable building lots."
9144,subdivide,We need to subdivide the project into smaller tasks to make it easier to track progress.
9144,subdivide,Could you subdivide this document into sections with clear headings and subheadings for better readability?
9144,subdivide,"The cells in the embryo continue to divide and subdivide, eventually forming all the tissues and organs of the body."
9144,subdivide,Let's subdivide the attendees into groups based on their interests for the workshop activities.
9145,legality,The legality of the company's tax practices is currently under investigation by the IRS.
9145,legality,"I questioned the legality of his claim, as it seemed to contradict established regulations."
9145,legality,"While the idea seemed promising, we had to consider the legality of using drones for surveillance purposes."
9145,legality,The lawyer advised us to thoroughly research the legality of the proposed business venture before investing any money.
9145,legality,"Despite the moral objections, the legality of the action was never really in doubt."
9146,questionable,His sudden departure right before the audit raised some questionable eyebrows among the staff.
9146,questionable,The website's claims about its health benefits are highly questionable and require further investigation.
9146,questionable,"I think offering him the promotion at this stage is questionable, given his lack of experience in management."
9146,questionable,"The witness's testimony was questionable at best, as she seemed confused and contradicted herself several times."
9146,questionable,"Whether or not this project is financially viable is questionable, considering the current market conditions."
9147,glamorous,The red carpet event was filled with glamorous celebrities in stunning gowns.
9147,glamorous,"She always dreamed of living a glamorous life, traveling the world and attending exclusive parties."
9147,glamorous,"Despite the hard work, being a fashion designer can seem like a very glamorous profession."
9147,glamorous,"I wouldn't say accounting is particularly glamorous, but it's a stable career."
9147,glamorous,"They spent the weekend at a luxurious resort, indulging in a glamorous escape from their everyday routines."
9148,allure,The allure of a simpler life in the countryside drew her away from the city's hustle and bustle.
9148,allure,"Despite the risks, the allure of untold riches motivated the explorers to continue their perilous journey."
9148,allure,"I understand the allure of social media, but I think it's important to disconnect sometimes and focus on the real world."
9148,allure,The detective was immune to the suspect's charm; his practiced allure had no effect.
9148,allure,What is the allure of this particular artist that makes their work so highly sought after?
9149,transcent,The artist hoped her work would transcent mere decoration and evoke deeper emotions in the viewer.
9149,transcent,"For the grieving family, the outpouring of community support helped to transcent their feelings of isolation and despair."
9149,transcent,Great leaders often transcent their own personal ambitions to serve the greater good of their people.
9149,transcent,"His performance was so captivating; he seemed to transcent the limitations of the stage, becoming the character entirely."
9149,transcent,"The novel's themes of love and loss transcent cultural boundaries, resonating with readers from all walks of life."
9150,melodramatic,"Her reaction to the spilled coffee was a bit melodramatic; it was just a stain, not the end of the world."
9150,melodramatic,"The play was entertaining, but the acting felt overly melodramatic, especially during the death scene."
9150,melodramatic,"Don't be so melodramatic! You only have a slight cold, you're not dying."
9150,melodramatic,"In an attempt to evoke sympathy, he delivered a melodramatic speech filled with exaggerated claims of hardship."
9150,melodramatic,"While I appreciate the sentiment, I think declaring undying love after knowing someone for a week is a little melodramatic, don't you?"
9151,undercut,They were able to undercut the competition by offering a similar product at a lower price.
9151,undercut,His constant criticism tended to undercut my confidence in my abilities.
9151,undercut,"The heavy rains have undercut the foundation of the old building, making it unstable."
9151,undercut,I felt like he was trying to undercut me in the meeting when he presented my ideas as his own.
9151,undercut,Don't undercut the importance of regular exercise; it's crucial for maintaining good health.
9152,authenticity,"The restaurant prides itself on the authenticity of its Italian dishes, using only ingredients imported directly from Italy."
9152,authenticity,I question the authenticity of the painting; it looks suspiciously like a forgery.
9152,authenticity,"She values authenticity in her friendships, preferring genuine connections over superficial relationships."
9152,authenticity,"The speaker's authenticity resonated with the audience, making his message all the more powerful."
9152,authenticity,"Despite the pressure to conform, he strives to maintain his authenticity and express his true self."
9153,flawless,Her performance was flawless; the audience was captivated from beginning to end.
9153,flawless,"The diamond is nearly flawless, making it incredibly valuable."
9153,flawless,"After hours of editing, the photograph looked flawless, ready for publication."
9153,flawless,"He always tries to present a flawless image, but everyone has imperfections."
9153,flawless,"The software update installed flawlessly, with no errors reported."
9154,acclaim,"The author received widespread acclaim for her debut novel, which explored complex themes of identity and belonging."
9154,acclaim,"Despite being a relatively unknown artist, her performance at the festival garnered immediate critical acclaim."
9154,acclaim,The new restaurant has been earning acclaim for its innovative menu and exceptional service.
9154,acclaim,"While the movie was a commercial success, it didn't receive the same level of critical acclaim as the director's previous work."
9154,acclaim,I've heard a lot of acclaim for that new coffee shop; we should definitely check it out sometime.
9155,incomparable,The view from the mountaintop was incomparable; I've never seen anything so breathtaking.
9155,incomparable,"Her dedication to the project was incomparable, she consistently went above and beyond what was expected."
9155,incomparable,"Many consider Mozart's musical genius to be incomparable, setting him apart from all other composers."
9155,incomparable,"For a truly relaxing vacation, nothing beats the incomparable beauty and tranquility of the Maldives."
9155,incomparable,"While other restaurants are good, this one offers an incomparable dining experience with its innovative menu and impeccable service."
9156,saga,The Star Wars saga has captivated audiences for generations with its epic battles and compelling characters.
9156,saga,"Their family vacation turned into a real saga, complete with missed flights, lost luggage, and a sudden illness."
9156,saga,"He recounted the entire saga of how he met his wife, from their awkward first encounter to their whirlwind romance."
9156,saga,"The company's financial troubles were a long and complicated saga, filled with questionable decisions and unfortunate circumstances."
9156,saga,"After months of negotiations, the contract dispute was finally resolved, bringing an end to the exhausting saga."
9157,pacifist,"As a lifelong pacifist, she always advocated for peaceful resolutions to conflict."
9157,pacifist,"He identified as a pacifist, refusing to participate in any activity that involved violence."
9157,pacifist,The group's pacifist stance was challenged when their village was threatened by armed invaders; they had to decide whether to defend themselves.
9157,pacifist,"Although he understood the need for security, he struggled with the morality of war, leaning towards a pacifist philosophy."
9157,pacifist,"My uncle, a staunch pacifist, was a conscientious objector during the Vietnam War."
9158,allude,The politician's speech seemed to allude to the recent scandal without mentioning it directly.
9158,allude,"I won't allude to the details of their argument, but let's just say it wasn't pretty."
9158,allude,Her artwork often alludes to themes of nature and spirituality.
9158,allude,Are you trying to allude that I'm responsible for this mess?
9158,allude,The author's use of symbolism subtly alludes to the protagonist's inner turmoil.
9159,shortcoming,One major shortcoming of the new software is its lack of compatibility with older operating systems.
9159,shortcoming,"While the candidate has strong leadership skills, a significant shortcoming is their limited experience in international affairs."
9159,shortcoming,"Despite its many positive aspects, the film's main shortcoming was its predictable plot."
9159,shortcoming,"Honesty is one of my best qualities, but I'd say my biggest shortcoming is probably my tendency to procrastinate."
9159,shortcoming,We need to address the shortcomings in our training program to ensure all employees are adequately prepared for their roles.
9160,bureaucratic,The bureaucratic process of applying for a visa took several months and required mountains of paperwork.
9160,bureaucratic,I got lost in the bureaucratic maze trying to get a simple permit; it felt like no one knew who to talk to.
9160,bureaucratic,"Dealing with the insurance company has been so bureaucratic; every time I call, I get transferred to a different department."
9160,bureaucratic,The company is trying to streamline its operations to become less bureaucratic and more responsive to customer needs.
9160,bureaucratic,He complained that the bureaucratic red tape was stifling innovation and preventing them from launching new products quickly.
9161,methodology,"The research team employed a mixed-methods methodology, combining quantitative surveys with qualitative interviews to gain a comprehensive understanding of the issue."
9161,methodology,Our company is reviewing its current methodology for project management to improve efficiency and reduce potential delays.
9161,methodology,"Before we start, let's discuss the methodology we'll be using to analyze the data; I think a regression analysis would be most appropriate."
9161,methodology,"The professor's teaching methodology emphasizes active learning and student participation, which makes the lectures more engaging."
9161,methodology,"While the results of the study are promising, some critics have questioned the validity of the methodology used to collect the data."
9162,lousy,I had a lousy day at work; everything seemed to go wrong.
9162,lousy,"The weather has been lousy all week, with constant rain and wind."
9162,lousy,"He gave a lousy excuse for being late, and nobody believed him."
9162,lousy,The food at that restaurant was absolutely lousy; I wouldn't recommend it to anyone.
9162,lousy,"Despite my best efforts, I played a lousy round of golf this morning."
9163,bastard,He's a lucky bastard; he won the lottery after only buying one ticket.
9163,bastard,"The old bastard refused to turn down his music, even after we complained multiple times."
9163,bastard,I can't believe he lied to me like that; what a bastard!
9163,bastard,"The plant is a bastard hybrid, a cross between two completely different species."
9163,bastard,"The illegitimate child was often referred to as a bastard, a term that carries significant social stigma in some communities."
9164,bellow,"The drill sergeant began to bellow orders at the recruits, his voice echoing across the parade ground."
9164,bellow,"From the next room, I could hear my father bellowing with laughter at something on the television."
9164,bellow,"The injured bull let out a painful bellow, shaking the entire arena."
9164,bellow,"""Quiet down!"" she bellowed, trying to regain control of the unruly classroom."
9164,bellow,"Despite his small stature, the coach could really bellow when he needed to motivate the team."
9165,concur,I concur with your assessment of the situation; it seems like the best course of action is to wait and see.
9165,concur,"While I appreciate your perspective, I don't fully concur with your proposed solution."
9165,concur,Do you concur that we should postpone the meeting until next week?
9165,concur,The board of directors unanimously concurred on the decision to invest in the new technology.
9165,concur,"If you concur with these changes, please sign and date the document at the bottom."
9166,supposition,My entire argument rests on the supposition that interest rates will remain stable for the next year.
9166,supposition,"Based on the supposition that he would arrive late, we started the meeting without him."
9166,supposition,It was all just a supposition on my part; I had no real evidence to back it up.
9166,supposition,The detective's supposition about the motive proved to be correct after further investigation.
9166,supposition,"Let's proceed with the project, but with the clear understanding that this is all based on supposition and could change at any time."
9167,causal,Researchers are investigating the causal link between exposure to certain chemicals and the development of specific diseases.
9167,causal,"I'm not sure if there's a direct causal relationship, but there seems to be a correlation between increased screen time and decreased attention spans in children."
9167,causal,"While the data suggests a connection, establishing a definitive causal relationship requires further study and experimentation."
9167,causal,"He argued that the company's negligence was the direct causal factor in the accident, leading to significant damages."
9167,causal,"The detective was trying to determine the causal chain of events that led to the crime, piecing together the clues to understand what happened and why."
9168,elicit,The comedian hoped his jokes would elicit laughter from the audience.
9168,elicit,The detective used subtle questioning to elicit the truth from the suspect.
9168,elicit,Her provocative artwork aims to elicit strong emotions and reactions.
9168,elicit,"I tried to elicit more information about the project, but my boss remained vague."
9168,elicit,"Sometimes, a simple thank you is enough to elicit a smile from a stranger."
9169,candid,"To be candid, I think your presentation needs more work before it's ready."
9169,candid,"The journalist was known for his candid interviews, often getting celebrities to reveal surprising details."
9169,candid,"She gave a candid assessment of the company's financial situation, outlining both the strengths and weaknesses."
9169,candid,I appreciate your candid feedback; it helps me understand how to improve.
9169,candid,"Let's have a candid discussion about the challenges we're facing as a team, so we can find solutions together."
9170,fruitless,"After hours of fruitless negotiations, they finally decided to table the discussion until next week."
9170,fruitless,My attempts to convince him to change his mind were completely fruitless; he's as stubborn as a mule.
9170,fruitless,"The police investigation into the stolen painting proved fruitless, with no leads discovered."
9170,fruitless,"Searching for a decent apartment in this city feels like a fruitless endeavor, given the high prices and limited availability."
9170,fruitless,"We spent the entire afternoon trying to fix the broken printer, but it was a fruitless exercise."
9171,culprit,"The culprit behind the missing cookies was, unsurprisingly, the family dog."
9171,culprit,Police are still searching for the culprit responsible for the recent string of burglaries in the neighborhood.
9171,culprit,"After carefully reviewing the data, the analyst identified a software bug as the main culprit for the system's slow performance."
9171,culprit,"I think I know who ate my sandwich, but I need more evidence before I can confidently name the culprit."
9171,culprit,"The investigation revealed that a combination of factors, rather than a single culprit, led to the accident."
9172,haunted,The old Victorian mansion was rumored to be haunted by the ghost of a heartbroken bride.
9172,haunted,I was haunted by the memory of the accident for years afterward.
9172,haunted,"The abandoned theater had a haunted atmosphere, with dust motes dancing in the faint light."
9172,haunted,"He felt haunted by the decision he had made, constantly questioning if it was the right one."
9172,haunted,"Many believe that Edinburgh Castle is haunted, and visitors often report strange occurrences."
9173,motel,We decided to stay at a motel just outside of town to save money on accommodation during our road trip.
9173,motel,The detective questioned the motel manager about any suspicious activity he might have witnessed.
9173,motel,"After driving all night, they pulled into a brightly lit motel and gratefully checked in for a few hours of sleep."
9173,motel,"For the film shoot, the production company rented out an entire motel to serve as both a set and lodging for the crew."
9173,motel,"Honestly, I wouldn't recommend that motel; the reviews online mentioned bed bugs and generally unclean conditions."
9174,fabricate,"The suspect tried to fabricate an alibi, claiming he was at a concert when the crime occurred."
9174,fabricate,Don't fabricate stories to impress people; honesty is always the best policy.
9174,fabricate,The engineer had to fabricate a custom bracket to support the new equipment.
9174,fabricate,Investigators determined that the evidence presented in court was fabricated and therefore inadmissible.
9174,fabricate,"It's easy to fabricate a news story these days, which is why it's so important to be critical of the information you consume online."
9175,alibi,"He claimed he was at a concert during the robbery, but the police couldn't confirm his alibi."
9175,alibi,The defendant's alibi fell apart when the security camera footage showed him near the crime scene.
9175,alibi,"If you want to be taken seriously, you'll need to provide a solid alibi for your whereabouts last night."
9175,alibi,I don't need an alibi; I wasn't even in the same state when the incident happened.
9175,alibi,"Her lawyer argued that the prosecution had failed to disprove her alibi, which was supported by multiple witnesses."
9176,treatise,The professor assigned a lengthy treatise on the economics of developing nations.
9176,treatise,Her doctoral dissertation was essentially a treatise on the evolution of jazz music in the 20th century.
9176,treatise,I found a fascinating online treatise arguing for the abolition of standardized testing.
9176,treatise,"He's writing a comprehensive treatise on gardening, covering everything from soil preparation to pest control."
9176,treatise,"Instead of a simple blog post, she published a detailed treatise explaining her controversial views on social media."
9177,overstate,To say he's a genius would be to overstate his abilities; he's merely very competent.
9177,overstate,I think the media tends to overstate the impact of short-term economic fluctuations on long-term growth.
9177,overstate,"Don't overstate your qualifications on your resume, as it could backfire during the interview process."
9177,overstate,"It's easy to overstate the importance of this one meeting, but really, it's just the first step in a long process."
9177,overstate,"While the situation is concerning, I believe the reports overstate the actual danger to the public."
9178,instability,The country's political instability made it difficult for foreign investors to commit to long-term projects.
9178,instability,"After the surgery, I experienced some instability in my knee, making it hard to walk without support."
9178,instability,The rapid changes in the company's leadership created a period of instability among the employees.
9178,instability,"Financial instability can lead to a lot of stress and anxiety, especially when you're worried about paying bills."
9178,instability,The scientist attributed the unusual readings to the instability of the experimental apparatus.
9179,purport,"The document purports to be a historical record, but its authenticity is questionable."
9179,purport,"He purports to be an expert in the field, but his claims don't hold up under scrutiny."
9179,purport,The advertisement purports that the product can help you lose weight quickly and easily.
9179,purport,"What does this book purport to achieve, exactly?"
9179,purport,The witness statement purports to offer a clear account of the events leading up to the accident.
9180,definitive,"This biography is considered the definitive account of her life, drawing on previously unavailable sources."
9180,definitive,"After years of research, the scientist announced that they had found definitive proof of the theory."
9180,definitive,"We need a definitive answer by Friday, so please let me know your decision as soon as possible."
9180,definitive,"That's not a definitive yes, so I'm going to assume you're still considering it."
9180,definitive,The archaeological dig didn't provide any definitive evidence to support the claim that a settlement existed there.
9181,duo,The singing duo captivated the audience with their harmonies.
9181,duo,We work best as a duo; our skills complement each other perfectly.
9181,duo,The police are looking for a duo suspected of robbing several banks in the area.
9181,duo,The comedy duo is known for their witty banter and physical humor.
9181,duo,"Despite their initial disagreements, the two CEOs formed a powerful duo that revolutionized the industry."
9182,ramble,"My grandfather tends to ramble when he tells stories, often going off on tangents about his childhood."
9182,ramble,"We decided to ramble through the woods for a few hours, enjoying the peace and quiet of nature."
9182,ramble,"The professor's lecture began to ramble, losing focus on the main topic and touching on unrelated subjects."
9182,ramble,"After a few glasses of wine, he would often ramble on about his political opinions, whether anyone was listening or not."
9182,ramble,"The old country road continued to ramble alongside the river for miles, never quite reaching the town we were hoping to find."
9183,plight,The plight of the refugees fleeing the war-torn country is truly heartbreaking.
9183,plight,We need to address the plight of the homeless population in our city with more effective solutions.
9183,plight,"After losing his job and facing mounting debts, John found himself in a desperate plight."
9183,plight,The organization is dedicated to improving the plight of endangered species through conservation efforts.
9183,plight,"I understand your plight, but I'm not sure how I can help you with this particular problem."
9184,disadvantaged,The scholarship program aims to support disadvantaged students from low-income families.
9184,disadvantaged,"Growing up in a disadvantaged neighborhood, she faced many obstacles to success."
9184,disadvantaged,We need to provide more resources for disadvantaged communities to address the systemic inequalities they face.
9184,disadvantaged,He dedicated his career to advocating for disadvantaged populations and fighting for their rights.
9184,disadvantaged,"Despite being disadvantaged by a lack of access to quality education, she persevered and achieved her goals."
9185,diminutive,The diminutive cottage looked charming nestled in the sprawling countryside.
9185,diminutive,"He used the diminutive form of her name, 'Lizzy,' which she found endearing."
9185,diminutive,"Compared to the skyscrapers downtown, the old church seemed almost diminutive."
9185,diminutive,"Despite her diminutive stature, she possessed a powerful voice that filled the entire auditorium."
9185,diminutive,"The article criticized the company's diminutive investment in renewable energy, arguing that it was insufficient to address the climate crisis."
9186,hue,The sunset painted the sky in a breathtaking hue of orange and purple.
9186,hue,"I'm trying to decide which hue of blue to paint my bedroom; something calming, perhaps a sky blue or a deeper teal."
9186,hue,The artist carefully blended different pigments to achieve the precise hue he envisioned for the portrait's background.
9186,hue,Did you notice the subtle green hue in her eyes? It's quite striking.
9186,hue,"The autumn leaves displayed a vibrant hue of reds, yellows, and browns before falling to the ground."
9187,alight,Passengers are requested to alight from the train at the next station.
9187,alight,"A butterfly alighted on the flower, its wings a vibrant splash of color."
9187,alight,"She watched as the flock of birds alighted in the nearby field, scattering seeds as they landed."
9187,alight,"Once the plane alighted on the runway, everyone breathed a collective sigh of relief."
9187,alight,Be careful where you step; a swarm of bees might alight unexpectedly on the picnic blanket.
9188,cerebral,The film was a bit too cerebral for my taste; I prefer something more action-packed.
9188,cerebral,"He's a very cerebral writer, often exploring complex philosophical themes in his novels."
9188,cerebral,"The professor's lecture was incredibly cerebral, leaving many students feeling overwhelmed."
9188,cerebral,"While she appreciated the intellectual debate, she found his approach too cerebral and detached from real-world concerns."
9188,cerebral,"Chess is often considered a very cerebral game, requiring strategic thinking and mental agility."
9189,bash,We're going to bash out a quick prototype to test the user interface.
9189,bash,The critics didn't hesitate to bash the movie for its predictable plot and poor acting.
9189,bash,Let's have a birthday bash for Sarah next weekend; I'm thinking a potluck barbecue in the park.
9189,bash,He accidentally bashed his head on the low-hanging beam while working in the attic.
9189,bash,The software engineer used a bash script to automate the deployment process.
9190,skull,"The archaeologist carefully brushed the dirt away from the ancient skull, hoping to learn more about the individual's life."
9190,skull,I saw a cool biker helmet decorated with a chrome skull on the back.
9190,skull,"He suffered a skull fracture in the car accident, but thankfully made a full recovery."
9190,skull,"The Halloween decoration was a plastic skull with glowing red eyes, perfect for scaring trick-or-treaters."
9190,skull,Scientists are studying the fossilized skull to understand the evolutionary origins of modern humans.
9191,braid,She decided to braid her hair before the gym to keep it out of her face during her workout.
9191,braid,The intricate Celtic braid on her wedding dress was absolutely stunning.
9191,braid,He learned how to braid friendship bracelets at summer camp and made one for each of his friends.
9191,braid,"As a child, my grandmother would braid my hair every morning before school."
9191,braid,"The electrician carefully worked to braid the wires together, ensuring a secure connection."
9192,beckon,The aroma of freshly baked bread seemed to beckon me into the bakery.
9192,beckon,He used a subtle hand gesture to beckon her over to his table.
9192,beckon,"Despite the danger, the allure of the forbidden treasure continued to beckon the adventurers."
9192,beckon,The rolling hills and peaceful countryside beckon those seeking a respite from city life.
9192,beckon,"A new opportunity in a foreign country began to beckon, offering the promise of professional growth and personal enrichment."
9193,buf,The new software update gave the character a significant buf to their attack power.
9193,buf,I'm hoping this energy drink will give me the buf I need to finish this project.
9193,buf,The coach decided that the team needed a morale buf before the championship game.
9193,buf,Did you see the patch notes? They nerfed my favorite weapon and gave a buf to one I never use!
9193,buf,The company's stock price received a buf after the positive earnings report.
9194,boutique,I found the cutest dress at a little boutique downtown; it's exactly what I was looking for.
9194,boutique,This boutique hotel offers a more personalized and intimate experience compared to larger chain hotels.
9194,boutique,She dreams of opening her own boutique selling handcrafted jewelry and accessories.
9194,boutique,The agency specializes in providing boutique marketing services tailored to the unique needs of small businesses.
9194,boutique,He picked up a unique bottle of wine from a boutique vineyard during his trip to Napa Valley.
9195,glossy,"She flipped through the magazine, admiring the glossy photos of celebrities."
9195,glossy,"The new car had a beautiful, glossy finish that reflected the sunlight."
9195,glossy,"Despite the glossy brochure promising a luxurious vacation, the reality was quite disappointing."
9195,glossy,I used a glossy topcoat to make my nails look more professional.
9195,glossy,"He gave a glossy presentation, but it lacked substance and real solutions."
9196,bustle,I love the bustle of New York City; there's always something happening.
9196,bustle,"She enjoyed the quiet countryside, a welcome change from the daily bustle of her office."
9196,bustle,"The nurses bustled around the emergency room, attending to the injured after the accident."
9196,bustle,"With the holidays approaching, the shopping mall was filled with a festive bustle as people searched for gifts."
9196,bustle,"Despite the initial bustle of activity, the project eventually stalled due to lack of funding."
9197,cultery,Could you please set the table? The cutlery is in the drawer next to the sink.
9197,cultery,"For the formal dinner, we'll be using the silver cutlery, so please handle it with care."
9197,cultery,I'm not sure which piece of cutlery to use for the salad; is it the smaller fork or the one on the outside?
9197,cultery,"The restaurant offers a wide variety of dishes, but the cutlery feels a bit cheap for the price point."
9197,cultery,"After the picnic, we need to make sure we collect all the cutlery so we don't leave anything behind."
9198,fanatic,"He's a real fitness fanatic, working out at the gym every single day without fail."
9198,fanatic,The political debate quickly devolved into a shouting match between fanatics on both sides of the issue.
9198,fanatic,My aunt is a cleaning fanatic; you could eat off her floors.
9198,fanatic,"The professor warned against becoming a fanatic in the pursuit of knowledge, emphasizing the importance of open-mindedness and critical thinking."
9198,fanatic,"Although I enjoy collecting stamps, I wouldn't call myself a fanatic – I just do it casually."
9199,chunk,I ate a huge chunk of chocolate cake after dinner.
9199,chunk,The software divides the data into smaller chunks for faster processing.
9199,chunk,He spent a good chunk of his inheritance on a new sports car.
9199,chunk,We need to break this complex problem down into manageable chunks.
9199,chunk,The geologist chipped off a chunk of the rock to analyze its composition.
9200,grenade,The soldier pulled the pin on the grenade and tossed it over the wall.
9200,grenade,"He felt like he was holding a grenade with the pin pulled, waiting for the inevitable explosion of anger."
9200,grenade,"During the training exercise, they practiced throwing dummy grenades to simulate combat conditions."
9200,grenade,"Investigators believe the suspect used a grenade in the bank robbery, based on the damage to the vault."
9200,grenade,The politician's controversial statement was like throwing a grenade into the already tense political climate.
9201,havoc,"The hurricane ripped through the coastal town, leaving a trail of havoc in its wake."
9201,havoc,"The toddler, left unsupervised for just a moment, wreaked havoc in the living room with a tube of toothpaste."
9201,havoc,The sudden market crash caused financial havoc for many investors.
9201,havoc,The spread of misinformation online can create havoc and distrust in society.
9201,havoc,"If the negotiations fail, it could spell havoc for the peace process in the region."
9202,clamber,"The children tried to clamber over the playground equipment, giggling as they struggled to reach the top."
9202,clamber,Hikers had to clamber carefully over the rocky terrain to reach the summit.
9202,clamber,Reporters clambered for a better view as the celebrity arrived at the premiere.
9202,clamber,"He managed to clamber out of the wreckage of the car, shaken but alive."
9202,clamber,"Ivy had begun to clamber up the walls of the old house, giving it a somewhat eerie appearance."
9203,rung,"He carefully climbed the ladder, testing each rung before putting his full weight on it."
9203,rung,"She worked her way up the corporate ladder, rung by rung, through hard work and dedication."
9203,rung,The bottom rung of the social ladder is often the hardest to escape.
9203,rung,I missed a rung on the fire escape and twisted my ankle.
9203,rung,"To get to the top shelf, you'll need to use that ladder with the missing rung; be careful!"
9204,dusky,The dusky light of the approaching evening made it difficult to read the map.
9204,dusky,She preferred the dusky rose color for the bridesmaids' dresses; it was more sophisticated than a brighter pink.
9204,dusky,"After a long day at the beach, his skin had taken on a dusky tan."
9204,dusky,"The detective squinted, trying to make out the figure moving in the dusky shadows of the alleyway."
9204,dusky,"As the sun began to set, the mountains in the distance were painted in dusky hues of purple and orange."
9205,loft,They converted the old warehouse into trendy loft apartments.
9205,loft,"The artist prefers to work in his spacious loft studio, where the natural light is excellent."
9205,loft,"We stored the Christmas decorations in the loft, so I'll need to get the ladder."
9205,loft,"From the loft of the barn, you could see the entire valley."
9205,loft,"The high ceilings gave the living room a loft-like feel, even though it was a traditional house."
9206,fragmentary,"The ancient scroll was found in a box, but unfortunately, only fragmentary pieces remained."
9206,fragmentary,"Her memory of the accident was fragmentary, consisting of only fleeting images and sounds."
9206,fragmentary,"The archaeological dig uncovered some pottery shards, but the inscription on them was too fragmentary to be deciphered."
9206,fragmentary,"Despite the fragmentary evidence, the detective was able to piece together a plausible theory of the crime."
9206,fragmentary,"The novel was unfinished when the author passed away, leaving behind a fragmentary manuscript that his estate later published."
9207,embed,The journalist managed to embed himself with the rebel forces to get an inside look at their operations.
9207,embed,We need to embed the Google Maps code onto the website so visitors can easily find our location.
9207,embed,"The software allows you to embed video directly into your presentation, making it more engaging."
9207,embed,"The company's values are deeply embedded in its culture, guiding every decision they make."
9207,embed,"The archaeologists discovered ancient artifacts embedded in the rock face, suggesting a settlement existed there long ago."
9208,granite,The kitchen countertop is made of a beautiful speckled granite.
9208,granite,We admired the imposing granite cliffs overlooking the ocean.
9208,granite,"The headstone in the cemetery was a solid block of granite, weathered by years of exposure."
9208,granite,"Building the new city hall with granite will be expensive, but it will last for generations."
9208,granite,My grandfather used to joke that his stubbornness was due to his 'granite-like' resolve.
9209,potter,"He likes to potter around in his garden on weekends, tending to his roses and vegetables."
9209,potter,"My grandmother used to potter with clay, creating beautiful bowls and vases in her small studio."
9209,potter,"I'm not a very productive person in the mornings; I just potter about, drinking coffee and reading the news."
9209,potter,"The article described her as a 'Sunday potter,' meaning she only practiced the craft as a hobby in her free time."
9209,potter,"After retiring, he decided to take up pottery and now spends his days learning to potter at the local art center."
9210,engrave,The jeweler carefully used a laser to engrave the couple's initials inside their wedding bands.
9210,engrave,I want to engrave a special message on this pocket watch as a graduation gift.
9210,engrave,"Centuries ago, artisans would painstakingly engrave intricate designs onto metal plates for printing."
9210,engrave,"The museum curator explained that the inscription was engraved in Latin, indicating the artifact's Roman origins."
9210,engrave,"He decided to engrave his favorite quote on the wooden plaque, hoping it would serve as a daily reminder of his goals."
9211,dainty,"She took a dainty sip of her tea, careful not to spill any."
9211,dainty,The antique shop was filled with dainty porcelain dolls and delicate glassware.
9211,dainty,"Despite his large frame, he had surprisingly dainty handwriting."
9211,dainty,The ballerina moved with such dainty grace that she seemed to float across the stage.
9211,dainty,"For the wedding, the bride chose a dainty necklace with a single pearl pendant."
9212,flick,He absentmindedly used his thumb to flick a speck of dust off the polished table.
9212,flick,"With a quick flick of the wrist, she flipped the pancake expertly in the pan."
9212,flick,"The old film projector started up with a noisy whir, and then the first flick of the movie began."
9212,flick,Don't flick your cigarette ashes on the ground; please use the ashtray.
9212,flick,"The horse gave a nervous flick of its tail, signaling its discomfort with the loud noise nearby."
9213,butt,"He accidentally sat on his glasses, cracking them right on the butt."
9213,butt,"I tried to interrupt, but he told me to butt out of the conversation."
9213,butt,"She worked her butt off to get that promotion, and she deserved it."
9213,butt,The cigarette butt was still smoldering in the ashtray.
9213,butt,The architect designed the building with a buttress to support the weight of the roof.
9214,mug,I need a large mug of coffee to get me going in the morning.
9214,mug,"Be careful, that mug is hot; you might burn your hand."
9214,mug,The police are looking for the suspect who tried to mug an elderly woman near the park.
9214,mug,"She collected unique mugs from her travels around the world, displaying them proudly on her kitchen shelves."
9214,mug,"He sat at his desk, a steaming mug of tea warming his hands as he worked on the report."
9215,suspender,My grandfather always wore suspenders; he said belts were too uncomfortable.
9215,suspender,The actress's costume included a sequined corset and suspenders for a burlesque-themed performance.
9215,suspender,He adjusted his suspenders nervously before going on stage to give his presentation.
9215,suspender,I need to buy new suspenders; these ones keep slipping off my shoulders.
9215,suspender,"In some formal wear ensembles, suspenders are preferred over belts for a cleaner, more classic look."
9216,flop,"The movie was a complete flop, barely making back its production costs."
9216,flop,I was so tired after the hike that I just let myself flop onto the couch.
9216,flop,His first attempt at baking a cake was a flop; it came out burnt and sunken in the middle.
9216,flop,"The new restaurant's marketing campaign was a flop, as very few people even knew it existed."
9216,flop,"Despite high expectations, the company's latest product line turned out to be a major flop, leading to significant financial losses."
9217,fumble,"He started to fumble with the keys, dropping them in the snow before finally unlocking the door."
9217,fumble,"The quarterback fumbled the snap, costing his team a crucial first down."
9217,fumble,"During her presentation, she began to fumble through her notes, clearly unprepared for the question."
9217,fumble,"I didn't want to fumble this opportunity, so I practiced my speech until I knew it by heart."
9217,fumble,"After fumbling with the intricate clasp for several minutes, she finally managed to open the antique locket."
9218,ruby,"The queen's necklace featured a large, oval-cut ruby surrounded by diamonds."
9218,ruby,"She named her cat Ruby, after the vibrant red gemstone."
9218,ruby,He's learning Ruby on Rails to develop web applications.
9218,ruby,I found a beautiful vintage ring at the antique store; it has a small ruby set in the center.
9218,ruby,The color of the sunset reminded me of the deep red of a ruby.
9219,clothesline,The fresh air and sunshine are perfect for drying laundry on the clothesline.
9219,clothesline,My neighbor's clothesline is always overflowing with colorful towels and shirts.
9219,clothesline,I tripped over the clothesline in the backyard and nearly fell into the rose bushes.
9219,clothesline,"In an effort to reduce energy consumption, we decided to install a clothesline instead of always using the dryer."
9219,clothesline,"The old woman carefully hung her delicate lace curtains on the clothesline, securing them with wooden clothespins."
9220,gag,"The comedian's opening gag fell flat, and the audience remained silent."
9220,gag,I had to bite my tongue to keep from telling her what I really thought; I practically gagged on the words I wanted to say.
9220,gag,The kidnappers used a piece of cloth to gag their victim and prevent them from calling for help.
9220,gag,"Despite the controversy, the movie studio refused to gag the director from expressing his artistic vision."
9220,gag,He tried to swallow the huge pill whole and nearly gagged.
9221,adhesive,The adhesive on this tape isn't very strong; it keeps peeling off.
9221,adhesive,We need to find an adhesive that's strong enough to bond these two pieces of metal together permanently.
9221,adhesive,"For crafting, I prefer using a non-toxic, acid-free adhesive to protect my photographs."
9221,adhesive,"Before applying the wallpaper, make sure the wall is clean and smooth to ensure proper adhesive contact."
9221,adhesive,The doctor used an adhesive bandage to close the small cut on my finger.
9222,gape,The tourists could only gape at the towering skyscrapers that dominated the city skyline.
9222,gape,I could only gape in astonishment as he revealed the intricate magic trick.
9222,gape,A large crack began to gape in the old plaster wall after the earthquake.
9222,gape,Don't just gape at the problem; try to find a solution.
9222,gape,"He stood there, mouth agape, speechless after hearing the shocking news."
9223,larva,"The pond was teeming with mosquito larva, a clear sign that we needed to treat the water."
9223,larva,Scientists are studying the larva of the invasive species to understand its life cycle and find effective control methods.
9223,larva,"The butterfly larva, or caterpillar, munched happily on the leaves, growing larger with each bite."
9223,larva,"I accidentally dug up a grub, which I later learned was the larva of a Japanese beetle, while gardening this afternoon."
9223,larva,"After the eggs hatch, the larva stage is crucial for the insect's development, as it's when they accumulate the energy needed for metamorphosis."
9224,cobweb,"The old attic was filled with dust and cobwebs, making it a spooky place to explore."
9224,cobweb,I need to dust the corners of the ceiling; there are cobwebs hanging down.
9224,cobweb,"His ideas were so outdated, they felt like pulling away a dusty cobweb of the past."
9224,cobweb,She brushed a cobweb off her face as she walked through the abandoned barn.
9224,cobweb,The intricate design of the chandelier was almost completely obscured by a thick layer of dust and cobwebs.
9225,grimace,He took a sip of the coffee and grimaced; it was far too bitter.
9225,grimace,Sarah grimaced at the thought of having to clean the messy garage.
9225,grimace,The patient grimaced in pain as the doctor examined his injured knee.
9225,grimace,"Despite trying to appear brave, she couldn't help but grimace when the roller coaster plunged downwards."
9225,grimace,"Seeing the accident report, the officer grimaced, knowing he had to deliver bad news to the family."
9226,flank,"The restaurant was always busy, so we decided to flank the dinner rush and arrive around 5:30."
9226,flank,The general ordered his troops to flank the enemy position and attack from the side.
9226,flank,"Tall oak trees flank the driveway, creating a beautiful entrance to the property."
9226,flank,"As she walked down the aisle, her parents flanked her, beaming with pride."
9226,flank,"The politician was careful to avoid taking a firm stance on the issue, attempting to flank the question with vague statements."
9227,hack,I need to find a good life hack for getting more sleep during the week.
9227,hack,"Someone tried to hack into my email account last night, but thankfully the attempt failed."
9227,hack,He's a real coding hack; he can usually whip up a working program in just a few hours.
9227,hack,"The journalist was accused of being a political hack, pushing a particular agenda rather than reporting objectively."
9227,hack,Let's hack together a quick prototype to see if the idea has any merit before investing significant resources.
9228,laurel,The poet was crowned with laurel leaves as a symbol of his literary achievement.
9228,laurel,"They rested in the shade of a laurel tree, enjoying the fragrant scent of its leaves."
9228,laurel,"After years of hard work and dedication, she finally earned the laurels of her profession."
9228,laurel,"The company is resting on its laurels, failing to innovate and adapt to the changing market."
9228,laurel,We planted a laurel hedge along the property line to provide privacy and a touch of elegance.
9229,wrestler,"The wrestler pinned his opponent in the final seconds of the match, securing the championship title."
9229,wrestler,My younger brother dreams of becoming a professional wrestler and practices his moves on the living room couch.
9229,wrestler,The documentary explored the grueling training regimen of a high school wrestler striving for a state championship.
9229,wrestler,"After years of injuries, the veteran wrestler announced his retirement from the sport."
9229,wrestler,"Many people admire Dwayne ""The Rock"" Johnson, not only as an actor but also for his successful career as a wrestler."
9230,heave,"I had to heave the heavy box up the stairs, and now my back hurts."
9230,heave,The ocean waves began to heave violently as the storm approached the coast.
9230,heave,"With a sigh, she could feel her chest heave with emotion as she watched the sentimental movie."
9230,heave,"After running the marathon, he could only heave himself onto the bench, completely exhausted."
9230,heave,"The sailors worked together to heave the anchor overboard, preparing the ship to set sail."
9231,aloft,"The children held their brightly colored kites aloft, watching them dance in the wind."
9231,aloft,"With a triumphant roar, the crowd raised the winning team aloft on their shoulders."
9231,aloft,The magician dramatically held the silk scarf aloft before making it disappear.
9231,aloft,"During the protest, many demonstrators carried signs aloft, displaying their messages of change."
9231,aloft,"The hot air balloon drifted aloft, slowly ascending into the clear blue sky."
9232,inflate,We need to inflate the tires on the car before we go on the road trip; they look a little low.
9232,inflate,"The company tried to inflate its earnings by using questionable accounting practices, but they were eventually caught."
9232,inflate,"To create a festive atmosphere, we'll inflate a bunch of colorful balloons for the party."
9232,inflate,"Be careful not to over-inflate the pool toys, or they might burst in the sun."
9232,inflate,"During periods of high demand, some retailers may try to inflate prices, taking advantage of consumers."
9233,airship,"The steampunk convention featured a detailed model of an airship, complete with miniature propellers and gondolas."
9233,airship,I read a fascinating historical account of the Hindenburg disaster and the subsequent decline of the airship industry.
9233,airship,"Imagine traveling across the Atlantic in a luxurious airship, enjoying panoramic views and leisurely meals."
9233,airship,"With advancements in materials science, could we see a resurgence of the airship as a viable mode of transportation?"
9233,airship,The movie depicted a futuristic city where airship traffic was as common as cars are today.
9234,transcontinental,The construction of the transcontinental railroad in the 19th century dramatically changed the American landscape and economy.
9234,transcontinental,"Planning a transcontinental road trip requires careful consideration of fuel costs, accommodation, and potential travel delays."
9234,transcontinental,"The airline offers daily transcontinental flights between New York and Los Angeles, making it easy to travel across the country."
9234,transcontinental,"My grandfather worked for years as a truck driver, making regular transcontinental deliveries of goods."
9234,transcontinental,"The proposed transcontinental pipeline aims to transport natural gas from Siberia to Europe, but faces significant political and environmental challenges."
9235,invert,"To see the image correctly, you might need to invert the colors in your photo editing software."
9235,invert,"The company decided to invert its marketing strategy, focusing on online advertising instead of print."
9235,invert,"Sometimes, when dealing with fractions in algebra, you need to invert one side of the equation to isolate the variable."
9235,invert,I think we should invert the usual order of things and have dessert first tonight; what do you say?
9235,invert,The protesters sought to invert the power structure and give more voice to marginalized communities.
9236,greasy,The diner served a greasy burger with fries that were dripping in oil.
9236,greasy,I need to wash my hair; it feels greasy after spending the day in the humid weather.
9236,greasy,The mechanic wiped his greasy hands on a rag before shaking mine.
9236,greasy,"He tried to avoid the greasy politician, knowing he was likely to be misled."
9236,greasy,"The old engine sputtered and coughed, leaving a greasy residue on the garage floor."
9237,mince,Could you mince the garlic before adding it to the pan?
9237,mince,The butcher used a special machine to mince the beef for the burgers.
9237,mince,Let's not mince words – this project is a complete disaster.
9237,mince,She didn't mince her feelings when she told him she was leaving.
9237,mince,The recipe calls for finely minced parsley as a garnish.
9238,prawn,"For dinner, I'm thinking of making a prawn stir-fry with lots of garlic and ginger."
9238,prawn,"The seafood platter was overflowing with oysters, mussels, and succulent prawns."
9238,prawn,Could you please pick up a pound of fresh prawns from the market on your way home?
9238,prawn,The restaurant's signature dish is grilled prawns marinated in a spicy chili sauce.
9238,prawn,"The biologist collected samples of various marine invertebrates, including several species of prawn, to study their population dynamics."
9239,clam,We went clamming at low tide and found a whole bucketful.
9239,clam,"She clammed up when the police started asking questions, refusing to say anything."
9239,clam,"The restaurant is famous for its delicious clam chowder, especially during the winter months."
9239,clam,He was as happy as a clam at high tide after receiving the promotion.
9239,clam,The marine biologist is studying the impact of ocean acidification on clam populations in the Puget Sound.
9240,casserole,I'm bringing a broccoli and cheese casserole to the potluck next weekend.
9240,casserole,She found a delicious recipe for chicken casserole in her grandmother's old cookbook.
9240,casserole,"After a long day at work, a warm and comforting casserole is the perfect dinner."
9240,casserole,"The funeral luncheon included a variety of dishes, including a hearty potato casserole and a fresh green salad."
9240,casserole,"For a convenient make-ahead meal, consider preparing the casserole the night before and baking it just before serving."
9241,bony,"The stray dog was pitifully thin, its bony ribs visible through its matted fur."
9241,bony,"She had long, bony fingers that made her look like she should be playing the piano."
9241,bony,"He gave me a bony handshake, not very firm, but sincere."
9241,bony,"After weeks of illness, he looked gaunt and bony, a shadow of his former self."
9241,bony,The paleontologists carefully brushed away the dirt to reveal the bony structure of the dinosaur skeleton.
9242,prowl,"The stray cat would prowl around the neighborhood at night, searching for food."
9242,prowl,Security guards prowl the building perimeter after hours to deter any potential intruders.
9242,prowl,"I could see the lion prowl through the tall grass, stalking its prey with silent intensity."
9242,prowl,"Reporters began to prowl around the courthouse, hoping to get a scoop on the celebrity trial."
9242,prowl,"He was known to prowl online dating sites, using fake profiles to scam unsuspecting victims."
9243,consulate,I had to visit the French consulate to renew my passport while I was traveling in Italy.
9243,consulate,"To obtain a visa for that country, you'll need to apply at their consulate in your home city."
9243,consulate,"She works at the British consulate, assisting citizens with various legal and administrative matters."
9243,consulate,Have you heard? There was a protest outside the Russian consulate yesterday.
9243,consulate,"For detailed information about importing goods, it's best to contact the consulate of the exporting country."
9244,scrawl,"He could barely make out the doctor's signature, which was just a hasty scrawl across the prescription."
9244,scrawl,I had to decipher her scrawl on the whiteboard to figure out the meeting agenda.
9244,scrawl,Don't just scrawl your name on the application; make sure to print clearly so they can read it.
9244,scrawl,The vandal scrawled graffiti all over the newly painted wall.
9244,scrawl,"In his haste, he left a scrawl of a note apologizing for missing our appointment."
9245,logo,The company spent months redesigning their logo to be more modern and appealing to a younger audience.
9245,logo,I need to send you the vector file of the logo so you can use it on the marketing materials.
9245,logo,"That t-shirt is cool, but I don't really want to wear a walking advertisement for that brand's logo."
9245,logo,Have you seen the new logo for the Olympics? I think it's a bit too abstract and difficult to understand.
9245,logo,The embroidered logo on the employee uniforms helps to reinforce the company's brand identity.
9246,scribble,He started to scribble absentmindedly on the notepad during the long phone call.
9246,scribble,"The toddler loves to scribble with crayons all over the paper, creating colorful abstract art."
9246,scribble,I could barely decipher what she had written because she tended to scribble so quickly.
9246,scribble,Please don't scribble on the library books; use a separate piece of paper for your notes.
9246,scribble,The detective noticed a series of strange symbols scribbled on the wall near the crime scene.
9247,autograph,I waited in line for hours to get an autograph from my favorite author.
9247,autograph,The baseball card is worth a lot more because it has Mickey Mantle's autograph on it.
9247,autograph,Could you please get an autograph for my son; he's a huge fan?
9247,autograph,"The museum has a fascinating collection of historical documents, including an autograph letter from Abraham Lincoln."
9247,autograph,"She cherishes the photograph with the actress's autograph, a reminder of their brief encounter."
9248,duckling,The mother duck proudly led her line of fluffy ducklings across the park pond.
9248,duckling,We watched in amusement as the clumsy duckling kept tripping over its own feet.
9248,duckling,The children were delighted to feed the duckling some bread crumbs by the river.
9248,duckling,The farmer was concerned about protecting the ducklings from predators like foxes and hawks.
9248,duckling,"Despite being the smallest of the brood, this particular duckling seemed to have the most spirit and determination."
9249,scurry,"As soon as the bell rang, students began to scurry out of the classroom, eager to start their weekend."
9249,scurry,I saw a mouse scurry under the refrigerator when I turned on the kitchen light.
9249,scurry,"The rain started coming down hard, forcing everyone to scurry for cover."
9249,scurry,"Reporters began to scurry around the press room, trying to get the latest information on the developing story."
9249,scurry,"She watched the ants scurry back and forth, carrying crumbs many times their own size."
9250,asphalt,The road crew was out laying fresh asphalt on Main Street all day.
9250,asphalt,I could smell the hot asphalt on the playground after the summer rain.
9250,asphalt,The cracks in the asphalt parking lot were getting wider and needed to be repaired.
9250,asphalt,The city council approved a budget to repave several streets with durable asphalt.
9250,asphalt,She tripped and scraped her knee on the rough asphalt while rollerblading.
9251,sever,"The hurricane threatened to sever power lines, leaving the town in darkness."
9251,sever,"If you sever the connection now, you'll lose all unsaved data."
9251,sever,The company decided to sever ties with the controversial influencer after the scandal broke.
9251,sever,"In the surgery, the doctor had to carefully sever the nerve to relieve the patient's chronic pain."
9251,sever,His abrupt resignation seemed to sever all hope of reconciliation between the opposing factions.
9252,artery,"The construction on Main Street, a major traffic artery in the city, is causing significant delays."
9252,artery,Doctors discovered a blockage in one of his coronary arteries during the stress test.
9252,artery,This highway is the main artery for transporting goods from the port to the inland regions.
9252,artery,"Figuratively speaking, social media has become a vital artery for the flow of information in today's world."
9252,artery,"The surgeon successfully repaired the damaged artery, restoring blood flow to the leg."
9253,coma,"After the accident, he remained in a coma for three weeks, with doctors unsure of his chances of recovery."
9253,coma,The doctor explained that the patient was in a medically induced coma to allow his brain to heal.
9253,coma,I was so exhausted after the marathon that I felt like I was in a coma for the entire next day.
9253,coma,"Is there any chance she'll wake up from the coma, or are we just waiting for the inevitable?"
9253,coma,The legal team is investigating whether negligence contributed to the circumstances that led to the victim's coma.
9254,shuffle,Please shuffle the deck of cards before dealing them out to the players.
9254,shuffle,He began to shuffle his feet nervously as he waited to be called for his interview.
9254,shuffle,The company decided to shuffle its management structure in an effort to improve efficiency.
9254,shuffle,I like to shuffle through old photographs; it brings back so many memories.
9254,shuffle,"The politician tried to shuffle the blame onto his predecessor, but no one believed him."
9255,pulpit,"The reverend delivered a powerful sermon from the pulpit, his voice resonating throughout the church."
9255,pulpit,He used the university newspaper as a pulpit to express his controversial political views.
9255,pulpit,"After years of serving as a lay leader, she finally felt ready to stand in the pulpit and share her own spiritual journey."
9255,pulpit,"The politician treated the press conference like a pulpit, using it to preach his agenda rather than answer questions directly."
9255,pulpit,"Dusting the antique furniture, I carefully polished the small, intricately carved pulpit that had been passed down through generations of our family."
9256,bridal,"She spent the afternoon browsing through bridal magazines, dreaming of her perfect wedding."
9256,bridal,The bridal bouquet was a stunning arrangement of white roses and lilies.
9256,bridal,"We attended a bridal shower for Sarah last weekend, and she received so many lovely gifts."
9256,bridal,"The boutique specializes in bridal gowns and accessories, offering a personalized shopping experience."
9256,bridal,"The bride-to-be wore a beautiful bridal veil that cascaded down her back, adding an elegant touch to her ensemble."
9257,smear,Someone tried to smear his reputation by spreading false rumors about his past.
9257,smear,Be careful not to smear the wet paint when you close the door.
9257,smear,The child accidentally smeared chocolate all over his face.
9257,smear,"The political campaign turned ugly, with both sides attempting to smear each other's candidates."
9257,smear,I used a damp cloth to clean up the coffee smear on the counter.
9258,margarine,"I prefer baking with butter, but margarine is a more affordable alternative for everyday toast."
9258,margarine,"For this recipe, you can use either butter or margarine, depending on your dietary preferences."
9258,margarine,The doctor recommended switching to margarine instead of butter to lower my cholesterol.
9258,margarine,Could you please pick up a tub of margarine at the grocery store; we're almost out?
9258,margarine,"Some people argue that margarine is healthier than butter, while others disagree, citing the processing it undergoes."
9259,smother,She tried to smother a giggle when the comedian told a particularly silly joke.
9259,smother,The heavy snowfall threatened to smother the young plants in the garden.
9259,smother,Don't smother the pasta in too much sauce; you want to taste the noodles themselves.
9259,smother,He felt like his parents were trying to smother him with their overprotective tendencies.
9259,smother,The company's aggressive marketing campaign aimed to smother the competition and dominate the market.
9260,syrup,Could you please pass me the maple syrup for my pancakes?
9260,syrup,The doctor prescribed a cough syrup to help alleviate my persistent cough.
9260,syrup,She drizzled a generous amount of chocolate syrup over her ice cream sundae.
9260,syrup,"For a classic Old Fashioned cocktail, you'll need simple syrup, bitters, and bourbon."
9260,syrup,"I tried making my own elderflower syrup this year, and it turned out beautifully."
9261,snuff,He used a tissue to snuff out the candle flame before leaving the room.
9261,snuff,"The old prospector still carried a small tin of snuff, a habit he'd picked up years ago."
9261,snuff,The controversial article aimed to snuff out any remaining support for the politician.
9261,snuff,Don't let anyone snuff out your dreams; keep working hard and believe in yourself.
9261,snuff,"The detective's investigation led him to a seedy bar known for its illicit activities, a place where secrets were often snuffed out."
9262,mantlepiece,"She carefully placed the antique clock on the mantlepiece, making sure it was centered."
9262,mantlepiece,The family photos arranged on the mantlepiece told a silent story of their life together.
9262,mantlepiece,"During the holidays, we always decorate the mantlepiece with garlands, lights, and festive ornaments."
9262,mantlepiece,"He reached up to the mantlepiece, took down his pipe, and began to fill it with tobacco."
9262,mantlepiece,"The detective examined the dust on the mantlepiece, hoping to find fingerprints that could provide a clue."
9263,stoke,The comedian's controversial jokes only served to stoke the anger of the audience.
9263,stoke,"He tried to stoke the fire in the hearth, but the wood was too damp to catch easily."
9263,stoke,The company's marketing campaign aims to stoke interest in their new product line.
9263,stoke,Don't stoke the flames of that old argument; just let it go.
9263,stoke,The coach's pep talk was meant to stoke the team's competitive spirit before the big game.
9264,briskly,"She walked briskly down the street, eager to get out of the sudden downpour."
9264,briskly,"The CEO briskly dismissed the proposal, stating it didn't align with the company's long-term goals."
9264,briskly,"After a cup of coffee, he rubbed his hands together briskly, ready to start the day's work."
9264,briskly,"“Let’s move briskly, people! We’re already behind schedule,” the tour guide urged."
9264,briskly,"The wind blew briskly across the open field, making the tall grass sway like waves."
9265,nominee,The committee will announce the nominee for treasurer at the next meeting.
9265,nominee,Are you going to vote for the nominee who supports environmental protection?
9265,nominee,"She was a surprising nominee for the award, considering her relatively short tenure."
9265,nominee,"He graciously accepted the nomination, stating he was honored to be a nominee alongside such accomplished individuals."
9265,nominee,"After much deliberation, the party finally agreed on a nominee to run against the incumbent senator."
9266,strut,"After winning the championship, the players strutted around the field, celebrating their victory."
9266,strut,"The peacock began to strut, displaying its vibrant feathers in an attempt to attract a mate."
9266,strut,"He tried to appear confident, but his nervous glances betrayed the affected strut in his walk."
9266,strut,The engineer checked the strut to ensure it could bear the weight of the bridge.
9266,strut,"She has a tendency to strut around the office like she owns the place, which can be quite irritating."
9267,convoy,The president's motorcade was a large convoy of black SUVs and police motorcycles.
9267,convoy,A convoy of trucks carrying humanitarian aid finally reached the earthquake-stricken village.
9267,convoy,We saw a convoy of military vehicles heading north on the highway this morning.
9267,convoy,"The fishing boats traveled in a convoy for safety, especially during the storm season."
9267,convoy,The supply ship will join a naval convoy for protection against pirates.
9268,swerve,The cyclist had to swerve sharply to avoid hitting the pothole in the road.
9268,swerve,I tried to swerve the conversation away from politics when my uncle started ranting.
9268,swerve,"The driver swerved across two lanes of traffic, nearly causing an accident."
9268,swerve,"She didn't swerve from her principles, even when faced with intense pressure."
9268,swerve,"Seeing the child run into the street, the bus driver had to swerve drastically to prevent a collision."
9269,maniac,"The driver was a complete maniac, weaving in and out of traffic at breakneck speed."
9269,maniac,"He's a fitness maniac, spending hours at the gym every single day."
9269,maniac,"After the team won the championship, the fans went into a celebratory maniac frenzy."
9269,maniac,"The professor was a maniac for detail, meticulously checking every citation in our research papers."
9269,maniac,You're driving like a maniac! Slow down before we get into an accident.
9270,tinker,He likes to tinker with old motorcycles in his garage on the weekends.
9270,tinker,The software company encourages its employees to tinker with new technologies during their free time to foster innovation.
9270,tinker,"I spent the afternoon tinkering with the leaky faucet, but I couldn't seem to fix it."
9270,tinker,"The engineer continued to tinker with the prototype, making small adjustments to improve its performance."
9270,tinker,It's often better to leave complex machinery to the professionals instead of trying to tinker with it yourself.
9271,gadget,I bought a new gadget that automatically waters my plants while I'm on vacation.
9271,gadget,"He's always tinkering with some new gadget, trying to improve its functionality."
9271,gadget,"The spy film was full of amazing gadgets, from exploding pens to miniature cameras."
9271,gadget,"While the concept is interesting, I'm not sure this gadget solves a real problem for consumers."
9271,gadget,"She keeps her desk organized with a variety of little gadgets, like a cable organizer and a phone stand."
9272,infantry,"The infantry advanced across the open field, taking heavy fire from the enemy bunkers."
9272,infantry,"He always wanted to be a pilot, but ended up serving in the infantry."
9272,infantry,"During the war games, the general emphasized the importance of close air support for the infantry."
9272,infantry,The museum has a fascinating exhibit on the evolution of infantry tactics throughout history.
9272,infantry,"As an infantryman, his job was to secure the perimeter and provide support for the engineers."
9273,wade,We had to wade through the flooded street after the heavy rain.
9273,wade,I wouldn't want to wade into that argument; it sounds like a no-win situation.
9273,wade,The children loved to wade in the shallow end of the swimming pool on hot summer days.
9273,wade,"Before we wade into the complexities of the new policy, let's review the basic principles."
9273,wade,She decided to wade into the river to cool off her feet after the long hike.
9274,numb,"After holding the ice pack for so long, my fingers went completely numb."
9274,numb,The news left her feeling numb and unable to process anything.
9274,numb,"He stared blankly ahead, a numb acceptance settling over him."
9274,numb,"Years after the accident, the emotional pain had faded, leaving a kind of numb emptiness."
9274,numb,"The dentist injected a local anesthetic, so my jaw felt numb during the procedure."
9275,weld,The blacksmith used a powerful torch to weld the two pieces of metal together.
9275,weld,"Before painting the railing, we need to weld any cracks or weak spots."
9275,weld,He learned how to weld in his vocational training program and now works as a fabricator.
9275,weld,"The intense heat from the arc weld can be dangerous, so always wear protective gear."
9275,weld,The sculptor plans to weld various metal scraps together to create a unique and modern artwork.
9276,alloy,The jeweler explained that the ring was made from an alloy of gold and silver to increase its durability.
9276,alloy,"Stainless steel is an alloy of iron, chromium, and other metals that resists rust."
9276,alloy,"I'm not sure what kind of metal it is, but it feels like some sort of alloy."
9276,alloy,The blacksmith carefully heated and hammered the alloy to shape it into a horseshoe.
9276,alloy,"Engineers often choose specific alloys for their projects based on their strength, weight, and resistance to corrosion."
9277,stud,"He's always been a bit of a stud, attracting attention wherever he goes."
9277,stud,The carpenter used a stud finder to locate the vertical framing members behind the drywall.
9277,stud,My new winter tires have metal studs for improved traction on ice and snow.
9277,stud,"She admired the diamond stud earrings he was wearing, noting their subtle elegance."
9277,stud,"After the horse was retired from racing, they used him as a stud to breed future generations of racehorses."
9278,wince,"He winced as the dentist began to drill, anticipating the sharp pain."
9278,wince,Just hearing the story of her accident made me wince in sympathy.
9278,wince,"The comedian's joke fell flat, and I saw several people in the audience wince."
9278,wince,"She tried to hide it, but I saw her wince when she stubbed her toe against the table leg."
9278,wince,"The harsh criticism made him wince, but he tried to maintain a professional demeanor."
9279,abdomen,"After the workout, I could feel the burn in my abdomen."
9279,abdomen,The doctor palpated my abdomen to check for any tenderness or swelling.
9279,abdomen,"She suffered a sharp pain in her lower abdomen, which turned out to be appendicitis."
9279,abdomen,The wrestler strengthened his abdomen with a rigorous core workout to improve his stability.
9279,abdomen,"The insect's abdomen was significantly larger than its thorax, indicating it was carrying eggs."
9280,wrench,I need to grab a wrench from the garage to tighten this leaky pipe.
9280,wrench,The unexpected news threw a wrench into our carefully laid plans for the weekend.
9280,wrench,"After struggling for hours, he finally managed to wrench the bolt loose."
9280,wrench,The mechanic used a torque wrench to ensure the lug nuts were tightened to the proper specification.
9280,wrench,"The company's restructuring caused a wrench in employee morale, leading to decreased productivity."
9281,hideous,"The abandoned building was a hideous sight, with broken windows and crumbling walls."
9281,hideous,I thought the dress was absolutely hideous; who would ever wear something like that?
9281,hideous,The traffic accident left a hideous scar on the front of the car.
9281,hideous,"He made a hideous mistake during the presentation, confusing the sales figures for the last two quarters."
9281,hideous,"The weather today is hideous - cold, rainy, and windy all at once!"
9282,wrestle,The children began to wrestle playfully on the living room floor.
9282,wrestle,He had to wrestle with his conscience before deciding whether to report the incident.
9282,wrestle,The country continues to wrestle with the complex issue of immigration reform.
9282,wrestle,"After a long and difficult match, the athlete managed to wrestle his opponent to the ground."
9282,wrestle,The company is wrestling with declining sales figures and exploring new marketing strategies.
9283,infamous,The politician became infamous after the bribery scandal was exposed.
9283,infamous,That stretch of highway is infamous for its dangerous curves and frequent accidents.
9283,infamous,He's infamous around the office for always taking credit for other people's ideas.
9283,infamous,The Great Train Robbery is an infamous event in British history.
9283,infamous,"While the artist's work is now celebrated, he was once infamous for his controversial subject matter."
9284,fugitive,The fugitive was apprehended trying to cross the border into Canada.
9284,fugitive,"After escaping from prison, he became a fugitive from justice, desperately trying to evade capture."
9284,fugitive,The news report detailed the fugitive's alleged crimes and the ongoing manhunt to bring him to justice.
9284,fugitive,Helping a known fugitive is a serious offense and could result in legal consequences for anyone involved.
9284,fugitive,"The fugitive emissions from the factory, while difficult to pinpoint, contributed significantly to the region's air pollution problem."
9285,meticulous,"The detective was meticulous in his examination of the crime scene, searching for even the smallest clue."
9285,meticulous,"She kept meticulous records of all her expenses, ensuring she always knew exactly where her money was going."
9285,meticulous,Building a model airplane requires a meticulous approach; any errors in assembly can ruin the entire project.
9285,meticulous,"He's a meticulous editor, always catching even the most subtle grammatical errors."
9285,meticulous,"While some might find it tedious, I actually enjoy the meticulous process of organizing my stamp collection."
9286,abide,I can't abide people who talk loudly on their cell phones in public.
9286,abide,"If you want to work here, you'll have to abide by the company's rules and regulations."
9286,abide,"We will abide by the court's decision, whatever the outcome may be."
9286,abide,"Some people find the taste of cilantro appealing, while others simply cannot abide it."
9286,abide,"He promised to abide with me through thick and thin, and I believe he will."
9287,sloppy,His handwriting was so sloppy that I couldn't decipher the note he left me.
9287,sloppy,"The burger was delicious, but incredibly sloppy; I ended up wearing half of it."
9287,sloppy,"The detective criticized the crime scene investigation as sloppy, citing several overlooked pieces of evidence."
9287,sloppy,"I made a sloppy attempt at frosting the cake, and it looked more like a Jackson Pollock painting than a dessert."
9287,sloppy,"After a long day of hiking, I was too tired to cook a proper meal, so I just threw together a sloppy sandwich."
9288,abstain,I'm trying to abstain from sugary drinks this month to improve my health.
9288,abstain,"Several members of the committee chose to abstain from voting, citing a conflict of interest."
9288,abstain,"During the debate, he decided to abstain from commenting on the controversial issue."
9288,abstain,"As a vegetarian, I abstain from eating all meat and fish."
9288,abstain,"Out of respect for her religious beliefs, she will abstain from alcohol during the holiday season."
9289,fatty,"I try to avoid eating too many fatty foods, like fried chicken and pizza."
9289,fatty,"The doctor warned him about his high cholesterol, advising him to cut down on fatty meats."
9289,fatty,"That gravy is so rich and fatty, it's absolutely delicious but probably not good for me."
9289,fatty,"After roasting the chicken, I poured off the fatty drippings from the pan."
9289,fatty,The report highlighted the link between a fatty diet and increased risk of heart disease.
9290,herbal,I'm trying to find a good herbal tea to help me relax before bed.
9290,herbal,The local apothecary specializes in herbal remedies and traditional medicines.
9290,herbal,She's been studying herbal medicine for years and is now a certified herbalist.
9290,herbal,"For minor cuts and scrapes, you could try applying an herbal salve instead of an antibiotic ointment."
9290,herbal,The restaurant boasts a garden where they grow their own herbs for use in their herbal infusions and dishes.
9291,amass,"Over the years, he managed to amass a considerable fortune through shrewd investments."
9291,amass,"The historian spent decades in archives, painstakingly working to amass enough evidence to support her controversial theory."
9291,amass,"By sharing helpful content online, the company hopes to amass a loyal following of customers."
9291,amass,I'm trying to amass as much information as possible before making a decision on which car to buy.
9291,amass,"The invading army began to amass its troops on the border, signaling an imminent attack."
9292,colossal,The museum boasted a colossal dinosaur skeleton that dominated the main hall.
9292,colossal,The project turned out to be a colossal waste of time and resources.
9292,colossal,We faced a colossal challenge in trying to rebuild the city after the earthquake.
9292,colossal,"Her contribution to the team was colossal, and we wouldn't have succeeded without her."
9292,colossal,"After years of neglect, the old mansion required a colossal amount of work to restore."
9293,maritime,"The museum has a fascinating exhibit on the region's maritime history, showcasing ship models and navigational tools."
9293,maritime,"Living in a coastal town, he developed a deep appreciation for maritime culture and the traditions of seafaring."
9293,maritime,"The proposed bridge could have a significant impact on maritime traffic, potentially disrupting shipping routes."
9293,maritime,"Our company specializes in maritime law, handling cases related to shipping accidents and international trade."
9293,maritime,"She's studying maritime engineering, hoping to design more efficient and environmentally friendly cargo ships."
9294,inmate,The prison warden confirmed that the inmate had escaped during the night.
9294,inmate,"After his conviction, he became an inmate at the state penitentiary."
9294,inmate,"She volunteers at the local prison, offering art therapy to the inmates."
9294,inmate,"The lawyer argued that his client, an inmate at the time of the new evidence, deserved a retrial."
9294,inmate,"Following a fight between two inmates, the prison was placed on lockdown."
9295,baptize,They plan to baptize their newborn daughter in the family church next Sunday.
9295,baptize,The missionary traveled to remote villages to baptize new converts to Christianity.
9295,baptize,"Figuratively speaking, the harsh winter seemed to baptize the landscape in a blanket of white snow."
9295,baptize,"Before joining the monastery, he had to be baptized and renounce his former life."
9295,baptize,The coach's intense training regime seemed designed to baptize the new recruits into the demanding world of professional athletics.
9296,versatile,This Swiss Army knife is incredibly versatile; I use it for everything from opening packages to tightening screws.
9296,versatile,"She's a versatile actress, equally comfortable playing comedic and dramatic roles."
9296,versatile,"Our new software is designed to be versatile, allowing users to customize it to fit their specific needs."
9296,versatile,"The versatile fabric can be used for clothing, upholstery, or even artwork."
9296,versatile,"He proved to be a versatile employee, quickly adapting to different departments and taking on new responsibilities with ease."
9297,brag,"He tends to brag about his accomplishments, even the minor ones."
9297,brag,"I don't mean to brag, but I did finish the project ahead of schedule."
9297,brag,"She didn't want to brag about getting into Harvard, but her parents insisted on telling everyone."
9297,brag,The politician was criticized for bragging about the economic growth under his leadership.
9297,brag,It's understandable to brag a little when you've achieved something you've worked so hard for.
9298,repertoire,The band's repertoire includes classic rock covers and some original songs.
9298,repertoire,"As a seasoned chef, her repertoire of dishes is quite extensive, ranging from simple comfort food to elaborate gourmet meals."
9298,repertoire,"He's trying to expand his repertoire of jokes, as the ones he currently tells are getting a bit stale."
9298,repertoire,The actress is known for her diverse repertoire; she can play both comedic and dramatic roles convincingly.
9298,repertoire,"Effective communication requires a broad repertoire of strategies, including active listening and clear articulation."
9299,christen,They decided to christen their newborn daughter Lily Grace at the local church.
9299,christen,"The team jokingly decided to christen their old, unreliable van 'The Mystery Machine' after it finally broke down on a remote road."
9299,christen,What name are you planning to christen the boat with – champagne or sparkling cider?
9299,christen,The developers plan to christen the new shopping center 'The Grand Promenade' at the opening ceremony next month.
9299,christen,"Although it wasn't a formal ceremony, they christened the new coffee machine by making the first pot of coffee for the entire office."
9300,deceased,The will outlined how the deceased's assets would be distributed among their children.
9300,deceased,"We were saddened to hear about the passing of Mr. Henderson; his deceased wife, Martha, was a beloved member of our book club."
9300,deceased,"In the obituary, they requested that donations be made to a local charity in memory of the deceased."
9300,deceased,"Before proceeding with the sale of the house, we need to obtain a death certificate for the deceased owner."
9300,deceased,"It's important to respect the wishes of the deceased, as outlined in their legal documents."
9301,coax,I had to coax the cat out from under the bed with a piece of tuna.
9301,coax,The negotiator tried to coax the hostage-taker into releasing the children.
9301,coax,She managed to coax a few extra vacation days out of her boss.
9301,coax,No amount of pleading could coax him to change his mind; he was set on his decision.
9301,coax,The software developer spent hours trying to coax the old program into working with the new operating system.
9302,toddler,"The toddler ran excitedly towards the playground, his little arms outstretched."
9302,toddler,Finding a good daycare that caters to toddlers with allergies can be a real challenge for working parents.
9302,toddler,Researchers are studying the effects of early language exposure on cognitive development in toddlers.
9302,toddler,"After a long day of chasing after the toddler, I was completely exhausted."
9302,toddler,The museum offers a special 'Toddler Time' program designed to introduce young children to art and culture.
9303,consign,I decided to consign my old furniture to the auction house rather than try to sell it myself.
9303,consign,The company will consign a shipment of electronics to their distributor in Europe next week.
9303,consign,She chose to consign her vintage dresses to a boutique specializing in retro fashion.
9303,consign,We had to consign the damaged goods to the warehouse for inspection and potential disposal.
9303,consign,"The art gallery agreed to consign several paintings from the emerging artist, hoping to increase their visibility."
9304,guiltless,"Although the evidence pointed to her, the jury ultimately found her guiltless of all charges."
9304,guiltless,"He maintained a guiltless expression, making it difficult to believe he was involved in the scheme."
9304,guiltless,I can honestly say I feel guiltless about taking a day off; I've been working incredibly hard.
9304,guiltless,"The investigation revealed that the company was entirely guiltless in the data breach, which was the result of a sophisticated external attack."
9304,guiltless,"She walked away from the situation feeling surprisingly guiltless, knowing she had done everything she could to help."
9305,convene,The committee will convene next Tuesday to discuss the proposed budget cuts.
9305,convene,Let's convene a quick meeting tomorrow morning to brainstorm ideas for the new marketing campaign.
9305,convene,The judge decided to convene a grand jury to investigate the allegations.
9305,convene,"The international summit will convene in Geneva next month, bringing together leaders from around the world."
9305,convene,"I'm trying to convene a family dinner next weekend, but it's proving difficult to find a date that works for everyone."
9306,resumption,The resumption of peace talks offers a glimmer of hope for the region.
9306,resumption,"After a brief pause for lunch, we expect the resumption of the meeting around 1:30 PM."
9306,resumption,The company announced the resumption of dividend payments to shareholders after a strong financial year.
9306,resumption,I'm looking forward to the resumption of my yoga classes next week; I've missed them.
9306,resumption,"Following the storm, the resumption of train services is expected to be gradual and subject to delays."
9307,converge,Thousands of fans will converge on the stadium for the championship game.
9307,converge,"The two roads converge just past the bridge, so be careful merging into one lane."
9307,converge,"Despite their different backgrounds, their opinions on the matter began to converge after a long discussion."
9307,converge,The evidence from multiple sources seems to converge on the conclusion that he was responsible.
9307,converge,"As the project nears completion, all efforts must converge to meet the final deadline."
9308,premiere,"The movie's premiere is next Friday, and I managed to snag tickets!"
9308,premiere,Critics are eagerly awaiting the premiere of the new opera at the Metropolitan Opera House.
9308,premiere,We're having a small gathering at the restaurant after the play's premiere.
9308,premiere,Do you remember the premiere of that TV show we used to watch back in college?
9308,premiere,The company chose the international trade show to premiere their innovative new product.
9309,crucify,The media is ready to crucify anyone who makes a single mistake in the public eye.
9309,crucify,"He felt like his boss was trying to crucify him in the performance review, focusing only on his shortcomings."
9309,crucify,Don't crucify me for being late; the traffic was a nightmare this morning.
9309,crucify,"The politician knew that if he took that controversial stance, his opponents would crucify him for it."
9309,crucify,"Historically, the Romans would crucify criminals as a form of public execution and deterrence."
9310,detention,He got a detention for talking back to the teacher during class.
9310,detention,The illegal detention of political prisoners is a serious human rights violation.
9310,detention,"If you keep missing deadlines, you're going to end up in detention every Friday afternoon."
9310,detention,"After the concert, there was a brief detention while the police checked IDs."
9310,detention,The lawyer argued that his client's detention was unlawful due to lack of evidence.
9311,demolish,The construction crew will demolish the old factory next week to make way for a new shopping center.
9311,demolish,The boxer's powerful punch seemed to demolish his opponent's confidence in the first round.
9311,demolish,"Critics demolished the movie, calling it predictable and poorly acted."
9311,demolish,We need to demolish the wall between the kitchen and dining room to create an open-plan living space.
9311,demolish,"The hurricane completely demolished several houses along the coast, leaving families with nothing."
9312,debris,"After the tornado, the streets were littered with debris from damaged homes and businesses."
9312,debris,The cleanup crew worked tirelessly to remove the debris from the construction site.
9312,debris,Space debris poses a significant threat to orbiting satellites and spacecraft.
9312,debris,I tripped over some debris in the garage while trying to find the holiday decorations.
9312,debris,"The archaeologist carefully sifted through the debris, hoping to find artifacts from the ancient settlement."
9313,mediation,"We attempted mediation to resolve the dispute with our neighbor, but unfortunately, we couldn't reach an agreement."
9313,mediation,The company offered mediation as a first step to address the employee's complaints regarding workplace conditions.
9313,mediation,Successful conflict resolution often requires the mediation of a neutral third party to facilitate communication and understanding.
9313,mediation,"Before resorting to legal action, consider exploring mediation; it's often a faster and more cost-effective solution."
9313,mediation,"The United Nations plays a crucial role in international mediation, attempting to de-escalate tensions and prevent armed conflicts between nations."
9314,deploy,The company plans to deploy a new marketing strategy in the coming quarter to attract younger customers.
9314,deploy,We need to deploy additional security personnel to the stadium for the concert tonight.
9314,deploy,"After the hurricane, the government had to deploy emergency resources to help the affected areas."
9314,deploy,"Before we can deploy the software update, we need to run a final round of testing."
9314,deploy,I think it's time to deploy the inflatable kayak; this lake looks perfect for a relaxing afternoon.
9315,brigade,The fire brigade arrived quickly to extinguish the blaze before it spread to neighboring buildings.
9315,brigade,"A volunteer brigade organized a community cleanup day, collecting trash and planting flowers in the park."
9315,brigade,"During the war, his grandfather served with distinction in a paratrooper brigade."
9315,brigade,The marketing team formed a 'content brigade' to create a surge of new blog posts and social media updates.
9315,brigade,"After the hurricane, a brigade of engineers was deployed to repair the damaged infrastructure."
9316,dismantle,We need to dismantle the old swing set before we can put up the new one.
9316,dismantle,The investigation aims to dismantle the corruption network within the government.
9316,dismantle,"He carefully dismantled the clock to see how it worked, but couldn't put it back together."
9316,dismantle,"After the show, the stage crew began to dismantle the set."
9316,dismantle,The company decided to dismantle the outdated manufacturing plant due to its inefficiency.
9317,projector,We need to rent a projector for the presentation next week; the one in the conference room is broken.
9317,projector,The film club is raising money to buy a new projector with better resolution and brightness.
9317,projector,Could you please dim the lights so we can see the image from the projector more clearly?
9317,projector,The professor used a projector to display historical maps during his lecture on ancient civilizations.
9317,projector,"After comparing several models, we decided to purchase the Epson projector because of its superior color accuracy and warranty."
9318,soot,The old fireplace was covered in a thick layer of soot after years of use.
9318,soot,Cleaning the chimney is important to prevent a build-up of soot and reduce the risk of a fire.
9318,soot,"After the explosion, the building was blackened with soot and debris."
9318,soot,The detective carefully collected samples of the soot to analyze the chemical composition and determine the cause of the fire.
9318,soot,I accidentally brushed against the stovepipe and now I have soot all over my shirt!
9319,dispel,The bright sunlight helped to dispel the morning fog over the lake.
9319,dispel,I want to dispel any doubts you might have about my commitment to this project; I'm fully on board.
9319,dispel,The company issued a statement to dispel rumors of an impending layoff.
9319,dispel,A good debate can often dispel misconceptions and lead to a better understanding of complex issues.
9319,dispel,Let's dispel the myth that learning a new language is too difficult for adults.
9320,longstanding,The two companies have a longstanding partnership that has benefited both of them for over a decade.
9320,longstanding,My family has a longstanding tradition of gathering at my grandmother's house every Christmas.
9320,longstanding,"The council addressed the longstanding issue of traffic congestion in the city center, proposing several new solutions."
9320,longstanding,"Despite their differences, they maintained a longstanding friendship based on mutual respect and shared experiences."
9320,longstanding,He finally decided to leave the company after a longstanding disagreement with management regarding the direction of the business.
9321,misconception,"There's a common misconception that all snakes are venomous, but that's simply not true."
9321,misconception,One major misconception about therapy is that it's only for people with serious mental illnesses.
9321,misconception,The marketing campaign aimed to dispel the misconception that their product was only for older generations.
9321,misconception,"Despite the evidence, the misconception persists that climate change is not a serious threat."
9321,misconception,"I used to believe that success was all about luck, but I've since realized that's a complete misconception."
9322,disperse,The police used tear gas to disperse the crowd that had gathered after the concert.
9322,disperse,"As the storm clouds passed, the sunlight began to disperse the morning fog."
9322,disperse,The seeds of the dandelion are designed to disperse widely in the wind.
9322,disperse,I added a few drops of essential oil to the diffuser to disperse the fragrance throughout the room.
9322,disperse,"Once the meeting adjourned, the participants began to disperse, heading back to their respective offices."
9323,migrant,The city has seen an influx of migrant workers seeking employment in the construction industry.
9323,migrant,"As a migrant myself, I understand the challenges of adapting to a new culture and language."
9323,migrant,The documentary focused on the struggles faced by migrant families living in temporary housing.
9323,migrant,"The agricultural sector relies heavily on migrant labor, especially during harvest season."
9323,migrant,Many argue that providing a pathway to citizenship for long-term migrants would benefit the economy.
9324,provocative,The artist's new exhibition features several provocative sculptures that challenge traditional notions of beauty.
9324,provocative,Her provocative comments about the company's leadership sparked a heated debate during the staff meeting.
9324,provocative,"He often uses provocative language in his blog posts, deliberately trying to stir up controversy and get people talking."
9324,provocative,"That's a provocative idea, but I'm not sure it's feasible given our current budget and resources."
9324,provocative,The documentary explored the provocative question of whether artificial intelligence will eventually surpass human intelligence.
9325,paramount,"In any emergency situation, your safety and the safety of those around you is of paramount importance."
9325,paramount,Getting enough sleep is paramount to maintaining good health and cognitive function.
9325,paramount,"The judge emphasized that upholding the law was paramount, regardless of personal feelings."
9325,paramount,"Before making any major decisions, doing thorough research is paramount; otherwise, you risk making a costly mistake."
9325,paramount,"For a successful business, customer satisfaction is paramount, and should always be a top priority."
9326,economize,We need to economize on energy consumption this winter to keep our bills down.
9326,economize,The company is trying to economize by reducing travel expenses and encouraging video conferencing.
9326,economize,"To economize, I've started bringing my lunch to work instead of eating out every day."
9326,economize,"During the recession, many families had to economize on non-essential items like entertainment and vacations."
9326,economize,The government announced new measures to economize public spending and reduce the national debt.
9327,visibility,"The fog reduced visibility to less than 50 feet, making driving extremely dangerous."
9327,visibility,Increasing our online visibility is crucial for attracting new customers and growing our business.
9327,visibility,"Despite wearing bright clothing, the cyclist's visibility was poor due to the low light conditions."
9327,visibility,The website's privacy settings allow you to control the visibility of your profile to other users.
9327,visibility,We need to improve the visibility of our safety protocols to ensure that all employees are aware of them.
9328,eject,The pilot had to eject from the plane when the engine caught fire.
9328,eject,Security had to eject the rowdy fans from the stadium after they started throwing bottles.
9328,eject,"If you try to remove the flash drive without properly ejecting it, you risk corrupting the data."
9328,eject,The software offers a feature to eject the virtual CD-ROM after the installation is complete.
9328,eject,He was ejected from the debate team for consistently interrupting the other participants.
9329,leverage,We can leverage our existing customer base to launch the new product more effectively.
9329,leverage,The company decided to leverage its technological expertise to enter a new market segment.
9329,leverage,He knew how to leverage his connections to get ahead in the industry.
9329,leverage,"By leveraging social media, we can reach a wider audience with our marketing campaign."
9329,leverage,She plans to leverage her experience in project management to secure a promotion.
9330,elude,The answer to the riddle continues to elude me.
9330,elude,"He managed to elude the police after the robbery, but they eventually caught him."
9330,elude,A good night's sleep seems to elude me whenever I have an important meeting the next day.
9330,elude,"Despite her best efforts, success seemed to elude her grasp."
9330,elude,"The precise definition of 'art' continues to elude consensus, sparking endless debate among critics and scholars."
9331,indictment,The grand jury returned an indictment against the CEO for fraud and embezzlement.
9331,indictment,The senator viewed the public's declining trust in government as a powerful indictment of the current political system.
9331,indictment,"Her messy apartment, overflowing with unwashed dishes and unopened mail, was a sad indictment of her current mental state."
9331,indictment,The high rate of recidivism among former prisoners is a damning indictment of our rehabilitation programs.
9331,indictment,"While he denied all wrongdoing, the indictment cast a dark shadow over his promising career."
9332,adoration,The puppy looked up at its owner with pure adoration in its eyes.
9332,adoration,"Her performance was met with adoration from the crowd, who showered her with flowers and applause."
9332,adoration,"While some viewed him as arrogant, his followers felt nothing but adoration for their leader."
9332,adoration,The artist's paintings are imbued with a deep sense of adoration for the natural world.
9332,adoration,"After years of marriage, they still looked at each other with a quiet adoration that was beautiful to witness."
9333,clarinet,She's been practicing her clarinet diligently for the upcoming school concert.
9333,clarinet,"The jazz club's atmosphere was electric, especially when the clarinet player took center stage for his solo."
9333,clarinet,I'm thinking of taking up a musical instrument; do you think the clarinet is a good choice for a beginner?
9333,clarinet,"The orchestra required a skilled clarinetist to fill the principal position, so they held auditions for several weeks."
9333,clarinet,He carefully cleaned the reed of his clarinet before putting it back in its case.
9334,emulate,Many young athletes try to emulate their heroes by copying their training routines and playing styles.
9334,emulate,"The software is designed to emulate the functionality of the original hardware, ensuring compatibility with older systems."
9334,emulate,"He tried to emulate a British accent, but it came across as rather unconvincing."
9334,emulate,"Rather than blindly following trends, it's better to find your own unique style and not just emulate others."
9334,emulate,Aspiring entrepreneurs often study successful business leaders and attempt to emulate their strategies for growth and innovation.
9335,legislator,The legislator proposed a new bill aimed at reducing carbon emissions.
9335,legislator,"As a legislator, she felt a deep responsibility to represent the needs of her constituents."
9335,legislator,The ethics committee is investigating the legislator for alleged campaign finance violations.
9335,legislator,Local residents are planning to protest outside the legislator's office this afternoon to demand better healthcare.
9335,legislator,Many people are wondering if this legislator will vote along party lines or listen to their community.
9336,enact,The city council will enact a new ordinance regarding noise levels after 10 PM.
9336,enact,I hope the government will enact policies that support small businesses.
9336,enact,The actors will enact a scene from Shakespeare's Hamlet.
9336,enact,"Before we enact any changes, let's gather feedback from all the stakeholders involved."
9336,enact,It's time for Congress to enact meaningful gun control legislation.
9337,compliance,The company is committed to full compliance with all environmental regulations.
9337,compliance,Achieving compliance with the new data privacy laws will require significant changes to our current systems.
9337,compliance,We need to ensure employee compliance with the safety protocols to prevent accidents in the workplace.
9337,compliance,"While I understand your frustration, compliance with the dress code is mandatory for all staff members."
9337,compliance,The auditor will be checking our records to verify compliance with accounting standards.
9338,tactful,"It's important to be tactful when giving someone negative feedback, focusing on the behavior rather than the person."
9338,tactful,"She tried to be tactful in explaining why his application was rejected, emphasizing his strengths and suggesting alternative opportunities."
9338,tactful,"Instead of directly criticizing his cooking, I offered a tactful suggestion about adding a little more seasoning."
9338,tactful,"He wasn't very tactful and blurted out the surprise party plans, much to everyone's disappointment."
9338,tactful,The diplomat's tactful handling of the sensitive negotiations prevented a major international crisis.
9339,feign,"She had to feign enthusiasm for the gift, even though she already had one just like it."
9339,feign,"He tried to feign ignorance when I asked about the missing cookies, but the crumbs on his face gave him away."
9339,feign,"Knowing she couldn't sing, she decided to feign a sore throat to avoid karaoke night."
9339,feign,The defendant attempted to feign insanity in order to avoid a prison sentence.
9339,feign,"Despite the pain, he feigned a smile and assured everyone he was alright."
9340,allegiance,"The knight swore allegiance to the king, promising to defend the realm with his life."
9340,allegiance,Do you think the younger generation feels the same sense of allegiance to traditional political parties as their parents did?
9340,allegiance,"The company demands absolute allegiance from its employees, which can stifle creativity and independent thought."
9340,allegiance,"Despite his Italian heritage, he pledged his allegiance to the United States after becoming a citizen."
9340,allegiance,The whistleblower struggled with her allegiance to the company versus her moral obligation to reveal the truth.
9341,guild,"The medieval bakers operated under strict regulations set by their guild, ensuring quality and fair pricing."
9341,guild,She joined a writer's guild hoping to network with other authors and learn more about the publishing industry.
9341,guild,The woodworkers' guild is hosting a demonstration of traditional joinery techniques at the local craft fair this weekend.
9341,guild,Membership in the artisans' guild offered access to specialized tools and valuable training opportunities.
9341,guild,"Historically, guilds played a significant role in controlling trade and maintaining standards within specific professions."
9342,royalist,"Despite the republican sentiment growing in the country, he remained a staunch royalist, always defending the monarchy's historical significance."
9342,royalist,"My grandfather was a royalist through and through, displaying portraits of the Queen and celebrating every royal occasion."
9342,royalist,The debate between royalists and republicans became quite heated during the constitutional convention.
9342,royalist,"Some argue that a royalist perspective can offer valuable insights into tradition and national identity, even in modern democracies."
9342,royalist,"Becoming a royalist was a gradual process for her, influenced by her studies of British history and culture."
9343,flirt,"She started to flirt with him across the crowded room, giggling at his jokes and making eye contact."
9343,flirt,"I wouldn't read too much into it; he flirts with everyone, it's just his personality."
9343,flirt,The article discussed the subtle art of how to flirt without being too obvious or aggressive.
9343,flirt,"Despite being married, he occasionally flirted with the idea of pursuing a different career path."
9343,flirt,The director accused the actress of flirting with the cameraman to get better lighting.
9344,forge,The blacksmith used his hammer to forge a new sword from the molten metal.
9344,forge,"After the scandal, the politician tried to forge a new image for himself as a champion of the working class."
9344,forge,Investigators discovered that someone had attempted to forge the artist's signature on several paintings.
9344,forge,The two companies hope to forge a strong partnership that will benefit both of them in the long run.
9344,forge,"Despite their differences, they managed to forge a lasting friendship over the years."
9345,affidavit,The lawyer asked me to sign an affidavit confirming my address before he could proceed with the case.
9345,affidavit,She submitted an affidavit to the court stating that she was not present at the scene of the crime.
9345,affidavit,"To claim the lost lottery ticket, you'll need to provide a signed affidavit explaining the circumstances of its disappearance."
9345,affidavit,I had to get the affidavit notarized to ensure it was legally binding and admissible in court.
9345,affidavit,"He swore under oath, signing the affidavit, that the information he provided was true and accurate to the best of his knowledge."
9346,fortify,We need to fortify the defenses of the city before the enemy arrives.
9346,fortify,Eating a healthy breakfast can help fortify you for a busy day at work.
9346,fortify,The government announced a new plan to fortify the economy against future recessions.
9346,fortify,She decided to fortify her argument with more evidence before presenting it to the board.
9346,fortify,They added extra vitamins to the orange juice to fortify its nutritional value.
9347,fortress,"The ancient castle, once a formidable fortress, now stands in ruins, a testament to the passage of time."
9347,fortress,"Their home was their fortress, a safe haven from the stresses and anxieties of the outside world."
9347,fortress,"The company built a digital fortress around its valuable data, implementing multiple layers of security to prevent breaches."
9347,fortress,"During the siege, the fortress held strong, resisting countless attacks from the enemy forces."
9347,fortress,"Figuratively speaking, she built a fortress around her emotions, making it difficult for anyone to get close."
9348,ammunition,The lawyer knew that the leaked documents would provide the opposing counsel with plenty of ammunition to attack their case.
9348,ammunition,"During the debate, the politician tried to avoid giving his opponent any ammunition that could be used against him in future arguments."
9348,ammunition,The soldiers were running low on ammunition and desperately needed resupply before the next wave of the attack.
9348,ammunition,Her sarcastic remarks provided me with all the ammunition I needed to write a scathing retort.
9348,ammunition,"Figuratively speaking, knowledge is ammunition in the fight against ignorance and misinformation."
9349,greyhound,"The greyhound, a breed known for its incredible speed, easily won the race."
9349,greyhound,I saw a beautiful greyhound being walked in the park this morning; it looked so elegant.
9349,greyhound,"My neighbor used to train greyhounds for racing, but he retired a few years ago."
9349,greyhound,"Are greyhounds good pets for apartment living, or do they require more space to run?"
9349,greyhound,"The sculpture depicted a stylized greyhound, capturing its sleek lines and powerful musculature."
9350,fracture,"The doctor confirmed that I have a hairline fracture in my wrist, so I'll need to wear a cast for a few weeks."
9350,fracture,Negotiations between the two companies began to fracture when they couldn't agree on the terms of the merger.
9350,fracture,"The earthquake caused several buildings to develop structural fractures, making them unsafe to enter."
9350,fracture,"After a nasty fall on the ice, she worried she might have fractured her ankle."
9350,fracture,"The political party began to fracture along ideological lines, leading to infighting and a loss of unity."
9351,mishap,"Despite the minor mishap with the projector, the presentation was generally well-received."
9351,mishap,We had a bit of a mishap in the kitchen – I accidentally spilled the gravy all over the floor.
9351,mishap,"The company spokesperson downplayed the data breach, calling it a 'minor technical mishap' that was quickly resolved."
9351,mishap,"Luckily, there were no injuries after the skiing mishap; just a bruised ego and a broken ski."
9351,mishap,"To avoid any further mishaps, let's double-check all the equipment before we leave for the camping trip."
9352,wreckage,"The search team carefully sifted through the wreckage of the plane, hoping to find any survivors."
9352,wreckage,"After the storm, the beach was littered with the wreckage of boats and broken furniture."
9352,wreckage,The therapist helped her process the emotional wreckage left behind by the abusive relationship.
9352,wreckage,"Despite the wreckage of his career, he was determined to rebuild his life and find a new purpose."
9352,wreckage,"Looking at the wreckage of the car, it's a miracle anyone survived the accident."
9353,hamper,The heavy rain will likely hamper our plans for a picnic this weekend.
9353,hamper,Lack of funding continues to hamper the research team's progress on finding a cure.
9353,hamper,Don't let self-doubt hamper your ability to achieve your goals.
9353,hamper,He tried to hamper my efforts to organize the event by constantly complaining.
9353,hamper,Bureaucratic red tape can often hamper the efficient delivery of aid to those in need.
9354,ferocious,"The ferocious storm raged throughout the night, keeping everyone awake."
9354,ferocious,"My neighbor's chihuahua might be small, but it has a ferocious bark!"
9354,ferocious,The debate between the two candidates became ferocious as they argued over economic policy.
9354,ferocious,"She defended her research with a ferocious determination, refusing to back down from any criticism."
9354,ferocious,Witnessing the lion's ferocious attack on the gazelle was a stark reminder of the power of nature.
9355,hoard,"During the pandemic, many people began to hoard toilet paper and hand sanitizer, creating shortages."
9355,hoard,The dragon in the story was said to hoard vast treasures of gold and jewels in its lair.
9355,hoard,She doesn't throw anything away; she tends to hoard old magazines and newspapers in her attic.
9355,hoard,"The squirrel was busy all autumn, trying to hoard enough nuts to last through the long winter."
9355,hoard,The company was accused of trying to hoard market share by aggressively undercutting its competitors' prices.
9356,impending,The dark clouds and sudden drop in temperature signaled the impending storm.
9356,impending,"With the deadline impending, the team worked late into the night to finish the project."
9356,impending,"Despite the impending sense of doom, she tried to remain optimistic."
9356,impending,"The news of the impending layoffs spread quickly through the office, causing widespread anxiety."
9356,impending,The doctor warned him about the impending health risks if he didn't change his unhealthy lifestyle.
9357,camper,The family packed up their camper and headed to Yellowstone National Park for a week of camping.
9357,camper,"We saw a vintage VW camper van parked by the beach, looking incredibly photogenic."
9357,camper,"As a seasoned camper, she always makes sure to bring extra firewood and a first-aid kit."
9357,camper,"The campground was filled with campers of all shapes and sizes, from small pop-up tents to luxurious RVs."
9357,camper,"Before purchasing a camper, it's important to research different models and consider your budget and travel needs."
9358,huddle,The family had to huddle together for warmth during the unexpected power outage.
9358,huddle,The football team formed a huddle to discuss their next play before the crucial down.
9358,huddle,Reporters began to huddle around the mayor as he approached the podium to make his statement.
9358,huddle,Let's huddle up in the conference room for a quick brainstorming session on the new marketing campaign.
9358,huddle,"During the storm, the sheep huddled together for protection against the wind and rain."
9359,pleasurable,Spending the afternoon reading a good book in the sunshine was a deeply pleasurable experience.
9359,pleasurable,The chef hoped that the new dessert menu would provide a pleasurable end to the dining experience.
9359,pleasurable,"It wasn't always easy, but building that treehouse with my kids was surprisingly pleasurable."
9359,pleasurable,I find listening to classical music before bed to be quite pleasurable and relaxing.
9359,pleasurable,"While the task was challenging, the feeling of accomplishment afterward made it a pleasurable endeavor."
9360,adept,"She's incredibly adept at handling difficult customers, always managing to diffuse tense situations with a calm demeanor."
9360,adept,"Mark is adept at coding in Python, making him a valuable asset to the software development team."
9360,adept,The chef was adept at blending spices to create unique and flavorful dishes that delighted the restaurant's patrons.
9360,adept,"Despite her initial reluctance, she quickly became adept at using the new accounting software after just a few training sessions."
9360,adept,"He's an adept negotiator, often securing favorable deals for the company through his persuasive communication skills."
9361,improvise,"When the band's guitarist broke a string mid-song, the drummer had to improvise a longer solo to fill the time."
9361,improvise,"I forgot my lunch, so I'll have to improvise something from the office kitchen; maybe there's some bread and peanut butter."
9361,improvise,"The actor's microphone malfunctioned, forcing him to improvise his lines for the rest of the scene."
9361,improvise,"Due to the unexpected road closure, we had to improvise a new route to the airport to avoid missing our flight."
9361,improvise,"Faced with limited resources, the engineers had to improvise a solution to repair the damaged equipment."
9362,rhyme,"The words ""cat"" and ""hat"" rhyme, making them easy to use in a children's poem."
9362,rhyme,"I'm trying to write a song, but I can't find a word that rhymes with ""orange."""
9362,rhyme,Did you notice how the last lines of each stanza in that poem rhyme?
9362,rhyme,"While the sentiment was nice, the greeting card didn't rhyme at all, which felt a bit awkward."
9362,rhyme,"To help young children learn to read, teachers often use books that rhyme extensively."
9363,indict,The grand jury is expected to indict the suspect on multiple counts of fraud next week.
9363,indict,Do you think they'll indict him based on the evidence they've gathered so far?
9363,indict,"The report seemed to indict the entire management team, not just one individual."
9363,indict,"Although the investigation is ongoing, many believe the evidence will be enough to indict the former CEO."
9363,indict,"The senator vehemently denied the allegations, claiming they were politically motivated attempts to indict his character."
9364,atrocity,The bombing of the hospital was a horrific atrocity that shocked the world.
9364,atrocity,"He recounted the atrocities he witnessed during the war, his voice trembling with emotion."
9364,atrocity,We must never forget the atrocities of the Holocaust and work to prevent such horrors from happening again.
9364,atrocity,Is it too strong to call denying people basic human rights an atrocity?
9364,atrocity,The government has been accused of committing atrocities against its own people in the name of maintaining order.
9365,padding,The shipping box needs more padding to protect the fragile items inside.
9365,padding,She added some extra padding to her running shoes to prevent blisters.
9365,padding,The professor accused the student of padding their essay with unnecessary information to reach the word count.
9365,padding,We'll need to add some padding to the shoulder straps of the backpack for a more comfortable fit.
9365,padding,"The company's earnings report showed significant revenue growth, but some analysts suspect it's just padding from one-time events."
9366,insulate,We need to insulate the attic properly to prevent heat loss during the winter.
9366,insulate,The company is trying to insulate itself from the negative publicity surrounding the scandal.
9366,insulate,Good headphones can insulate you from the noise of a busy commute.
9366,insulate,Did you remember to insulate the pipes before the temperature dropped below freezing?
9366,insulate,The thick forest helped to insulate the remote village from the outside world and its influences.
9367,invoke,The lawyer threatened to invoke the Fifth Amendment if his client was pressed further.
9367,invoke,"Sometimes, just hearing a song can invoke powerful memories of the past."
9367,invoke,"In desperation, the villagers tried to invoke the ancient spirits to protect them from the storm."
9367,invoke,"By clicking this button, you invoke the program's default settings."
9367,invoke,I wouldn't invoke his name in front of her; they had a very messy breakup.
9368,amnesty,The government granted amnesty to political prisoners as a gesture of reconciliation.
9368,amnesty,Many undocumented immigrants are hoping for a path to citizenship through an amnesty program.
9368,amnesty,"The company offered amnesty to employees who admitted to minor infractions, encouraging them to come forward without fear of punishment."
9368,amnesty,"Do you think an amnesty program would actually solve the problem of illegal immigration, or would it just encourage more people to come?"
9368,amnesty,"After the coup, the new regime declared a general amnesty, releasing all those who had been imprisoned by the previous government."
9369,dissident,The dissident writer was exiled for publishing articles critical of the regime.
9369,dissident,"Despite facing constant surveillance, the dissident group continued to organize protests."
9369,dissident,He was considered a dissident within the company for his unconventional ideas and willingness to challenge the status quo.
9369,dissident,"My uncle always played the dissident role at family gatherings, questioning every tradition and belief."
9369,dissident,"The government cracked down hard on any form of dissident activity, arresting hundreds of protestors."
9370,statutory,The company is committed to complying with all statutory requirements regarding employee safety.
9370,statutory,We need to ensure that our financial reports meet the statutory deadlines for filing with the IRS.
9370,statutory,There's a statutory obligation to provide reasonable adjustments for employees with disabilities.
9370,statutory,He argued that the contract was invalid because it violated a statutory provision.
9370,statutory,The statutory rape law in this state defines the age of consent as 16.
9371,levy,The city council decided to levy a new tax on hotel stays to fund tourism initiatives.
9371,levy,"If we don't meet our sales targets, the company might levy fines on the underperforming teams."
9371,levy,The government plans to levy a carbon tax on industries that contribute heavily to pollution.
9371,levy,The homeowners' association can levy a special assessment to cover the cost of unexpected repairs to the building.
9371,levy,Customs officials will levy duties on imported goods according to the established tariff schedule.
9372,pendulum,"The old grandfather clock had a heavy pendulum that swung with a soothing, rhythmic tick-tock."
9372,pendulum,"Public opinion on the issue seems to be swinging like a pendulum, moving from strong support to strong opposition in a matter of months."
9372,pendulum,"Her mood was like a pendulum, constantly shifting between elation and despair."
9372,pendulum,"The company's fortunes have swung like a pendulum over the past few years, experiencing periods of rapid growth followed by significant losses."
9372,pendulum,"In the debate over social policies, the pendulum often swings too far in one direction before gradually returning towards the center."
9373,lull,The gentle rocking of the boat lulled the baby to sleep.
9373,lull,There was a brief lull in the conversation as everyone waited for the speaker to continue.
9373,lull,The company's profits experienced a lull during the summer months due to decreased sales.
9373,lull,Don't let the current lull in activity lull you into a false sense of security; we need to remain vigilant.
9373,lull,The soft music and dim lighting were designed to lull patrons into a relaxed and receptive state of mind.
9374,muster,The coach told the team to muster all their strength for the final quarter of the game.
9374,muster,I need to muster the courage to ask for a raise; I've been putting it off for too long.
9374,muster,Let's muster everyone in the conference room at 3 PM for an important announcement about the company's direction.
9374,muster,"Despite feeling unwell, she managed to muster a smile for the guests."
9374,muster,The general ordered his troops to muster on the parade ground before dawn.
9375,courtroom,The tension in the courtroom was palpable as the jury delivered their verdict.
9375,courtroom,"She nervously adjusted her tie before entering the courtroom, knowing this case could make or break her career."
9375,courtroom,"I saw a documentary about a famous trial, and the courtroom scenes were incredibly dramatic."
9375,courtroom,The judge ordered the courtroom cleared after a disruptive outburst from the defendant's family.
9375,courtroom,"According to the article, evidence tampering led to a mistrial, and the case will have to be retried in a different courtroom."
9376,uprising,The government feared an uprising if they continued to raise taxes.
9376,uprising,News of the uprising in the capital spread quickly through the countryside.
9376,uprising,"After years of oppression, the people finally staged an uprising against the dictator."
9376,uprising,"The small uprising was quickly quelled by the military, resulting in numerous casualties."
9376,uprising,I'm reading a fascinating book about the Warsaw Uprising during World War II.
9377,oust,The shareholders voted to oust the CEO due to the company's declining profits.
9377,oust,"If he doesn't improve his performance, the coach will oust him from the starting lineup."
9377,oust,The revolution aimed to oust the corrupt dictator and establish a democratic government.
9377,oust,"After the scandal broke, there was a strong movement to oust him from his position on the board."
9377,oust,The old regime was eventually ousted by a coalition of rebel groups.
9378,overcrowd,"The subway cars tend to overcrowd during rush hour, making the commute quite uncomfortable."
9378,overcrowd,"Animal shelters often overcrowd, especially during the summer months when more pets are abandoned."
9378,overcrowd,"If too many people overcrowd the small boat, it could become unstable and capsize."
9378,overcrowd,Urban planners are working to prevent certain areas from overcrowding by encouraging development in less populated regions.
9378,overcrowd,The organizers worried that the venue would overcrowd if they didn't limit ticket sales.
9379,overpopulation,Concerns about overpopulation are often linked to anxieties about resource scarcity and environmental degradation.
9379,overpopulation,"Some scientists argue that technological advancements can help us mitigate the negative effects of overpopulation, while others remain skeptical."
9379,overpopulation,"The rapid urbanization in many developing countries is exacerbating the challenges associated with overpopulation, like inadequate housing and strained infrastructure."
9379,overpopulation,"Do you think overpopulation is the biggest threat facing humanity, or are there other, more pressing issues?"
9379,overpopulation,"While focusing on reducing carbon emissions is crucial, we also need to address the underlying issue of overpopulation if we want to create a sustainable future."
9380,overhaul,The old engine desperately needs an overhaul; it's barely running.
9380,overhaul,"After the scandal, the company decided to overhaul its ethical guidelines and compliance procedures."
9380,overhaul,"We're planning a complete overhaul of the kitchen next year, including new appliances and cabinets."
9380,overhaul,The coach believes the team needs an overhaul in strategy if they want to win the championship.
9380,overhaul,"The government announced a major overhaul of the healthcare system, promising to improve access and affordability."
9381,jumbo,We ordered a jumbo pizza for the party because we knew everyone would be hungry.
9381,jumbo,The airline charges extra for jumbo-sized luggage.
9381,jumbo,"They sell jumbo packs of batteries at the warehouse store, which is much cheaper in the long run."
9381,jumbo,"The museum displayed a fascinating exhibit of jumbo fossils, some dating back millions of years."
9381,jumbo,"After a disappointing earnings report, the company announced a jumbo restructuring plan in an attempt to turn things around."
9382,recurrent,The patient was admitted due to recurrent episodes of chest pain.
9382,recurrent,"My back pain is a recurrent problem, especially after long periods of sitting."
9382,recurrent,"The company experienced recurrent losses throughout the fiscal year, leading to significant restructuring."
9382,recurrent,"We need to address the root cause of these recurrent errors, not just treat the symptoms."
9382,recurrent,The theme of loss and redemption is a recurrent motif in her novels.
9383,barge,The narrowboat slowly passed the large barge carrying gravel down the canal.
9383,barge,He tends to barge into conversations without listening to what others are saying first.
9383,barge,"We watched the barge navigate the winding river, its cargo barely visible beneath a tarp."
9383,barge,"The company uses a barge to transport goods across the lake, which is much cheaper than using trucks."
9383,barge,Please don't barge in here without knocking; I'm on an important phone call.
9384,overload,The server experienced an overload of requests and crashed.
9384,overload,I'm feeling an information overload with all these new reports.
9384,overload,Don't overload the circuit; you'll blow a fuse.
9384,overload,She tried to overload her schedule with too many extracurricular activities and became exhausted.
9384,overload,The emotional overload after the accident was difficult to process.
9385,insurer,My car insurer increased my premium after I had an accident.
9385,insurer,"The insurer denied the claim, citing a clause in the policy's fine print."
9385,insurer,"Before committing to a long-term care facility, it's wise to check if your insurer offers any relevant coverage options."
9385,insurer,"As a leading health insurer, they offer a wide range of plans to suit different needs and budgets."
9385,insurer,I'm thinking of switching insurers to get a better deal on my home insurance.
9386,overpay,The company realized they had been overpaying their suppliers for years due to a clerical error.
9386,overpay,I think we might be overpaying for our internet; let's shop around for a better deal.
9386,overpay,Don't overpay on eBay; set a maximum bid and stick to it.
9386,overpay,The government agency was criticized for allegedly overpaying contractors for the construction project.
9386,overpay,"If you overpay your taxes, you'll receive a refund in the mail."
9387,override,The system administrator had to override the user's password because they had forgotten it.
9387,override,"Even though I set the thermostat to 70 degrees, my husband keeps trying to override it and turn it up."
9387,override,The committee voted to override the mayor's veto and pass the new zoning law.
9387,override,You can override the default settings in the software if you want to customize it to your specific needs.
9387,override,"My doctor said that if the pain gets too severe, I can override the recommended dosage of the pain medication, but only in extreme circumstances."
9388,censure,The ethics committee voted to censure the senator for accepting inappropriate gifts.
9388,censure,"Although I disagree with his actions, I don't think he deserves to be publicly censured."
9388,censure,The newspaper's editorial strongly censured the company's environmental practices.
9388,censure,"My boss gave me a verbal censure for arriving late to the meeting, which was fair enough."
9388,censure,The resolution to censure the president failed to pass in the House of Representatives.
9389,liquidity,The company's liquidity position improved significantly after securing the new loan.
9389,liquidity,I need to improve my personal liquidity so I can cover unexpected expenses without relying on credit cards.
9389,liquidity,"During the financial crisis, the market experienced a severe lack of liquidity, making it difficult to sell assets."
9389,liquidity,"Before investing in any asset, it's important to consider its liquidity; how easily can you convert it back to cash?"
9389,liquidity,The bank closely monitors its liquidity reserves to ensure it can meet its obligations to depositors.
9390,pep,"The coach gave the team a pep talk before the game, trying to boost their morale."
9390,pep,I need a little pep in my step this morning; maybe I'll grab an extra shot of espresso.
9390,pep,This song always puts a little pep in my mood.
9390,pep,The campaign manager hoped the new advertising strategy would inject some pep into the candidate's flagging poll numbers.
9390,pep,"After a week of vacation, I'm ready to tackle my projects with renewed pep and enthusiasm."
9391,crafty,The crafty fox managed to outsmart the farmer and steal all the chickens.
9391,crafty,He came up with a crafty plan to avoid paying the late fee.
9391,crafty,"She's a crafty negotiator, always finding a way to get the best deal."
9391,crafty,Be careful when dealing with him; he has a reputation for being crafty and manipulative.
9391,crafty,The lawyer presented a crafty argument that ultimately won the case.
9392,pervert,The heavy rain threatened to pervert our carefully laid plans for the outdoor wedding.
9392,pervert,Some argue that excessive regulation can pervert the natural forces of the free market.
9392,pervert,He accused the journalist of trying to pervert the truth with biased reporting.
9392,pervert,"Don't pervert my words; I never said I hated her, just that I disagreed with her decision."
9392,pervert,The dictator used propaganda to pervert the minds of the citizens and maintain his power.
9393,pitiless,The dictator was known for his pitiless treatment of political dissidents.
9393,pitiless,"The storm raged with pitiless fury, tearing down trees and flooding homes."
9393,pitiless,"Despite her pleas for mercy, the judge remained pitiless and delivered a harsh sentence."
9393,pitiless,"He showed a pitiless disregard for the suffering of others, focusing only on his own ambitions."
9393,pitiless,The company's pitiless cost-cutting measures resulted in numerous layoffs and a decline in employee morale.
9394,plunder,"The invading army began to plunder the city, stealing valuables and destroying homes."
9394,plunder,"After the shipwreck, desperate survivors tried to plunder supplies from the wreckage."
9394,plunder,The CEO was accused of plundering the company's assets for his personal gain.
9394,plunder,I can't believe they would plunder historical artifacts from the ancient tombs; it's disrespectful and criminal.
9394,plunder,"The pirate crew planned to plunder the merchant ship, hoping to find gold and jewels."
9395,loot,"After the earthquake, opportunistic individuals began to loot abandoned stores for supplies."
9395,loot,The museum took extra precautions to protect its valuable artifacts from being looted during the civil unrest.
9395,loot,"The pirates divided their loot, each taking a share of the gold and jewels."
9395,loot,I managed to loot a few extra snacks from the conference buffet; don't tell anyone!
9395,loot,"Archaeologists carefully documented the artifacts recovered from the tomb, ensuring that no potential historical treasure was treated as mere loot."
9396,covenant,"The neighbors signed a covenant agreeing to maintain their lawns to a certain standard, ensuring the property values in the community remained high."
9396,covenant,"In the old testament, God makes a covenant with Abraham, promising him descendants as numerous as the stars."
9396,covenant,"We have a covenant with our customers to provide high-quality service and products, and we take that commitment very seriously."
9396,covenant,"Before moving in, the homeowner's association required us to read and agree to the covenants, conditions, and restrictions (CC&Rs) that govern the neighborhood."
9396,covenant,"Despite the challenges, they remained true to their covenant of friendship, supporting each other through thick and thin."
9397,preclude,The heavy rain will preclude us from having a picnic at the park today.
9397,preclude,"His prior commitments preclude him from accepting the new job offer, much to his disappointment."
9397,preclude,A lack of funding could preclude the project from ever getting off the ground.
9397,preclude,Taking these safety precautions should preclude any major accidents from occurring during the experiment.
9397,preclude,The non-disclosure agreement is designed to preclude the sharing of confidential information with competitors.
9398,homestead,"My grandparents grew up on a homestead in Montana, where they raised cattle and grew their own food."
9398,homestead,The government offered incentives to encourage families to establish a homestead in the newly acquired territory.
9398,homestead,"After years of city living, they dreamed of returning to a rural homestead and living off the land."
9398,homestead,"The old homestead, with its weathered barn and overgrown fields, stood as a testament to a bygone era."
9398,homestead,"He spent his summers at his uncle's homestead, learning about farming and animal husbandry."
9399,livestock,"The farmer spent the morning checking on his livestock, ensuring they had enough food and water."
9399,livestock,"Disease outbreaks can devastate livestock populations, impacting food security and the livelihoods of farmers."
9399,livestock,The government provides subsidies to help farmers manage the costs associated with raising livestock.
9399,livestock,We need to implement stricter regulations regarding the transportation of livestock to prevent animal suffering.
9399,livestock,"That area is primarily agricultural, with vast fields of crops and grazing land for livestock."
9400,fundraising,The school is organizing a fundraising event to raise money for new playground equipment.
9400,fundraising,"Our department's fundraising efforts have been quite successful this quarter, exceeding our initial goal by 15%."
9400,fundraising,I'm volunteering next weekend to help with the local animal shelter's fundraising campaign.
9400,fundraising,"Have you considered using online platforms for your fundraising, like GoFundMe or Kickstarter?"
9400,fundraising,The charity's annual fundraising gala is scheduled for next month; tickets are selling fast!
9401,procure,The company had to procure additional servers to handle the increased website traffic.
9401,procure,I need to procure some ingredients from the grocery store before I can start cooking dinner.
9401,procure,She was able to procure tickets to the sold-out concert through a friend.
9401,procure,The detective had to procure a warrant before he could search the suspect's apartment.
9401,procure,"It wasn't easy, but they managed to procure enough funding to launch their new project."
9402,erection,The erection of the new skyscraper downtown is expected to take at least two years.
9402,erection,The sudden erection of a barrier across the road caused a major traffic jam.
9402,erection,The construction crew celebrated the successful erection of the bridge's main support beams.
9402,erection,The city council debated the environmental impact of the planned erection of the wind farm.
9402,erection,He experienced erectile dysfunction and sought medical advice.
9403,monastery,"The old monastery, perched high on the mountain, offered breathtaking views of the valley below."
9403,monastery,"After years of soul-searching, he decided to dedicate his life to prayer and contemplation, joining a Benedictine monastery."
9403,monastery,Our hiking trip included a stop at a restored monastery where we learned about the history of the region.
9403,monastery,The ancient manuscripts were carefully preserved within the walls of the monastery's library.
9403,monastery,"Legend has it that a secret passage connects the monastery to the nearby village, used for smuggling during times of war."
9404,prod,I had to prod him a little to get him to start cleaning his room.
9404,prod,The coach used a few sharp words to prod the team into playing better.
9404,prod,Shareholders are starting to prod the company's management for answers about the declining profits.
9404,prod,A gentle prod from her friend encouraged her to finally apply for the job.
9404,prod,The electric cattle prod is a controversial tool used in some farming practices.
9405,anthropologist,The anthropologist spent years living with and studying the customs of a remote Amazonian tribe.
9405,anthropologist,My professor is an anthropologist specializing in the cultural practices of death and mourning.
9405,anthropologist,"As an anthropologist, she's fascinated by the evolution of social structures in different societies."
9405,anthropologist,"“What does an anthropologist actually *do*?” he asked, genuinely curious."
9405,anthropologist,The museum hired a new anthropologist to curate the exhibit on early human migration patterns.
9406,bibliography,"Before submitting your research paper, please ensure your bibliography is formatted according to the Chicago Manual of Style."
9406,bibliography,"I'm still compiling the bibliography for my dissertation, and it's proving to be a much larger task than I initially anticipated."
9406,bibliography,The professor mentioned that a comprehensive bibliography is essential for demonstrating the breadth of our research on the topic.
9406,bibliography,Have you checked the bibliography at the end of that chapter? It might contain some useful sources for your project.
9406,bibliography,"For further reading on this subject, consult the extensive bibliography provided in the appendix of the book."
9407,radiate,The bride radiated happiness as she walked down the aisle.
9407,radiate,"Heat from the fire seemed to radiate in all directions, warming the entire room."
9407,radiate,"Her confidence radiated outwards, influencing everyone around her to believe in the project."
9407,radiate,The CEO's speech radiated a sense of hope and optimism for the company's future.
9407,radiate,"Even in his old age, he radiated a youthful energy and zest for life."
9408,motherly,She had a motherly way of scolding us that somehow made us feel loved even when we were in trouble.
9408,motherly,The nurse's motherly instincts kicked in when she saw the frightened child alone in the waiting room.
9408,motherly,"Despite not being her biological child, Sarah displayed a truly motherly devotion to her stepdaughter."
9408,motherly,"His grandmother, with her warm hugs and endless supply of cookies, provided a motherly presence in his life after his parents passed away."
9408,motherly,The professor's motherly concern for her students' well-being extended beyond their academic performance; she genuinely cared about their personal struggles as well.
9409,recharge,I need to recharge my phone; the battery is almost dead.
9409,recharge,"After a long week at work, I like to recharge by spending the weekend hiking in nature."
9409,recharge,The company is trying to recharge its brand image with a new marketing campaign.
9409,recharge,Remember to recharge your transportation card before you get on the subway tomorrow morning.
9409,recharge,The scientist used a solar panel to recharge the batteries powering the remote sensors.
9410,trek,"We're planning a long trek through the Himalayas next summer, so we need to start training now."
9410,trek,The daily trek to school was especially difficult in the winter when the sidewalks were icy.
9410,trek,"After a long trek across the desert, they finally reached the oasis, exhausted but relieved."
9410,trek,The data team had to trek through mountains of outdated code to find the source of the error.
9410,trek,"Despite the arduous trek, the breathtaking views from the summit made it all worthwhile."
9411,expulsion,The student faced expulsion from school after repeated violations of the code of conduct.
9411,expulsion,The ambassador's expulsion was a clear sign of deteriorating diplomatic relations between the two countries.
9411,expulsion,"Following the scandal, many members called for the expulsion of the corrupt official from the organization."
9411,expulsion,My dog's loud barking led to a warning from the landlord and the threat of expulsion from the apartment building.
9411,expulsion,The expulsion of foreign workers has created a labor shortage in the agricultural sector.
9412,reclaim,The environmental group is working to reclaim the polluted land and restore it to its natural state.
9412,reclaim,"After years of neglect, she decided to reclaim her artistic talents and started painting again."
9412,reclaim,You have 30 days to reclaim your lost property from the lost and found.
9412,reclaim,He hopes to reclaim his reputation after the scandal tarnished his image.
9412,reclaim,"The company is trying to reclaim market share by launching a new, innovative product."
9413,focal,"The sculpture became the focal point of the art gallery, drawing everyone's attention."
9413,focal,"In this project, our focal area will be improving customer satisfaction through better communication."
9413,focal,"The photograph was slightly out of focus, making it hard to determine the focal subject."
9413,focal,"During the meeting, the focal discussion revolved around the budget cuts and their potential impact."
9413,focal,"Finding a focal hobby, like painting or playing an instrument, can really help reduce stress."
9414,incumbent,The incumbent president is facing a tough re-election campaign this year.
9414,incumbent,It is incumbent upon all citizens to obey the law.
9414,incumbent,"As the incumbent editor, she felt a responsibility to maintain the magazine's high standards."
9414,incumbent,"The incumbent software was proving too slow, so we decided to upgrade to a more efficient system."
9414,incumbent,"He's the incumbent for the District 5 seat, so he already has a built-in advantage with name recognition."
9415,reelect,The party hopes to reelect the current president in the upcoming election.
9415,reelect,Do you think they'll reelect her after all the controversy surrounding her policies?
9415,reelect,"The incumbent senator is working hard to reelect himself, holding numerous town hall meetings."
9415,reelect,"If we want to see continued progress on this issue, we need to reelect the representatives who support it."
9415,reelect,"Despite his initial unpopularity, the mayor managed to reelect himself by focusing on local community initiatives."
9416,brewery,We're going to visit a local brewery this weekend to try their new IPA.
9416,brewery,The town's oldest brewery has been struggling to stay afloat due to increased competition.
9416,brewery,"According to the article, that brewery is expanding its operations and opening a second location."
9416,brewery,The aroma of hops filled the air as we walked past the brewery.
9416,brewery,"After the conference, a group of us headed to a nearby brewery for a casual networking event."
9417,refurbish,"We're planning to refurbish the kitchen next spring, so we'll need to start getting quotes from contractors."
9417,refurbish,The community center is holding a fundraiser to refurbish its playground equipment.
9417,refurbish,"After years of neglect, the old theater was finally refurbished to its former glory."
9417,refurbish,The company decided to refurbish its entire line of laptops with faster processors and improved graphics cards.
9417,refurbish,I found a vintage armchair at a flea market that I'm going to refurbish and reupholster.
9418,repeal,The activists are campaigning to repeal the outdated law that restricts freedom of speech.
9418,repeal,"If the new tax cuts don't stimulate the economy, Congress might try to repeal them next year."
9418,repeal,"After years of debate, the government finally voted to repeal the controversial healthcare legislation."
9418,repeal,Do you think they'll ever repeal the speed limit on the Autobahn?
9418,repeal,The community organized a petition to repeal the zoning ordinance that allowed the construction of the factory near the residential area.
9419,surveillance,The police increased surveillance in the neighborhood after the recent string of burglaries.
9419,surveillance,I'm uncomfortable with the level of surveillance in public spaces these days; it feels like we're constantly being watched.
9419,surveillance,The company implemented a new surveillance system to monitor employee productivity and prevent theft.
9419,surveillance,"After the incident, the airport tightened its surveillance protocols, including more frequent security checks and increased CCTV coverage."
9419,surveillance,"He suspected he was under surveillance, so he varied his route home each day and checked for any signs of being followed."
9420,tract,The developer purchased a large tract of land with plans to build a new housing community.
9420,tract,"He handed me a religious tract on the street, hoping to convert me."
9420,tract,"The company is known for its political tracts, often distributed during election season."
9420,tract,The doctor noticed a suspicious tract of inflammation on the patient's skin and ordered further tests.
9420,tract,The negotiations stalled after the two sides couldn't agree on the exact boundaries of the disputed tract of forest.
9421,resell,She bought the limited-edition sneakers hoping to resell them for a profit online.
9421,resell,The company's agreement with the manufacturer strictly prohibits retailers from reselling the product outside of their designated territory.
9421,resell,"I managed to get tickets to the concert, but something came up, so I'll have to resell them at face value."
9421,resell,Is it legal to resell event tickets for more than their original price in this state?
9421,resell,We need to find a distributor who can effectively resell our software to businesses in the European market.
9422,reset,I had to reset my password because I forgot the old one.
9422,reset,The technician recommended that we reset the router to fix the internet connection.
9422,reset,"After the argument, we both decided to reset and start our relationship with a clean slate."
9422,reset,The company's financial troubles forced them to reset their budget and cut costs significantly.
9422,reset,"To resolve the glitch, try to reset the device by holding down the power button for ten seconds."
9423,blackout,The city experienced a complete blackout last night due to a major power grid failure.
9423,blackout,I had a complete blackout after the accident and couldn't remember anything for a few hours.
9423,blackout,"During the war, the government enforced a strict blackout to prevent enemy planes from spotting targets."
9423,blackout,She drank so much she had a blackout and doesn't remember leaving the party.
9423,blackout,The theater announced a complete media blackout regarding spoilers for the new play.
9424,abortive,"The peace talks proved abortive, as neither side was willing to compromise."
9424,abortive,His attempt to fix the car himself was abortive; he ended up having to call a mechanic anyway.
9424,abortive,"Despite their initial enthusiasm, the project was ultimately abortive due to lack of funding."
9424,abortive,"The doctor explained that the treatment was abortive, meaning it stopped the disease from progressing further but didn't cure it."
9424,abortive,"She made an abortive effort to apologize, but her words just made the situation worse."
9425,restart,"The computer froze, so I had to restart it to get it working again."
9425,restart,"After the power outage, we had to restart the entire server system."
9425,restart,Let's restart the meeting at 2 PM after everyone has had a chance to grab lunch.
9425,restart,"The negotiations stalled, but both parties are willing to restart talks next week."
9425,restart,"If the application continues to crash, try to restart your phone."
9426,therapeutic,"Gardening can be surprisingly therapeutic, especially when you're feeling stressed."
9426,therapeutic,The doctor recommended therapeutic massage to help alleviate my back pain.
9426,therapeutic,She found the act of painting to be a highly therapeutic outlet for her emotions.
9426,therapeutic,The therapeutic benefits of spending time in nature are well-documented.
9426,therapeutic,We're exploring various therapeutic interventions to improve the children's social skills.
9427,retard,"The heavy traffic did retard our progress, making us late for the meeting."
9427,retard,Excessive bureaucracy can retard economic growth and innovation.
9427,retard,Applying a cold compress can help retard the swelling after an injury.
9427,retard,The lack of funding significantly retarded the project's completion.
9427,retard,The new regulations are designed to retard the spread of misinformation online.
9428,asthema,"As the day wore on, the athlete's asthma began to flare up, making it difficult for him to maintain his pace."
9428,asthema,The doctor explained that managing asthma requires a combination of medication and avoiding triggers like pollen and smoke.
9428,asthema,"Despite having asthma since childhood, she has learned to manage her condition and live a full, active life."
9428,asthema,"The increasing levels of air pollution in the city are exacerbating asthma symptoms for many residents, especially children."
9428,asthema,"He keeps his inhaler close by, as his asthma can be triggered by sudden changes in temperature or humidity."
9429,punk,"The punk band's music was raw, energetic, and full of anti-establishment sentiments."
9429,punk,Don't be such a punk; stand up for yourself and tell him what you really think.
9429,punk,"She had a punk phase in high school, complete with brightly colored hair and ripped jeans."
9429,punk,The security guard wasn't going to let any punks disrupt the concert.
9429,punk,"He considered himself a punk rocker at heart, even though he now worked a corporate job."
9430,reunite,"After years of being apart, the family decided to reunite for the holidays at their grandmother's house."
9430,reunite,The animal shelter worked tirelessly to reunite lost pets with their worried owners.
9430,reunite,The band members announced their plans to reunite for a special concert tour next summer.
9430,reunite,Negotiations are underway to reunite the divided country under a single government.
9430,reunite,"I hope that someday, even after all this time, we can reunite and be friends again."
9431,gig,My band has a gig at the local pub next Friday night; come along if you're free.
9431,gig,She picked up a freelance writing gig to earn some extra money while she was between jobs.
9431,gig,"The jazz trio played a fantastic gig at the concert hall last weekend, drawing a large and enthusiastic crowd."
9431,gig,Landing a tech gig at a company like Google is a dream for many computer science graduates.
9431,gig,"Despite the rain, the outdoor gig continued, and the band played with unwavering energy."
9432,militia,"During the American Revolution, local militias played a crucial role in fighting the British forces."
9432,militia,The governor called up the state militia to help with disaster relief efforts after the hurricane.
9432,militia,Some argue that the Second Amendment protects the right of individuals to form a well-regulated militia.
9432,militia,"The small town formed a neighborhood watch, essentially a local militia, to combat the recent increase in burglaries."
9432,militia,"He claimed to be a member of a right-wing militia group, though I wasn't sure how seriously to take him."
9433,sabotage,Someone tried to sabotage our efforts by spreading false rumors about the project.
9433,sabotage,I think he's unconsciously trying to sabotage his own success by procrastinating.
9433,sabotage,The disgruntled employee decided to sabotage the company's computer system as an act of revenge.
9433,sabotage,We need to investigate whether the recent equipment malfunctions were accidental or an act of sabotage.
9433,sabotage,Don't let your fear of failure sabotage your chances of achieving your goals; just try your best.
9434,arsenal,The chef's arsenal of spices allowed him to create incredibly complex and flavorful dishes.
9434,arsenal,"Before embarking on the project, we need to assess our arsenal of tools and resources to ensure we have everything we need."
9434,arsenal,The debate team had a impressive arsenal of facts and statistics to support their arguments.
9434,arsenal,"As a freelance writer, my arsenal includes strong research skills, excellent grammar, and a knack for storytelling."
9434,arsenal,The company invested heavily in building an arsenal of cybersecurity defenses to protect against potential threats.
9435,devastating,"The news of the factory closing was devastating for the small town, as it was the primary source of employment."
9435,devastating,Her rejection of his proposal was devastating; he had truly believed they were meant to be together.
9435,devastating,"The hurricane caused devastating damage to the coastline, leaving many homes completely destroyed."
9435,devastating,"Losing the championship game after such a strong season was devastating, but the team vowed to come back stronger next year."
9435,devastating,"The doctor's diagnosis was devastating, but she remained determined to fight the illness with everything she had."
9436,scorch,Be careful not to scorch the rice; keep the heat low and stir it frequently.
9436,scorch,"The sun began to scorch the dry grass, turning the fields brown within days."
9436,scorch,The iron was too hot and left a scorch mark on my favorite shirt.
9436,scorch,"After the fire, all that remained was a scorched landscape, a stark reminder of the devastation."
9436,scorch,"The politician's reputation was scorched by the scandal, making it difficult for him to recover."
9437,hectare,The farmer owns approximately 50 hectares of prime agricultural land.
9437,hectare,We need to purchase at least two more hectares of forest to complete the nature reserve.
9437,hectare,The fire destroyed over 100 hectares of woodland before firefighters were able to contain it.
9437,hectare,"How many hectares is your property, roughly?"
9437,hectare,"This national park covers an area of 5,000 hectares, making it one of the largest in the country."
9438,sear,"The chef used a very hot pan to sear the scallops, creating a beautiful golden crust."
9438,sear,"Memories of that summer still sear my mind, even after all these years."
9438,sear,"Before braising the short ribs, it's important to sear them on all sides to lock in the flavor."
9438,sear,The intense heat from the explosion seemed to sear the air around us.
9438,sear,"If you want a juicy steak, sear it quickly on high heat and then finish it in the oven."
9439,veal,The restaurant's menu featured a classic veal parmesan with a side of spaghetti.
9439,veal,I'm not a big fan of veal; I find the ethical implications of its production troubling.
9439,veal,"For a special occasion, my mother prepares a delicious veal scallopini with lemon and capers."
9439,veal,"He ordered the veal chop, hoping it would be more tender than the steak he had last time."
9439,veal,The butcher recommended trying the veal cutlets for a quick and easy weeknight meal.
9440,ceramic,She collected ceramic figurines of animals from all over the world.
9440,ceramic,The museum displayed a fascinating collection of ancient ceramic pottery.
9440,ceramic,We chose a ceramic tile backsplash for the kitchen because it's durable and easy to clean.
9440,ceramic,The heat shield of the spacecraft was made from a special type of ceramic material to withstand extreme temperatures.
9440,ceramic,"I accidentally dropped my coffee mug, and it shattered into a million ceramic pieces."
9441,simulate,"Flight simulators are used to simulate various emergency situations, allowing pilots to practice their responses in a safe environment."
9441,simulate,We can simulate the effects of different marketing strategies to determine which one is most likely to succeed.
9441,simulate,"The computer program can simulate the behavior of a complex ecosystem, helping us understand the impact of environmental changes."
9441,simulate,"I tried to simulate excitement when she told me about her new job, but I was honestly a little jealous."
9441,simulate,The researchers used a sophisticated model to simulate the spread of the virus through the population.
9442,configuration,The network administrator is checking the server's configuration to ensure optimal performance.
9442,configuration,I'm not sure why the program isn't working; can you double-check the configuration settings?
9442,configuration,The new software requires a specific hardware configuration to run smoothly.
9442,configuration,We need to decide on the configuration of the office space – do we want individual cubicles or an open plan?
9442,configuration,"Before launching the website, we ran tests on various browser configurations to guarantee compatibility."
9443,ion,The pH level of the solution indicates the concentration of hydrogen ions.
9443,ion,"A battery works by moving ions between the electrodes, creating an electrical current."
9443,ion,"Many water filters are designed to remove harmful ions, like lead, from drinking water."
9443,ion,Ions are essential for nerve function; they help transmit signals throughout the body.
9443,ion,"During electrolysis, positive ions are attracted to the cathode and negative ions to the anode."
9444,stipulate,The contract clearly stipulates that all payments must be received within 30 days of the invoice date.
9444,stipulate,"My doctor didn't stipulate a specific brand of painkiller, just something over-the-counter."
9444,stipulate,"Before we proceed, let's stipulate the terms of our agreement to avoid any misunderstandings later."
9444,stipulate,The university's policy stipulates that students must maintain a minimum GPA of 2.0 to remain eligible for financial aid.
9444,stipulate,"While I'm happy to help, I must stipulate that I'll need at least a week's notice for any major changes."
9445,mandatory,"Wearing a seatbelt is mandatory in this state, so please buckle up."
9445,mandatory,Attendance at the safety briefing is mandatory for all new employees.
9445,mandatory,The company has made it mandatory to use two-factor authentication for all employee accounts to improve security.
9445,mandatory,"While the optional workshops are beneficial, only the core training modules are mandatory."
9445,mandatory,"Submitting your tax return by the deadline is mandatory, or you'll face a penalty."
9446,polytechnic,"After graduating high school, she decided to attend the local polytechnic to study engineering technology."
9446,polytechnic,My uncle teaches automotive repair at the polytechnic and says the demand for skilled mechanics is incredibly high.
9446,polytechnic,The government is investing heavily in polytechnic education to address the skills gap in the manufacturing sector.
9446,polytechnic,"Instead of going to university, he chose a more hands-on approach and enrolled in a polytechnic, focusing on practical skills for the workforce."
9446,polytechnic,"The city's polytechnic offers a wide range of vocational courses, from carpentry and plumbing to computer programming and graphic design."
9447,subsidize,The government decided to subsidize renewable energy projects to encourage their development.
9447,subsidize,Should we subsidize public transportation to make it more affordable for low-income residents?
9447,subsidize,The arts council uses donations to subsidize local theater productions and keep ticket prices down.
9447,subsidize,"Many farmers rely on government programs that subsidize their crops, especially during times of drought."
9447,subsidize,My company helps subsidize my gym membership as part of its employee wellness program.
9448,surmount,"With hard work and determination, we can surmount any obstacle in our path."
9448,surmount,"The mountain climbers were determined to surmount the treacherous peak, despite the blizzard conditions."
9448,surmount,She managed to surmount her initial shyness and deliver a compelling presentation.
9448,surmount,"It's not easy, but I believe we can surmount these financial difficulties with a clear plan and some sacrifices."
9448,surmount,"After many setbacks, the company finally managed to surmount the regulatory hurdles and launch their new product."
9449,recourse,"If negotiations fail, our only recourse will be to file a lawsuit."
9449,recourse,"With all other avenues exhausted, his last recourse was to ask his family for help."
9449,recourse,Consumers often have little recourse against large corporations when they are unfairly treated.
9449,recourse,She felt she had no recourse but to quit her job after experiencing repeated harassment.
9449,recourse,"As a last resort, the company sought recourse through international arbitration to resolve the trade dispute."
9450,pageant,"She's been practicing her talent routine for months, hoping to win the local beauty pageant."
9450,pageant,The historical society is organizing a pageant to celebrate the town's 200th anniversary.
9450,pageant,"Despite the glitz and glamour, some people find beauty pageants to be outdated and objectifying."
9450,pageant,"He volunteered to help with the set design for the school's holiday pageant, which features students of all ages."
9450,pageant,The documentary explored the intense pressure and training involved in preparing for a national pageant competition.
9451,televise,"The network decided to televise the entire trial, hoping for high ratings."
9451,televise,Do you think they will televise the local elections this year?
9451,televise,"The charity concert will be televised live on Saturday night, so be sure to tune in!"
9451,televise,We're planning to televise the graduation ceremony so that family members who can't attend in person can still watch.
9451,televise,"Back in the day, it was a big deal when they started to televise the Olympics internationally."
9452,attempted,"The burglar attempted to open the safe, but the alarm went off."
9452,attempted,"She attempted to explain her reasoning, but no one seemed to understand."
9452,attempted,"Despite repeated attempts, he still hadn't managed to fix the leaky faucet."
9452,attempted,"The mountain climber attempted the summit in treacherous conditions, but had to turn back."
9452,attempted,The defendant was charged with attempted robbery after trying to steal a wallet.
9453,topple,The stack of books was so high that it threatened to topple over at any moment.
9453,topple,Protesters hoped their demonstrations would topple the corrupt regime.
9453,topple,"He accidentally bumped the table, causing the vase to topple and shatter on the floor."
9453,topple,"If we don't reinforce this wall, it's going to topple in the next strong wind."
9453,topple,The scandal was the final straw that toppled the CEO from his position of power.
9454,transact,We can transact the sale online if that's more convenient for you.
9454,transact,Please use the designated counter to transact your business.
9454,transact,Many people prefer to transact using credit cards rather than cash these days.
9454,transact,The company refuses to transact with businesses that have a history of unethical practices.
9454,transact,It's important to ensure the website is secure before you transact any financial information online.
9455,impediment,His lack of experience proved to be a significant impediment to getting the promotion.
9455,impediment,The language barrier was a major impediment when we tried to communicate with the locals.
9455,impediment,"I tried to explain the situation, but my nervousness created an impediment to clear speech."
9455,impediment,The construction delays are a serious impediment to the timely completion of the project.
9455,impediment,"Despite her physical impediment, she excelled in her chosen sport through sheer determination."
9456,surveyor,The surveyor marked the property lines clearly with brightly colored flags.
9456,surveyor,We need a surveyor to determine if the new fence is encroaching on our neighbor's land.
9456,surveyor,"After years of experience, she became a licensed land surveyor, a respected position in the community."
9456,surveyor,The construction company hired a surveyor to ensure the building was properly aligned with the city's master plan.
9456,surveyor,"According to the surveyor's report, the soil conditions are stable enough to support a multi-story building."
9457,inadvertently,I inadvertently deleted the file when I was trying to clean up my desktop.
9457,inadvertently,He inadvertently revealed the surprise party plans during a casual conversation.
9457,inadvertently,The company inadvertently sent out the wrong invoice to all of its clients.
9457,inadvertently,"While backing out of the driveway, I inadvertently bumped into my neighbor's trash can."
9457,inadvertently,The sensitive information was inadvertently disclosed due to a misconfiguration in the server settings.
9458,trespass,"The sign clearly stated 'No Trespassing,' so we knew we couldn't go any further on the path."
9458,trespass,"I'm sorry, officer, I didn't realize I was trespassing on private property; I'll turn around immediately."
9458,trespass,"If you trespass on my land again, I will be forced to press charges."
9458,trespass,He felt like he was trespassing on her grief by asking too many questions about her loss.
9458,trespass,The lawsuit alleges that the construction company continued to trespass on the adjacent property despite repeated warnings.
9459,artillery,The historical reenactment included a demonstration of how artillery was used in the Civil War.
9459,artillery,We could hear the distant rumble of artillery fire during the training exercise.
9459,artillery,The museum has a fascinating exhibit on the evolution of artillery from cannons to modern howitzers.
9459,artillery,He specialized in artillery tactics during his time in the military.
9459,artillery,The report detailed the devastating impact of the artillery barrage on the enemy fortifications.
9460,underwrite,"The bank agreed to underwrite the mortgage, so we can finally buy the house."
9460,underwrite,Several local businesses have pledged to underwrite the community theater's upcoming production.
9460,underwrite,"I'm hesitant to underwrite his risky business venture, even though he's a close friend."
9460,underwrite,The insurance company refused to underwrite the policy because of the property's location in a flood zone.
9460,underwrite,Our organization is seeking sponsors to help underwrite the cost of the annual charity gala.
9461,consortium,The university joined a consortium of research institutions to share resources and expertise on climate change.
9461,consortium,Several local businesses formed a consortium to bid on the city's new transportation project.
9461,consortium,Our company is part of a consortium working to develop sustainable energy solutions.
9461,consortium,"Are you aware that the library is now part of a consortium, giving you access to a much wider range of books and online resources?"
9461,consortium,The consortium announced its plans to invest heavily in renewable energy infrastructure over the next decade.
9462,ventilate,We need to ventilate the room thoroughly after using the cleaning chemicals.
9462,ventilate,It's important to ventilate your home regularly to prevent mold growth.
9462,ventilate,The doctor recommended that I ventilate my lungs more effectively by practicing deep breathing exercises.
9462,ventilate,The construction crew installed a new system to ventilate the underground parking garage.
9462,ventilate,"During the debate, the senator used his time to ventilate his grievances with the current administration's policies."
9463,innermost,"She hesitated to share her innermost thoughts with anyone, fearing judgment."
9463,innermost,The safe's innermost chamber contained the most valuable jewels.
9463,innermost,"Reaching the innermost part of the forest, we discovered a hidden waterfall."
9463,innermost,He struggled to confront his innermost demons and find peace.
9463,innermost,"The architect designed the building with an innermost courtyard, providing a tranquil escape from the city's bustle."
9464,incense,"The strong smell of incense filled the temple, creating a calming atmosphere."
9464,incense,His dismissive attitude really incensed me; I couldn't believe how rude he was being.
9464,incense,Many people find that burning incense helps them to relax and meditate.
9464,incense,The government's decision to raise taxes on essential goods is sure to incense the public.
9464,incense,She lit a stick of sandalwood incense to mask the unpleasant odor coming from the kitchen.
9465,veto,The president is expected to veto the bill if it passes both houses of Congress.
9465,veto,"My dad has the final veto on what we watch on TV, which is usually a nature documentary."
9465,veto,Several board members threatened to veto the proposed merger if their concerns weren't addressed.
9465,veto,"I wanted to go to the beach, but my sister vetoed the idea because she wanted to go to the movies instead."
9465,veto,"Despite the committee's recommendation, the CEO decided to exercise his veto power and reject the marketing campaign."
9466,referendum,The Prime Minister decided to hold a referendum on the proposed changes to the electoral system.
9466,referendum,I'm not sure how I'll vote in the upcoming referendum; I need to research both sides of the argument.
9466,referendum,The results of the referendum showed a clear majority in favor of the new constitution.
9466,referendum,Do you think a referendum is the best way to decide such a complex and nuanced issue?
9466,referendum,The citizens of Switzerland frequently use referendums to directly influence policy decisions.
9467,wager,"I'd wager that it's going to rain later, given how dark the clouds are."
9467,wager,"He tried to wager his car in a poker game, but his friends talked him out of it."
9467,wager,The company decided to wager a significant portion of its budget on the new marketing campaign.
9467,wager,What's the highest amount you're willing to wager on this horse race?
9467,wager,Sources wager that the CEO will announce his retirement at the next shareholders' meeting.
9468,poker,He's got a great poker face; it's impossible to tell if he's bluffing or holding a winning hand.
9468,poker,"We're having a poker night at my place this Saturday, you should come!"
9468,poker,The article discussed the increasing popularity of online poker tournaments and their impact on the gambling industry.
9468,poker,"Despite initially disliking card games, she found herself enjoying the strategic elements of poker."
9468,poker,"After losing all his money in a high-stakes poker game, he vowed to never gamble again."
9469,woo,"He tried to woo her with flowers and chocolates, but she wasn't interested."
9469,woo,The company launched a new marketing campaign to woo younger customers.
9469,woo,Politicians often woo voters with promises of lower taxes and better services.
9469,woo,The university actively woos top students from around the world with generous scholarship packages.
9469,woo,"Despite his best efforts to woo the board of directors, they remained unconvinced by his proposal."
9470,electorate,The candidate struggled to connect with the younger members of the electorate.
9470,electorate,Political analysts are closely examining the changing demographics of the electorate to predict the election outcome.
9470,electorate,"Apathy within the electorate is a major concern, as low voter turnout can undermine democratic processes."
9470,electorate,The government hopes these new policies will appeal to a broader segment of the electorate and secure their support.
9470,electorate,"Despite the controversy surrounding his past, he still commands a loyal following within a significant portion of the electorate."
9471,buildup,The buildup of traffic on the highway caused significant delays for commuters.
9471,buildup,"There was a lot of hype and buildup surrounding the movie's release, but it ultimately disappointed me."
9471,buildup,The athlete focused on a slow and steady buildup of strength before the competition.
9471,buildup,I could feel the tension buildup in the room as the argument escalated.
9471,buildup,The doctor recommended a buildup of iron in my diet to combat my anemia.
9472,symmetry,The architect emphasized the building's symmetry by placing identical wings on either side of the central entrance.
9472,symmetry,I appreciate the almost perfect symmetry in the butterfly's wings; it's truly a marvel of nature.
9472,symmetry,"While the artist strived for symmetry in the painting, a few deliberate imperfections added to its unique character."
9472,symmetry,The dance routine was designed to showcase the dancers' coordination and their ability to create symmetrical formations.
9472,symmetry,Finding a partner with whom you have a symmetry of values and beliefs is crucial for a successful long-term relationship.
9473,porcelain,She carefully placed the delicate porcelain doll back on the shelf.
9473,porcelain,The antique shop was filled with beautiful porcelain figurines and vases.
9473,porcelain,I prefer drinking my tea from a fine porcelain cup; it just feels more elegant.
9473,porcelain,Be careful with that porcelain sink; it chips easily if you drop something heavy in it.
9473,porcelain,The museum curator explained the intricate process of firing porcelain to achieve its unique translucence.
9474,astound,"The magician's incredible disappearing act continued to astound the audience, even after he revealed some of his secrets."
9474,astound,It astounds me how quickly children learn new languages; my niece was fluent in Spanish within a year of starting classes.
9474,astound,Her dedication to the project and the speed at which she completed it astounded her colleagues and earned her a promotion.
9474,astound,"The sheer scale of the Grand Canyon continues to astound visitors from all over the world, leaving them speechless."
9474,astound,I was astounded by the generosity of strangers who donated to help rebuild our community after the devastating fire.
9475,archaeologist,"The archaeologist carefully brushed away the dirt, revealing an ancient artifact."
9475,archaeologist,"My aunt is an archaeologist specializing in Mayan civilization, and she's currently working on a dig in Guatemala."
9475,archaeologist,The museum hired a new archaeologist to curate the exhibit on Roman history.
9475,archaeologist,"As an archaeologist, she believes that understanding the past is crucial for navigating the future."
9475,archaeologist,"The archaeologist presented her findings at the conference, outlining the significance of the newly discovered burial site."
9476,bristle,The dog's fur began to bristle as it sensed the presence of the unfamiliar cat in the yard.
9476,bristle,He would bristle at any suggestion that his work was anything less than perfect.
9476,bristle,"The artist carefully cleaned his brushes, ensuring that no paint dried and caused the bristles to harden."
9476,bristle,"Despite her calm demeanor, I could see her bristle when the topic of her ex-husband came up."
9476,bristle,"The old toothbrush's bristles were bent and splayed, making it ineffective for cleaning."
9477,groundless,The rumors about the company's imminent bankruptcy are completely groundless.
9477,groundless,Her accusations against him were proven to be groundless after a thorough investigation.
9477,groundless,"I dismissed his complaints as groundless, since he had no evidence to support them."
9477,groundless,Don't let groundless fears prevent you from pursuing your dreams.
9477,groundless,"Despite his passionate arguments, his claims remained groundless in the absence of concrete data."
9478,contender,"After a strong showing in the primaries, she emerged as a serious contender for the presidential nomination."
9478,contender,"Despite being the underdog, he proved to be a strong contender in the chess tournament."
9478,contender,"Our company is a major contender in the tech industry, constantly innovating and pushing boundaries."
9478,contender,"The new electric car is a serious contender in the market, offering both performance and eco-friendliness."
9478,contender,"With their consistent sales growth, they're definitely a contender for the top spot in the regional market."
9479,egocentric,"His egocentric attitude made it difficult for him to collaborate effectively with his team, as he always insisted on his ideas being the best."
9479,egocentric,I try to avoid discussing my problems with her because she tends to make everything about herself; she's incredibly egocentric.
9479,egocentric,"While a certain degree of self-confidence is healthy, becoming too egocentric can alienate friends and family."
9479,egocentric,"The CEO's egocentric management style, characterized by a lack of empathy and disregard for employee well-being, ultimately led to the company's downfall."
9479,egocentric,"Teenagers are often perceived as egocentric, believing that everyone is constantly paying attention to them and judging their actions."
9480,construe,"His silence could be construed as either agreement or disapproval, depending on your perspective."
9480,construe,I didn't mean to offend you; please don't construe my comment as a personal attack.
9480,construe,The judge warned the jury not to construe the defendant's nervousness as evidence of guilt.
9480,construe,"Some people might construe her decision to quit her job as a sign of weakness, but I think it's incredibly brave."
9480,construe,How are we to construe this ambiguous statement from the company's CEO?
9481,outright,"The company outright rejected our proposal, offering no counter-arguments or suggestions."
9481,outright,I told him outright that I wasn't happy with his performance on the project.
9481,outright,"She won the race outright, finishing several seconds ahead of the second-place runner."
9481,outright,"The politician's statement was an outright lie, easily disproven by readily available facts."
9481,outright,"He asked me for money outright, which I found a bit presumptuous."
9482,defiance,The teenager's constant defiance of her parents' rules led to frequent arguments.
9482,defiance,"In a show of defiance, the protesters refused to leave the park despite the police orders."
9482,defiance,"His quiet defiance spoke volumes, even though he didn't say a word."
9482,defiance,The company's defiance of the environmental regulations resulted in a hefty fine.
9482,defiance,"Despite the overwhelming odds, the small village held onto its spirit of defiance and refused to surrender."
9483,mandate,The election results gave the president a clear mandate to proceed with his proposed economic reforms.
9483,mandate,Our manager gave us a mandate to improve customer satisfaction scores by the end of the quarter.
9483,mandate,The committee was given a specific mandate: to investigate allegations of corruption within the department.
9483,mandate,The CEO's mandate is to modernize the company's infrastructure and increase its market share.
9483,mandate,The community group felt they had a mandate from the residents to oppose the proposed development project.
9484,preoccupied,"She seemed preoccupied during the meeting, barely participating in the discussion."
9484,preoccupied,He was so preoccupied with his phone that he almost walked into a lamppost.
9484,preoccupied,"The professor was preoccupied with the complexities of quantum physics, making it difficult for him to explain it simply."
9484,preoccupied,Don't mind him; he's been preoccupied ever since he lost his wallet.
9484,preoccupied,The government is increasingly preoccupied with issues of national security in the face of growing global instability.
9485,covet,I covet the simplicity and peace of life in the countryside.
9485,covet,"He tried not to covet his neighbor's success, but it was difficult seeing them achieve so much."
9485,covet,Many young entrepreneurs covet the resources and connections of established business leaders.
9485,covet,She couldn't help but covet the designer handbag she saw in the shop window.
9485,covet,"The athlete admitted to coveting the gold medal, having trained relentlessly for years."
9486,deduce,"From the tire tracks and the mud on the car, we can deduce that they drove off-road."
9486,deduce,"Seeing her consistently late to meetings, I deduce she's probably not a morning person."
9486,deduce,"Based on the evidence presented, the jury could only deduce that the defendant was guilty."
9486,deduce,"Since the restaurant is always packed, I deduce that the food must be pretty good."
9486,deduce,"By analyzing the ancient texts, historians can deduce valuable information about past civilizations."
9487,bacterial,The doctor suspected a bacterial infection and prescribed antibiotics.
9487,bacterial,Proper handwashing is essential to prevent the spread of bacterial contamination.
9487,bacterial,Scientists are studying the bacterial composition of the gut microbiome.
9487,bacterial,Some cheeses rely on specific bacterial cultures for their unique flavor and texture.
9487,bacterial,The researchers observed a significant increase in bacterial growth in the treated samples.
9488,mutation,The sudden mutation in the virus's genetic code made it resistant to the existing vaccine.
9488,mutation,Scientists are studying the genetic mutation that causes the rare skin condition.
9488,mutation,"It's important to remember that not all mutations are harmful; some can even be beneficial, leading to adaptation."
9488,mutation,The character in the science fiction novel undergoes a bizarre mutation after exposure to radiation.
9488,mutation,"The farmer noticed a strange mutation in his crops, resulting in unusually large tomatoes."
9489,attributable,The delay in the project's completion is directly attributable to the unexpected weather conditions.
9489,attributable,A significant portion of the company's growth is attributable to their innovative marketing strategies.
9489,attributable,"While some of the symptoms may be stress-related, others are attributable to a possible underlying medical condition; therefore, further investigation is warranted."
9489,attributable,Much of the recent increase in local crime is attributable to the economic downturn in the region.
9489,attributable,His success as a musician is largely attributable to his years of dedicated practice and unwavering passion.
9490,digestive,"Eating too quickly can negatively impact your digestive system, leading to discomfort."
9490,digestive,The doctor recommended I take a digestive enzyme supplement to help with bloating.
9490,digestive,"This tea is marketed as a digestive aid, claiming to soothe the stomach after a heavy meal."
9490,digestive,"For some people, foods high in fiber can cause digestive issues, such as gas or constipation."
9490,digestive,"The professor's lecture provided a comprehensive overview of the human digestive process, from ingestion to elimination."
9491,enzyme,The doctor explained that my digestive issues might be due to a lack of certain enzymes in my gut.
9491,enzyme,Scientists are studying how different enzymes react to various temperatures and pH levels.
9491,enzyme,This laundry detergent contains enzymes that help break down tough stains like grass and blood.
9491,enzyme,I'm taking a supplement that contains digestive enzymes to help me better absorb nutrients from my food.
9491,enzyme,The fermentation process relies heavily on the action of enzymes produced by yeast and bacteria.
9492,delude,Don't delude yourself into thinking you can finish that project in one night; it's far more complex than it seems.
9492,delude,"He tried to delude the insurance company by faking an injury, but they quickly saw through his deception."
9492,delude,The politician's empty promises are meant to delude voters into believing he cares about their concerns.
9492,delude,"She knew he was just trying to delude her with flattery, but she couldn't help but enjoy the attention."
9492,delude,"It's easy to delude oneself into thinking social media reflects reality, but it often presents a highly curated and unrealistic version of life."
9493,deficient,"The doctor said my iron levels were deficient, which explained my constant fatigue."
9493,deficient,"This soil is deficient in nitrogen, so we'll need to add some fertilizer before planting."
9493,deficient,"His understanding of basic economics is deficient, making it difficult to follow the discussion."
9493,deficient,"The company's quality control procedures were deficient, leading to a large number of defective products being shipped."
9493,deficient,"While she's a talented artist, her technical skills are somewhat deficient and need further development."
9494,performing,The band is performing their new album live in concert tonight.
9494,performing,She's been performing well at work lately and is up for a promotion.
9494,performing,The surgeon is performing a delicate operation to remove the tumor.
9494,performing,Are you performing any maintenance on the car this weekend?
9494,performing,"The software was performing slowly, so we had to optimize the code."
9495,deplore,I deplore the amount of plastic waste polluting our oceans.
9495,deplore,We deeply deplore the violence that occurred during the protest.
9495,deplore,"While I understand his frustration, I deplore his use of such offensive language."
9495,deplore,Many people deplore the increasing commercialization of the holiday season.
9495,deplore,"She said she deplored having to cancel the meeting at the last minute, but a family emergency came up."
9496,accountability,The company needs to improve its accountability measures to prevent future financial mismanagement.
9496,accountability,We need to hold our elected officials accountable for their promises during the campaign.
9496,accountability,Taking accountability for your mistakes is a sign of maturity and builds trust.
9496,accountability,"There's a lack of accountability in the project team, and it's causing delays and frustration."
9496,accountability,The board of directors demanded greater accountability from the CEO regarding the declining stock prices.
9497,diagnose,The doctor hopes to diagnose the cause of my persistent headaches by running some tests.
9497,diagnose,"It took the mechanics a while to diagnose the problem with my car, but they eventually found a faulty sensor."
9497,diagnose,"After observing the symptoms, the veterinarian was able to diagnose the dog with Lyme disease."
9497,diagnose,"The software is designed to diagnose network issues automatically, saving IT staff valuable time."
9497,diagnose,"Based on the evidence presented, I diagnose this project as a complete failure; we need to re-evaluate our strategy immediately."
9498,benign,The doctor assured her that the tumor was benign and wouldn't require immediate treatment.
9498,benign,"Although the company's intentions seemed benign at first, their actions ultimately led to significant environmental damage."
9498,benign,"We appreciate your benign interest in our project, but we're not currently seeking additional funding."
9498,benign,The old woman had a benign smile that put everyone at ease.
9498,benign,"Despite his gruff exterior, he was a benign leader who always looked out for the well-being of his team."
9499,gastric,She was experiencing gastric distress after eating the spicy food.
9499,gastric,The doctor ordered a gastric emptying study to determine the cause of his nausea.
9499,gastric,Gastric acid is essential for the digestion of proteins in the stomach.
9499,gastric,Patients with a history of gastric ulcers should avoid taking NSAIDs.
9499,gastric,"The surgeon performed a partial gastrectomy to remove the cancerous tumor from his stomach, a procedure related to gastric health."
9500,ulcer,The doctor suspects I have an ulcer because I've been experiencing persistent stomach pain after meals.
9500,ulcer,Stress and a poor diet can contribute to the formation of an ulcer in the stomach lining.
9500,ulcer,"He had to be hospitalized due to a bleeding ulcer, which required immediate treatment."
9500,ulcer,My grandfather's been advised to avoid spicy foods and alcohol to prevent his ulcer from flaring up.
9500,ulcer,"In severe cases, an ulcer can perforate the stomach wall, leading to a serious medical emergency."
9501,envisage,I can't envisage living anywhere other than near the ocean.
9501,envisage,The city council envisages a complete revitalization of the downtown area within the next five years.
9501,envisage,Did you envisage that the project would be so successful when you first started?
9501,envisage,We need to envisage all possible scenarios to prepare a robust contingency plan.
9501,envisage,She couldn't envisage a future for herself without her children.
9502,autonomous,The company is investing heavily in developing autonomous vehicles for delivery services.
9502,autonomous,"As teenagers get older, they naturally desire to become more autonomous and make their own decisions."
9502,autonomous,The research team is working on creating an autonomous system that can monitor and respond to changes in the environment without human intervention.
9502,autonomous,"While the project was initially intended to be fully autonomous, we realized that human oversight was still necessary in certain situations."
9502,autonomous,"I appreciate having an autonomous role in this project, as it allows me to take ownership and be more creative."
9503,viable,"We explored several business plans, but only one seemed economically viable."
9503,viable,"Is it even viable to try and repair this old car, or should we just buy a new one?"
9503,viable,"The candidate's proposal for universal healthcare is interesting, but many question whether it's politically viable."
9503,viable,"For the endangered species to survive, it needs a viable habitat with sufficient resources."
9503,viable,"After the storm, the only viable route to the city was a long detour through the mountains."
9504,envision,I envision a future where renewable energy powers the entire world.
9504,envision,Can you envision yourself working here in five years?
9504,envision,The architect helped us envision the possibilities for our new home renovation.
9504,envision,"Before starting the project, the team needed to envision a clear roadmap for success."
9504,envision,He couldn't envision life without his family and friends.
9505,duet,The opera house was packed to see the famous soprano perform a duet with a rising baritone.
9505,duet,"We're thinking of singing a duet at the wedding, but we haven't decided on a song yet."
9505,duet,"Their voices blended beautifully in the duet, creating a truly magical moment for the audience."
9505,duet,"After years apart, the band surprised fans by performing an impromptu acoustic duet during their reunion tour."
9505,duet,"The choreographer created a stunning ballet duet, showcasing the dancers' strength and grace."
9506,alto,The choir needed more altos to balance the soprano section.
9506,alto,"She sang alto in the church choir, her voice rich and resonant."
9506,alto,The alto saxophone has a slightly warmer tone than the tenor.
9506,alto,"During the audition, the conductor asked if anyone could sing alto to fill a gap in the ensemble."
9506,alto,I've always admired singers with a strong alto range; it's such a powerful and versatile voice type.
9507,exasperate,"His constant humming began to exasperate me, especially when I was trying to concentrate."
9507,exasperate,The slow internet connection would exasperate even the most patient person.
9507,exasperate,Dealing with the bureaucratic red tape only served to exasperate the already frustrated customers.
9507,exasperate,Don't let his stubbornness exasperate you; just try to find a different approach to the problem.
9507,exasperate,"The politician's evasive answers and lack of transparency exasperated the public, who demanded accountability."
9508,erratic,"The old car's engine was making erratic noises, sputtering and stalling at random intervals."
9508,erratic,"Her behavior has been erratic lately; one minute she's happy, the next she's completely withdrawn."
9508,erratic,"Due to the erratic weather patterns this year, the crop yields have been significantly lower than expected."
9508,erratic,The stock market's erratic performance makes it difficult for investors to predict future trends with any certainty.
9508,erratic,"His erratic sleep schedule, often staying up all night and sleeping during the day, was starting to affect his health."
9509,ferret,"The detective decided to ferret out the truth, no matter how long it took."
9509,ferret,My dog is like a ferret; he can squeeze under the fence and get into the neighbor's yard.
9509,ferret,I need to ferret through these old boxes to find my passport before our trip.
9509,ferret,She kept her ferret in a multi-level cage with plenty of toys and tunnels.
9509,ferret,"The journalist was determined to ferret out the details of the scandal, even if it meant risking her career."
9510,trauma,"The car accident was a significant trauma for her, and she still has nightmares about it."
9510,trauma,He's been working with a therapist to process the trauma he experienced during his childhood.
9510,trauma,Witnessing the natural disaster left many people in the community with lasting psychological trauma.
9510,trauma,The doctor explained that the patient was suffering from physical trauma as a result of the fall.
9510,trauma,"While the event was upsetting, I wouldn't describe it as a trauma; more like a very stressful experience."
9511,debtor,The bank is pursuing legal action against the debtor for failing to make payments on their loan.
9511,debtor,"As a debtor, she was constantly worried about how she would manage to pay off her credit card bills each month."
9511,debtor,"The company declared bankruptcy, listing hundreds of creditors and a single, primary debtor: its founder."
9511,debtor,"Before lending any money, always check the borrower's credit history to assess their likelihood of becoming a delinquent debtor."
9511,debtor,"He inherited a significant sum of money, finally freeing him from being a debtor and allowing him to start a new life."
9512,fret,Don't fret about the small stuff; focus on what you can control.
9512,fret,"She tends to fret over her children's safety, even when they're just playing in the backyard."
9512,fret,"He didn't fret too much about the exam, confident that he had prepared adequately."
9512,fret,There's no use fretting about the past; we need to look towards the future.
9512,fret,"The manager told the team not to fret over the initial setback, assuring them that they could still achieve their goals."
9513,installation,"The installation of the new software took much longer than expected, and I had to restart my computer twice."
9513,installation,"We're having a new air conditioning installation next week, so expect some noise."
9513,installation,The art gallery is showcasing a large-scale multimedia installation by a local artist.
9513,installation,"The security system installation went smoothly, and now we feel much safer in our home."
9513,installation,Please follow the manufacturer's instructions carefully during the installation process to avoid damaging the product.
9514,anchorage,The small boat found a safe anchorage in the sheltered cove during the storm.
9514,anchorage,The harbor master confirmed that the designated anchorage was clear of any obstructions.
9514,anchorage,"Anchorage is a beautiful city, but the long winters can be challenging."
9514,anchorage,"Before setting sail, we need to check the charts and confirm the planned anchorage for the night."
9514,anchorage,"The ship dragged its anchor and drifted from its designated anchorage, causing a minor collision with another vessel."
9515,wharf,"The old fishing boat was moored to the wharf, its nets drying in the sun."
9515,wharf,We watched the cargo being unloaded from the freighter at the busy city wharf.
9515,wharf,Let's meet down at the wharf and grab some fresh seafood for dinner.
9515,wharf,The historic preservation society is working to restore the old wooden wharf to its former glory.
9515,wharf,"The cruise ship slowly maneuvered towards the wharf, ready to disembark its passengers."
9516,loom,"The deadline for the project began to loom, causing everyone to work late."
9516,loom,"A storm was brewing on the horizon, and dark clouds began to loom over the small town."
9516,loom,Uncertainty about the company's future began to loom after the CEO's sudden resignation.
9516,loom,"As I waited for the test results, the possibility of a negative outcome loomed large in my mind."
9516,loom,"The old mill, abandoned for years, still loomed on the landscape, a reminder of the town's industrial past."
9517,overhear,"I didn't mean to eavesdrop, but I couldn't help but overhear their argument in the next room."
9517,overhear,"She overheard her boss discussing potential layoffs, which made her extremely anxious."
9517,overhear,"While waiting in line at the coffee shop, I overheard a fascinating conversation about astrophysics."
9517,overhear,He overheard the children plotting a surprise party for their mother and tried his best to act surprised later.
9517,overhear,"The journalist overheard a crucial piece of information during the press conference, which became the lead for her story."
9518,franchise,I'm thinking of buying a franchise; maybe a coffee shop or a fast-food restaurant.
9518,franchise,The new Star Wars movie is the latest installment in a massive media franchise.
9518,franchise,Our local baseball team hasn't won a championship since the franchise moved to this city.
9518,franchise,She's responsible for overseeing the operations of several franchise locations in the region.
9518,franchise,The company is planning to expand its franchise network into international markets next year.
9519,safari,We're planning a safari to Tanzania next year to see the Great Migration.
9519,safari,Did you remember to pack your binoculars for the safari?
9519,safari,"The wildlife photographer spent months on safari, documenting the lives of lions in the Serengeti."
9519,safari,"Going on a safari has always been a dream of mine, but I'm worried about the cost and ethical implications."
9519,safari,"The tour operator offered a variety of safari packages, ranging from budget-friendly camping trips to luxurious lodge stays."
9520,preoccupy,The upcoming deadline for the project continues to preoccupy my thoughts.
9520,preoccupy,Don't let these minor setbacks preoccupy you; focus on the bigger picture.
9520,preoccupy,What seems to preoccupy her most these days is finding the perfect apartment.
9520,preoccupy,"I'm sorry, I wasn't listening; I was preoccupied with the argument I had this morning."
9520,preoccupy,The ethical implications of the new technology increasingly preoccupy policymakers and academics alike.
9521,ratify,The member states are expected to ratify the treaty before the end of the year.
9521,ratify,I hope the company will ratify my decision to hire a new assistant.
9521,ratify,"Once enough countries ratify the agreement, it will officially go into effect."
9521,ratify,The board of directors met today to ratify the proposed budget for the next fiscal year.
9521,ratify,It's crucial that we ratify this amendment to ensure equal rights for all citizens.
9522,proliferation,The proliferation of fake news online has made it difficult to distinguish fact from fiction.
9522,proliferation,We need to address the proliferation of nuclear weapons to ensure global security.
9522,proliferation,The city council is concerned about the proliferation of fast-food restaurants in the downtown area.
9522,proliferation,The recent proliferation of online courses has made education more accessible to people around the world.
9522,proliferation,"Despite the company's efforts, they couldn't stop the proliferation of rumors about a potential merger."
9523,armament,The treaty aimed to limit the proliferation of nuclear armament.
9523,armament,Debates continue about the ethics of investing in companies that manufacture armament.
9523,armament,"The museum displayed a fascinating collection of historical armament, from swords to early firearms."
9523,armament,The rapid armament of the nation worried its neighbors and raised concerns about potential aggression.
9523,armament,"Following the conflict, the disarmament program focused on the safe disposal of surplus armament."
9524,refute,The lawyer presented strong evidence to refute the prosecution's claims.
9524,refute,"I tried to refute his argument, but he was too stubborn to listen."
9524,refute,Her detailed research helped refute the widely held belief that vaccines cause autism.
9524,refute,Can you refute the allegations that you were involved in the scandal?
9524,refute,"Despite his best efforts, he couldn't refute the eyewitness testimony that placed him at the scene of the crime."
9525,faulty,The store issued a recall for the blender because of a faulty motor.
9525,faulty,I suspect the wiring is faulty; the lights keep flickering.
9525,faulty,"Due to a faulty understanding of the instructions, he assembled the furniture incorrectly."
9525,faulty,The investigation revealed that faulty brakes were the primary cause of the accident.
9525,faulty,My phone's GPS is faulty; it keeps directing me to the wrong address.
9526,presumption,It's quite a presumption to assume you know what's best for me.
9526,presumption,The prosecution's case rested on the presumption that the defendant had a motive.
9526,presumption,I apologize if my question came across as a presumption; I didn't mean to offend you.
9526,presumption,There is a legal presumption of innocence until proven guilty.
9526,presumption,"He acted with such presumption, interrupting everyone and talking over them."
9527,rethink,"After seeing the negative feedback, we need to rethink our marketing strategy."
9527,rethink,I'm starting to rethink my decision to accept this job offer; it's not what I expected.
9527,rethink,The city council is being urged to rethink the proposed development plan due to environmental concerns.
9527,rethink,Maybe you should rethink your approach to the problem; there might be a more efficient solution.
9527,rethink,"Given the new evidence, the detective had to rethink his initial assumptions about the case."
9528,paradigm,The company's shift to remote work represented a complete paradigm shift in its operational structure.
9528,paradigm,His groundbreaking research offered a new paradigm for understanding the disease.
9528,paradigm,We need to move away from the old paradigm of focusing solely on profit and consider the environmental impact.
9528,paradigm,That whole situation is a perfect paradigm of why you shouldn't trust everything you read online.
9528,paradigm,The artist's unique style challenged the established paradigm of contemporary art.
9529,revere,Many cultures revere their elders for their wisdom and experience.
9529,revere,Historians often revere Abraham Lincoln for his leadership during the Civil War.
9529,revere,"While I respect her accomplishments, I don't necessarily revere her as a role model."
9529,revere,The small village continues to revere the ancient traditions passed down through generations.
9529,revere,"It's important to question authority, even when we are taught to revere it."
9530,eligible,"After working at the company for a year, you'll be eligible for paid vacation time."
9530,eligible,"To be eligible for the scholarship, applicants must maintain a 3.5 GPA and demonstrate financial need."
9530,eligible,"Are you eligible to vote in the upcoming election, or do you need to register?"
9530,eligible,"Unfortunately, due to your previous criminal record, you are not eligible to adopt a child at this time."
9530,eligible,"The software upgrade is only available to customers with a premium subscription, so check if you're eligible on our website."
9531,tenure,"After a rigorous review process, Dr. Ramirez was granted tenure at the university, securing her position as a professor."
9531,tenure,"His tenure as CEO was marked by significant growth and innovation, although some questioned his leadership style."
9531,tenure,"She's been working towards tenure for the past six years, publishing research and teaching courses to meet the requirements."
9531,tenure,"The professor's tenure case is coming up next year, and there's a lot of speculation about whether he'll get it, given the budget cuts."
9531,tenure,"During his tenure on the city council, he championed several initiatives aimed at improving local schools."
9532,savor,"After a long day at work, I like to sit on the porch and savor the peace and quiet."
9532,savor,She took a moment to savor the delicious aroma of the freshly baked bread before taking a bite.
9532,savor,"The team knew they had to savor this victory, as the road ahead would be even tougher."
9532,savor,Let's slow down and savor this experience; we may never get another chance to see something like this.
9532,savor,"He wanted to savor every last moment of his vacation, knowing that reality would soon come crashing back."
9533,aroma,"The aroma of freshly baked bread wafted from the bakery, making my stomach rumble."
9533,aroma,I love the aroma of coffee in the morning; it helps me wake up.
9533,aroma,"The candle had a strong aroma of lavender and vanilla, creating a relaxing atmosphere."
9533,aroma,"Despite the unpleasant appearance, the cheese had a surprisingly complex and appealing aroma."
9533,aroma,The chef carefully selected herbs to enhance the aroma and flavor of the dish.
9534,sesame,I love the nutty flavor that sesame oil adds to stir-fries.
9534,sesame,Could you pick up some sesame seeds at the grocery store? I need them for the bagels I'm baking.
9534,sesame,The bakery down the street makes a delicious sesame chicken salad sandwich.
9534,sesame,"According to the recipe, you need to toast the sesame seeds before adding them to the dressing for a more intense flavor."
9534,sesame,"The ancient Egyptians used sesame for medicinal purposes, including treating asthma and digestive issues."
9535,scrutinize,The accountant will scrutinize all receipts to ensure accuracy before submitting the expense report.
9535,scrutinize,"Before you sign the contract, scrutinize every clause carefully to avoid any misunderstandings later on."
9535,scrutinize,I had to scrutinize the blurry photo to figure out who was in the background.
9535,scrutinize,The detective decided to scrutinize the suspect's alibi for any inconsistencies.
9535,scrutinize,Don't scrutinize every little thing I do; I'm trying my best!
9536,treachery,"The king never forgave the treachery of his own brother, who plotted to steal the throne."
9536,treachery,I can't believe she spread those rumors about me; it was a real act of treachery.
9536,treachery,"He felt a deep sense of betrayal, overwhelmed by the treachery of someone he had considered a close friend."
9536,treachery,The spy was eventually caught and punished for his treachery against the nation.
9536,treachery,The politician's sudden change of heart was seen by many as an act of treachery to his former supporters.
9537,bladder,She had to get up several times during the movie to empty her bladder.
9537,bladder,The doctor suspects I may have a bladder infection and ordered a urine test.
9537,bladder,"In anatomy class, we studied the function of the bladder and how it stores urine."
9537,bladder,"He was nervous before the interview, feeling a knot in his stomach and a sudden urge to relieve his bladder."
9537,bladder,"The accident left him with bladder control issues, requiring him to wear protective undergarments."
9538,throb,"After hitting my thumb with the hammer, it began to throb with a dull, persistent pain."
9538,throb,The bass guitar was so loud in the club that I could feel the music throb in my chest.
9538,throb,"Even years later, the memory of that embarrassing moment would still throb in her mind."
9538,throb,"The city seemed to throb with life and energy, a constant pulse of activity."
9538,throb,Her head started to throb as she tried to concentrate on the complex mathematical equation.
9539,tingle,I felt a slight tingle in my fingers after holding the ice for so long.
9539,tingle,The spicy sauce made my tongue tingle with flavor.
9539,tingle,A tingle of excitement ran down her spine as she waited to go on stage.
9539,tingle,Exposure to the cold wind caused my cheeks to tingle uncomfortably.
9539,tingle,The news of her acceptance to the university sent a tingle of pride through her parents.
9540,grosty,"The abandoned house had a grosty feel to it, with peeling paint and overgrown weeds creating an unsettling atmosphere."
9540,grosty,I couldn't bring myself to eat the stew; the strange color and lumpy texture made it look utterly grosty.
9540,grosty,"After the accident, the mangled car was a grosty sight that haunted my dreams."
9540,grosty,"He left his dirty socks and half-eaten pizza under the bed, creating a truly grosty environment."
9540,grosty,"The horror movie relied heavily on grosty special effects to shock the audience, featuring oozing wounds and decaying corpses."
9541,consul,The British consul in Shanghai issued a statement regarding the new travel restrictions.
9541,consul,We need to contact the Italian consul to help us with the paperwork for my dual citizenship application.
9541,consul,"During the crisis, the American consul worked tirelessly to evacuate citizens from the war-torn country."
9541,consul,Have you heard back from the consul about your visa appointment?
9541,consul,"My grandfather served as a consul in Marseille for many years, representing our country's interests abroad."
9542,defiant,The teenager gave his mother a defiant look when she told him he couldn't go to the party.
9542,defiant,"Despite the overwhelming evidence against him, the defendant remained defiant and maintained his innocence."
9542,defiant,"The protesters marched through the streets, their voices loud and defiant against the government's policies."
9542,defiant,"With a defiant toss of her head, she refused to apologize for speaking her mind."
9542,defiant,"Even in the face of hardship and adversity, the small village remained defiant, clinging to their traditions and way of life."
9543,vex,The constant buzzing of the fluorescent light began to vex me after a while.
9543,vex,Don't let such a small problem vex you; we'll figure it out together.
9543,vex,He was clearly vexed by the interviewer's persistent questions about his past failures.
9543,vex,The complicated instructions for assembling the furniture only served to vex her further.
9543,vex,It vexes me that I can't remember where I put my keys.
9544,fungus,The doctor prescribed an antifungal cream to treat the fungus on my toenail.
9544,fungus,"That old log in the forest was covered in a strange, colorful fungus."
9544,fungus,Scientists are studying a new species of fungus that could potentially break down plastic waste.
9544,fungus,I'm worried about the fungus growing on my tomato plants; it might ruin the whole crop.
9544,fungus,"The cheese had a strong, earthy flavor, characteristic of the specific fungus used in its production."
9545,hog,Don't hog the remote; let someone else choose a show for a change.
9545,hog,The company is being accused of trying to hog the market by buying out all its competitors.
9545,hog,He's such a hog; he ate all the pizza before anyone else could have a slice.
9545,hog,I hate when people hog the left lane on the highway and drive slowly.
9545,hog,"The data processing job seems to hog a significant amount of system memory, impacting overall performance."
9546,mermaid,The little girl dreamed of swimming with a mermaid in a coral reef.
9546,mermaid,I bought a mermaid tail blanket for my niece; she's obsessed with them.
9546,mermaid,"According to local legend, a mermaid was once sighted near the old lighthouse."
9546,mermaid,"The environmental impact of the oil spill threatens the fragile ecosystem, including the potential habitat of any undiscovered mermaid populations."
9546,mermaid,Have you seen the new movie about the mermaid who falls in love with a human?
9547,nymph,"The ancient Greeks believed that each stream was inhabited by a nymph, a guardian spirit of the water."
9547,nymph,"He described the young woman as a wood nymph, graceful and elusive, flitting through the trees."
9547,nymph,"Biologists discovered a new species of mayfly, and its nymph stage lives for several years before emerging as an adult."
9547,nymph,"The artist's painting depicted a group of nymphs dancing in a moonlit forest, their ethereal forms barely visible."
9547,nymph,"While fly fishing, he tried to imitate the movement of a stonefly nymph to attract trout."
9548,phoenix,"After the company nearly went bankrupt, its successful rebranding felt like a phoenix rising from the ashes."
9548,phoenix,"The local art scene is a phoenix, constantly reinventing itself with new artists and innovative exhibitions."
9548,phoenix,"She admired her friend's resilience, describing her ability to bounce back from setbacks as a true phoenix spirit."
9548,phoenix,"The old theater, destroyed by a fire years ago, is being rebuilt; it's a phoenix project symbolizing the city's renewal."
9548,phoenix,"He named his new band 'Phoenix Dawn,' hoping it would represent a fresh start after his previous group disbanded."
9549,predator,"The documentary explored the complex relationship between the lion, a powerful predator, and its prey."
9549,predator,"Online, it's important to be aware of potential predators who might try to exploit vulnerable individuals."
9549,predator,"The decline in the rabbit population was attributed to an increase in the number of foxes, a natural predator."
9549,predator,That new investment firm seems too good to be true; I think they're financial predators looking to take advantage of unsuspecting investors.
9549,predator,"As a small business owner, I'm always wary of larger companies acting as predatory competitors, trying to undercut prices and drive me out of the market."
9550,raven,"A large raven perched on the gnarled branch of the oak tree, its obsidian eyes gleaming in the sunlight."
9550,raven,"I thought I saw a raven fly past the window, but it might have just been a crow."
9550,raven,The poem's melancholic tone and repeated imagery of the raven contributed to its overall sense of despair.
9550,raven,"Legend has it that the tower is guarded by a flock of ravens, and if they ever leave, the kingdom will fall."
9550,raven,She braided a raven's feather into her hair as a symbol of remembrance.
9551,ambush,The rebels planned to ambush the convoy as it passed through the narrow canyon.
9551,ambush,"We need to be careful; this area is known for ambushes, so stay alert."
9551,ambush,The police set up an ambush to catch the drug dealers red-handed.
9551,ambush,I felt like I was being ambushed with questions as soon as I walked into the meeting.
9551,ambush,"Their sudden attack was a complete ambush, leaving the defending troops disoriented and vulnerable."
9552,archer,"The archer carefully aimed their arrow at the center of the target, hoping for a bullseye."
9552,archer,My daughter wants to join the archery club at school and become a skilled archer.
9552,archer,"In the historical drama, the archer was a key figure in the defense of the kingdom, raining arrows down upon the invading army."
9552,archer,"Though he was a novice archer, he showed surprising accuracy during the competition."
9552,archer,"The legend of Robin Hood portrays him as a masterful archer, renowned for his skill and precision with a bow and arrow."
9553,batsman,The opening batsman was unfortunately caught out on the very first ball of the innings.
9553,batsman,"He's a technically gifted batsman, but needs to work on his temperament under pressure."
9553,batsman,Our team needs a reliable batsman who can consistently score runs in the middle order.
9553,batsman,"The captain decided to promote him up the order, hoping he could perform better as a top-order batsman."
9553,batsman,"""That was a brilliant shot!"" exclaimed the commentator, ""A textbook drive from the in-form batsman."""
9554,bout,He had a nasty bout of the flu last winter that kept him in bed for a week.
9554,bout,The boxing match featured a thrilling ten-round bout between the two champions.
9554,bout,"After a brief bout of indecision, she finally decided to accept the job offer."
9554,bout,"She experienced a bout of anxiety before her presentation, but she managed to calm herself down."
9554,bout,The company is facing a bout of increased competition from overseas manufacturers.
9555,dexterity,The surgeon's dexterity was crucial in performing the delicate operation.
9555,dexterity,Learning to play the guitar requires a great deal of finger dexterity and practice.
9555,dexterity,His remarkable dexterity with tools allowed him to fix almost anything around the house.
9555,dexterity,I admire the chef's dexterity; he can chop vegetables at lightning speed without ever cutting himself.
9555,dexterity,"With years of experience, the watchmaker had developed incredible dexterity, allowing him to assemble the tiny components with ease."
9556,exodus,The company experienced an exodus of experienced employees after the new management took over.
9556,exodus,"After the hurricane, there was a mass exodus from the coastal towns as people sought safer ground."
9556,exodus,The annual music festival always causes a temporary exodus from the city as residents try to escape the crowds and noise.
9556,exodus,We witnessed a sudden exodus of birds from the trees just before the storm hit.
9556,exodus,The historian described the great exodus of refugees fleeing persecution during the war.
9557,firing,The company is considering firing several employees due to the recent financial losses.
9557,firing,He was firing questions at me so quickly that I couldn't keep up with his train of thought.
9557,firing,The potter was firing the clay sculptures in the kiln to harden them.
9557,firing,"After the firing range incident, stricter safety protocols were implemented."
9557,firing,The general gave the order to commence firing on the enemy position.
9558,fray,"The constant arguments began to fray their relationship, leading to frequent disagreements."
9558,fray,"After years of heavy use, the edges of the rug began to fray, requiring a repair."
9558,fray,Tempers began to fray as the negotiation deadline approached without a resolution.
9558,fray,"Her nerves started to fray as she waited for the test results, pacing back and forth anxiously."
9558,fray,Be careful not to snag your sweater on anything; the delicate knit will fray easily.
9559,impetus,The recent surge in energy prices gave new impetus to the development of renewable energy sources.
9559,impetus,Winning the competition gave her the impetus she needed to finally start her own business.
9559,impetus,The government's new initiative aims to provide impetus for economic growth in the region.
9559,impetus,Seeing his friend succeed was the impetus he needed to finally quit his dead-end job and pursue his passion.
9559,impetus,The speaker's inspiring words provided the impetus for the volunteers to redouble their efforts.
9560,inertia,"The company was paralyzed by inertia, unable to adapt to the rapidly changing market."
9560,inertia,"After a long illness, it was hard to overcome the inertia and get back into a regular exercise routine."
9560,inertia,"The political system suffers from inertia, making it difficult to enact meaningful reforms."
9560,inertia,"I was just watching TV all weekend, and now I'm struggling with the inertia to start working again."
9560,inertia,"Due to the object's large mass, its inertia resists any attempt to change its state of motion."
9561,jolt,The sudden alarm clock gave me a real jolt awake.
9561,jolt,The unexpected news of the company merger sent a jolt through the entire workforce.
9561,jolt,I felt a jolt of pain in my back when I lifted the heavy box.
9561,jolt,"The car hit a pothole, and we all felt a sharp jolt."
9561,jolt,Reading her insightful essay gave me a jolt of understanding about the complexities of the issue.
9562,mountaineer,"As a seasoned mountaineer, she knew exactly what gear to pack for the expedition."
9562,mountaineer,"The mountaineer described the breathtaking view from the summit, a reward for their arduous climb."
9562,mountaineer,My grandfather was a passionate mountaineer who spent his weekends exploring the local peaks.
9562,mountaineer,"Becoming a skilled mountaineer requires years of training, dedication, and a healthy respect for the mountains."
9562,mountaineer,"The documentary followed a team of mountaineers attempting to scale K2, one of the world's most dangerous mountains."
9563,racecourse,The grandstands at the racecourse were packed with spectators eager to see the day's main event.
9563,racecourse,"We're thinking of having a picnic at the racecourse next weekend, as they often have family-friendly events."
9563,racecourse,"The horse bolted before the starting gate even opened, causing chaos on the racecourse."
9563,racecourse,Local businesses are hoping the new racecourse will bring more tourism and revenue to the area.
9563,racecourse,"After a long career as a jockey, he now works as a trainer, preparing horses for races at various racecourses across the country."
9564,tee,He used a wooden tee to drive the ball further down the fairway.
9564,tee,We should tee off around 10 AM if the weather holds up.
9564,tee,The plumber had to tee into the existing water line to install the new sink.
9564,tee,I'm going to buy a new pack of tees before heading to the golf course tomorrow.
9564,tee,The road will tee into the highway about a mile ahead; just stay on this route until then.
9565,yoga,I'm thinking of taking a yoga class to help with my back pain.
9565,yoga,She's been practicing yoga for years and can do some incredible poses.
9565,yoga,"The studio offers a variety of yoga styles, from gentle Hatha to more challenging Vinyasa."
9565,yoga,"Beyond the physical benefits, yoga has also helped me manage stress and improve my mental clarity."
9565,yoga,Research suggests that regular yoga practice can contribute to better cardiovascular health and overall well-being.
9566,antibiotic,The doctor prescribed an antibiotic for my son's ear infection.
9566,antibiotic,"Overuse of antibiotics can lead to antibiotic resistance, making infections harder to treat."
9566,antibiotic,"It's important to finish the entire course of antibiotics, even if you start feeling better."
9566,antibiotic,Researchers are working to develop new antibiotics to combat increasingly resistant bacteria.
9566,antibiotic,"While antibiotics are effective against bacterial infections, they won't work on viruses like the common cold or flu."
9567,booster,The team needed a real morale booster after losing three games in a row.
9567,booster,Healthcare workers are strongly encouraged to get their COVID-19 booster shot this fall.
9567,booster,This new marketing campaign should act as a booster to our overall sales figures.
9567,booster,He used a signal booster to improve his cell phone reception in the remote cabin.
9567,booster,Investing in employee training programs can be a significant booster for company productivity.
9568,burnout,"After years of working 80-hour weeks, she was experiencing severe burnout and decided to take a sabbatical."
9568,burnout,The high stress levels and lack of support contributed to widespread burnout among the nurses in the emergency room.
9568,burnout,I'm starting to feel the burnout creeping in – I need to take a vacation soon.
9568,burnout,"He left his corporate job to pursue a passion project, hoping to avoid the burnout he experienced in his previous role."
9568,burnout,The company implemented new wellness programs to address employee burnout and improve overall job satisfaction.
9569,cavity,The dentist said I have a small cavity and recommended a filling.
9569,cavity,"Explorers discovered a hidden cavity in the cave, filled with ancient artifacts."
9569,cavity,Poor dental hygiene can lead to the formation of cavities.
9569,cavity,The construction workers filled the cavity in the wall with insulation foam.
9569,cavity,"After the surgery, there was a significant cavity remaining where the tumor had been."
9570,childbearing,The woman decided to postpone childbearing until she had established her career.
9570,childbearing,Access to healthcare is crucial for women of childbearing age.
9570,childbearing,She experienced several complications during her childbearing years.
9570,childbearing,The study examined the impact of environmental toxins on childbearing outcomes.
9570,childbearing,"Culturally, there's often pressure on women to fulfill their childbearing potential."
9571,complexion,She uses a tinted moisturizer to even out her complexion.
9571,complexion,The harsh winter weather gave his complexion a pale and unhealthy look.
9571,complexion,Regular exfoliation can improve your complexion and make your skin look brighter.
9571,complexion,"After spending a week at the beach, her complexion had a lovely, sun-kissed glow."
9571,complexion,The doctor asked about any changes in my complexion as a possible sign of an underlying health issue.
9572,diarrhea,I think I ate something bad; I've had diarrhea all morning.
9572,diarrhea,"The doctor asked me if I had experienced any nausea, vomiting, or diarrhea."
9572,diarrhea,Traveler's diarrhea is a common ailment for those visiting countries with different sanitation standards.
9572,diarrhea,She missed work yesterday because she was suffering from a severe case of diarrhea and dehydration.
9572,diarrhea,"If your diarrhea persists for more than a few days, you should consult a medical professional."
9573,extraction,The dentist recommended a tooth extraction to relieve my persistent pain.
9573,extraction,The extraction of natural gas from the shale deposits has sparked considerable debate about environmental impact.
9573,extraction,The software is designed for the efficient extraction of key data points from large datasets.
9573,extraction,"After the car accident, the firefighters had to perform a difficult extraction to free the driver from the wreckage."
9573,extraction,"In perfumery, the extraction of essential oils from flowers is a delicate and time-consuming process."
9574,gland,The doctor suspects a problem with my thyroid gland because my metabolism is unusually slow.
9574,gland,"During puberty, the sebaceous glands in your skin become more active, often leading to acne."
9574,gland,"Adrenaline is released from the adrenal gland in response to stress, preparing the body for 'fight or flight'."
9574,gland,The researcher is studying how certain chemicals affect the endocrine glands and hormone production.
9574,gland,I think I have a swollen salivary gland; it's making it difficult to swallow.
9575,hype,"The movie got so much hype that I was expecting a masterpiece, but it was ultimately disappointing."
9575,hype,Don't believe all the hype surrounding that new diet; most of it is just marketing.
9575,hype,"There's a lot of hype about the company's new AI, but we need to see concrete results before we get too excited."
9575,hype,"Honestly, I think the hype around this band is a bit overblown; they're good, but not revolutionary."
9575,hype,The marketing team is trying to generate hype for the product launch with a series of online events and influencer collaborations.
9576,indigestion,"After eating that entire pizza, I'm suffering from terrible indigestion."
9576,indigestion,She complained of indigestion and a feeling of fullness after the heavy meal.
9576,indigestion,The doctor recommended avoiding fatty foods to prevent indigestion.
9576,indigestion,"If you experience frequent indigestion, it's important to consult a physician to rule out any underlying medical conditions."
9576,indigestion,"I tried to enjoy the concert, but the indigestion kept me distracted and uncomfortable."
9577,maternity,She's been working from home since going on maternity leave.
9577,maternity,The hospital has a dedicated maternity ward with experienced nurses and midwives.
9577,maternity,I found a great deal on some maternity clothes at the consignment shop.
9577,maternity,"The company offers a generous maternity package, including paid time off and benefits."
9577,maternity,"Becoming a parent is a life-changing experience, and maternity care should be accessible and affordable for all."
9578,paralysis,"The accident left him with paralysis in his legs, confining him to a wheelchair."
9578,paralysis,"Fear can sometimes cause a kind of paralysis, preventing us from taking necessary action."
9578,paralysis,"The government's indecision on the issue has led to policy paralysis, hindering progress."
9578,paralysis,"After the stroke, she experienced temporary facial paralysis, making it difficult to speak clearly."
9578,paralysis,"The sheer volume of information available online can lead to analysis paralysis, making it hard to make a decision."
9579,penis,The doctor explained that circumcision involves the surgical removal of the foreskin from the penis.
9579,penis,"During sex education, we learned about the anatomy of the penis and its role in reproduction."
9579,penis,He experienced some discomfort around his penis and decided to schedule an appointment with a urologist.
9579,penis,"The sculpture depicted a classical figure with a small penis, which was typical of ancient Greek art."
9579,penis,"In some cultures, male circumcision is a religious practice performed on infants shortly after birth, involving the removal of the foreskin from the penis."
9580,piss,That driver nearly ran me off the road; it really pissed me off!
9580,piss,He just wanted to piss away his inheritance on gambling and fast cars.
9580,piss,I'm not going to piss about with these minor details; let's focus on the main problem.
9580,piss,The heavy rain started to piss down just as we were leaving the house.
9580,piss,The company's blatant disregard for environmental regulations really pisses on the local community.
9581,spasm,A sudden muscle spasm in my back made me cry out in pain.
9581,spasm,The doctor explained that the hiccups were caused by a spasm in my diaphragm.
9581,spasm,She felt a brief spasm of jealousy when she saw her ex with someone new.
9581,spasm,"The old engine sputtered and died, giving a final spasm before going silent."
9581,spasm,"Witnessing the accident triggered a spasm of anxiety, and I had to sit down."
9582,sperm,The doctor explained that a low sperm count could be contributing to their difficulty conceiving.
9582,sperm,Scientists are studying the effects of environmental toxins on sperm motility and viability.
9582,sperm,She decided to use a sperm donor to fulfill her dream of becoming a mother.
9582,sperm,"During in-vitro fertilization, the sperm is directly injected into the egg to increase the chances of fertilization."
9582,sperm,He joked that his athletic prowess must be due to the 'super sperm' he inherited from his father.
9583,affinity,"He had a natural affinity for music, picking up new instruments with surprising ease."
9583,affinity,"The two chemicals have a strong affinity for each other, readily forming a stable compound."
9583,affinity,"Despite their different backgrounds, they discovered an unexpected affinity during their shared volunteer work."
9583,affinity,"I've always felt an affinity for the ocean, finding peace and tranquility by the coast."
9583,affinity,Our company seeks employees with an affinity for problem-solving and a desire to contribute to innovative solutions.
9584,antagonism,The long-standing antagonism between the two families finally erupted into a public feud.
9584,antagonism,There's a palpable sense of antagonism in the room whenever politics is discussed.
9584,antagonism,His constant criticism only fueled the antagonism she already felt towards him.
9584,antagonism,"Despite their initial antagonism, they eventually found common ground and became allies."
9584,antagonism,The proposed policy change has sparked widespread antagonism from environmental groups.
9585,aversion,"He has a strong aversion to public speaking, which is why he always avoids presentations."
9585,aversion,My aversion to early mornings makes it difficult for me to attend sunrise yoga classes.
9585,aversion,"Despite his aversion to modern art, he reluctantly agreed to visit the museum with his wife."
9585,aversion,The company's aversion to risk prevented them from investing in potentially groundbreaking but unproven technologies.
9585,aversion,Many people have a natural aversion to spiders and other creepy crawlies.
9586,brutality,The police were accused of brutality after the suspect was injured during the arrest.
9586,brutality,The sheer brutality of the dictator's regime shocked the international community.
9586,brutality,I can't believe the brutality some people are capable of; it's truly horrifying.
9586,brutality,"The film doesn't shy away from depicting the brutality of war, showing the devastating impact on both soldiers and civilians."
9586,brutality,He spoke out against the animal brutality he witnessed at the factory farm.
9587,composure,"Despite the intense pressure of the interview, she maintained her composure and answered each question thoughtfully."
9587,composure,He lost his composure completely when he realized he had forgotten his passport at home.
9587,composure,The therapist helped her develop techniques to regain her composure during panic attacks.
9587,composure,It took all my composure to remain calm when the other driver started yelling after the fender bender.
9587,composure,Maintaining your composure in a crisis is crucial for effective leadership.
9588,dishonesty,His dishonesty in reporting his income led to a severe audit and hefty fines.
9588,dishonesty,I can't stand dishonesty; just be upfront and tell me the truth.
9588,dishonesty,The politician's career was ruined after the public learned about his long history of dishonesty.
9588,dishonesty,She accused him of dishonesty when she discovered he had been secretly meeting with their competitor.
9588,dishonesty,"While a small mistake is understandable, repeated dishonesty erodes trust completely."
9589,disquiet,The unsettling news about the company's financial troubles caused a general disquiet among the employees.
9589,disquiet,"A persistent feeling of disquiet nagged at her, even though she couldn't pinpoint the exact cause."
9589,disquiet,His evasive answers and shifty eyes only amplified my disquiet about his intentions.
9589,disquiet,The sudden silence in the usually bustling office created an atmosphere of profound disquiet.
9589,disquiet,"Despite the outward calm, a deep disquiet stirred within her as she anticipated the difficult conversation ahead."
9590,fervor,The crowd greeted the returning heroes with a fervor that shook the stadium.
9590,fervor,Her fervor for environmental conservation was evident in every project she undertook.
9590,fervor,"Despite the setbacks, he maintained his fervor and continued to pursue his dreams."
9590,fervor,I admire her fervor; she throws herself into everything she does with such passion.
9590,fervor,The political debate was marked by a religious fervor on both sides of the issue.
9591,fidelity,"The historian questioned the fidelity of the documents, suggesting they might have been altered over time."
9591,fidelity,"He remained steadfast in his fidelity to the company, even when offered a more lucrative position elsewhere."
9591,fidelity,The high-fidelity sound system reproduced the music with stunning clarity and depth.
9591,fidelity,"Despite the distance, their relationship was built on trust and unwavering fidelity."
9591,fidelity,"She appreciated his fidelity to the original recipe, refusing to compromise on the authentic flavors."
9592,foresight,"Investing in renewable energy now shows foresight, as it addresses future environmental concerns and resource depletion."
9592,foresight,"She had the foresight to save a portion of each paycheck, which allowed her to retire early."
9592,foresight,"Without proper planning and foresight, the project is likely to encounter unforeseen challenges and delays."
9592,foresight,"In hindsight, we should have listened to her advice; she always had remarkable foresight when it came to market trends."
9592,foresight,The city council's foresight in developing a comprehensive disaster preparedness plan proved invaluable during the recent earthquake.
9593,frenzy,"The store was in a frenzy on Black Friday, with people grabbing everything they could get their hands on."
9593,frenzy,"After the celebrity announced their surprise concert, ticket sales went into a frenzy, crashing the website within minutes."
9593,frenzy,The media was in a frenzy trying to get the first interview with the astronaut returning from space.
9593,frenzy,"In a frenzy of last-minute studying, he crammed as much information as possible before the exam."
9593,frenzy,The seagulls descended in a feeding frenzy the moment the fisherman tossed scraps overboard.
9594,glamour,The old Hollywood glamour of her dress was undeniable; it shimmered under the stage lights.
9594,glamour,"Despite the glamour of being a celebrity, she missed the simple life back home."
9594,glamour,"He was drawn to the glamour of the spy world, but soon realized the reality was much more dangerous."
9594,glamour,The travel brochure promised a trip filled with glamour and exotic adventure.
9594,glamour,She tried to add a touch of glamour to her everyday outfit with a silk scarf and bold lipstick.
9595,grievance,The employees filed a formal grievance against their manager for creating a hostile work environment.
9595,grievance,My main grievance with this airline is the constant delays and poor customer service.
9595,grievance,He aired his grievances about the new company policy during the town hall meeting.
9595,grievance,"Filing a grievance is the first step in resolving a workplace dispute, so make sure you understand the procedure."
9595,grievance,"Despite my repeated attempts to address the issue, my grievance regarding the faulty product remains unresolved."
9596,heatache,I've had a headache all day; I think it's from staring at the computer screen for too long.
9596,heatache,She gets a headache every time she drinks red wine.
9596,heatache,The loud music at the concert gave me a terrible headache.
9596,heatache,"If you have a persistent headache, you should consult with your doctor to rule out any underlying medical conditions."
9596,heatache,Taking a break and drinking some water often helps alleviate a mild headache.
9597,heartbreak,The news of their divorce filled her with a deep sense of heartbreak.
9597,heartbreak,"After the breakup, she spent weeks recovering from the heartbreak."
9597,heartbreak,"He poured his heartbreak into his music, writing songs about love and loss."
9597,heartbreak,Seeing the abandoned animals at the shelter was a real heartbreak.
9597,heartbreak,"Despite the heartbreak, she knew she would eventually move on and find happiness again."
9598,hysteria,"The news report caused a wave of hysteria to sweep through the town, with people hoarding supplies and fearing the worst."
9598,hysteria,"When the pop star appeared on stage, the crowd erupted into a state of near hysteria."
9598,hysteria,"The media often exaggerates minor incidents, contributing to public hysteria and misinformed opinions."
9598,hysteria,"I tried to calm her down, but she was in a state of hysteria after losing her keys and missing her train."
9598,hysteria,The accusations of witchcraft in Salem are a stark reminder of the dangers of mass hysteria and unfounded accusations.
9599,inducement,The company offered a substantial bonus as an inducement to attract top talent.
9599,inducement,"He resisted the initial offers, but the promise of a promotion proved to be a strong inducement."
9599,inducement,What inducement would it take for you to move to a different city for this job?
9599,inducement,The store used a limited-time discount as an inducement to encourage customers to make a purchase.
9599,inducement,"Despite the potential risks, the allure of quick riches served as a powerful inducement for many to invest in the risky venture."
9600,ingratitude,"After all the sacrifices I made for him, his ingratitude was a real slap in the face."
9600,ingratitude,"The charity was disheartened by the public's ingratitude, as donations dwindled despite their tireless efforts."
9600,ingratitude,It's easy to fall into ingratitude when you focus on what you lack instead of appreciating what you have.
9600,ingratitude,Her parents were shocked by her ingratitude when she refused to acknowledge their help with her college tuition.
9600,ingratitude,"Despite the manager's constant support and mentorship, the employee's ingratitude became increasingly apparent through his gossiping and undermining behavior."
9601,inhibition,The medication can cause drowsiness and a general inhibition of motor skills.
9601,inhibition,"After a few glasses of wine, his inhibitions melted away, and he started singing karaoke."
9601,inhibition,Social anxiety often involves a strong inhibition against speaking in public.
9601,inhibition,The new regulations placed a significant inhibition on the company's ability to expand its operations.
9601,inhibition,Studies suggest that mindfulness practices can help reduce inhibition and allow for more creative expression.
9602,leaning,"He was leaning against the wall, looking tired and lost in thought."
9602,leaning,The company is leaning towards a more sustainable business model.
9602,leaning,My political views are leaning left these days.
9602,leaning,"I'm leaning towards ordering the pizza, but I'm also tempted by the pasta."
9602,leaning,"The old wooden fence was leaning precariously, threatening to collapse at any moment."
9603,mania,"The city erupted in Beatlemania when the band arrived, with fans screaming and chasing their car."
9603,mania,"His collecting mania started with stamps, but quickly escalated to antique furniture and vintage cars."
9603,mania,"During the dot-com boom, there was a mania for investing in any tech company, regardless of its actual prospects."
9603,mania,"She channeled her creative mania into writing a novel, working tirelessly day and night until it was finished."
9603,mania,Experts are concerned that the current housing market mania is unsustainable and could lead to another economic downturn.
9604,outburst,Her sudden outburst of anger shocked everyone in the meeting.
9604,outburst,"After weeks of keeping his feelings bottled up, he finally had an emotional outburst."
9604,outburst,The child's outburst in the grocery store was likely due to being tired and hungry.
9604,outburst,The political analyst attributed the candidate's gaffe to a momentary outburst of frustration.
9604,outburst,"Despite his reputation for calm, the manager occasionally had an outburst when deadlines were missed."
9605,perplexity,"The complicated instructions filled her with perplexity, as she couldn't understand how to assemble the furniture."
9605,perplexity,"He stared at the abstract painting in perplexity, trying to decipher the artist's intention."
9605,perplexity,A wave of perplexity washed over me when I realized I had no memory of the previous night.
9605,perplexity,The sudden change in company policy caused widespread perplexity among the employees.
9605,perplexity,"Despite hours of research, the origins of the mysterious artifact remained shrouded in perplexity."
9606,poise,"The dancer moved with such poise and grace, it was breathtaking to watch."
9606,poise,"Despite the pressure, she maintained her poise and delivered a flawless presentation."
9606,poise,"He lost his poise for a moment when he heard the shocking news, but quickly recovered."
9606,poise,"The interviewer was impressed by her poise and confidence, even though she was fresh out of college."
9606,poise,She balanced the tray of drinks with remarkable poise as she navigated through the crowded room.
9607,reassurance,"She needed reassurance that she was making the right decision, so she called her mother for advice."
9607,reassurance,"Despite his confident demeanor, he constantly sought reassurance from his colleagues about the quality of his work."
9607,reassurance,The doctor offered reassurance that the surgery was routine and the recovery period would be short.
9607,reassurance,"After the accident, the insurance company provided reassurance that all legitimate claims would be handled promptly and fairly."
9607,reassurance,Just a simple hug and a few kind words were enough to offer him the reassurance he desperately needed.
9608,resonance,The speaker's personal stories added a level of resonance to his argument that deeply moved the audience.
9608,resonance,"I felt a strong resonance with her experiences, having gone through something similar myself."
9608,resonance,"The old church bell has a beautiful, deep resonance that echoes throughout the valley."
9608,resonance,The poem's themes of loss and resilience had a particular resonance for those who had experienced hardship.
9608,resonance,"After the scandal, the politician's promises of change lacked the resonance they once had with the voters."
9609,screaming,The baby was screaming with hunger until his mother finally fed him.
9609,screaming,The headline was screaming about the latest political scandal.
9609,screaming,"She woke up screaming from a nightmare, her heart pounding in her chest."
9609,screaming,The engine was screaming as he pushed the car to its maximum speed on the racetrack.
9609,screaming,"The protesters were screaming slogans outside the courthouse, demanding justice."
9610,solemnity,The solemnity of the occasion was palpable as the judge entered the courtroom.
9610,solemnity,"Despite the solemnity of the funeral, a few attendees shared fond memories and quiet smiles."
9610,solemnity,"He treated the matter with the solemnity it deserved, carefully considering all the implications."
9610,solemnity,"The priest spoke with a deep solemnity, emphasizing the importance of reflection and repentance during Lent."
9610,solemnity,"Breaking the solemnity, the child giggled during the moment of silence, earning a stern look from his mother."
9611,timidity,"His timidity prevented him from speaking up in the meeting, even though he had a valuable suggestion."
9611,timidity,"Overcoming her timidity, she finally auditioned for the school play and landed the lead role."
9611,timidity,The company's lack of investment in research and development reflects a timidity in embracing innovation.
9611,timidity,"Despite his obvious talent, his timidity held him back from pursuing a career as a stand-up comedian."
9611,timidity,A lifetime of being told to be quiet had instilled in her a deep-seated timidity that was difficult to shake.
9612,trance,The hypnotic music put the audience into a trance.
9612,trance,"He stared blankly ahead, lost in a trance of concentration."
9612,trance,"After the accident, she remained in a trance-like state for several hours."
9612,trance,"I spent the entire afternoon in a creative trance, completely absorbed in my painting."
9612,trance,The speaker's monotonous voice seemed to induce a trance in some members of the audience.
9613,tranquility,The gentle lapping of the waves against the shore brought a sense of tranquility to my troubled mind.
9613,tranquility,"She found tranquility in her daily meditation practice, a quiet escape from the pressures of work."
9613,tranquility,"Despite the bustling city just beyond its walls, the monastery offered a haven of peace and tranquility."
9613,tranquility,"We spent the afternoon painting by the lake, hoping to capture the tranquility of the surrounding landscape."
9613,tranquility,The government's primary goal should be to foster an environment of tranquility and stability within the nation.
9614,whim,"On a whim, she decided to dye her hair bright pink."
9614,whim,"He bought the expensive sports car on a sudden whim, regretting it almost immediately."
9614,whim,The company's decision to relocate seemed to be based more on the CEO's personal whim than on sound business strategy.
9614,whim,We booked a weekend trip to the mountains on a whim; it was exactly what we needed to relax.
9614,whim,I can't promise anything; my schedule is subject to the director's whims.
9615,accompanist,The singer was fortunate to have such a skilled accompanist who could follow her every nuance.
9615,accompanist,Finding a good accompanist is crucial for any instrumentalist preparing for a recital.
9615,accompanist,"As a professional accompanist, she's played for countless auditions and competitions."
9615,accompanist,"He started out as an accompanist for the local choir, but eventually became the choir director."
9615,accompanist,My piano teacher suggested I consider working as an accompanist to gain more experience playing with other musicians.
9616,caricature,"The political cartoon presented a harsh caricature of the president, exaggerating his features and policies."
9616,caricature,"His impression of his boss was a hilarious caricature, capturing all of his annoying mannerisms."
9616,caricature,"The artist specialized in caricatures, drawing quick sketches of tourists with exaggerated noses and chins."
9616,caricature,"While I appreciate the humor, I thought the movie's portrayal of small-town life was a bit of a caricature; it felt unrealistic and over-the-top."
9616,caricature,"She felt the novel's characters were underdeveloped, more like caricatures than believable individuals with complex motivations."
9617,handiwork,The intricate lace on the wedding dress was clearly the handiwork of a skilled artisan.
9617,handiwork,"Looking at the messy kitchen, I knew it was the handiwork of the kids after they baked cookies."
9617,handiwork,"The beautiful garden, with its carefully arranged flowers and manicured hedges, is the handiwork of my neighbor, Mrs. Gable."
9617,handiwork,"While the damage to the car was extensive, the mechanic assured me it was within his handiwork to repair."
9617,handiwork,"The elaborate prank, involving rubber chickens and a swapped office, was undoubtedly the handiwork of the office's resident jokester, Kevin."
9618,modernism,The art museum's new exhibit showcases the evolution of modernism from its early 20th-century roots.
9618,modernism,"While I appreciate some aspects of modernism, I often find its stark aesthetic a bit cold and uninviting."
9618,modernism,"The professor argued that post-modernism is, in many ways, a reaction against the perceived failures of modernism."
9618,modernism,My grandmother never understood modernism in architecture; she much preferred the ornate details of Victorian homes.
9618,modernism,"The author's later works were heavily influenced by modernism, characterized by fragmented narratives and stream-of-consciousness writing."
9619,modernist,"The architect's modernist designs, characterized by clean lines and open spaces, were a stark contrast to the ornate Victorian buildings nearby."
9619,modernist,"While I appreciate some elements, I find most modernist art to be cold and lacking in emotional depth."
9619,modernist,"He argued that the author's later works represented a departure from his earlier, more explicitly modernist style."
9619,modernist,"My grandmother, a staunch traditionalist, never understood my interest in modernist furniture and abstract expressionism."
9619,modernist,The museum's new exhibit focuses on the evolution of modernist thought in European literature during the early 20th century.
9620,octave,The soprano's voice effortlessly soared an octave above the rest of the choir.
9620,octave,He transposed the melody down an octave to make it easier for the baritone to sing.
9620,octave,"The pipe organ had a range of over seven octaves, filling the cathedral with a powerful sound."
9620,octave,Learning to play scales across the entire octave on the piano is a fundamental skill for any musician.
9620,octave,"The scientist measured the sound wave's frequency, noting a significant increase of approximately one octave after the amplifier was turned on."
9621,pastel,"The nursery was decorated in soft pastel colors, creating a calming atmosphere."
9621,pastel,I love wearing pastel shades in the spring; they just feel so fresh and cheerful.
9621,pastel,"For the art project, we'll need a variety of pastel crayons and thick paper."
9621,pastel,The wedding invitation featured a delicate floral design with pastel pink and lavender accents.
9621,pastel,"Although the artist is known for bold, vibrant paintings, her earlier works focused on subtle pastel landscapes."
9622,subculture,"The cyberpunk subculture, with its focus on technology and dystopian futures, has influenced countless works of fiction."
9622,subculture,"Even within the broader gaming community, there are distinct subcultures based on the types of games people prefer, like MMORPGs or fighting games."
9622,subculture,"She immersed herself in the goth subculture during her teenage years, finding a sense of belonging and shared identity."
9622,subculture,"Online forums can foster a sense of community, often leading to the development of a unique subculture with its own language and norms."
9622,subculture,Academic research suggests that understanding youth subcultures is crucial for addressing issues related to identity formation and social belonging.
9623,aesthetics,The minimalist aesthetics of the new office space are surprisingly calming and conducive to focus.
9623,aesthetics,"While functionality is important, we shouldn't neglect the aesthetics of the product's design; people are more likely to buy something visually appealing."
9623,aesthetics,He argued that the aesthetics of brutalist architecture were inherently oppressive and dehumanizing.
9623,aesthetics,"I appreciate the aesthetics of old black and white films, especially the way they use light and shadow."
9623,aesthetics,The artist's personal aesthetics are heavily influenced by Japanese woodblock prints and the principles of wabi-sabi.
9624,antonym,The antonym of 'hot' is 'cold'.
9624,antonym,"While 'optimistic' and 'pessimistic' are often used as antonyms, the reality is often more nuanced."
9624,antonym,Can you think of an antonym for the word 'ephemeral'?
9624,antonym,"In rhetoric, understanding antonyms is crucial for creating effective contrast and highlighting key differences."
9624,antonym,My vocabulary app helps me learn new words by presenting me with both synonyms and antonyms.
9625,archive,"The historian spent weeks in the national archive, researching documents from the 18th century."
9625,archive,I need to archive these old emails; my inbox is getting too full.
9625,archive,We should archive the project files after the presentation to keep them organized and easily accessible.
9625,archive,The university maintains an archive of student newspapers dating back to the early 1900s.
9625,archive,"Before deleting anything, let's archive it to a secure external drive just in case we need it later."
9626,baptism,The baby's baptism is scheduled for next Sunday at the local church.
9626,baptism,"He described his experience in the river as a spiritual baptism, a cleansing of his past."
9626,baptism,"The new recruits underwent a baptism of fire during their first week on the job, facing numerous challenges."
9626,baptism,"In some denominations, adult baptism by immersion is a key component of joining the church."
9626,baptism,"The author's debut novel was a baptism into the world of literary criticism, receiving both praise and harsh reviews."
9627,cliché,Saying 'think outside the box' has become such a cliché that it rarely inspires any actual creativity.
9627,cliché,"The movie was enjoyable, but the plot relied on so many tired clichés that it felt predictable."
9627,cliché,"To avoid sounding cliché in your writing, try to express familiar ideas in a fresh and original way."
9627,cliché,"I know it's a cliché, but time really does fly when you're having fun."
9627,cliché,"Her speech was full of clichés about hard work and dedication, making it difficult to take her seriously."
9628,commencement,The university announced the commencement speaker would be a renowned astronaut this year.
9628,commencement,The commencement of the project was delayed due to unforeseen circumstances with the permits.
9628,commencement,I'm so proud of my sister; I'm attending her commencement ceremony next week.
9628,commencement,"Upon the commencement of the concert, the crowd erupted in applause."
9628,commencement,"The judge declared the commencement of the trial, and the lawyers presented their opening arguments."
9629,comtemplation,"The artist spent hours in quiet contemplation, sketching ideas in her notebook."
9629,comtemplation,"After a long and stressful day, a quiet cup of tea offers a moment for peaceful contemplation."
9629,comtemplation,"The board's decision is currently under contemplation, and we expect an announcement next week."
9629,comtemplation,"He entered a state of deep contemplation, trying to understand the meaning of his dream."
9629,comtemplation,"During our hike, we paused at the summit for contemplation, marveling at the breathtaking view and reflecting on our journey."
9630,generality,"While the speaker made some interesting points, his argument relied too heavily on generality and lacked specific evidence."
9630,generality,"In generality, people tend to support policies that benefit them directly, but there are always exceptions."
9630,generality,"I know this is a generality, but teenagers are often stereotyped as being glued to their phones."
9630,generality,Let's avoid making statements in generality; can we focus on the specific case at hand?
9630,generality,"The professor cautioned us against oversimplification, reminding us that any statement of generality is bound to have limitations and nuances."
9631,glossary,"I had trouble understanding the technical jargon in the article, so I checked the glossary at the end."
9631,glossary,The textbook includes a glossary of key terms to help students learn the vocabulary.
9631,glossary,"Before you start reading, it might be helpful to quickly review the glossary to familiarize yourself with the specialized language."
9631,glossary,"The author thoughtfully provided a comprehensive glossary, making the complex concepts more accessible to a wider audience."
9631,glossary,"Is there a glossary available for this software documentation, or will I have to look up each term individually?"
9632,martyr,"He became a martyr for the cause of freedom, sacrificing everything for his beliefs."
9632,martyr,"She acts like a martyr, always complaining about how much she does for everyone else, but never actually doing anything."
9632,martyr,The documentary explored the lives of several political martyrs who died fighting for their ideals.
9632,martyr,"I'm not trying to be a martyr, but I really think someone needs to stand up to this injustice."
9632,martyr,The early Christians were often persecuted and considered martyrs for their faith.
9633,mosque,"The call to prayer echoed from the mosque, signaling the start of the evening prayer."
9633,mosque,"We visited the Blue Mosque in Istanbul, and its intricate tile work was absolutely breathtaking."
9633,mosque,The local community raised funds to build a new mosque in the growing suburb.
9633,mosque,Is there a mosque near the university where I can attend Friday prayers?
9633,mosque,"The historical society is working to preserve the old mosque, a significant landmark in the town's history."
9634,nuance,Understanding the nuance of Japanese honorifics is crucial for effective communication in a business setting.
9634,nuance,"He missed the nuance in her voice, failing to realize she was being sarcastic."
9634,nuance,"The art critic appreciated the subtle nuance of color in the painting, which added depth and emotion."
9634,nuance,"While the two reports seem to agree on the surface, there are important nuances in their recommendations that should be considered."
9634,nuance,"It's hard to explain the nuance, but there's a subtle difference in the way she treats me compared to her other friends."
9635,prthodoxy,The company's orthodoxy regarding remote work was challenged when younger employees demanded more flexibility.
9635,prthodoxy,"While I respect tradition, I think clinging too tightly to orthodoxy can stifle innovation and progress."
9635,prthodoxy,Her unconventional approach to painting often clashed with the prevailing orthodoxy in the art world.
9635,prthodoxy,"Despite the scientific evidence, some people still adhere to the orthodoxy of a flat Earth."
9635,prthodoxy,"Breaking with political orthodoxy, the senator proposed a bipartisan solution to the healthcare crisis."
9636,parenthesis,The author used a parenthesis to add extra information about the character's background.
9636,parenthesis,"I wasn't sure what the phrase in parenthesis meant, so I looked it up online."
9636,parenthesis,Can you remove the unnecessary information in parenthesis to make the sentence flow better?
9636,parenthesis,"As an aside (in parenthesis, of course), I think that's a terrible idea."
9636,parenthesis,"The final answer, (with units included), is presented in the last parenthesis of the equation."
9637,particularity,"The artist's success lies in the particularity of his brushstrokes, each one contributing to the overall texture and emotion of the painting."
9637,particularity,"While the general outline of the plan is sound, we need to address the particularity of how it will be implemented in each department."
9637,particularity,"He was known for his attention to particularity, meticulously checking every detail before submitting a report."
9637,particularity,I appreciate the personal touch and the particularity with which you handled my request; it made me feel valued as a customer.
9637,particularity,"The charm of the antique shop resided in the particularity of each item, telling a silent story of its past."
9638,recitation,The annual poetry slam includes a recitation of classic works followed by original pieces from the participants.
9638,recitation,My daughter is nervous about the recitation she has to give in class tomorrow; it's a famous speech from Shakespeare.
9638,recitation,The professor graded us not only on accuracy but also on the clarity and emotional delivery of our German poem recitation.
9638,recitation,"After the sermon, there was a beautiful recitation of the Lord's Prayer by the church choir."
9638,recitation,"Instead of a traditional lecture, the history professor began the class with a dramatic recitation of a primary source document from the era."
9639,reviewer,The reviewer praised the film's cinematography but criticized its pacing.
9639,reviewer,We're still waiting for the reviewer's comments on the manuscript before we can move forward with publication.
9639,reviewer,"According to one reviewer, the new restaurant is overpriced and the food is bland."
9639,reviewer,Our team is carefully considering the feedback from the peer reviewer to improve the research paper.
9639,reviewer,I always check multiple reviewers' opinions before deciding whether to buy a new gadget.
9640,shorthand,"We use ""ASAP"" as shorthand for ""as soon as possible"" in emails to save time."
9640,shorthand,The reporter used shorthand to quickly take notes during the press conference.
9640,shorthand,"In our team, ""the usual"" is shorthand for the standard project template, which everyone understands."
9640,shorthand,"He developed a shorthand system for coding that allowed him to write much faster, but it was hard for others to understand."
9640,shorthand,"For the sake of brevity and clarity, the document will employ established acronyms and shorthand notations where appropriate."
9641,skeptic,I'm a bit of a skeptic when it comes to fad diets; they rarely work in the long run.
9641,skeptic,"Despite the company's promises, many investors remain skeptic about their ability to deliver on such ambitious goals."
9641,skeptic,"He approached the psychic with a skeptic's eye, determined to find a logical explanation for everything."
9641,skeptic,"While I admire your optimism, I remain skeptic that we can finish the project by Friday given the current workload."
9641,skeptic,"Don't be such a skeptic! Sometimes, you just have to believe in the possibility of good things happening."
9642,synthesis,The artist's latest work is a synthesis of classical techniques and modern themes.
9642,synthesis,"Her research paper offered a compelling synthesis of existing studies, leading to a new understanding of the phenomenon."
9642,synthesis,The course requires students to demonstrate a synthesis of the material covered in lectures and readings.
9642,synthesis,Achieving a successful compromise often requires a synthesis of different perspectives and priorities.
9642,synthesis,"This new drug is the result of careful chemical synthesis, combining several known compounds to create a more effective treatment."
9643,continuance,The continuance of the project depends on securing additional funding by the end of the month.
9643,continuance,"Despite the initial setbacks, the company is optimistic about the continuance of its growth trajectory."
9643,continuance,"The judge granted a continuance in the trial, giving the defense more time to prepare their case."
9643,continuance,"For the continuance of your health, it's important to maintain a balanced diet and exercise regularly."
9643,continuance,I'm worried about the continuance of this drought; the crops are already starting to fail.
9644,countdown,The website features a countdown timer until the product launch.
9644,countdown,We began the countdown to the New Year with ten seconds remaining.
9644,countdown,"Despite the technical difficulties, the mission control team continued the countdown sequence."
9644,countdown,Everyone held their breath during the final seconds of the countdown before the rocket's ignition.
9644,countdown,"With only three days left until the election, the campaign team is in a full-blown countdown mode."
9645,noonday,The noonday sun beat down mercilessly on the parched desert landscape.
9645,noonday,We decided to take a break for lunch around noonday to escape the worst of the heat.
9645,noonday,"The town square was bustling with activity at noonday, as people gathered for the daily market."
9645,noonday,He remembered the old Western movies where the gunfights always seemed to happen at high noonday.
9645,noonday,The air conditioning struggled to keep up with the intense heat radiating from the pavement at noonday.
9646,onset,The onset of winter always brings a fresh blanket of snow to the mountains.
9646,onset,"She felt a slight headache, a possible sign of the onset of a cold."
9646,onset,Early intervention is crucial in managing the onset of many chronic diseases.
9646,onset,"With the onset of the recession, many businesses were forced to close."
9646,onset,The medication aims to delay the onset of Alzheimer's disease and improve the quality of life for patients.
9647,outset,"From the outset, we knew this project would be challenging, but we were determined to succeed."
9647,outset,"At the outset of the meeting, the CEO outlined the company's goals for the next quarter."
9647,outset,He made it clear from the outset that he wouldn't tolerate any disrespect.
9647,outset,"Right from the outset, I had a bad feeling about that deal; something just didn't seem right."
9647,outset,They decided to tackle the most difficult problems at the outset to get them out of the way.
9648,peacetime,"The factory, which previously produced military equipment, was repurposed for peacetime manufacturing after the armistice."
9648,peacetime,"Many veterans struggled to readjust to civilian life after experiencing the horrors of war, finding it difficult to adapt to the relative tranquility of peacetime."
9648,peacetime,"Historians often debate the causes of wars, but equally important is understanding how societies rebuild and function during peacetime."
9648,peacetime,"During peacetime, the government invested heavily in infrastructure projects, hoping to stimulate economic growth and improve the quality of life for its citizens."
9648,peacetime,"She grew up in a country that had enjoyed a long period of peacetime, and the idea of armed conflict seemed distant and unreal to her."
9649,semester,I'm really looking forward to the end of the semester; I need a break!
9649,semester,"Registration for the fall semester begins next week, so make sure you check your email for your enrollment appointment."
9649,semester,Professor Davis is offering a fascinating seminar on post-modern literature next semester.
9649,semester,She decided to take a semester off from school to travel through Europe and gain some real-world experience.
9649,semester,The university requires all students to complete a minimum of 12 credit hours per semester to maintain full-time status.
9650,showdown,The final game of the season will be a showdown between the two top teams in the league.
9650,showdown,"After months of negotiation, it looks like we're heading for a showdown with the union over the proposed pay cuts."
9650,showdown,The political showdown between the president and Congress is creating uncertainty in the markets.
9650,showdown,"It was a tense showdown at the poker table, with both players betting everything they had left."
9650,showdown,"I'm not looking forward to the showdown with my boss tomorrow, but I need to address these concerns about my workload."
9651,ammonia,The strong smell of ammonia filled the air when I opened the cleaning supplies cabinet.
9651,ammonia,Farmers often use fertilizers that contain ammonia to help their crops grow.
9651,ammonia,The chemist carefully measured the concentration of ammonia in the solution during the experiment.
9651,ammonia,Be careful when mixing cleaning products; combining bleach with ammonia can create toxic fumes.
9651,ammonia,The wastewater treatment plant uses a biological process to remove ammonia from the water before it's discharged.
9652,cascade,The waterfall created a beautiful cascade of water as it flowed over the rocks.
9652,cascade,News of the company's success caused a cascade of excitement among the employees.
9652,cascade,"After the initial shock, a cascade of emotions washed over her."
9652,cascade,"Due to the database error, there was a cascade of system failures that needed to be addressed immediately."
9652,cascade,The stylist arranged her hair in a cascade of curls down her back for the wedding.
9653,coral,The scuba divers were amazed by the vibrant coral reefs teeming with marine life.
9653,coral,She wore a coral necklace that perfectly complemented her summer dress.
9653,coral,Scientists are concerned about the bleaching of coral due to rising ocean temperatures.
9653,coral,The interior designer suggested painting the bathroom a soft coral color to create a relaxing atmosphere.
9653,coral,Protecting our coral reefs is crucial for the health of the entire ocean ecosystem.
9654,embryo,The scientist carefully examined the developing embryo under the microscope.
9654,embryo,The debate over the ethical status of a human embryo continues to be a complex and sensitive issue.
9654,embryo,"In plant reproduction, the embryo is contained within the seed and will eventually grow into a new plant."
9654,embryo,The company is investing heavily in research to improve the success rate of embryo implantation during IVF.
9654,embryo,"Figuratively speaking, the project is still in its embryo stage; we're just starting to develop the initial ideas."
9655,gravitation,The gravitation of younger employees toward tech startups is a challenge for established corporations.
9655,gravitation,Newton's law of universal gravitation explains why apples fall from trees and why planets orbit the sun.
9655,gravitation,"Despite my best efforts, I felt a strong gravitation towards unhealthy snacks when I was stressed."
9655,gravitation,The artist's work has a certain gravitation pull; people are naturally drawn to its beauty and complexity.
9655,gravitation,"Due to the Earth's gravitation, we experience weight, which is the force pulling us downwards."
9656,iceberg,"The tip of the iceberg, in terms of the project's problems, was the missed deadline; the real issues ran much deeper."
9656,iceberg,Navigating those waters is incredibly dangerous because of the risk of hitting an iceberg.
9656,iceberg,"Climate change is causing icebergs to melt at an alarming rate, contributing to rising sea levels."
9656,iceberg,I felt like I was seeing only the iceberg's tip of her personality; she was a very private person.
9656,iceberg,The investigation revealed that the company's financial troubles were just the visible part of a much larger iceberg of debt and mismanagement.
9657,lilac,The air was thick with the sweet fragrance of lilac in the spring garden.
9657,lilac,"She chose a lilac dress for the wedding, finding the soft color very flattering."
9657,lilac,My grandmother always had a vase of freshly cut lilac on her kitchen table.
9657,lilac,We're considering painting the guest room a light lilac color to create a calming atmosphere.
9657,lilac,"The antique shop had a beautiful lilac-colored teacup, but it was unfortunately chipped."
9658,manure,The farmer spread manure across the field to enrich the soil before planting season.
9658,manure,We decided to use organic manure instead of chemical fertilizers in our garden this year.
9658,manure,The smell of manure was strong in the air as we drove past the dairy farm.
9658,manure,"He was up to his elbows in manure, mucking out the stables, but he didn't seem to mind the hard work."
9658,manure,The effectiveness of different types of manure on crop yield is a subject of ongoing research in agricultural science.
9659,naturalist,"As a naturalist, she spent years studying the migratory patterns of birds in the Amazon rainforest."
9659,naturalist,My grandfather was a keen naturalist; he could identify almost any plant or insect we found in the garden.
9659,naturalist,The museum is hosting a lecture by a renowned naturalist on the importance of biodiversity conservation.
9659,naturalist,"He described himself as a naturalist, but his methods were often criticized for interfering with the natural environment."
9659,naturalist,Becoming a naturalist requires a deep passion for the outdoors and a strong understanding of ecological principles.
9660,upheaval,The sudden closure of the factory caused an economic upheaval in the small town.
9660,upheaval,The political upheaval in the country led to widespread protests and calls for new elections.
9660,upheaval,Moving to a new city after living in the same place for 30 years was a major upheaval for her.
9660,upheaval,The company experienced a period of upheaval after the CEO's unexpected resignation.
9660,upheaval,Dealing with the emotional upheaval of a divorce is never easy; it takes time to heal.
9661,vintage,She loves to shop at thrift stores for vintage clothing from the 1950s and 60s.
9661,vintage,"The winery offers a special tasting of their vintage wines, showcasing different years and grape varietals."
9661,vintage,"He restored a vintage motorcycle to its original condition, a true labor of love."
9661,vintage,"The director aimed for a vintage Hollywood aesthetic in the film, complete with black and white cinematography and classic costumes."
9661,vintage,"This furniture collection has a distinctly vintage feel, reminiscent of mid-century modern design but with a contemporary twist."
9662,backup,I always make a backup of my important documents on an external hard drive.
9662,backup,Could you give me a backup on this project if I get pulled away to another assignment?
9662,backup,The singer needed a backup dancer after the original one got sick.
9662,backup,It's crucial to have a backup plan in case our primary strategy fails.
9662,backup,Our company provides data backup and recovery services for small businesses.
9663,beige,She chose a beige sofa to complement the light wood floors in her living room.
9663,beige,"The office walls were painted a bland beige, which made the space feel rather uninspiring."
9663,beige,"I'm thinking of wearing my beige trench coat today, as the weather forecast predicts a light drizzle."
9663,beige,"The bride requested that the bridesmaids wear beige dresses, as she wanted a neutral palette for the wedding."
9663,beige,"While the design was modern, the overuse of beige and gray tones gave the apartment a somewhat sterile feel."
9664,bingo,I need to pick up a bingo card for tonight's game at the community center.
9664,bingo,Bingo! That's exactly the answer I was looking for.
9664,bingo,"We were hoping for a quiet evening, but then bingo night started at the pub next door."
9664,bingo,"If our marketing campaign hits all its targets, it'll be bingo for the whole team – big bonuses all around."
9664,bingo,"The environmental report identified several critical areas of concern, and bingo, there was the illegal dumping site we suspected."
9665,coexistence,The success of the community garden relies on the peaceful coexistence of different gardening styles and preferences.
9665,coexistence,"In a diverse society, promoting understanding and respect is crucial for the successful coexistence of various cultures."
9665,coexistence,"The treaty aimed to establish a framework for the coexistence of the two nations, despite their historical conflicts."
9665,coexistence,"While competition is inevitable, we must strive for a coexistence where both companies can thrive and innovate."
9665,coexistence,My roommate and I have found that clear communication is key to the harmonious coexistence in our small apartment.
9666,cohesion,"The team lacked cohesion, which made it difficult to complete the project efficiently."
9666,cohesion,"To improve team cohesion, we're planning some social activities outside of work."
9666,cohesion,The essay suffered from a lack of cohesion; the ideas felt disjointed and didn't flow well.
9666,cohesion,The strong social cohesion of the village helped them recover quickly after the disaster.
9666,cohesion,Maintaining cohesion within the political party is proving difficult given the diverse range of opinions.
9667,compression,The doctor applied compression to the wound to stop the bleeding.
9667,compression,Data compression allows us to store more information on smaller devices.
9667,compression,The emotional compression he experienced after the loss of his job was palpable.
9667,compression,"Using video compression, I was able to send the large file much faster."
9667,compression,She felt a strange compression in her chest as the elevator ascended rapidly.
9668,concord,"The treaty was signed in a spirit of concord, promising years of peaceful cooperation between the two nations."
9668,concord,"Achieving concord within the committee proved difficult, as members held vastly different opinions on the proposed policy."
9668,concord,There needs to be a greater sense of concord between the police and the community they serve.
9668,concord,"Despite their initial disagreements, the siblings eventually reached a state of concord regarding their parents' care."
9668,concord,"To ensure a harmonious performance, the orchestra tuned their instruments to achieve perfect concord."
9669,confidentiality,The lawyer assured her client of complete confidentiality regarding their discussions.
9669,confidentiality,Maintaining confidentiality is of utmost importance when dealing with sensitive patient information.
9669,confidentiality,"Before accessing the research data, all team members had to sign a confidentiality agreement."
9669,confidentiality,"I'm happy to share my experiences, but I'd appreciate it if you respected the confidentiality of some details."
9669,confidentiality,The company takes data security very seriously and invests heavily in systems to ensure confidentiality.
9670,connector,This USB connector is a bit loose; I have to wiggle it to get a good connection.
9670,connector,The bridge served as a vital connector between the two isolated communities.
9670,connector,Could you pass me that electrical connector? I need to join these two wires.
9670,connector,"In this essay, I'll be using 'therefore' as a connector to link the premise to the conclusion."
9670,connector,Our team is working on developing a new connector that will allow for faster data transfer speeds.
9671,conveyance,The horse-drawn carriage served as the primary mode of conveyance for wealthy families in the 19th century.
9671,conveyance,We need to arrange for the conveyance of these delicate antiques to the museum with utmost care.
9671,conveyance,The legal documents detail the conveyance of the property from the seller to the buyer.
9671,conveyance,"What form of conveyance are you planning to use to get to the airport, a taxi or the subway?"
9671,conveyance,The company specializes in the safe and efficient conveyance of hazardous materials across state lines.
9672,eminence,"Her eminence in the field of astrophysics is undeniable, given her groundbreaking research on black holes."
9672,eminence,"The visiting professor spoke with an air of eminence, drawing on years of experience in his discipline."
9672,eminence,"Despite his eminence as a novelist, he remained humble and approachable."
9672,eminence,"Achieving eminence in any profession requires dedication, hard work, and a bit of luck."
9672,eminence,The city's historical eminence as a center of trade and culture is still evident in its architecture and museums.
9673,facing,The company is facing significant financial challenges due to the recent economic downturn.
9673,facing,"Facing the judge, the defendant nervously awaited the verdict."
9673,facing,"My apartment is facing south, so I get plenty of sunlight throughout the day."
9673,facing,We're facing a difficult decision regarding which candidate to hire for the open position.
9673,facing,"Facing her fears head-on, she decided to try skydiving for her birthday."
9674,fraternity,Joining a fraternity in college can provide a strong sense of community and lifelong friendships.
9674,fraternity,The international medical fraternity is constantly sharing research and collaborating to improve healthcare worldwide.
9674,fraternity,"He felt a certain fraternity with his fellow soldiers, a bond forged in shared experiences and hardship."
9674,fraternity,"Despite their different backgrounds, they found a fraternity in their shared love of classic literature."
9674,fraternity,The university has strict rules against hazing in fraternities and sororities.
9675,furnishing,"The apartment came fully furnished, which was a huge relief when we moved in."
9675,furnishing,We're looking for a furnishing store that specializes in mid-century modern designs.
9675,furnishing,The insurance company needed a detailed inventory of all the furnishings damaged in the fire.
9675,furnishing,Choosing the right furnishing can really tie a room together and create a cohesive aesthetic.
9675,furnishing,"The new office building has a generous budget for furnishing and interior design, reflecting the company's commitment to employee comfort."
9676,lather,He worked up a good lather scrubbing the dirty pots and pans after dinner.
9676,lather,"The barber applied a warm, fragrant lather to my face before giving me a close shave."
9676,lather,"The horse was covered in a lather of sweat after the long, strenuous ride."
9676,lather,"She got into quite a lather about the missing documents, but they were eventually found safe and sound."
9676,lather,"To properly clean your hands, make sure to lather with soap for at least twenty seconds."
9677,liasion,She acted as a liaison between the marketing and sales departments to ensure a consistent message.
9677,liasion,"Our company has a close liaison with several universities, allowing us to access cutting-edge research."
9677,liasion,The police are working in liaison with the FBI to solve the kidnapping case.
9677,liasion,A good project manager is essential for liaison with the client and keeping them updated on progress.
9677,liasion,The cultural liaison officer is responsible for fostering understanding and cooperation between the embassy and local communities.
9678,magnificence,The sheer magnificence of the Taj Mahal left us speechless.
9678,magnificence,"We were awestruck by the magnificence of the Grand Canyon, especially at sunset."
9678,magnificence,"Despite its age, the cathedral still retains a certain magnificence that draws visitors from all over the world."
9678,magnificence,"The queen's coronation was a display of pure magnificence, with jewels, gowns, and elaborate ceremonies."
9678,magnificence,"While the hotel was comfortable, it lacked the magnificence and grandeur of the historic palace we visited last year."
9679,millstone,"The company's outdated technology had become a millstone around its neck, hindering innovation and growth."
9679,millstone,He felt like he was carrying a millstone of guilt after the argument with his brother.
9679,millstone,"For years, the massive debt had been a millstone, preventing them from achieving their financial goals."
9679,millstone,She worried that her lack of experience would be a millstone when she started the new job.
9679,millstone,"While some saw the regulations as a necessary safeguard, others viewed them as a millstone hindering small businesses."
9680,parody,His campaign speech was such a ridiculous parody of political rhetoric that it was hard to believe he was serious.
9680,parody,"The new movie is a clever parody of superhero films, poking fun at their tropes and clichés."
9680,parody,"She wrote a hilarious parody song about the struggles of working from home, which quickly went viral."
9680,parody,"Many late-night talk shows feature parodies of current events, offering comedic commentary on serious issues."
9680,parody,"The art exhibit included a series of parodies of famous paintings, reimagined with modern subjects and themes."
9681,pawn,"He felt like a pawn in their political game, manipulated for their own gain."
9681,pawn,"I had to pawn my watch to make rent this month; hopefully, I can get it back soon."
9681,pawn,"In chess, the pawn is the weakest piece, but it can be promoted to a queen if it reaches the other side of the board."
9681,pawn,The documentary exposed how vulnerable communities are often pawns in large corporations' pursuit of profit.
9681,pawn,Don't let yourself be used as a pawn in someone else's argument; stand up for what you believe in.
9682,payoff,All those hours of studying finally had a payoff when I aced the exam.
9682,payoff,"The initial investment was high, but the long-term payoff in terms of efficiency made it worthwhile."
9682,payoff,"The detective knew that if he kept digging, there would be a big payoff in the end."
9682,payoff,"He worked hard to build relationships, hoping for a future payoff in his career."
9682,payoff,"The politician's controversial decision had a surprising payoff, leading to a significant decrease in crime rates."
9683,petticoat,She loved the way the lace of her petticoat peeked out from under her long skirt.
9683,petticoat,"The antique dress form was adorned with a beautiful, hand-stitched petticoat."
9683,petticoat,"Back in the day, women wore multiple layers, including a chemise, corset, and several petticoats to achieve the desired shape."
9683,petticoat,I found an old petticoat in the attic; it's probably from the 1950s based on the style.
9683,petticoat,The dancer's petticoat swirled as she performed a lively jig.
9684,propriety,He questioned the propriety of the governor's lavish spending during a time of economic hardship.
9684,propriety,"While I appreciated his enthusiasm, I doubted the propriety of wearing a clown costume to a funeral."
9684,propriety,The committee debated the propriety of releasing the classified documents to the public.
9684,propriety,"She always observed the strictest propriety, careful to avoid any action that might be considered scandalous."
9684,propriety,I'm not sure about the propriety of discussing such personal matters in a public forum.
9685,regulator,The financial regulator imposed a hefty fine on the bank for its fraudulent activities.
9685,regulator,Did you remember to adjust the gas regulator on the grill before you started cooking?
9685,regulator,"As a healthcare regulator, the agency is responsible for ensuring patient safety and quality of care."
9685,regulator,He's been working as a voltage regulator technician for the power company for over a decade.
9685,regulator,"The internet needs some form of regulator to prevent the spread of misinformation, but finding the right balance is a challenge."
9686,sedan,I'm thinking of trading in my SUV for a more fuel-efficient sedan.
9686,sedan,The company car policy only allows for a sedan or a small hatchback.
9686,sedan,"He pulled up to the curb in a sleek, black sedan, looking every bit the successful businessman."
9686,sedan,"For our family road trip, we rented a spacious sedan with plenty of trunk space for luggage."
9686,sedan,"Compared to the sports car, the sedan offers a much smoother and quieter ride, perfect for commuting."
9687,selector,"The CSS selector targeted all paragraph elements on the page, changing their font size."
9687,selector,"He was appointed as the chief selector for the national cricket team, responsible for choosing the players."
9687,selector,"Using a file selector, I chose the image I wanted to upload to the website."
9687,selector,The color selector in the graphics editor allowed me to precisely match the shade I needed.
9687,selector,Our company is looking for a skilled data selector who can efficiently filter and analyze large datasets.
9688,semblance,"After the argument, they tried to maintain a semblance of normalcy for the sake of the children."
9688,semblance,"The old house retained a semblance of its former grandeur, despite years of neglect and disrepair."
9688,semblance,"The politician's apology offered a semblance of remorse, but many voters remained unconvinced."
9688,semblance,"Although the team was losing badly, they fought hard to maintain a semblance of dignity until the final whistle."
9688,semblance,"The investigation provided a semblance of justice for the victims, even though it couldn't fully undo the harm done."
9689,shipwreck,The old lighthouse warned sailors of the treacherous rocks that had caused many a shipwreck.
9689,shipwreck,"After the shipwreck, the survivors clung to debris for three days before being rescued."
9689,shipwreck,The documentary explored the mysteries surrounding the famous shipwreck of the Titanic.
9689,shipwreck,"He felt like his life was a shipwreck, with all his plans and dreams scattered and broken."
9689,shipwreck,"Rumors of buried treasure from a Spanish shipwreck off the coast have persisted for centuries, drawing treasure hunters from around the world."
9690,stopover,We have a short stopover in Amsterdam before continuing to our final destination in Rome.
9690,stopover,The airline offered us a free hotel room because of our long stopover due to the delayed connecting flight.
9690,stopover,"Instead of flying directly, I decided to book a flight with a stopover in Tokyo so I could explore the city for a day."
9690,stopover,"During the stopover in Dubai, we managed to visit the Burj Khalifa and experience some local cuisine."
9690,stopover,"For passengers with a stopover exceeding six hours, the airport provides complimentary access to the airport lounge."
9691,stoppage,The game was delayed due to a stoppage caused by the heavy rain.
9691,stoppage,There was a brief stoppage on the assembly line while the technicians fixed the malfunctioning robot.
9691,stoppage,Union representatives called for a work stoppage if their demands for better pay weren't met.
9691,stoppage,The referee signaled a stoppage in play after the player suffered a head injury.
9691,stoppage,"Because of the unexpected stoppage in funding, the research project has been put on hold indefinitely."
9692,subdivision,The new subdivision on the edge of town is causing a lot of traffic congestion.
9692,subdivision,We're thinking of buying a house in that subdivision; the lots are a good size and the schools are supposed to be excellent.
9692,subdivision,"The planning commission approved the developer's proposal for a new subdivision, despite concerns about environmental impact."
9692,subdivision,The legal team is working on the subdivision of assets following the company's restructuring.
9692,subdivision,"My grandparents live in a quiet, well-maintained subdivision with a strong sense of community."
9693,tab,Could you please open a new tab in your browser so we can look at both websites at the same time?
9693,tab,"I accidentally closed the tab with my online shopping cart, and now I have to find everything again!"
9693,tab,The restaurant added a 20% gratuity to our tab because we had a large party.
9693,tab,"According to the spreadsheet, the team's entertainment tab for the conference was significantly over budget."
9693,tab,"He kept a close tab on his competitor's marketing campaigns, analyzing their strategies and target audience."
9694,tangle,My hair is such a tangle after being in the wind all day; I need to brush it out.
9694,tangle,The yarn became a hopeless tangle when the cat started playing with it.
9694,tangle,Negotiations between the two countries became a complex tangle of accusations and counter-accusations.
9694,tangle,The detective tried to untangle the web of lies to find the truth.
9694,tangle,"I always seem to get my headphones in a terrible tangle, no matter how carefully I put them away."
9695,tint,"The sunset cast a warm, orange tint across the sky."
9695,tint,She added a slight blue tint to the photograph to give it a cooler feel.
9695,tint,I'm thinking of getting my car windows tinted to reduce the glare from the sun.
9695,tint,This particular shade of lipstick has a subtle pink tint that I really like.
9695,tint,"The museum curator noticed a faint yellowish tint developing on the old painting, indicating potential damage."
9696,advocacy,Her advocacy for children's rights led to significant policy changes in the education system.
9696,advocacy,"He's involved in disability advocacy, helping people access the resources they need."
9696,advocacy,The organization's primary focus is advocacy for environmental protection and sustainable practices.
9696,advocacy,"After witnessing the injustice firsthand, she dedicated her life to advocacy on behalf of refugees."
9696,advocacy,"Through public speaking and writing, I hope to contribute to the advocacy for better mental health services in our community."
9697,affiliate,"Our company is an affiliate of a larger multinational corporation, which allows us to access their resources and expertise."
9697,affiliate,"Many online retailers offer affiliate programs, where bloggers and website owners earn a commission for referring customers."
9697,affiliate,"I'm hesitant to affiliate myself with that political group, given their controversial stances on several key issues."
9697,affiliate,"She's an affiliate member of the local art gallery, which grants her discounts on workshops and exhibitions."
9697,affiliate,"Before investing in a new business, it's crucial to research whether they're legitimately affiliated with a reputable organization."
9698,affiliation,The hospital's affiliation with the university medical school enhances its research capabilities.
9698,affiliation,"What is your political affiliation, if you don't mind me asking?"
9698,affiliation,"Despite her initial reluctance, she eventually declared her affiliation with the activist group."
9698,affiliation,The company severed its affiliation with the controversial supplier after the allegations surfaced.
9698,affiliation,Membership in the alumni association provides a valuable affiliation with former classmates and the university community.
9699,affluence,The town's affluence was evident in its manicured lawns and luxury cars.
9699,affluence,"Despite their affluence, they remained grounded and committed to charitable work."
9699,affluence,"He grew up in an area known for its affluence, but he never let it define him."
9699,affluence,The study explored the link between affluence and consumerism in modern society.
9699,affluence,Her family's affluence allowed her to pursue her passions without financial constraints.
9700,appropriation,The artist's work sparked controversy due to its alleged appropriation of indigenous designs without proper attribution.
9700,appropriation,"The city council approved the appropriation of funds for the new community center, ensuring its construction could begin next month."
9700,appropriation,"Many felt the fashion company's use of tribal patterns was cultural appropriation, as they profited from a culture they didn't understand or respect."
9700,appropriation,"The museum director defended the exhibit, arguing it was an homage, not an appropriation, of the artist's style."
9700,appropriation,"During the budget meeting, the senator questioned the appropriation of resources towards the controversial research project."
9701,birthright,"He believed that access to clean water was a human birthright, not a privilege."
9701,birthright,"As the eldest son, he felt it was his birthright to inherit the family business, regardless of his skills."
9701,birthright,Citizenship is often considered a birthright for those born within a country's borders.
9701,birthright,"She fought for the rights of marginalized communities, arguing that equal opportunities should be everyone's birthright."
9701,birthright,"While some view education as a birthright, others in developing countries struggle to access even basic schooling."
9702,borrowing,I'm borrowing my sister's car for the weekend because mine is in the shop.
9702,borrowing,The museum is featuring an exhibit on the borrowing of artistic styles between cultures.
9702,borrowing,"The company is borrowing heavily to finance its expansion, which is a risky strategy."
9702,borrowing,Could I be borrowing your stapler for a quick moment? I promise to return it right away.
9702,borrowing,"Much of English vocabulary is a result of borrowing words from other languages, particularly French and Latin."
9703,bourgeois,He criticized the play for its bourgeois values and predictable plot.
9703,bourgeois,"The artist rejected the bourgeois lifestyle, preferring a more bohemian existence."
9703,bourgeois,"Despite her radical politics, she enjoys some undeniably bourgeois comforts, like expensive coffee and organic groceries."
9703,bourgeois,"My parents, with their perfectly manicured lawn and matching SUVs, are the epitome of bourgeois respectability."
9703,bourgeois,"The punk rock movement was, in part, a reaction against what they saw as the stifling conformity of bourgeois society."
9704,centralization,The company's move towards centralization of decision-making was met with resistance from regional managers who felt their autonomy was being eroded.
9704,centralization,One of the arguments against the new government policy is that it leads to too much centralization of power in the capital city.
9704,centralization,We're trying to avoid over-centralization; we want teams to have the freedom to innovate and make their own choices.
9704,centralization,"The centralization of data storage in the cloud offers numerous benefits, including improved security and easier access."
9704,centralization,"Historically, the centralization of resources in urban areas has contributed to a decline in rural communities."
9705,conjunction,"The word ""and"" is a conjunction that joins two independent clauses."
9705,conjunction,"In conjunction with the new marketing campaign, we expect to see a significant increase in sales."
9705,conjunction,"I'm not sure if I can attend the meeting; it depends on whether I finish the project on time, so ""whether"" will function as a conjunction there."
9705,conjunction,The success of the project was due in conjunction with the dedication of the team and the support from management.
9705,conjunction,"Some people find it difficult to remember all the coordinating conjunctions, often using the acronym FANBOYS to help them (For, And, Nor, But, Or, Yet, So)."
9706,default,The system will use the default settings unless you specify otherwise.
9706,default,"If you don't choose a shipping option, we'll just use the default, which is standard shipping."
9706,default,"Unfortunately, the company is in default on its loan payments and may face bankruptcy."
9706,default,My phone's default ringtone is so annoying; I really need to change it.
9706,default,"The agreement stated that in the event of default, the lender had the right to seize the collateral."
9707,deterrent,"The high cost of parking downtown acts as a major deterrent to shoppers, pushing them to suburban malls."
9707,deterrent,"Hopefully, the new security cameras will be a deterrent to vandalism in the park."
9707,deterrent,Nuclear weapons are often cited as a deterrent against large-scale conflicts between major powers.
9707,deterrent,"Stricter penalties for drunk driving are intended to serve as a deterrent, making people think twice before getting behind the wheel after drinking."
9707,deterrent,"Despite the threat of fines, it wasn't much of a deterrent; people continued to litter in the area."
9708,dominion,The king sought to extend his dominion over neighboring lands through strategic alliances and military campaigns.
9708,dominion,"After years of neglect, weeds had established their dominion over the once-pristine garden."
9708,dominion,The corporation's vast wealth and influence allowed it to exert dominion over the entire industry.
9708,dominion,"While she loved her pets, she refused to let them have complete dominion over the couch."
9708,dominion,The scientist dedicated her life to understanding the dominion of natural laws over the physical world.
9709,embargo,The United States imposed an embargo on Cuban goods for several decades.
9709,embargo,I heard on the news that the trade embargo with that country might be lifted soon.
9709,embargo,The company suffered significant losses due to the embargo on exports of raw materials.
9709,embargo,Several countries have joined together to place an embargo on weapons sales to the warring nations.
9709,embargo,The government is considering a partial embargo on luxury goods as a form of protest.
9710,envoy,The president sent an envoy to negotiate a trade agreement with the foreign nation.
9710,envoy,"As a seasoned diplomat, she was chosen as the special envoy to the peace talks."
9710,envoy,"He acted as an envoy for the company, delivering their proposal to the potential investors."
9710,envoy,Are you sure you want me to be your envoy? I'm not very good at delivering bad news.
9710,envoy,"The envoy's arrival was met with both anticipation and skepticism, as much depended on the message he carried."
9711,influx,The small town struggled to accommodate the sudden influx of tourists during the summer festival.
9711,influx,We've seen a significant influx of new subscribers since we launched the marketing campaign.
9711,influx,The hospital is preparing for a potential influx of patients due to the approaching flu season.
9711,influx,"After the company announced its new remote work policy, there was an influx of applications from all over the world."
9711,influx,"The influx of foreign investment has helped to stimulate the local economy, but it also presents new challenges."
9712,interrogation,"The police conducted a lengthy interrogation of the suspect, hoping to uncover the truth."
9712,interrogation,"After the disappointing presentation, the team faced a tough interrogation from the CEO about their lack of preparation."
9712,interrogation,"Before making a decision, I usually subject myself to a period of intense self-interrogation to consider all angles."
9712,interrogation,He felt like he was undergoing an interrogation when his girlfriend met his parents for the first time.
9712,interrogation,The journalist's relentless interrogation of the politician revealed inconsistencies in his story.
9713,misconduct,The police officer was dismissed from the force due to repeated acts of misconduct.
9713,misconduct,"She accused her former boss of professional misconduct, including misuse of company funds."
9713,misconduct,"After several warnings, John was finally fired for his disruptive misconduct in the workplace."
9713,misconduct,"The university has a strict policy against academic misconduct, such as plagiarism and cheating."
9713,misconduct,I can't believe he got away with that; his actions were clearly a case of serious ethical misconduct.
9714,moratorium,The city council declared a moratorium on new building permits in the historic district to allow time for a comprehensive review of zoning regulations.
9714,moratorium,"Due to the overwhelming number of applications, the university has placed a moratorium on accepting new graduate students in the anthropology department for the upcoming academic year."
9714,moratorium,"Let's call a moratorium on arguing about this issue for the rest of the evening; we're clearly not going to agree, and it's ruining the mood."
9714,moratorium,The government announced a temporary moratorium on debt payments for small businesses struggling due to the economic downturn.
9714,moratorium,"After the disastrous oil spill, there was a public outcry demanding a complete moratorium on offshore drilling in the affected area."
9715,outcry,"The proposed factory closure sparked a public outcry, with residents fearing job losses and environmental damage."
9715,outcry,There was an immediate outcry on social media after the celebrity made insensitive comments.
9715,outcry,"Despite the public outcry, the council voted to approve the controversial development project."
9715,outcry,The company quickly issued an apology in response to the consumer outcry over their misleading advertising campaign.
9715,outcry,"Following the judge's lenient sentencing, a wave of outcry demanded a retrial and harsher punishment."
9716,partisan,The news channel has become so partisan that it's difficult to get an objective view of current events.
9716,partisan,"I try to avoid partisan debates at family gatherings, as they rarely end well."
9716,partisan,The senator's partisan rhetoric alienated many moderate voters.
9716,partisan,"Despite the partisan divide, the committee managed to reach a bipartisan agreement on the infrastructure bill."
9716,partisan,"As a judge, she was known for her impartiality and refusal to engage in partisan politics."
9717,proponent,"He's a vocal proponent of renewable energy, always advocating for solar and wind power."
9717,proponent,"Despite the criticism, she remained a strong proponent of the new education policy."
9717,proponent,"As a proponent of free speech, I believe everyone should have the right to express their opinions, even if they are unpopular."
9717,proponent,"The mayor is a known proponent of downtown development, which has sparked debate among local residents."
9717,proponent,"While I understand the concerns, I'm not a proponent of completely banning technology in the classroom; I think it can be a valuable tool when used correctly."
9718,proxy,"Since I couldn't attend the meeting in person, I sent my assistant as a proxy to vote on my behalf."
9718,proxy,The website uses a proxy server to mask my IP address and protect my privacy while browsing.
9718,proxy,Environmental groups argue that increased carbon emissions are a proxy for unsustainable economic growth.
9718,proxy,Could you act as my proxy and pick up my prescription from the pharmacy; I'm stuck at work.
9718,proxy,The company's stock price is often used as a proxy to gauge the overall health of the technology sector.
9719,rebirth,"The city is experiencing a rebirth of its arts scene, with new galleries and theaters opening every month."
9719,rebirth,"After a difficult period in his life, he felt a sense of rebirth as he embraced new challenges and opportunities."
9719,rebirth,"The spring season symbolizes rebirth and renewal, as nature awakens from its winter slumber."
9719,rebirth,"The company's restructuring was seen as a rebirth, allowing them to adapt to the changing market and innovate."
9719,rebirth,"Many believe in reincarnation, the rebirth of the soul into a new body after death."
9720,remittance,The migrant worker sends a monthly remittance to support his family back home.
9720,remittance,Our company processes international remittances quickly and securely.
9720,remittance,She used the remittance money to pay for her children's school fees and medical expenses.
9720,remittance,The bank charges a small fee for each remittance sent overseas.
9720,remittance,Economists are studying the impact of decreased remittances on developing countries.
9721,retrieval,The data retrieval process took longer than expected due to network congestion.
9721,retrieval,Her quick retrieval of the relevant file saved us a lot of time during the meeting.
9721,retrieval,Archaeologists are focused on the retrieval of artifacts from the ancient shipwreck.
9721,retrieval,Voice assistants rely on complex algorithms for accurate information retrieval from the internet.
9721,retrieval,The dog's enthusiastic retrieval of the thrown ball was a joy to watch.
9722,socialization,Early childhood socialization is crucial for developing empathy and communication skills.
9722,socialization,Joining a club or sports team is a great way to increase your socialization and meet new people.
9722,socialization,The lack of socialization during the pandemic had a significant impact on many people's mental health.
9722,socialization,We're concerned about the puppy's socialization; he hasn't been exposed to other dogs or people enough.
9722,socialization,Proper socialization within a professional environment is essential for team cohesion and productivity.
9723,solidarity,The community showed solidarity with the family after the devastating fire by donating clothes and food.
9723,solidarity,The striking workers emphasized the importance of solidarity among union members to achieve their demands.
9723,solidarity,We stand in solidarity with all those fighting for human rights around the world.
9723,solidarity,The international community must demonstrate solidarity in addressing the climate crisis.
9723,solidarity,"Despite their differences, they found solidarity in their shared love of music and formed a band."
9724,speculator,"The real estate market is booming, but some worry it's driven by speculators rather than genuine demand."
9724,speculator,"He made a fortune as a speculator, buying and selling tech stocks at just the right time."
9724,speculator,"Many consider him a reckless speculator, willing to take enormous risks for potentially huge rewards."
9724,speculator,The government is trying to crack down on speculators who are artificially inflating the price of essential goods.
9724,speculator,"While some see them as essential for market liquidity, others view speculators as nothing more than gamblers with other people's money."
9725,unionist,"He comes from a long line of unionist politicians in Northern Ireland, and their commitment to remaining part of the United Kingdom has always been unwavering."
9725,unionist,The local newspaper ran a story about the unionist community's concerns regarding the proposed changes to the Good Friday Agreement.
9725,unionist,"As a staunch unionist, she felt obligated to participate in the annual Twelfth of July parades."
9725,unionist,"During the debate, the panelist identified himself as a unionist and presented arguments for maintaining the current constitutional arrangements."
9725,unionist,"Despite some internal disagreements, the unionist parties managed to form a coalition government after the election."
9726,additive,The chef explained that the umami flavor in the sauce came from a natural additive derived from seaweed.
9726,additive,"Some people are sensitive to artificial food additives, experiencing symptoms like headaches or skin rashes."
9726,additive,"The additive manufacturing process, also known as 3D printing, is revolutionizing the way we create prototypes and finished products."
9726,additive,"Before using any fuel additive in your car, it's a good idea to check your vehicle's owner's manual for compatibility."
9726,additive,Adding a simple color additive to the concrete mix can drastically change the appearance of the finished patio.
9727,ale,"After a long day hiking, a pint of cold pale ale really hit the spot."
9727,ale,"The pub down the street specializes in locally brewed ales, with new varieties on tap each week."
9727,ale,"He prefers a dark, malty ale to a light lager; he says it has more character."
9727,ale,"The beer festival offered a wide selection of ales, stouts, and lagers, allowing attendees to sample different styles."
9727,ale,"Traditionally, Christmas celebrations in our family always include a special spiced ale recipe passed down through generations."
9728,carbohydrate,"Athletes often ""carb-load"" before a big event to ensure they have enough carbohydrate energy reserves."
9728,carbohydrate,"The nutritionist recommended I reduce my intake of refined carbohydrates, such as white bread and pasta."
9728,carbohydrate,"Complex carbohydrates, like those found in whole grains and vegetables, are digested more slowly and provide sustained energy."
9728,carbohydrate,"While on the keto diet, you have to be very careful to track your carbohydrate consumption."
9728,carbohydrate,This energy bar is a good source of protein but is also high in carbohydrate content.
9729,dripping,"The leaky faucet was dripping steadily, creating a small puddle on the sink."
9729,dripping,"After running the marathon, he was dripping with sweat."
9729,dripping,The artist applied the paint in a dripping technique to create a textured effect.
9729,dripping,"She hung the wet laundry on the line, where it was dripping in the afternoon sun."
9729,dripping,"The cave ceiling was dripping with condensation, making the air feel damp and heavy."
9730,fixing,"I'm fixing dinner right now, so I can't come to the phone."
9730,fixing,The software company is fixing bugs in their new operating system.
9730,fixing,He spent the afternoon fixing the leaky faucet in the bathroom.
9730,fixing,Fixing the broken window will be more expensive than I thought.
9730,fixing,The government is committed to fixing the issues within the healthcare system.
9731,gin,"After a long day at work, a gin and tonic is my go-to drink."
9731,gin,"The cocktail menu features several interesting gin-based concoctions, including a rosemary-infused martini."
9731,gin,"Despite its popularity, I've never really acquired a taste for gin."
9731,gin,The distillery offers tours where you can learn about the history of gin and the process of making it.
9731,gin,"He ordered a dry gin martini, shaken, not stirred, just like James Bond."
9732,malt,"The brewery uses a special blend of roasted malt to give its stout a rich, coffee-like flavor."
9732,malt,I prefer malt vinegar on my chips; it just tastes better than white vinegar.
9732,malt,"He ordered a chocolate malt at the diner, reminiscing about his childhood."
9732,malt,"The recipe calls for malt extract, which will help the bread rise and give it a slightly sweet taste."
9732,malt,"During the whiskey-making process, the barley is carefully malted to activate the enzymes needed for fermentation."
9733,oatmeal,"For a hearty breakfast on a cold morning, nothing beats a warm bowl of oatmeal with cinnamon and brown sugar."
9733,oatmeal,"The doctor recommended I eat more fiber, so I've been having oatmeal every morning."
9733,oatmeal,"I tried adding berries and nuts to my oatmeal, but I still find it kind of bland."
9733,oatmeal,"The hotel breakfast buffet included a variety of options, including scrambled eggs, bacon, and a large pot of oatmeal."
9733,oatmeal,"Despite its reputation for blandness, oatmeal can be surprisingly versatile when prepared with different toppings and spices."
9734,ration,"During the drought, we had to ration our water supply carefully to make sure we had enough to last."
9734,ration,"The hikers decided to ration their remaining food, knowing they were still a long way from the trailhead."
9734,ration,The government imposed strict rationing of gasoline during the oil crisis of the 1970s.
9734,ration,"I try to ration my screen time, especially before bed, to improve my sleep."
9734,ration,Let's ration out the remaining cookies so everyone gets a fair share.
9735,sustenance,"For many families, a small vegetable garden provides crucial sustenance during the summer months."
9735,sustenance,The documentary explored how indigenous communities maintain their traditional ways of life and derive sustenance from the land.
9735,sustenance,"Without financial aid, it's difficult for some artists to find the sustenance needed to continue their creative work."
9735,sustenance,The hikers carried enough dried food and water to provide sustenance for three days in the wilderness.
9735,sustenance,"The professor argued that intellectual stimulation is a form of sustenance, feeding the mind and fostering growth."
9736,allotment,"My grandfather spends most of his weekends down at his allotment, growing vegetables and flowers."
9736,allotment,"The council offers a limited number of allotments to residents, but there's currently a long waiting list."
9736,allotment,Each department received an allotment of funding based on their projected needs for the next fiscal year.
9736,allotment,"We had a family discussion about how to divide the birthday cake, and decided on an equal allotment for everyone."
9736,allotment,"Despite the initial allotment of time for the project, we quickly realized we needed to request an extension."
9737,bulge,The squirrel's cheeks began to bulge with acorns as it stuffed them inside.
9737,bulge,"I noticed a strange bulge in the wall behind the painting, which made me suspect there was something hidden there."
9737,bulge,"His pockets were so full that they began to bulge, nearly spilling out his keys and wallet."
9737,bulge,"The city's population continued to bulge, straining its infrastructure and resources."
9737,bulge,"After the heavy rain, the river began to bulge over its banks, threatening to flood the nearby town."
9738,discrepancy,There was a significant discrepancy between the number of attendees we expected and the actual turnout.
9738,discrepancy,I noticed a discrepancy in my bank statement – a charge I don't recognize.
9738,discrepancy,"The auditor found a discrepancy in the financial records, which needs further investigation."
9738,discrepancy,Could you please explain the discrepancy between these two reports; the data doesn't seem to align.
9738,discrepancy,"After comparing notes, we realized there was a slight discrepancy in our understanding of the project's deadline."
9739,exaltation,The choir's powerful performance filled the church with a feeling of exaltation.
9739,exaltation,She experienced a moment of pure exaltation when she finally crossed the finish line after months of training.
9739,exaltation,"His speech was filled with exaltation for the company's achievements, praising every employee's contribution."
9739,exaltation,"Despite the team's loss, the coach tried to temper any feelings of despair with an exaltation of their hard work and dedication throughout the season."
9739,exaltation,"There was a shared exaltation among the crowd as the band played their most beloved song, creating an unforgettable atmosphere."
9740,expectancy,"The average life expectancy in Japan is among the highest in the world, reflecting their healthy lifestyle and advanced healthcare."
9740,expectancy,"Her expectancy for a promotion was high, given her consistent performance and dedication to the company."
9740,expectancy,There's a general expectancy that the government will announce new economic measures next week.
9740,expectancy,"Despite the doctor's grim prognosis, we held onto hope, refusing to let our expectancy of a full recovery diminish."
9740,expectancy,"My expectancy of finding a parking spot downtown on a Saturday afternoon is pretty low, so I usually take public transport."
9741,fitness,Maintaining a good level of fitness is crucial for overall health and well-being.
9741,fitness,The gym offers a variety of classes to help you improve your cardiovascular fitness and strength.
9741,fitness,She's really into fitness; she runs marathons and does CrossFit regularly.
9741,fitness,"Before starting any new exercise program, it's important to assess your current fitness level and consult with a doctor."
9741,fitness,The company provides employees with a fitness reimbursement program to encourage healthy lifestyles.
9742,gloss,She applied a clear gloss to her lips before going out.
9742,gloss,Could you gloss over the main points of the article for me?
9742,gloss,The high-gloss finish on the car made it look brand new.
9742,gloss,The professor asked us to gloss the difficult passage from the ancient text.
9742,gloss,"Despite his attempts to gloss over the mistake, everyone knew he was responsible."
9743,infinity,The universe is so vast that it feels like it stretches to infinity.
9743,infinity,Some mathematicians believe that there are different sizes of infinity.
9743,infinity,I could spend an infinity of time just sitting here and watching the waves crash on the shore.
9743,infinity,"The company's potential for growth seems almost limitless, approaching infinity."
9743,infinity,"He promised her his love would last for infinity, a promise she desperately wanted to believe."
9744,parameter,We need to define the key parameters of the project before we can move forward with the design phase.
9744,parameter,"Within these parameters, you're free to be creative and explore different approaches."
9744,parameter,"The success of the experiment depends on carefully controlling all the relevant parameters, such as temperature and pressure."
9744,parameter,What are the parameters for submitting the application; is there a word count limit on the personal essay?
9744,parameter,"Considering the parameters of the contract, it seems unlikely that we can renegotiate the terms at this point."
9745,quid,"That'll be ten quid for the taxi ride, please."
9745,quid,I wouldn't pay more than five quid for that old record.
9745,quid,He owes me twenty quid from last week's football pool.
9745,quid,"For a small donation of just a quid or two, you can help support our charity."
9745,quid,The company offered a generous signing bonus of several thousand quid to attract top talent.
9746,relativity,"Einstein's theory of relativity revolutionized our understanding of gravity, space, and time."
9746,relativity,"The concept of 'good' and 'bad' is often shaped by cultural relativity, meaning it varies from society to society."
9746,relativity,"In the grand scheme of things, with the vastness of the universe in mind, our everyday problems lose some of their perceived importance, which is a matter of relativity."
9746,relativity,"When judging historical figures, we must consider historical relativity and avoid applying modern moral standards to past eras."
9746,relativity,The perceived difficulty of a task is often a matter of relativity; what seems challenging to one person might be simple for another based on their experience and skill set.
9747,variant,This software has a variant specifically designed for mobile devices.
9747,variant,"There are several variant spellings of her last name, but they are all generally accepted."
9747,variant,"The mechanic suggested using a different variant of the engine oil, one that's better suited for cold weather."
9747,variant,Scientists are closely monitoring the new variant of the virus to determine its transmissibility and severity.
9747,variant,That's an interesting variant on the classic chocolate chip cookie recipe; I've never seen anyone add nuts before.
9748,concealment,The detective suspected concealment of evidence when he noticed the rug was slightly askew.
9748,concealment,Her constant fidgeting and avoidance of eye contact suggested a possible concealment of the truth.
9748,concealment,The artist used clever brushstrokes to achieve the concealment of imperfections in the portrait.
9748,concealment,"Despite their best efforts at concealment, the children's laughter gave away their hiding place."
9748,concealment,Tax evasion often involves the illegal concealment of income from the authorities.
9749,façade,"The hotel's grand façade, with its ornate carvings and towering columns, hinted at the luxury within."
9749,façade,"Despite his cheerful façade, I could sense a deep sadness in his eyes."
9749,façade,"The company maintained a façade of environmental responsibility, but their actual practices told a different story."
9749,façade,The old theater's façade is being carefully restored to its original glory.
9749,façade,"Behind the friendly façade, he was secretly plotting against his colleagues."
9750,facet,"The article explored every facet of the proposed legislation, leaving no stone unturned."
9750,facet,Her personality has so many facets; sometimes she's outgoing and other times quite reserved.
9750,facet,"Dealing with the public is just one facet of my job, but it's often the most challenging."
9750,facet,"From a historical facet, the building has significant value."
9750,facet,Let's consider another facet to the problem before deciding on a course of action.
9751,groove,The band was really in the groove tonight; their energy was infectious.
9751,groove,"Once I got into the groove of the new job, things became much easier and less stressful."
9751,groove,"The vinyl record had a deep groove, which likely caused the needle to skip."
9751,groove,"After a few weeks of practice, she finally found her groove with the new dance routine."
9751,groove,The project team worked hard to establish a steady groove for delivering results on time.
9752,midland,The architecture of the old train station is typical of the Midland Railway's style.
9752,midland,"Growing up in a small midland town, I always dreamed of living in a big city."
9752,midland,The company's regional headquarters for the midland area are located in Birmingham.
9752,midland,"We're planning a road trip through the midland counties, exploring the historic villages and countryside."
9752,midland,The report highlighted the need for increased investment in infrastructure across the midland region to boost economic growth.
9753,niche,That small bookstore has carved out a niche for itself by specializing in rare and out-of-print science fiction novels.
9753,niche,"She finally found her niche in the company when she moved to the marketing department, where her creativity could really shine."
9753,niche,The online retailer is trying to find a niche market by offering personalized pet products.
9753,niche,"While many restaurants serve Italian food, this one focuses on a very specific niche: regional Sicilian cuisine."
9753,niche,"He's a talented artist, but he's struggling to find his niche and a consistent style that resonates with buyers."
9754,notch,The company's profits have gone up a notch since they implemented the new marketing strategy.
9754,notch,He turned the volume knob up a notch because he couldn't hear the music clearly.
9754,notch,"This new smartphone is definitely a step up, taking the technology to a whole new notch of innovation."
9754,notch,She felt a notch of anxiety when she realized she had forgotten her passport at home.
9754,notch,The craftsman carefully filed a small notch into the wood to ensure the pieces fit together perfectly.
9755,proximity,The value of the land is largely determined by its proximity to the city center.
9755,proximity,"Due to the proximity of the two houses, we often hear our neighbor's dog barking."
9755,proximity,"We chose this campsite for its proximity to the lake, making it easy to go swimming."
9755,proximity,"The security guard monitors the perimeter, paying close attention to anyone lingering in proximity to the building."
9755,proximity,"Working from home has its advantages, but I miss the daily interactions that come with physical proximity to my colleagues."
9756,quarry,The construction company sourced the limestone for the new building directly from the local quarry.
9756,quarry,"After weeks of searching, the detective finally felt he was closing in on his quarry."
9756,quarry,"That old quarry is a popular spot for local kids to swim in the summer, even though it's technically private property."
9756,quarry,"The sculptor visited the marble quarry in Italy, hoping to find the perfect block for his next masterpiece."
9756,quarry,The environmental impact report detailed the potential consequences of opening a new quarry near the protected wetlands.
9757,repository,The library serves as a repository of historical documents for the entire region.
9757,repository,GitHub is a popular online repository for software developers to share and collaborate on code.
9757,repository,"My grandmother's attic is a repository of family memories, filled with old photographs and forgotten treasures."
9757,repository,The company established a central data repository to improve data consistency and reporting across all departments.
9757,repository,"This website is a repository of information about local hiking trails, including maps, difficulty ratings, and user reviews."
9758,rift,"The argument over inheritance caused a deep rift between the two brothers, and they haven't spoken in years."
9758,rift,A political rift within the party threatens to derail their chances in the upcoming election.
9758,rift,"She tried to bridge the rift between her parents after their separation, but it proved too difficult."
9758,rift,"The earthquake created a huge rift in the earth, making the road impassable."
9758,rift,There was a noticeable rift in their friendship after he started dating her ex-girlfriend.
9759,shroud,"A thick fog began to shroud the coastline, making it difficult to see the approaching ships."
9759,shroud,The politician's controversial past continued to shroud his reputation in suspicion.
9759,shroud,She wore a shawl that acted as a shroud against the evening chill.
9759,shroud,"The exact details of the agreement were kept secret, shrouded in confidentiality clauses."
9759,shroud,Grief seemed to shroud the entire family after the sudden loss.
9760,terminus,Grand Central Terminal is a beautiful terminus for many commuter lines.
9760,terminus,The bus route's terminus is conveniently located near the shopping mall.
9760,terminus,"After a long and arduous journey, we finally reached the terminus of the Oregon Trail."
9760,terminus,"Negotiations reached a frustrating terminus, with neither side willing to compromise further."
9760,terminus,"This research marks the terminus of the first phase of the project, and we're excited to move on to the next."
9761,underside,We found a small bird's nest clinging to the underside of the bridge.
9761,underside,The mechanic inspected the underside of my car for any signs of rust or damage.
9761,underside,You can often identify mushrooms by examining the gills on the underside of their caps.
9761,underside,"The documentary explored the dark underside of the city's glamorous facade, revealing poverty and crime."
9761,underside,Carefully flip the pancake over to cook the underside until it's golden brown.
9762,upside,The upside of working from home is that you save a lot of time and money on commuting.
9762,upside,"While there are some downsides, the biggest upside to this new software is its improved security features."
9762,upside,"Every cloud has a silver lining, and the upside of this unexpected delay is that we have more time to prepare."
9762,upside,"From an investor's perspective, the potential upside of this risky venture could be enormous."
9762,upside,"Despite the initial challenges, the upside of adopting a sustainable lifestyle is a healthier planet for future generations."
9763,vista,"From the mountaintop, we enjoyed a breathtaking vista of the valley below."
9763,vista,The new urban development promises a vista of modern architecture and green spaces.
9763,vista,"His retirement opened up a new vista of possibilities, including travel and pursuing long-neglected hobbies."
9763,vista,The artist captured the serene vista of the lake in a watercolor painting.
9763,vista,"Looking ahead, I see a vista of challenges, but also immense opportunities for growth."
9764,adherent,"He was a staunch adherent of the party line, never questioning the leader's decisions."
9764,adherent,"As an adherent of sustainable living, she tries to minimize her environmental impact in every aspect of her life."
9764,adherent,The cult leader demanded absolute obedience from his adherents.
9764,adherent,"Despite the criticism, she remained an adherent to her artistic vision and refused to compromise."
9764,adherent,Becoming an adherent to a new religion often involves a significant change in lifestyle and beliefs.
9765,airman,The airman received a medal for his bravery during the rescue mission.
9765,airman,"My grandfather was an airman during World War II, flying bombing missions over Europe."
9765,airman,The airman carefully checked the aircraft's pre-flight checklist before takeoff.
9765,airman,"During the airshow, a skilled airman performed breathtaking aerial maneuvers."
9765,airman,"After years of service, the airman decided to pursue a career in aviation as a civilian pilot."
9766,antagonist,"In the novel, the protagonist's journey is constantly hindered by a cunning and ruthless antagonist who seeks to exploit their weaknesses."
9766,antagonist,"My younger brother always plays the antagonist when we're trying to decide what to watch, always suggesting the most ridiculous movie just to annoy me."
9766,antagonist,The environmental group identified the large corporation as the main antagonist in their fight to protect the endangered forest.
9766,antagonist,"Despite their initial animosity, the two characters eventually realize they have more in common than they thought, leading to a complex relationship that transcends the typical protagonist-antagonist dynamic."
9766,antagonist,The CEO's aggressive cost-cutting measures and disregard for employee well-being quickly made him the antagonist in the eyes of the staff.
9767,bloke,That bloke over there keeps staring at my sandwich; I hope he's not going to try and steal it.
9767,bloke,"He seemed like a decent bloke when I met him, always willing to lend a hand."
9767,bloke,Some bloke from the council came round to inspect the drainage system this morning.
9767,bloke,"Despite his gruff exterior, the old bloke had a heart of gold and always looked out for his neighbours."
9767,bloke,The detective interviewed a suspicious-looking bloke loitering near the scene of the crime.
9768,caddie,The golfer tipped his caddie generously after winning the tournament.
9768,caddie,"As a summer job, he worked as a caddie at the local country club to earn some extra money."
9768,caddie,"My back was killing me, so I decided to hire a caddie to carry my clubs for the round."
9768,caddie,The caddie's knowledge of the course and wind conditions proved invaluable in helping her choose the right club.
9768,caddie,"Despite being just 14 years old, she was already a highly sought-after caddie, known for her accurate yardage estimations and positive attitude."
9769,courier,I need to send these documents urgently; I think we should use a courier service.
9769,courier,"The package was delivered by a courier earlier this morning, but I wasn't home to sign for it."
9769,courier,"As a courier, Sarah spends most of her day navigating the city streets on her motorcycle."
9769,courier,Please ensure the sensitive files are transported via a secure courier with tracking capabilities.
9769,courier,The company decided to switch couriers after experiencing several delays and lost packages.
9770,custodian,The school custodian worked tirelessly to keep the building clean and safe for the students.
9770,custodian,"As the custodian of the company's reputation, the PR team must carefully manage all public communications."
9770,custodian,"The bank serves as the custodian of the funds in the trust account, ensuring they are managed according to the will."
9770,custodian,"After the concert, the custodian was left with the monumental task of cleaning up the littered stadium."
9770,custodian,"Who is the custodian of the spare keys to the office, in case someone forgets theirs?"
9771,headteacher,The headteacher sent a letter home to all parents regarding the upcoming school trip.
9771,headteacher,"Mrs. Davis, the headteacher, has been working tirelessly to improve the school's academic performance."
9771,headteacher,I have a meeting with the headteacher next week to discuss my son's progress in class.
9771,headteacher,The governors are currently searching for a new headteacher following Mr. Smith's retirement.
9771,headteacher,Did you hear that the headteacher is implementing a new policy on mobile phone use in the classroom?
9772,mentor,Having a good mentor during my internship really helped me navigate the corporate world.
9772,mentor,The company has a formal mentorship program where experienced employees mentor new hires.
9772,mentor,"She credits her success to Dr. Ramirez, who mentored her throughout her graduate studies."
9772,mentor,I'm looking for someone to mentor me in the field of data science.
9772,mentor,"As a senior engineer, he enjoys the opportunity to mentor junior team members and share his expertise."
9773,midwife,"After a long and difficult labor, we were so grateful for the calm and experienced presence of our midwife."
9773,midwife,My sister is training to become a midwife because she feels passionately about supporting women through childbirth.
9773,midwife,The hospital offers both traditional obstetric care and the option of having a midwife assist with delivery.
9773,midwife,"In some rural communities, a midwife may be the only healthcare professional available to assist with prenatal care and delivery."
9773,midwife,The documentary explored the vital role midwives play in reducing maternal mortality rates in developing countries.
9774,newsagent,I popped down to the newsagent to pick up a newspaper and a magazine.
9774,newsagent,The newsagent on the corner always has the latest lottery results posted in the window.
9774,newsagent,"Running a newsagent is hard work these days, with so many people getting their news online."
9774,newsagent,She applied for a part-time job at the newsagent to earn some extra money during the summer holidays.
9774,newsagent,"For many years, the local newsagent was a vital hub for the community, providing not only newspapers but also sweets, stationery, and a friendly face."
9775,outcast,"Feeling like an outcast, she ate lunch alone in the library, avoiding the noisy cafeteria."
9775,outcast,He became an outcast after refusing to participate in the company's unethical practices.
9775,outcast,"The small, isolated village was often seen as an outcast community by those in the larger cities."
9775,outcast,"In the novel, the protagonist is an outcast who eventually discovers his unique powers and saves the world."
9775,outcast,Don't let anyone make you feel like an outcast; embrace your individuality and find people who appreciate you for who you are.
9776,pygmy,"The pygmy shrew, despite its name, is actually quite fierce for its size."
9776,pygmy,I was surprised to see a pygmy goat at the petting zoo; it was so much smaller than the other goats.
9776,pygmy,Archaeological evidence suggests that several pygmy populations once inhabited islands in Southeast Asia.
9776,pygmy,"The term 'pygmy' can be considered offensive when referring to people, so it's important to be mindful of the context and consider alternative terms like 'short-statured people'."
9776,pygmy,"The pygmy hippopotamus, a smaller relative of the common hippopotamus, is an endangered species facing habitat loss."
9777,scapegoat,"After the project failed, the junior developer was made the scapegoat, even though the senior managers had made the key decisions."
9777,scapegoat,Don't try to scapegoat your brother for breaking the vase; I saw you do it!
9777,scapegoat,"In times of economic hardship, immigrants are often unfairly targeted as scapegoats for the country's problems."
9777,scapegoat,"The politician tried to scapegoat the opposing party for the rising inflation rates, deflecting attention from his own administration's policies."
9777,scapegoat,"It's easy to scapegoat individuals when systemic issues are to blame, but that doesn't solve the underlying problem."
9778,seniority,"Because of her seniority, Carol gets first choice of vacation days."
9778,seniority,The union contract clearly outlines how seniority affects promotions and layoffs.
9778,seniority,"He resented the fact that, despite his superior skills, he was passed over for the project due to his lack of seniority."
9778,seniority,"In many government jobs, seniority is a major factor in determining salary increases."
9778,seniority,"After years of service, his seniority finally allowed him to transfer to the department he'd always wanted."
9779,suitor,"She had several suitors vying for her attention, each hoping to win her hand in marriage."
9779,suitor,"Old Mr. Henderson disapproved of his daughter's suitor, believing him to be a fortune hunter."
9779,suitor,"In the Regency era, a young lady's reputation was heavily influenced by the character and standing of her suitors."
9779,suitor,"Despite his persistent advances, she made it clear that she wasn't interested in him as a suitor."
9779,suitor,"The princess dismissed her numerous suitors, declaring she would only marry for love, not for political gain or social status."
9780,wretch,"The wretch, abandoned by his family, wandered the streets begging for scraps."
9780,wretch,I felt like a complete wretch after forgetting my best friend's birthday.
9780,wretch,That lying wretch stole my idea and presented it as his own!
9780,wretch,"He was a miserable wretch, consumed by jealousy and resentment."
9780,wretch,"Despite his outward success, he considered himself a moral wretch for the choices he had made in his past."
9781,accelerator,The new business accelerator program helped our startup gain valuable traction in the market.
9781,accelerator,Be careful when you press the accelerator; the car is very responsive.
9781,accelerator,Government investment acted as an accelerator for the development of renewable energy technologies.
9781,accelerator,She joined a tech accelerator hoping to refine her product and secure funding.
9781,accelerator,The project's timeline was shortened significantly by using an AI-powered accelerator for data analysis.
9782,amber,"The sunlight filtered through the amber curtains, casting a warm glow on the room."
9782,amber,She wore a beautiful necklace with a large amber pendant.
9782,amber,"The traffic light turned amber, signaling us to prepare to stop."
9782,amber,Scientists discovered a prehistoric insect perfectly preserved in amber.
9782,amber,"The beer had a rich, amber color and a slightly bitter taste."
9783,chisel,The sculptor used a chisel to carefully carve the intricate details into the marble statue.
9783,chisel,"He tried to chisel a few dollars off the price of the used car, but the seller wouldn't budge."
9783,chisel,You'll need a sharp chisel and a mallet to properly remove those old floorboards.
9783,chisel,She accused him of trying to chisel his way into her good graces by constantly offering empty promises.
9783,chisel,"With patience and a steady hand, I began to chisel away at the block of wood, slowly revealing the hidden form within."
9784,churn,The boat's motor began to churn the water as we pulled away from the dock.
9784,churn,The rumor mill continued to churn out gossip about the CEO's sudden departure.
9784,churn,Our marketing team is working hard to reduce customer churn by improving our services and offering better support.
9784,churn,Watching the waves churn against the rocky shore was both mesmerizing and a little frightening.
9784,churn,"The stock market can churn unexpectedly during times of economic uncertainty, making it difficult to predict short-term gains."
9785,clothespin,I used a clothespin to clip the potato chip bag closed to keep them from going stale.
9785,clothespin,Could you hand me a clothespin? This sheet is about to blow off the line.
9785,clothespin,She collected vintage clothespins and displayed them in a glass jar as a quirky decoration.
9785,clothespin,"Due to the unexpected wind, the laundry hung precariously from the line, held only by a few brave clothespins."
9785,clothespin,"The child creatively used a clothespin as a makeshift doll, adorning it with scraps of fabric."
9786,crank,Don't be such a crank; it's just a little rain!
9786,crank,The old water pump needed a new crank to get it working again.
9786,crank,"He's a bit of a crank about punctuality, so don't be late."
9786,crank,Turning the crank on the ice cream maker is harder than it looks.
9786,crank,Some people consider him a political crank because of his extreme views.
9787,crib,We need to buy a new crib for the baby before he outgrows his current bassinet.
9787,crib,I heard he tried to crib his answer from the student next to him during the exam.
9787,crib,The architect's design was criticized for appearing to crib ideas from a famous building in Italy.
9787,crib,"After a long day at work, all I want to do is curl up in my crib and watch some TV."
9787,crib,She lovingly decorated the nursery with a beautiful mobile hanging over the crib.
9788,derivative,"His musical style is derivative of early blues and rock, lacking originality."
9788,derivative,That financial product is a complex derivative linked to the performance of several underlying assets.
9788,derivative,"The artist's later paintings were often seen as derivative, merely copying the techniques of his mentors."
9788,derivative,"This new drug is a derivative of a previously approved medication, but with fewer side effects."
9788,derivative,The argument presented in the article felt derivative; I've seen similar points made countless times before.
9789,detector,"The smoke detector started beeping in the middle of the night, and we had to change the batteries."
9789,detector,Police are using a metal detector to search the area for the missing weapon.
9789,detector,Researchers are developing a new type of detector that can identify specific cancer cells in blood samples.
9789,detector,I think my phone has a built-in lie detector; it always knows when I'm pretending to be busy.
9789,detector,This gas detector is essential safety equipment for anyone working in the chemical plant.
9790,diesel,The truck stop offered both gasoline and diesel fuel at competitive prices.
9790,diesel,I'm thinking of buying a diesel car because they tend to get better mileage on long trips.
9790,diesel,The mechanic recommended a special additive for my diesel engine to help it run cleaner.
9790,diesel,"Due to the rising cost of diesel, the trucking company has had to increase its shipping rates."
9790,diesel,"The old farm tractor ran on diesel and was surprisingly reliable, despite its age."
9791,dropping,The company is considering dropping its least profitable product line to focus on core offerings.
9791,dropping,I'm just dropping by to return this book I borrowed from you last week.
9791,dropping,"After dropping the vase, she quickly tried to gather the broken pieces before anyone noticed."
9791,dropping,"The temperature is dropping rapidly tonight, so make sure to dress warmly."
9791,dropping,"Dropping out of college was a difficult decision, but he felt it was necessary to pursue his entrepreneurial dreams."
9792,flint,The hiker carried a flint and steel set in his survival kit to start a fire in case of emergency.
9792,flint,"The old castle wall was constructed from rough-hewn flint, giving it a formidable appearance."
9792,flint,"Archaeologists discovered several flint tools at the prehistoric settlement site, providing valuable insights into early human technology."
9792,flint,"She had a flinty determination in her eyes, suggesting she wouldn't back down from the challenge."
9792,flint,"After striking the flint against the steel, a shower of sparks ignited the tinder, and a small flame began to grow."
9793,flooring,We're thinking of replacing the old carpet with hardwood flooring in the living room.
9793,flooring,The new flooring in the kitchen is easy to clean and very durable.
9793,flooring,Choosing the right flooring is crucial for the overall aesthetic of the house.
9793,flooring,The contractor recommended a specific type of underlayment to improve the sound insulation of the flooring.
9793,flooring,"After the flood, the extensive water damage meant we had to replace all the flooring on the ground floor."
9794,frill,"The dress was simple and elegant, without a single frill."
9794,frill,"Honestly, I don't need all the frills – a basic car with good gas mileage is fine for me."
9794,frill,"The conference was all business, no frill; we were there to work, not to socialize."
9794,frill,She added a delicate lace frill to the edge of the pillowcase to give it a more feminine touch.
9794,frill,He always felt that the extra services the company offered were just unnecessary frills that drove up the price.
9795,fuse,The chef decided to fuse Italian and Asian flavors in his new pasta dish.
9795,fuse,"If the power surge is too strong, the fuse will blow to protect the circuit."
9795,fuse,Negotiations began to fuse the two companies into one larger entity.
9795,fuse,The author attempted to fuse elements of fantasy and historical fiction in his latest novel.
9795,fuse,It's important to check the fuse box if the lights suddenly go out in your house.
9796,helm,"After the CEO's sudden resignation, the board appointed an interim leader to take the helm of the company."
9796,helm,Who will be at the helm when we finally decide to change our business strategy?
9796,helm,"She was finally at the helm of her own ship, ready to navigate the challenges of running her own restaurant."
9796,helm,"With the storm approaching, the experienced sailor took the helm, guiding the boat safely back to harbor."
9796,helm,"Despite the difficult circumstances, he remained firmly at the helm, steering the project toward completion."
9797,mainframe,The bank still relies on a mainframe computer to process millions of transactions every day.
9797,mainframe,"My grandfather used to work on programming mainframes back in the 1970s, before personal computers were common."
9797,mainframe,Upgrading the mainframe system is a major project that will require significant downtime and resources.
9797,mainframe,"While cloud computing is gaining popularity, many large organizations still find mainframes essential for their core operations."
9797,mainframe,We need someone with experience in COBOL to maintain the existing mainframe applications.
9798,mortar,The old brick wall was crumbling because the mortar between the bricks had deteriorated over time.
9798,mortar,"We used a mortar and pestle to grind the spices for the curry, ensuring a fresh and potent flavor."
9798,mortar,The construction crew carefully mixed the mortar to the correct consistency before laying the foundation stones.
9798,mortar,Archaeologists discovered ancient pottery shards embedded in the hardened mortar of a Roman bathhouse.
9798,mortar,"During the siege, the troops relentlessly bombarded the fortress with mortar fire, hoping to breach the defenses."
9799,neutron,The scientist bombarded the uranium atom with a neutron to initiate nuclear fission.
9799,neutron,"After the supernova, all that remained was a dense neutron star."
9799,neutron,Neutron scattering is a powerful technique for studying the structure and dynamics of materials at the atomic level.
9799,neutron,I'm reading a fascinating article about the properties of neutrons and their role in nuclear reactions.
9799,neutron,"The detector picked up a stray neutron, indicating a possible source of radiation nearby."
9800,plaything,"The spoiled child treated his expensive toys as mere playthings, quickly discarding them for the next novelty."
9800,plaything,"For the cat, the laser pointer was a fascinating plaything, providing endless hours of entertainment."
9800,plaything,"The politician's promises felt like empty playthings, designed to manipulate voters without any real intention of being fulfilled."
9800,plaything,"He felt like a plaything in the hands of fate, tossed about by circumstances beyond his control."
9800,plaything,"In the wrong hands, advanced technology can become a dangerous plaything, capable of causing significant harm."
9801,rubble,"After the earthquake, the street was covered in rubble, making it impassable."
9801,rubble,The demolition crew carefully removed the rubble from the old building site to prepare for new construction.
9801,rubble,"He sifted through the rubble, hoping to find some personal belongings that survived the fire."
9801,rubble,The archaeologist meticulously brushed away the rubble to uncover the ancient mosaic floor.
9801,rubble,"Years after the bombing, the city still bore the scars of war, with patches of rubble serving as a constant reminder of the destruction."
9802,semicircle,"The children sat in a semicircle around the storyteller, eager to hear the next chapter."
9802,semicircle,The arena was designed with a large stage at one end and seating arranged in a semicircle facing it.
9802,semicircle,"To create the rainbow effect, arrange the colored candies in a semicircle on the plate."
9802,semicircle,The architectural plans called for a semicircle of columns to support the portico.
9802,semicircle,"We cut the pizza into slices, but some were more like a semicircle than a traditional wedge."
9803,sham,"The politician's apology felt like a complete sham, designed only to improve his public image."
9803,sham,Their marriage was a sham; they only stayed together for the sake of their business.
9803,sham,Don't fall for that online course; it's just a sham designed to take your money.
9803,sham,"The investigation turned out to be a sham, with the results predetermined from the start."
9803,sham,"He claimed to be a doctor, but his credentials were a sham."
9804,shred,The document shredder will quickly shred all of these confidential files.
9804,shred,He promised to shred the evidence if I didn't tell anyone.
9804,shred,"The guitarist began to shred on his solo, impressing the crowd with his speed and skill."
9804,shred,"After the storm, the garden was a mess, with leaves and branches shredded all over the lawn."
9804,shred,She used a food processor to shred the carrots for the coleslaw.
9805,slate,The old house had a beautiful slate roof that had weathered many storms.
9805,slate,The conference organizers have a full slate of speakers lined up for the event.
9805,slate,He wiped the slate clean and decided to start a new chapter in his life after the divorce.
9805,slate,The senator is expected to announce his slate of committee assignments later this week.
9805,slate,Let's put that issue on the slate for discussion at our next meeting; it's important to get everyone's input.
9806,spout,"Water began to spout from the broken pipe, flooding the basement."
9806,spout,"He would often spout his political opinions at family gatherings, whether anyone wanted to hear them or not."
9806,spout,The whale swam close to the boat and we could see it spout water high into the air.
9806,spout,"The teapot has a beautifully curved spout, making it easy to pour without spilling."
9806,spout,"Before I could respond, she began to spout a torrent of accusations, leaving me speechless."
9807,stub,He showed me the ticket stub as proof of purchase to get a refund.
9807,stub,I accidentally burned my finger on the cigarette stub I was carelessly holding.
9807,stub,"The old tree had a thick, gnarled stub where a branch had been broken off years ago."
9807,stub,Please fill out this form and attach the pay stub for verification of your income.
9807,stub,"After sharpening the pencil too much, all that was left was a tiny stub."
9808,sulfur,"The rotten egg smell is due to hydrogen sulfide, a compound containing sulfur."
9808,sulfur,Farmers sometimes use sulfur to amend the soil and lower its pH for certain crops.
9808,sulfur,That old match had a strong sulfur smell when I struck it against the box.
9808,sulfur,"Some hot springs are known for their high sulfur content, giving them a distinct odor and potential therapeutic properties."
9808,sulfur,"The chemist carefully added the sulfur to the reaction mixture, ensuring precise measurements for the experiment."
9809,transistor,"The engineer explained how the transistor acts as a switch, controlling the flow of electricity in the circuit."
9809,transistor,Modern computers rely on billions of tiny transistors etched onto silicon chips to perform calculations.
9809,transistor,Replacing the faulty transistor on the motherboard fixed the computer's overheating issue.
9809,transistor,He's a bit of a transistor radio enthusiast; he collects vintage models and loves tinkering with their circuits.
9809,transistor,"The invention of the transistor revolutionized electronics, leading to smaller and more efficient devices."
9810,trimming,She spent the afternoon trimming the hedges in her garden to keep them neatly shaped.
9810,trimming,"The dress looked beautiful, especially with the delicate lace trimming around the neckline."
9810,trimming,We need to do some trimming of the budget to meet our financial goals for the quarter.
9810,trimming,"For Thanksgiving, my grandmother always makes a pumpkin pie with a fancy crust trimming."
9810,trimming,"After the hurricane, the city workers were busy trimming fallen tree branches from the roads."
9811,varnish,We need to apply another coat of varnish to the table to protect it from water damage.
9811,varnish,"The antique chair had a beautiful, glossy varnish that highlighted the wood grain."
9811,varnish,"Don't forget to ventilate the room well when you varnish the floor, as the fumes can be quite strong."
9811,varnish,"After years of wear and tear, the varnish on the old painting had cracked and yellowed, requiring restoration."
9811,varnish,"He decided to varnish his wooden creations as a hobby, finding the process surprisingly therapeutic."
9812,vault,The bank robbers planned to break into the vault and steal all the cash.
9812,vault,She used her gymnastics training to vault over the fence.
9812,vault,The university's archives are kept in a climate-controlled vault to preserve historical documents.
9812,vault,He has a personal vault in Switzerland where he stores valuable artwork and jewelry.
9812,vault,"After a rocky start, her career began to vault forward when she landed the lead role in the play."
9813,wedge,I used a wedge to prop the door open while I moved the furniture.
9813,wedge,The political debate revealed a growing wedge between the different factions within the party.
9813,wedge,Could you wedge this book between the others on the shelf so it doesn't fall over?
9813,wedge,The company is trying to wedge its way into the market by offering significantly lower prices.
9813,wedge,A small wedge of cheese and some crackers would be perfect for a light snack.
9814,wig,She wore a bright pink wig to the costume party.
9814,wig,The judge removed his wig and adjusted his glasses before addressing the court.
9814,wig,"My grandmother keeps her best wig in a special box, only wearing it for important occasions."
9814,wig,He was completely exposed when the wind blew his wig off in the middle of the street.
9814,wig,I'm thinking of getting a wig to try out a new hairstyle without actually cutting my hair.
9815,divisional,"The company reorganized its structure, creating three new divisional headquarters to improve efficiency."
9815,divisional,"Our divisional sales team exceeded their quarterly targets by 15%, a significant achievement."
9815,divisional,The police department has a dedicated divisional unit that specializes in investigating financial crimes.
9815,divisional,I'm attending a divisional meeting next week to discuss the upcoming marketing campaign.
9815,divisional,He was promoted to divisional manager after demonstrating strong leadership skills in his previous role.
9816,dual,"The software offers dual functionality, allowing users to both edit photos and create graphic designs."
9816,dual,"He plays a dual role in the company, serving as both the head of marketing and the lead strategist."
9816,dual,"The highway has a dual carriageway for most of its length, which significantly improves traffic flow."
9816,dual,"My new phone has dual SIM slots, so I can use both my personal and work numbers on the same device."
9816,dual,"The professor emphasized the dual nature of light, explaining how it behaves as both a wave and a particle."
9817,elevated,The doctor was concerned about my elevated blood pressure and recommended some lifestyle changes.
9817,elevated,"From the elevated platform, we had a breathtaking view of the entire valley."
9817,elevated,The company's elevated status in the industry is a direct result of their innovative products and excellent customer service.
9817,elevated,"He spoke with an elevated tone, suggesting he felt he was above the situation."
9817,elevated,"The train runs on an elevated track through the city, avoiding street traffic."
9818,foremost,"Foremost, I'd like to thank everyone for coming to the meeting today."
9818,foremost,The foremost challenge facing the company is adapting to the rapidly changing market.
9818,foremost,"She is foremost in her field, known for her groundbreaking research on renewable energy."
9818,foremost,Honesty and integrity are foremost among the qualities I look for in a friend.
9818,foremost,"Before we discuss anything else, the patient's well-being is foremost in our minds."
9819,immovable,"The stubborn donkey remained immovable, refusing to budge an inch from the middle of the road."
9819,immovable,"Despite our best efforts, the old safe was completely immovable; we'll need to call a professional."
9819,immovable,"Her decision was immovable, and no amount of persuasion could change her mind."
9819,immovable,"The ancient oak tree, with its deep roots, seemed an immovable part of the landscape."
9819,immovable,"The protesters formed an immovable barrier in front of the building, effectively blocking all entrances."
9820,interdependent,"In a healthy ecosystem, all species are interdependent, relying on each other for survival."
9820,interdependent,The success of the project depends on how well the team members work together; we are all interdependent in this endeavor.
9820,interdependent,"Global economies are increasingly interdependent, meaning a financial crisis in one country can easily spread to others."
9820,interdependent,My happiness and well-being are interdependent with those of my family; their struggles affect me deeply.
9820,interdependent,We need to recognize that social justice and environmental sustainability are interdependent goals; you can't achieve one without the other.
9821,intermediary,"The real estate agent acted as an intermediary between the buyer and seller, facilitating negotiations and ensuring a smooth transaction."
9821,intermediary,"Instead of dealing with the complex regulations directly, we hired a consultant to act as an intermediary with the government agency."
9821,intermediary,"The website serves as an intermediary, connecting freelance writers with companies needing content."
9821,intermediary,"I prefer to book my flights directly with the airline, rather than using an intermediary like an online travel agency, to avoid extra fees."
9821,intermediary,"During the peace talks, Switzerland served as an intermediary between the warring nations, hoping to find common ground and prevent further conflict."
9822,paternal,He felt a paternal responsibility to guide his younger brother after their father passed away.
9822,paternal,"The company's paternal leave policy is surprisingly generous, offering new fathers several weeks of paid time off."
9822,paternal,"Although his tone was stern, there was a paternal warmth in his eyes as he offered advice."
9822,paternal,"She never knew her biological father, but her stepfather provided a strong paternal influence in her life."
9822,paternal,"The judge's paternal lecture to the defendant, while well-intentioned, bordered on condescending."
9823,pervasive,"The influence of social media is pervasive in modern society, affecting everything from politics to personal relationships."
9823,pervasive,Corruption was so pervasive within the government that it was difficult to find anyone who hadn't been implicated.
9823,pervasive,A sense of anxiety became pervasive throughout the office as rumors of layoffs began to circulate.
9823,pervasive,"The smell of freshly baked bread was pervasive in the bakery, making my mouth water instantly."
9823,pervasive,"Despite efforts to combat it, ageism remains a pervasive problem in many industries."
9824,proportionate,
9824,proportionate,
9824,proportionate,
9824,proportionate,
9824,proportionate,
9825,relational,
9825,relational,
9825,relational,
9825,relational,
9825,relational,
9826,reliant,The city is heavily reliant on tourism for its economic survival.
9826,reliant,"As we become more reliant on technology, we risk losing essential skills."
9826,reliant,My elderly neighbor is reliant on home healthcare services to manage her daily needs.
9826,reliant,"The company is too reliant on a single supplier, which poses a significant risk."
9826,reliant,"While I appreciate the help, I don't want to become overly reliant on you; I need to learn to do things myself."
9827,reversible,
9827,reversible,
9827,reversible,
9827,reversible,
9827,reversible,
9828,rotary,"The old engine still used a rotary dial for ignition, which was quite a novelty."
9828,rotary,The museum has a fascinating exhibit on the history of rotary engines in early aviation.
9828,rotary,"We got stuck in traffic at the rotary, and it took us almost an hour to get through."
9828,rotary,The dentist used a high-speed rotary tool to smooth out the filling.
9828,rotary,"Many community service organizations, such as Rotary International, are dedicated to helping those in need."
9829,symmetrical,
9829,symmetrical,
9829,symmetrical,
9829,symmetrical,
9829,symmetrical,
9830,cognitive,
9830,cognitive,
9830,cognitive,
9830,cognitive,
9830,cognitive,
9831,colloquial,
9831,colloquial,
9831,colloquial,
9831,colloquial,
9831,colloquial,
9832,discernible,There was a discernible shift in his attitude after he received the promotion.
9832,discernible,"Even from a distance, the damage to the building was discernible."
9832,discernible,The subtle differences in the wine's bouquet were only discernible to a trained palate.
9832,discernible,"Despite the noise, a faint, discernible melody drifted from the neighboring apartment."
9832,discernible,"While their marketing strategies were similar, each company had a discernible brand identity."
9833,elusive,
9833,elusive,
9833,elusive,
9833,elusive,
9833,elusive,
9834,empirical,
9834,empirical,
9834,empirical,
9834,empirical,
9834,empirical,
9835,existential,"Facing a major career change, he found himself in an existential crisis, questioning his purpose and direction in life."
9835,existential,"The philosopher's lecture explored the existential themes of freedom, responsibility, and the search for meaning in a seemingly absurd world."
9835,existential,"For many artists, creating art is an existential act, a way to express their inner selves and grapple with the fundamental questions of being."
9835,existential,"I'm not sure if I want to go to that party; honestly, I'm too tired to deal with anyone's existential angst tonight."
9835,existential,"The environmental disaster posed an existential threat to the island nation, forcing residents to consider relocation."
9836,figurative,
9836,figurative,
9836,figurative,
9836,figurative,
9836,figurative,
9837,geometric,
9837,geometric,
9837,geometric,
9837,geometric,
9837,geometric,
9838,investigative,The journalist's investigative report uncovered a web of corruption within the city council.
9838,investigative,"She has a very investigative mind, always asking questions and digging deeper than anyone else."
9838,investigative,The police are conducting an investigative review of the incident to determine if any laws were broken.
9838,investigative,My neighbor mentioned that he's starting an investigative project focused on local wildlife populations.
9838,investigative,"We need to take an investigative approach to this problem, gathering all the facts before making a decision."
9839,methodical,
9839,methodical,
9839,methodical,
9839,methodical,
9839,methodical,
9840,microscopic,
9840,microscopic,
9840,microscopic,
9840,microscopic,
9840,microscopic,
9841,molecular,
9841,molecular,
9841,molecular,
9841,molecular,
9841,molecular,
9842,monumental,
9842,monumental,
9842,monumental,
9842,monumental,
9842,monumental,
9843,mystic,
9843,mystic,
9843,mystic,
9843,mystic,
9843,mystic,
9844,mythical,
9844,mythical,
9844,mythical,
9844,mythical,
9844,mythical,
9845,occult,
9845,occult,
9845,occult,
9845,occult,
9845,occult,
9846,proverbial,
9846,proverbial,
9846,proverbial,
9846,proverbial,
9846,proverbial,
9847,reactive,
9847,reactive,
9847,reactive,
9847,reactive,
9847,reactive,
9848,substantive,
9848,substantive,
9848,substantive,
9848,substantive,
9848,substantive,
9849,utilitarian,
9849,utilitarian,
9849,utilitarian,
9849,utilitarian,
9849,utilitarian,
9850,hale,
9850,hale,
9850,hale,
9850,hale,
9850,hale,
9851,injurious,
9851,injurious,
9851,injurious,
9851,injurious,
9851,injurious,
9852,malignant,
9852,malignant,
9852,malignant,
9852,malignant,
9852,malignant,
9853,neurotic,
9853,neurotic,
9853,neurotic,
9853,neurotic,
9853,neurotic,
9854,psychiatric,
9854,psychiatric,
9854,psychiatric,
9854,psychiatric,
9854,psychiatric,
9855,retarded,
9855,retarded,
9855,retarded,
9855,retarded,
9855,retarded,
9856,toothless,
9856,toothless,
9856,toothless,
9856,toothless,
9856,toothless,
9857,appalling,
9857,appalling,
9857,appalling,
9857,appalling,
9857,appalling,
9858,audible,
9858,audible,
9858,audible,
9858,audible,
9858,audible,
9859,awakening,
9859,awakening,
9859,awakening,
9859,awakening,
9859,awakening,
9860,blinding,
9860,blinding,
9860,blinding,
9860,blinding,
9860,blinding,
9861,creepy,
9861,creepy,
9861,creepy,
9861,creepy,
9861,creepy,
9862,eerie,
9862,eerie,
9862,eerie,
9862,eerie,
9862,eerie,
9863,expecteant,
9863,expecteant,
9863,expecteant,
9863,expecteant,
9863,expecteant,
9864,fraught,
9864,fraught,
9864,fraught,
9864,fraught,
9864,fraught,
9865,inflammatory,
9865,inflammatory,
9865,inflammatory,
9865,inflammatory,
9865,inflammatory,
9866,intriguing,
9866,intriguing,
9866,intriguing,
9866,intriguing,
9866,intriguing,
9867,lamentable,
9867,lamentable,
9867,lamentable,
9867,lamentable,
9867,lamentable,
9868,objectionable,
9868,objectionable,
9868,objectionable,
9868,objectionable,
9868,objectionable,
9869,oblivious,
9869,oblivious,
9869,oblivious,
9869,oblivious,
9869,oblivious,
9870,observant,
9870,observant,
9870,observant,
9870,observant,
9870,observant,
9871,possessed,
9871,possessed,
9871,possessed,
9871,possessed,
9871,possessed,
9872,sensual,
9872,sensual,
9872,sensual,
9872,sensual,
9872,sensual,
9873,unspoken,
9873,unspoken,
9873,unspoken,
9873,unspoken,
9873,unspoken,
9874,wistful,
9874,wistful,
9874,wistful,
9874,wistful,
9874,wistful,
9875,arduous,
9875,arduous,
9875,arduous,
9875,arduous,
9875,arduous,
9876,articulate,
9876,articulate,
9876,articulate,
9876,articulate,
9876,articulate,
9877,bumpy,
9877,bumpy,
9877,bumpy,
9877,bumpy,
9877,bumpy,
9878,cellular,
9878,cellular,
9878,cellular,
9878,cellular,
9878,cellular,
9879,ceremonious,
9879,ceremonious,
9879,ceremonious,
9879,ceremonious,
9879,ceremonious,
9880,convertible,
9880,convertible,
9880,convertible,
9880,convertible,
9880,convertible,
9881,creditable,
9881,creditable,
9881,creditable,
9881,creditable,
9881,creditable,
9882,crossed,
9882,crossed,
9882,crossed,
9882,crossed,
9882,crossed,
9883,deserving,
9883,deserving,
9883,deserving,
9883,deserving,
9883,deserving,
9884,disorderly,
9884,disorderly,
9884,disorderly,
9884,disorderly,
9884,disorderly,
9885,dormant,
9885,dormant,
9885,dormant,
9885,dormant,
9885,dormant,
9886,floppy,
9886,floppy,
9886,floppy,
9886,floppy,
9886,floppy,
9887,gallant,
9887,gallant,
9887,gallant,
9887,gallant,
9887,gallant,
9888,ghostly,
9888,ghostly,
9888,ghostly,
9888,ghostly,
9888,ghostly,
9889,homely,
9889,homely,
9889,homely,
9889,homely,
9889,homely,
9890,inconspicuous,
9890,inconspicuous,
9890,inconspicuous,
9890,inconspicuous,
9890,inconspicuous,
9891,indistinct,
9891,indistinct,
9891,indistinct,
9891,indistinct,
9891,indistinct,
9892,latent,
9892,latent,
9892,latent,
9892,latent,
9892,latent,
9893,laughable,
9893,laughable,
9893,laughable,
9893,laughable,
9893,laughable,
9894,lax,
9894,lax,
9894,lax,
9894,lax,
9894,lax,
9895,matching,
9895,matching,
9895,matching,
9895,matching,
9895,matching,
9896,monotone,
9896,monotone,
9896,monotone,
9896,monotone,
9896,monotone,
9897,ornate,
9897,ornate,
9897,ornate,
9897,ornate,
9897,ornate,
9898,phony,
9898,phony,
9898,phony,
9898,phony,
9898,phony,
9899,powdery,
9899,powdery,
9899,powdery,
9899,powdery,
9899,powdery,
9900,seamless,
9900,seamless,
9900,seamless,
9900,seamless,
9900,seamless,
9901,shaggy,
9901,shaggy,
9901,shaggy,
9901,shaggy,
9901,shaggy,
9902,simplistic,
9902,simplistic,
9902,simplistic,
9902,simplistic,
9902,simplistic,
9903,slick,
9903,slick,
9903,slick,
9903,slick,
9903,slick,
9904,unambiguous,
9904,unambiguous,
9904,unambiguous,
9904,unambiguous,
9904,unambiguous,
9905,opportune,
9905,opportune,
9905,opportune,
9905,opportune,
9905,opportune,
9906,predictive,
9906,predictive,
9906,predictive,
9906,predictive,
9906,predictive,
9907,presumable,
9907,presumable,
9907,presumable,
9907,presumable,
9907,presumable,
9908,primal,
9908,primal,
9908,primal,
9908,primal,
9908,primal,
9909,repetitive,
9909,repetitive,
9909,repetitive,
9909,repetitive,
9909,repetitive,
9910,transient,
9910,transient,
9910,transient,
9910,transient,
9910,transient,
9911,unbeaten,
9911,unbeaten,
9911,unbeaten,
9911,unbeaten,
9911,unbeaten,
9912,unforeseen,
9912,unforeseen,
9912,unforeseen,
9912,unforeseen,
9912,unforeseen,
9913,unparalleled,
9913,unparalleled,
9913,unparalleled,
9913,unparalleled,
9913,unparalleled,
9914,accommodating,
9914,accommodating,
9914,accommodating,
9914,accommodating,
9914,accommodating,
9915,assured,
9915,assured,
9915,assured,
9915,assured,
9915,assured,
9916,benevolent,
9916,benevolent,
9916,benevolent,
9916,benevolent,
9916,benevolent,
9917,bland,
9917,bland,
9917,bland,
9917,bland,
9917,bland,
9918,boyish,
9918,boyish,
9918,boyish,
9918,boyish,
9918,boyish,
9919,calculating,
9919,calculating,
9919,calculating,
9919,calculating,
9919,calculating,
9920,cardinal,
9920,cardinal,
9920,cardinal,
9920,cardinal,
9920,cardinal,
9921,delinquent,
9921,delinquent,
9921,delinquent,
9921,delinquent,
9921,delinquent,
9922,devout,
9922,devout,
9922,devout,
9922,devout,
9922,devout,
9923,egotistic,
9923,egotistic,
9923,egotistic,
9923,egotistic,
9923,egotistic,
9924,flattering,
9924,flattering,
9924,flattering,
9924,flattering,
9924,flattering,
9925,genial,
9925,genial,
9925,genial,
9925,genial,
9925,genial,
9926,heartless,
9926,heartless,
9926,heartless,
9926,heartless,
9926,heartless,
9927,incompetent,
9927,incompetent,
9927,incompetent,
9927,incompetent,
9927,incompetent,
9928,invincible,
9928,invincible,
9928,invincible,
9928,invincible,
9928,invincible,
9929,neglectful,
9929,neglectful,
9929,neglectful,
9929,neglectful,
9929,neglectful,
9930,politic,
9930,politic,
9930,politic,
9930,politic,
9930,politic,
9931,quarrelsome,
9931,quarrelsome,
9931,quarrelsome,
9931,quarrelsome,
9931,quarrelsome,
9932,receptive,
9932,receptive,
9932,receptive,
9932,receptive,
9932,receptive,
9933,relentless,
9933,relentless,
9933,relentless,
9933,relentless,
9933,relentless,
9934,secretive,
9934,secretive,
9934,secretive,
9934,secretive,
9934,secretive,
9935,sheeepish,
9935,sheeepish,
9935,sheeepish,
9935,sheeepish,
9935,sheeepish,
9936,sterling,
9936,sterling,
9936,sterling,
9936,sterling,
9936,sterling,
9937,stingy,
9937,stingy,
9937,stingy,
9937,stingy,
9937,stingy,
9938,strenuous,
9938,strenuous,
9938,strenuous,
9938,strenuous,
9938,strenuous,
9939,uncompromising,
9939,uncompromising,
9939,uncompromising,
9939,uncompromising,
9939,uncompromising,
9940,uncontrolled,
9940,uncontrolled,
9940,uncontrolled,
9940,uncontrolled,
9940,uncontrolled,
9941,wary,
9941,wary,
9941,wary,
9941,wary,
9941,wary,
9942,accountable,
9942,accountable,
9942,accountable,
9942,accountable,
9942,accountable,
9943,apologetic,
9943,apologetic,
9943,apologetic,
9943,apologetic,
9943,apologetic,
9944,communal,
9944,communal,
9944,communal,
9944,communal,
9944,communal,
9945,hierarchical,
9945,hierarchical,
9945,hierarchical,
9945,hierarchical,
9945,hierarchical,
9946,imperialist,
9946,imperialist,
9946,imperialist,
9946,imperialist,
9946,imperialist,
9947,lawmaking,
9947,lawmaking,
9947,lawmaking,
9947,lawmaking,
9947,lawmaking,
9948,managerial,
9948,managerial,
9948,managerial,
9948,managerial,
9948,managerial,
9949,nomadic,
9949,nomadic,
9949,nomadic,
9949,nomadic,
9949,nomadic,
9950,provisional,
9950,provisional,
9950,provisional,
9950,provisional,
9950,provisional,
9951,regulatory,
9951,regulatory,
9951,regulatory,
9951,regulatory,
9951,regulatory,
9952,retiring,
9952,retiring,
9952,retiring,
9952,retiring,
9952,retiring,
9953,secretarial,
9953,secretarial,
9953,secretarial,
9953,secretarial,
9953,secretarial,
9954,sparing,
9954,sparing,
9954,sparing,
9954,sparing,
9954,sparing,
9955,tactical,
9955,tactical,
9955,tactical,
9955,tactical,
9955,tactical,
9956,unauthorized,
9956,unauthorized,
9956,unauthorized,
9956,unauthorized,
9956,unauthorized,
9957,unprofitable,
9957,unprofitable,
9957,unprofitable,
9957,unprofitable,
9957,unprofitable,
9958,visionary,
9958,visionary,
9958,visionary,
9958,visionary,
9958,visionary,
9959,volatile,
9959,volatile,
9959,volatile,
9959,volatile,
9959,volatile,
9960,warlike,
9960,warlike,
9960,warlike,
9960,warlike,
9960,warlike,
9961,flowering,
9961,flowering,
9961,flowering,
9961,flowering,
9961,flowering,
9962,freshwater,
9962,freshwater,
9962,freshwater,
9962,freshwater,
9962,freshwater,
9963,overgrown,
9963,overgrown,
9963,overgrown,
9963,overgrown,
9963,overgrown,
9964,stark,
9964,stark,
9964,stark,
9964,stark,
9964,stark,
9965,untouched,
9965,untouched,
9965,untouched,
9965,untouched,
9965,untouched,
9966,wooded,
9966,wooded,
9966,wooded,
9966,wooded,
9966,wooded,
9967,zoological,
9967,zoological,
9967,zoological,
9967,zoological,
9967,zoological,
9968,complementary,
9968,complementary,
9968,complementary,
9968,complementary,
9968,complementary,
9969,complimentary,
9969,complimentary,
9969,complimentary,
9969,complimentary,
9969,complimentary,
9970,cumulative,
9970,cumulative,
9970,cumulative,
9970,cumulative,
9970,cumulative,
9971,facile,
9971,facile,
9971,facile,
9971,facile,
9971,facile,
9972,fateful,
9972,fateful,
9972,fateful,
9972,fateful,
9972,fateful,
9973,feasible,
9973,feasible,
9973,feasible,
9973,feasible,
9973,feasible,
9974,imminent,
9974,imminent,
9974,imminent,
9974,imminent,
9974,imminent,
9975,invariable,
9975,invariable,
9975,invariable,
9975,invariable,
9975,invariable,
9976,manageable,
9976,manageable,
9976,manageable,
9976,manageable,
9976,manageable,
9977,minimal,
9977,minimal,
9977,minimal,
9977,minimal,
9977,minimal,
9978,momentous,
9978,momentous,
9978,momentous,
9978,momentous,
9978,momentous,
9979,mundane,
9979,mundane,
9979,mundane,
9979,mundane,
9979,mundane,
9980,peripheral,
9980,peripheral,
9980,peripheral,
9980,peripheral,
9980,peripheral,
9981,pertinent,
9981,pertinent,
9981,pertinent,
9981,pertinent,
9981,pertinent,
9982,practicable,
9982,practicable,
9982,practicable,
9982,practicable,
9982,practicable,
9983,praiseworthy,
9983,praiseworthy,
9983,praiseworthy,
9983,praiseworthy,
9983,praiseworthy,
9984,superfluous,
9984,superfluous,
9984,superfluous,
9984,superfluous,
9984,superfluous,
9985,unorthodox,
9985,unorthodox,
9985,unorthodox,
9985,unorthodox,
9985,unorthodox,
9986,unthinkable,
9986,unthinkable,
9986,unthinkable,
9986,unthinkable,
9986,unthinkable,
9987,usable,
9987,usable,
9987,usable,
9987,usable,
9987,usable,
9988,wee,
9988,wee,
9988,wee,
9988,wee,
9988,wee,
9989,weighty,
9989,weighty,
9989,weighty,
9989,weighty,
9989,weighty,
9990,clockwise,
9990,clockwise,
9990,clockwise,
9990,clockwise,
9990,clockwise,
9991,counterclockwise,
9991,counterclockwise,
9991,counterclockwise,
9991,counterclockwise,
9991,counterclockwise,
9992,afresh,
9992,afresh,
9992,afresh,
9992,afresh,
9992,afresh,
9993,expressly,
9993,expressly,
9993,expressly,
9993,expressly,
9993,expressly,
9994,gingerly,
9994,gingerly,
9994,gingerly,
9994,gingerly,
9994,gingerly,
9995,minutely,
9995,minutely,
9995,minutely,
9995,minutely,
9995,minutely,
9996,sorely,
9996,sorely,
9996,sorely,
9996,sorely,
9996,sorely,
9997,aye,
9997,aye,
9997,aye,
9997,aye,
9997,aye,
9998,theoretically,
9998,theoretically,
9998,theoretically,
9998,theoretically,
9998,theoretically,
9999,gee,
9999,gee,
9999,gee,
9999,gee,
9999,gee,
10000,thee,
10000,thee,
10000,thee,
10000,thee,
10000,thee,
