number,word,example
10001,nominal,"The company charged a nominal fee for the service, just enough to cover their costs."
10001,nominal,"Although he was the team captain in name, his role was largely nominal, as the other players made most of the decisions."
10001,nominal,"The increase in taxes this year is nominal, only about 0.5 percent."
10001,nominal,"After the initial investigation, the police considered him a nominal suspect, meaning they didn't have enough evidence to seriously pursue him."
10001,nominal,"She received a nominal award for her volunteer work, but the recognition meant more to her than any monetary value."
10002,accrue,Interest will accrue on the account at a rate of 5% per year.
10002,accrue,"Over time, a considerable amount of vacation time can accrue if you don't take any days off."
10002,accrue,"The longer the legal battle dragged on, the more legal fees began to accrue."
10002,accrue,"By investing early in the stock market, you allow your returns to accrue and compound over a longer period."
10002,accrue,"With each passing day, the evidence against him continued to accrue, making his defense increasingly difficult."
10003,financier,The company's growth was largely thanks to a savvy financier who saw its potential early on.
10003,financier,"He made his fortune as a financier, investing in various tech startups before they became household names."
10003,financier,The documentary explored the lives of several influential financiers and their impact on the global economy.
10003,financier,I'm looking for a financier to back my new project; do you know anyone who might be interested?
10003,financier,The politician was criticized for his close ties to a controversial financier known for unethical business practices.
10004,plaza,Let's meet at the fountain in the plaza after the movie.
10004,plaza,The town's annual Christmas tree lighting ceremony will be held in the main plaza this year.
10004,plaza,"Many small shops and restaurants surround the plaza, making it a popular gathering place."
10004,plaza,"The new development plans include a large, open plaza intended to encourage community events."
10004,plaza,"During the protest, demonstrators gathered in the plaza, chanting slogans and holding signs."
10005,accomplice,The getaway driver was charged as an accomplice to the bank robbery.
10005,accomplice,"He wouldn't reveal the name of his accomplice, even under intense questioning."
10005,accomplice,Are you suggesting that I was an accomplice in this prank? I had no idea!
10005,accomplice,"The prosecution argued that she was not merely present at the scene, but an active accomplice in the crime."
10005,accomplice,Finding an accomplice to help him move the heavy furniture proved more difficult than he anticipated.
10006,acquit,The jury decided to acquit the defendant due to lack of sufficient evidence.
10006,acquit,"Do you think the judge will acquit him, or will he be found guilty?"
10006,acquit,"Despite the public outcry, the court had no choice but to acquit him based on the evidence presented."
10006,acquit,She hoped the investigation would acquit her of any wrongdoing and clear her name.
10006,acquit,"Even though many suspected him, the prosecution couldn't prove his guilt beyond a reasonable doubt, so they had to acquit."
10007,aria,The soprano's performance peaked during the emotional aria in the second act.
10007,aria,"Even though I don't understand Italian, the power in her voice during the aria gave me chills."
10007,aria,"After a brief pause, the orchestra swelled and the tenor began his powerful aria, silencing the entire hall."
10007,aria,"He launched into a spontaneous aria about his lost car keys, much to the amusement of his friends."
10007,aria,"The opera was beautiful, but I found the final aria a bit too long and repetitive."
10008,alleviate,The doctor prescribed medication to alleviate the patient's pain.
10008,alleviate,Taking a warm bath can often alleviate muscle soreness after a strenuous workout.
10008,alleviate,The government implemented new policies to alleviate poverty in the region.
10008,alleviate,I hope this donation will help alleviate some of the suffering caused by the natural disaster.
10008,alleviate,Sharing your feelings with a trusted friend can sometimes alleviate feelings of anxiety and loneliness.
10009,wrath,The king unleashed his wrath upon the disloyal subjects who dared to question his authority.
10009,wrath,"After discovering the vandalism, her wrath was palpable; you could feel the anger radiating from her."
10009,wrath,The environmental group directed their wrath at the corporation responsible for the oil spill.
10009,wrath,"He feared his father's wrath more than anything, knowing the consequences of disobedience would be severe."
10009,wrath,I wouldn't want to incur the wrath of the internet; they can be a relentless and unforgiving mob.
10010,annul,The judge decided to annul the contract due to a clear breach of its terms.
10010,annul,"After discovering the fraud, they moved quickly to annul the election results."
10010,annul,The couple decided to annul their marriage shortly after the ceremony when they realized they weren't compatible.
10010,annul,I hope the university doesn't annul my degree just because I missed a few deadlines.
10010,annul,"The King had the power to annul any law passed by Parliament, which caused a great deal of political tension."
10011,ferocity,"The lion attacked its prey with unexpected ferocity, leaving no chance for escape."
10011,ferocity,"She approached the negotiation with a ferocity that surprised even her own team, determined to secure the best possible deal."
10011,ferocity,The storm raged with such ferocity that trees were uprooted and power lines were torn down.
10011,ferocity,"Despite her small size, the chihuahua defended her owner with surprising ferocity when the stranger approached."
10011,ferocity,His ferocity on the football field earned him a reputation as a formidable opponent.
10012,pharmaceutical,The pharmaceutical company announced promising results from their latest clinical trial.
10012,pharmaceutical,My doctor recommended a pharmaceutical intervention to manage my high blood pressure.
10012,pharmaceutical,"She's studying pharmaceutical sciences at the university, hoping to develop new drugs."
10012,pharmaceutical,The government is working to regulate the pharmaceutical industry and ensure fair pricing.
10012,pharmaceutical,Have you seen the news about the potential side effects of that new pharmaceutical?
10013,burgeon,"With the arrival of spring, the garden began to burgeon with colorful flowers and lush greenery."
10013,burgeon,Local artists hope that the new community center will help creativity to burgeon in the neighborhood.
10013,burgeon,"Despite initial setbacks, her confidence continued to burgeon as she gained experience in the field."
10013,burgeon,The small town's economy started to burgeon after the tech company relocated its headquarters there.
10013,burgeon,"Online learning platforms burgeon with new courses every day, catering to a wide range of interests and skill levels."
10014,anesthetic,The dentist applied a topical anesthetic to numb my gums before the root canal.
10014,anesthetic,"Before the surgery, the anesthesiologist explained the risks and benefits of the general anesthetic they would be using."
10014,anesthetic,"The speaker's monotone voice had an almost anesthetic effect, lulling many in the audience to sleep."
10014,anesthetic,Local anesthetic was injected directly into the wound to minimize the pain during the stitching process.
10014,anesthetic,"While I appreciate the offer, I'd rather not take any anesthetic; I want to be fully aware during the procedure."
10015,cardiovascular,Regular exercise is crucial for maintaining good cardiovascular health.
10015,cardiovascular,The doctor recommended a low-sodium diet to improve my cardiovascular function.
10015,cardiovascular,Smoking is a major risk factor for cardiovascular disease.
10015,cardiovascular,She's been working hard to improve her cardiovascular endurance by running every day.
10015,cardiovascular,The study investigated the effects of the new drug on cardiovascular outcomes in patients with diabetes.
10016,clot,The doctor was concerned about a blood clot forming in his leg after the surgery.
10016,clot,"I tried to pour the paint, but it had thickened and formed a clot in the can."
10016,clot,She was given medication to help prevent blood clots during her long flight.
10016,clot,The nurse gently removed the clot of blood from the wound before applying a fresh bandage.
10016,clot,"He described the accident scene as a clot of traffic, with cars backed up for miles."
10017,boisterous,The boisterous crowd cheered wildly as the home team scored the winning goal.
10017,boisterous,We had to move to a different table because the group next to us was being too boisterous.
10017,boisterous,"Despite the teacher's efforts, the classroom remained boisterous and unruly."
10017,boisterous,The puppy's boisterous energy was exhausting but also incredibly endearing.
10017,boisterous,"After a few drinks, the wedding reception became a boisterous celebration with everyone dancing and singing."
10018,booze,"After a long week at work, all I want to do is relax and have some booze with friends."
10018,booze,The company Christmas party is notorious for its free-flowing booze and questionable dance moves.
10018,booze,He swore off booze after realizing it was negatively impacting his health and relationships.
10018,booze,The police pulled him over on suspicion of driving under the influence of booze.
10018,booze,"Despite the celebratory atmosphere, the event organizers made sure to provide non-alcoholic options for those who didn't want any booze."
10019,clutter,I need to declutter my desk; it's covered in papers and old coffee cups.
10019,clutter,"The antique shop was charming, but the sheer amount of clutter made it difficult to appreciate anything."
10019,clutter,Too much visual clutter on a website can distract visitors from the main message.
10019,clutter,"Before the guests arrive, let's try to minimize the clutter in the living room."
10019,clutter,The excessive clutter in his mind prevented him from thinking clearly about the problem.
10020,disparate,The committee struggled to reconcile the disparate opinions of its members on the proposed policy change.
10020,disparate,"Despite their disparate backgrounds, the two friends found common ground in their shared love of music and adventure."
10020,disparate,"The data set contained disparate values, making it difficult to draw any meaningful conclusions."
10020,disparate,"My interests are quite disparate, ranging from astrophysics to ancient history."
10020,disparate,The CEO implemented a new strategy to unify the disparate divisions of the company and improve overall efficiency.
10021,coalesce,"The protesters began as separate groups, but they quickly coalesced into a unified movement."
10021,coalesce,"Over time, the small farming villages coalesced to form a larger, more prosperous town."
10021,coalesce,My scattered thoughts finally coalesced into a coherent plan of action.
10021,coalesce,"The droplets of water on the windowpane began to coalesce, forming larger streaks."
10021,coalesce,Different musical styles can coalesce to create exciting new genres.
10022,conglomerate,"The media conglomerate announced record profits this quarter, driven by its streaming service."
10022,conglomerate,My uncle works for a large financial conglomerate that invests in a variety of industries.
10022,conglomerate,"That small bookstore was bought out by a huge conglomerate, and now it's just another chain store."
10022,conglomerate,The government is investigating the conglomerate for potential antitrust violations and monopolistic practices.
10022,conglomerate,"Instead of relying on one supplier, we should diversify and work with several smaller companies to avoid being overly dependent on a single conglomerate."
10023,sliver,"A sliver of moon peeked through the clouds, barely illuminating the dark road."
10023,sliver,She got a sliver of glass stuck in her finger while washing the dishes.
10023,sliver,I only ate a sliver of cake because I'm trying to watch my weight.
10023,sliver,The detective found a sliver of evidence that could break the case wide open.
10023,sliver,He carved a thin sliver of wood from the block to test the sharpness of his knife.
10024,incendiary,The politician's incendiary rhetoric was clearly designed to incite anger and division among the voters.
10024,incendiary,Be careful when handling those chemicals; they are highly incendiary and could easily start a fire.
10024,incendiary,That blog post was incredibly incendiary; I'm surprised the comments section hasn't been shut down yet.
10024,incendiary,The band's new album features an incendiary mix of punk rock and political commentary.
10024,incendiary,His incendiary remarks at the meeting led to a heated argument and ultimately derailed the entire discussion.
10025,crackle,"The campfire began to crackle as we added more wood, filling the air with a comforting warmth."
10025,crackle,I love the crackle of vinyl records; it adds character to the music.
10025,crackle,"After a long silence, a nervous crackle came over the radio, followed by a faint voice."
10025,crackle,"The tension in the room was so thick, you could practically hear it crackle."
10025,crackle,"During the dry season, the leaves underfoot would crackle with every step, making it difficult to move silently through the forest."
10026,hepatitis,"After traveling abroad, she felt unwell and was diagnosed with hepatitis A, likely contracted from contaminated food."
10026,hepatitis,"The doctor explained that there are different types of hepatitis, some of which are viral and others caused by alcohol abuse."
10026,hepatitis,"Public health officials are working to increase vaccination rates against hepatitis B, especially among high-risk populations."
10026,hepatitis,"He's been dealing with chronic hepatitis C for years, but new treatments have significantly improved his prognosis."
10026,hepatitis,"I'm worried about my friend; his skin has a yellowish tint, which could be a sign of jaundice related to hepatitis."
10027,debilitate,"The chronic pain began to debilitate her, making it difficult to perform even simple tasks."
10027,debilitate,"The flu can really debilitate you, so make sure you get plenty of rest and fluids."
10027,debilitate,"Years of mismanagement have served to debilitate the company, leaving it on the brink of bankruptcy."
10027,debilitate,"His anxiety disorder would often debilitate him, preventing him from attending social gatherings or work meetings."
10027,debilitate,The severe drought continued to debilitate the region's agricultural economy.
10028,obese,The doctor warned him that he was becoming obese and needed to change his diet and exercise habits.
10028,obese,"Childhood obesity is a growing concern, with more and more children classified as overweight or obese."
10028,obese,Studies have shown a strong correlation between consuming sugary drinks and becoming obese.
10028,obese,"While she wasn't thrilled with the label, she understood that her Body Mass Index placed her in the obese category."
10028,obese,The city council is implementing new programs to combat the rising rates of obese residents by promoting healthier lifestyles.
10029,patriarch,"The family patriarch, having lived a long and fulfilling life, passed away peacefully in his sleep."
10029,patriarch,"In many traditional societies, the patriarch holds significant power and authority over family matters."
10029,patriarch,"He was seen as the patriarch of the local jazz scene, having mentored countless young musicians over the years."
10029,patriarch,"After the company founder retired, his eldest son assumed the role of patriarch, guiding the business through a period of significant change."
10029,patriarch,The visiting religious leader was given the honorary title of patriarch in recognition of his decades of service to the community.
10030,deflate,The news of the company's losses seemed to deflate his enthusiasm for the project.
10030,deflate,Could you deflate the pool float after the party so we can store it easily?
10030,deflate,The politician's carefully constructed image began to deflate under the weight of the scandal.
10030,deflate,Seeing her disappointed face really deflated my hopes of winning the game.
10030,deflate,"To save on storage space, we need to deflate the air mattress before putting it back in the closet."
10031,predicament,"Finding himself without money or a place to stay, John was in quite a predicament."
10031,predicament,The company's predicament worsened as sales continued to decline despite their marketing efforts.
10031,predicament,I'm in a bit of a predicament – I promised to help two different friends move on the same day.
10031,predicament,"Faced with a rapidly approaching deadline and insufficient resources, the team found themselves in a difficult predicament."
10031,predicament,Her ethical predicament arose when she discovered her boss was engaging in fraudulent activity.
10032,boardroom,The tense atmosphere in the boardroom was palpable as the CEO presented the disappointing quarterly results.
10032,boardroom,I've scheduled a meeting in the boardroom for Tuesday morning to discuss the new marketing strategy.
10032,boardroom,He climbed the corporate ladder quickly and was finally invited to sit at the boardroom table.
10032,boardroom,The company's future was debated at length behind closed doors in the boardroom.
10032,boardroom,"She felt intimidated walking into the large, imposing boardroom for her interview with the executive team."
10033,degenerate,"The discussion quickly degenerated into a shouting match, with personal insults flying back and forth."
10033,degenerate,"Without proper exercise and a healthy diet, muscle tissue can degenerate over time."
10033,degenerate,The artist feared that his skills would degenerate if he didn't practice regularly.
10033,degenerate,"Some argue that modern society is starting to degenerate morally, with a decline in traditional values."
10033,degenerate,The old neighborhood has really degenerated; it's now plagued by crime and neglect.
10034,uproar,The controversial decision to cut funding for the arts caused an immediate uproar among artists and community members.
10034,uproar,"When the celebrity chef announced he was closing his flagship restaurant, it created an uproar on social media."
10034,uproar,The politician's insensitive remarks about immigrants sparked a public uproar and calls for his resignation.
10034,uproar,There was quite an uproar in the classroom when the teacher announced a pop quiz; nobody was prepared.
10034,uproar,"The sudden change in company policy regarding remote work led to an uproar amongst employees, many of whom threatened to quit."
10035,stockpile,"The squirrels are busy this fall, trying to stockpile enough nuts to get through the winter."
10035,stockpile,"After the announcement of the potential strike, many people began to stockpile essential groceries like bread and milk."
10035,stockpile,The government maintains a stockpile of strategic petroleum reserves to protect against disruptions in the global oil supply.
10035,stockpile,I need to go to the hardware store and stockpile some wood before the price increases kick in.
10035,stockpile,"The museum's archives contain a vast stockpile of historical documents, waiting to be properly cataloged and studied."
10036,deplete,Overfishing has severely depleted the cod stocks in the North Atlantic.
10036,deplete,The constant use of social media can deplete your mental energy and focus.
10036,deplete,"If we don't conserve water, we'll deplete our reserves much faster than expected."
10036,deplete,"The intense training regime depleted the athlete's energy levels, requiring a period of rest and recovery."
10036,deplete,"Years of mining have depleted the region's natural resources, leaving the land barren and unproductive."
10037,deport,The government threatened to deport him if he didn't comply with the immigration laws.
10037,deport,"After living in the country illegally for ten years, she was finally deported back to her country of origin."
10037,deport,"They are fighting to prevent the deportation of their neighbor, who has been a valuable member of the community."
10037,deport,The judge ruled that the man should be deported due to his conviction for multiple felonies.
10037,deport,I read an article about the complexities of deportation and how it affects families and communities.
10038,illicit,The police discovered an illicit drug operation hidden in the basement of the abandoned building.
10038,illicit,She was caught engaging in illicit activities and now faces serious consequences.
10038,illicit,"He gained access to the company's confidential files through illicit means, which is a clear breach of trust."
10038,illicit,"The couple carried on an illicit affair for years, jeopardizing their marriages and families."
10038,illicit,Downloading copyrighted material without permission is an example of illicit file sharing.
10039,ghetto,"Growing up, we lived in what some people considered a ghetto, but we made the best of it and built a strong community."
10039,ghetto,"The urban renewal project aimed to revitalize the neglected 'ghetto' areas of the city, but some residents felt it was more about displacement than improvement."
10039,ghetto,"He described the neighborhood as a 'ghetto' due to the high crime rate and lack of resources, but I think that's an unfair generalization."
10039,ghetto,"While the term 'ghetto' can be offensive, it's sometimes used colloquially to describe a low-budget, makeshift solution, like a 'ghetto' fix for my broken laptop screen."
10039,ghetto,The professor cautioned against using the term 'ghetto' in academic writing without careful consideration of its historical and social implications.
10040,depose,The military coup successfully deposed the corrupt president and installed a new leader.
10040,depose,"After a series of scandals, the board of directors moved to depose the CEO from his position."
10040,depose,"The witness was deposed for hours, answering questions about the events leading up to the accident."
10040,depose,Do you think the people will ever rise up and depose this tyrannical government?
10040,depose,"Rumors circulated that the king was about to be deposed by his own son, who was eager to take the throne."
10041,treason,"Some argue that leaking classified information to the press, even with good intentions, borders on treason."
10041,treason,"The penalty for treason is severe, often involving lengthy imprisonment or, in some countries, even the death penalty."
10041,treason,Benedict Arnold's name is synonymous with treason in American history due to his betrayal during the Revolutionary War.
10041,treason,"He was accused of treason after allegedly collaborating with the enemy during the war, providing them with vital intelligence."
10041,treason,I can't believe he'd stoop so low; betraying his own family like that feels like a personal act of treason.
10042,deportation,"The lawyer argued that deportation would tear the family apart, as the children were all US citizens."
10042,deportation,"After his conviction for drug trafficking, he faced immediate deportation back to his country of origin."
10042,deportation,The recent increase in immigration enforcement has led to a rise in deportation proceedings.
10042,deportation,"She lived in fear of deportation, knowing that her visa was about to expire and her asylum claim was denied."
10042,deportation,"The government defended its deportation policies, claiming they were necessary to protect national security."
10043,czar,The president appointed a new drug czar to combat the opioid crisis.
10043,czar,My mom is the czar of the kitchen; no one can cook in there without her permission.
10043,czar,We need a data czar to oversee the company's information governance and ensure compliance with privacy regulations.
10043,czar,"He acts like he's the czar of the office, telling everyone what to do, but he's just an intern."
10043,czar,The mayor is looking for a 'green czar' to lead the city's sustainability initiatives and reduce its carbon footprint.
10044,enactment,The enactment of the new environmental regulations is expected to significantly reduce pollution levels in the region.
10044,enactment,"Many citizens are eagerly awaiting the enactment of the healthcare bill, hoping it will improve access to affordable medical care."
10044,enactment,"The historical society organized a dramatic enactment of the town's founding, complete with costumes and props."
10044,enactment,"Despite the council's vote, the enactment of the proposed zoning changes has been delayed due to legal challenges."
10044,enactment,I'm worried that the enactment of stricter data privacy laws might make it more difficult for small businesses to operate online.
10045,devolve,The friendly debate quickly devolved into a shouting match.
10045,devolve,"If the central government is weakened, power will devolve to the regional authorities."
10045,devolve,"Without strong leadership, the project could easily devolve into chaos."
10045,devolve,Her responsibilities at work began to devolve as she neared retirement.
10045,devolve,The conversation seemed to devolve into personal attacks instead of addressing the actual issue.
10046,cartel,The government is trying to break up the drug cartel that controls most of the cocaine trade in the region.
10046,cartel,Several independent oil producers accused the major companies of acting as a cartel to keep prices artificially low.
10046,cartel,"Historians believe that the diamond industry was once largely controlled by a single cartel, De Beers."
10046,cartel,“Do you think these streaming services are just going to form a cartel and fix prices?” he asked during the discussion about the future of entertainment.
10046,cartel,"The cartel's influence extended far beyond the drug trade, infiltrating local politics and law enforcement."
10047,disband,"After years of struggling with internal conflicts, the band decided to disband and pursue solo projects."
10047,disband,The protest group agreed to disband once their demands were met by the city council.
10047,disband,The detective agency had to disband due to a lack of funding and experienced personnel.
10047,disband,I heard they're going to disband the committee after this final report is submitted; it seems redundant now.
10047,disband,"With the war officially over, the government announced plans to disband several military units."
10048,devaluation,The country's recent currency devaluation has made their exports more competitive on the global market.
10048,devaluation,Many economists believe that a gradual devaluation of the currency is necessary to stimulate economic growth.
10048,devaluation,The devaluation of the company's stock price caused widespread concern among investors.
10048,devaluation,I'm worried that the devaluation of my skills in the face of new technology will make it harder to find a job.
10048,devaluation,The constant criticism and lack of appreciation led to a complete devaluation of his self-worth.
10049,trooper,That old car is a real trooper; it's been running for over 20 years with minimal repairs.
10049,trooper,"The injured hiker was a trooper, enduring the pain and walking several miles to reach help."
10049,trooper,Our sales team has been working tirelessly all quarter; they're all real troopers.
10049,trooper,The state trooper pulled me over for speeding on the highway.
10049,trooper,"Despite the setbacks and challenges, she remained a trooper and never gave up on her dream."
10050,french,I'm taking a French class next semester to improve my language skills before my trip to Paris.
10050,french,She has a beautiful French bulldog named Coco who loves to play fetch in the park.
10050,french,"The restaurant's menu features a variety of classic French dishes, such as coq au vin and crème brûlée."
10050,french,The French ambassador delivered a formal statement regarding the recent trade agreement between the two countries.
10050,french,"Do you know how to make French toast from scratch, or do you just use a mix?"
10051,frigid,The frigid air stung my cheeks as I waited for the bus this morning.
10051,frigid,"Despite the warm fire, she remained frigid and unresponsive to his attempts at conversation."
10051,frigid,The relationship between the two countries has been frigid since the border dispute began.
10051,frigid,The weather forecast predicts a frigid weekend with temperatures dropping well below freezing.
10051,frigid,"After the power outage, the house quickly became frigid, forcing us to seek shelter elsewhere."
10052,apostle,"The professor argued that Marshall McLuhan was an apostle of the electronic age, predicting its profound impact on society."
10052,apostle,He became an apostle for environmental protection after witnessing the devastating effects of pollution firsthand.
10052,apostle,Some consider Paul the Apostle to be the most influential figure in the spread of early Christianity.
10052,apostle,"The company's new CEO is seen as an apostle of innovation, constantly pushing for groundbreaking ideas."
10052,apostle,"She traveled the world as an apostle for peace, advocating for non-violent conflict resolution in war-torn regions."
10053,emanate,A delicious aroma of freshly baked bread emanated from the kitchen.
10053,emanate,"Positive energy seemed to emanate from her, making everyone feel comfortable."
10053,emanate,The controversial policy decision emanated from the highest levels of government.
10053,emanate,Heat emanated from the engine even after it had been turned off.
10053,emanate,Rumors began to emanate from the company about potential layoffs.
10054,aura,"The old house had a strange aura about it, making me feel uneasy as I approached."
10054,aura,"Despite her fame, she maintained a humble aura, always approachable and kind to her fans."
10054,aura,The meditation session created an aura of peace and tranquility throughout the room.
10054,aura,He carries an aura of confidence that makes people immediately trust his judgment.
10054,aura,"The scandal seemed to tarnish the politician's aura of integrity, making it difficult for him to regain public support."
10055,embroil,"I tried to stay neutral, but I got embroiled in their argument anyway."
10055,embroil,The company found itself embroiled in a legal battle after the product malfunctioned.
10055,embroil,"She didn't want to get embroiled in office politics, so she kept to herself."
10055,embroil,The senator's comments embroiled him in a heated debate about immigration policy.
10055,embroil,He regretted getting embroiled with that shady business deal from the beginning.
10056,libel,The newspaper was sued for libel after printing false statements about the mayor's personal life.
10056,libel,She threatened to sue the website for libel when they published an article accusing her of fraud.
10056,libel,"He retracted the statement, hoping to avoid a libel lawsuit and the associated legal fees."
10056,libel,"Spreading rumors online can easily lead to accusations of libel, so be careful what you post."
10056,libel,"The comedian's jokes, while offensive to some, were protected under free speech and didn't constitute libel."
10057,entrench,"Years of corruption had entrenched a culture of bribery within the police department, making it difficult to reform."
10057,entrench,The company's market dominance is so entrenched that it's almost impossible for new competitors to gain a foothold.
10057,entrench,He's become so entrenched in his political views that he refuses to even consider opposing arguments.
10057,entrench,We need to actively work to dismantle the systemic barriers that entrench inequality and limit opportunities for marginalized communities.
10057,entrench,"After the heavy snowfall, the hikers were able to entrench themselves in a snow cave for protection from the wind and cold."
10058,arcane,"The professor's lecture was filled with arcane references to obscure historical figures, leaving most of the students confused."
10058,arcane,"Understanding the arcane rules of this board game took us hours, and we still aren't sure we're playing it right."
10058,arcane,"He delved into the arcane world of ancient alchemy, hoping to discover the secrets of turning lead into gold."
10058,arcane,The software's configuration file was full of arcane parameters that only the original programmers understood.
10058,arcane,"Some find the intricacies of tax law fascinating, while others consider it an arcane and impenetrable maze."
10059,tenet,One of the core tenets of their religion is compassion for all living beings.
10059,tenet,The company's success is built on the tenet of always putting the customer first.
10059,tenet,"Although I respect their traditions, I don't necessarily agree with every tenet of their philosophy."
10059,tenet,A fundamental tenet of democracy is the right to free speech.
10059,tenet,"Many people believe in the tenet that hard work always leads to success, though that's not always the case."
10060,allusion,"The author makes an allusion to Shakespeare's Hamlet in the opening scene, foreshadowing the protagonist's internal conflict."
10060,allusion,"Her speech was full of allusions to classical mythology, which, while elegant, might have been lost on some members of the audience."
10060,allusion,I didn't catch the allusion you made to that old movie – I haven't seen it in years.
10060,allusion,"The band's new song is packed with allusions to their earlier work, appealing to long-time fans."
10060,allusion,"By calling him 'Romeo', she was making an obvious allusion to his romantic nature."
10061,exacerbate,The heavy rain will only exacerbate the flooding in low-lying areas.
10061,exacerbate,His constant complaining just exacerbates my stress levels; I wish he would try to be more positive.
10061,exacerbate,The proposed budget cuts will exacerbate the existing problems within the education system.
10061,exacerbate,"Taking painkillers might temporarily alleviate the pain, but it won't address the underlying issue and could potentially exacerbate it in the long run."
10061,exacerbate,Ignoring the early warning signs of burnout will only exacerbate the problem and lead to more serious health issues down the line.
10062,animosity,"Despite their attempts at reconciliation, a deep-seated animosity remained between the two brothers."
10062,animosity,You could feel the animosity radiating from the crowd as the politician took the stage.
10062,animosity,"The trade dispute has unfortunately fostered animosity between the two countries, impacting diplomatic relations."
10062,animosity,I sensed no personal animosity in her criticism; she was simply pointing out areas for improvement.
10062,animosity,The intense competition for the promotion created a palpable animosity among the team members.
10063,exhilarate,The roller coaster's steep drops and sudden turns exhilarated the riders.
10063,exhilarate,Winning the competition didn't just bring relief; it exhilarated me.
10063,exhilarate,The crisp mountain air and breathtaking views exhilarated us as we hiked to the summit.
10063,exhilarate,"Does the thought of public speaking exhilarate you, or fill you with dread?"
10063,exhilarate,Her energetic performance and infectious enthusiasm exhilarated the entire audience.
10064,mural,The community center is planning to commission a mural depicting the history of the neighborhood.
10064,mural,I love how the artist used vibrant colors in the mural; it really brightens up the alleyway.
10064,mural,Have you seen the new mural downtown? It's absolutely massive and incredibly detailed.
10064,mural,"The museum's collection includes a fragment of an ancient Roman mural, carefully preserved behind glass."
10064,mural,"We spent the afternoon painting a mural on the school playground, and the kids were so excited to help."
10065,asylum,The church offered sanctuary as a temporary asylum for the homeless during the harsh winter months.
10065,asylum,She applied for political asylum after facing persecution for her beliefs in her home country.
10065,asylum,"The old mental asylum was rumored to be haunted, but it's now being renovated into apartments."
10065,asylum,Many refugees seek asylum in countries that uphold human rights and offer protection from violence.
10065,asylum,Do you think it's fair that some countries are more willing to grant asylum than others?
10066,forestall,The company increased its marketing budget to forestall a potential drop in sales during the off-season.
10066,forestall,"To forestall any arguments, let's agree on the rules of the game beforehand."
10066,forestall,She took extra classes to forestall falling behind in her studies.
10066,forestall,The government implemented new regulations to forestall environmental damage from the oil spill.
10066,forestall,We need to address these issues now to forestall more serious problems down the road.
10067,forgo,"I'm trying to lose weight, so I'll have to forgo dessert tonight."
10067,forgo,"Due to the budget cuts, we will have to forgo the annual company retreat this year."
10067,forgo,He decided to forgo his salary for the first three months to help the startup get off the ground.
10067,forgo,"She chose to forgo a traditional wedding ceremony in favor of a small, intimate gathering with close friends and family."
10067,forgo,"If we want to finish the project on time, we may have to forgo our weekend plans."
10068,diaper,Could you grab a diaper from the changing table? I think he needs one.
10068,diaper,The hospital provided a supply of diapers and formula for the newborn.
10068,diaper,We're trying to decide whether to use cloth diapers or disposable ones; there are pros and cons to both.
10068,diaper,"The baby's diaper was soaked, so I changed him immediately."
10068,diaper,"She's been fully potty-trained for months now, so we haven't had to buy diapers in ages!"
10069,galvanize,The shocking news of the factory closure galvanized the community to organize protests.
10069,galvanize,"His impassioned speech really galvanized the team, and we went on to win the championship."
10069,galvanize,The documentary about climate change is meant to galvanize viewers into taking action.
10069,galvanize,Seeing the suffering firsthand galvanized her decision to become a doctor.
10069,galvanize,The threat of budget cuts galvanized the department to find more efficient ways of operating.
10070,pivotal,"The invention of the printing press was a pivotal moment in human history, allowing for the widespread dissemination of knowledge."
10070,pivotal,Reaching the sales quota this quarter will be pivotal to securing the company's financial future.
10070,pivotal,Honest and open communication is pivotal in building a strong and lasting relationship.
10070,pivotal,"That game was pivotal; if we had lost, we wouldn't have made it to the playoffs."
10070,pivotal,The witness's testimony proved pivotal in securing a conviction in the trial.
10071,vibrant,The artist used vibrant colors to capture the energy of the street scene.
10071,vibrant,"The city's nightlife is incredibly vibrant, with music and activity spilling onto the sidewalks."
10071,vibrant,Her vibrant personality always made her the life of the party.
10071,vibrant,"The coral reef was teeming with vibrant marine life, a testament to the ocean's biodiversity."
10071,vibrant,"This year's autumn foliage is particularly vibrant, drawing tourists from all over the region."
10072,glid,"The hawk glid effortlessly above the fields, searching for its prey."
10072,glid,"With a gentle push, the wooden boat glid across the calm lake."
10072,glid,"As she practiced her ballet routine, she imagined herself glid across the stage."
10072,glid,"The skater glid smoothly across the ice, leaving barely a mark."
10072,glid,"The new software update glid seamlessly into our existing system, causing no disruption."
10073,portal,The online portal allows students to access their grades and submit assignments.
10073,portal,Many believe that ancient sites like Stonehenge could be portals to other dimensions.
10073,portal,The company's new customer service portal aims to streamline inquiries and improve response times.
10073,portal,I logged into the employee portal to check my vacation balance and request time off.
10073,portal,"The fantasy novel described a shimmering portal opening in the middle of the forest, leading to a magical realm."
10074,onslaught,The small coastal town was unprepared for the onslaught of the hurricane.
10074,onslaught,"After the celebrity's controversial tweet, she faced an onslaught of criticism on social media."
10074,onslaught,The marketing team launched an aggressive onslaught of advertisements leading up to the product release.
10074,onslaught,I wasn't able to focus on my work due to the constant onslaught of emails and phone calls.
10074,onslaught,The defending team struggled to withstand the opposing team's relentless offensive onslaught.
10075,catapult,The sudden promotion seemed to catapult him into a position of power he wasn't quite ready for.
10075,catapult,The company hopes this new product will catapult them ahead of their competitors in the market.
10075,catapult,"Using a makeshift catapult, the kids launched water balloons at each other across the backyard."
10075,catapult,Her viral video helped catapult her to internet fame almost overnight.
10075,catapult,Archaeologists discovered the remains of an ancient catapult near the old city walls.
10076,gouge,The carpenter used a chisel to gouge out a groove in the wood.
10076,gouge,I accidentally gouged the wall while trying to move the couch.
10076,gouge,Consumers complained that gas stations were gouging prices after the hurricane.
10076,gouge,The artist carefully gouged the linoleum block to create the print's design.
10076,gouge,He felt like the mechanic was trying to gouge him by charging an exorbitant amount for the repair.
10077,rampart,The old castle's rampart offered a stunning view of the surrounding countryside.
10077,rampart,"During the siege, soldiers patrolled the rampart, vigilant for any sign of enemy activity."
10077,rampart,"Figuratively speaking, the company's strong patents formed a rampart against competitors entering the market."
10077,rampart,"We walked along the city rampart, imagining what life must have been like during the medieval period."
10077,rampart,"The environmental group acted as a rampart, protecting the endangered forest from further development."
10078,acquittal,"Despite the overwhelming evidence presented by the prosecution, the jury returned a verdict of acquittal."
10078,acquittal,The defendant's acquittal was met with outrage by the victim's family.
10078,acquittal,"After years of legal battles, she finally received an acquittal and could begin to rebuild her life."
10078,acquittal,"His lawyer argued that the lack of concrete evidence warranted an acquittal, and the judge seemed to agree."
10078,acquittal,Do you think the acquittal will encourage others to commit similar crimes?
10079,hearten,The news of her recovery began to hearten the worried family.
10079,hearten,Did the coach's pep talk hearten the team before the big game?
10079,hearten,It heartened me to see so many people volunteering their time to help the community.
10079,hearten,"Despite the setbacks, the artist's unwavering passion continued to hearten her spirit."
10079,hearten,The positive feedback on her presentation served to hearten her confidence in public speaking.
10080,cutback,The company announced a significant cutback in its research and development budget due to declining profits.
10080,cutback,"We're facing a cutback in staff hours next month, so everyone needs to be prepared to be more efficient."
10080,cutback,"Due to the economic downturn, there's been a major cutback in government spending on social programs."
10080,cutback,"After the disappointing sales figures, the marketing department experienced a severe cutback in their advertising budget."
10080,cutback,"I heard there's a cutback in travel expenses, so we might have to start doing more meetings online."
10081,ignite,The speaker's passionate words ignited a firestorm of debate among the audience.
10081,ignite,A single spark from the campfire was enough to ignite the dry grass and cause a small brush fire.
10081,ignite,We need a new marketing campaign to ignite interest in our product and boost sales.
10081,ignite,His ambition and drive seemed to ignite whenever he faced a challenging problem.
10081,ignite,The scandal threatened to ignite a political crisis that could destabilize the entire government.
10082,backlash,The company faced a significant backlash on social media after announcing its new pricing policy.
10082,backlash,There was a strong backlash from parents when the school board proposed cutting funding for arts programs.
10082,backlash,"Despite the initial backlash, the director defended his artistic choices, arguing they were essential to the film's message."
10082,backlash,I'm worried there will be a backlash against immigrants if the economy continues to struggle.
10082,backlash,"The politician anticipated some backlash for his controversial statement, but he felt it was important to speak his mind."
10083,incriminate,The evidence found at the scene could incriminate him in the robbery.
10083,incriminate,I refused to answer the detective's questions because I didn't want to incriminate myself.
10083,incriminate,His testimony seemed designed to incriminate his former business partner.
10083,incriminate,Even a seemingly innocent comment could incriminate you if the police interpret it the wrong way.
10083,incriminate,The leaked documents clearly incriminate several high-ranking officials in the scandal.
10084,perjury,He was charged with perjury after lying under oath about his alibi.
10084,perjury,The lawyer warned the witness about the severe consequences of committing perjury during their testimony.
10084,perjury,I can't believe she risked everything by committing perjury; now she's facing jail time.
10084,perjury,The prosecution argued that the defendant's inconsistencies in his statement clearly pointed to perjury.
10084,perjury,"If you suspect someone of perjury, you should report it to the authorities immediately."
10085,ghastly,The weather outside is ghastly; I can't believe it's still raining in July.
10085,ghastly,"The restaurant's decor was ghastly, with mismatched furniture and garish colors."
10085,ghastly,I heard a ghastly shriek coming from the old abandoned house down the street.
10085,ghastly,Her performance in the school play was simply ghastly; she forgot all her lines and stumbled across the stage.
10085,ghastly,"The economic forecast predicts a ghastly downturn in the coming months, which is a cause for serious concern."
10086,conflagration,The dry conditions and strong winds created the perfect environment for a devastating conflagration to sweep through the forest.
10086,conflagration,The historical accounts described the Great Fire of London as a terrifying conflagration that consumed much of the city.
10086,conflagration,"Rumors spread that the sudden conflagration at the chemical plant was due to negligence, sparking public outrage."
10086,conflagration,"Luckily, firefighters were able to contain the brush fire before it turned into a full-blown conflagration."
10086,conflagration,"The political debate quickly escalated into a heated argument, threatening to become a conflagration of personal attacks."
10087,inundate,"After the company announced the new product, their customer service department was inundated with calls."
10087,inundate,"During the holiday season, online retailers are often inundated with orders."
10087,inundate,The small town was inundated by floodwaters after days of heavy rain.
10087,inundate,Please don't inundate me with emails; I'll get to your request as soon as I can.
10087,inundate,The professor warned the students not to inundate their research papers with unnecessary jargon.
10088,languish,"After the company rejected his proposal, Mark let his innovative ideas languish in a forgotten notebook."
10088,languish,"Without proper sunlight and water, the potted plant will languish and eventually die."
10088,languish,"The political prisoner continued to languish in jail, his hope dwindling with each passing day."
10088,languish,Don't let your talents languish; find a way to use them and pursue your passions.
10088,languish,The old traditions began to languish as the younger generation embraced modern customs.
10089,dearth,There is a dearth of good restaurants in this part of town; we always end up driving across the city.
10089,dearth,"The company is suffering from a dearth of innovative ideas, leading to stagnant growth."
10089,dearth,"During the drought, there was a terrible dearth of water, forcing residents to ration their supplies carefully."
10089,dearth,"The local library experienced a dearth of funding this year, resulting in reduced operating hours and fewer new books."
10089,dearth,"Despite the popularity of the sport, there's a surprising dearth of qualified coaches available for youth teams."
10090,pilgrimage,"Every year, thousands make the pilgrimage to Mecca for Hajj."
10090,pilgrimage,"For many Star Wars fans, attending Comic-Con is a pilgrimage they save up for all year."
10090,pilgrimage,The writer considered his trip to Ernest Hemingway's house in Key West a personal pilgrimage.
10090,pilgrimage,My grandfather's return to his childhood home was a poignant pilgrimage down memory lane.
10090,pilgrimage,"The documentary follows a group of cancer survivors on their pilgrimage to Lourdes, seeking healing and solace."
10091,meander,"We decided to meander through the old town, stopping at interesting shops and cafes along the way."
10091,meander,"The river used to meander across the valley floor, creating fertile wetlands."
10091,meander,"During the conference, our conversation began to meander from the topic of climate change to our favorite hiking trails."
10091,meander,"The hiking trail meanders gently uphill, offering stunning views of the surrounding mountains."
10091,meander,"If you don't have a specific goal in mind for your writing, your essay might meander and lose focus."
10092,mitigate,Planting trees can help mitigate the effects of climate change by absorbing carbon dioxide from the atmosphere.
10092,mitigate,The company implemented several safety protocols to mitigate the risk of workplace accidents.
10092,mitigate,"Taking an aspirin can help mitigate the symptoms of a headache, but it won't cure the underlying cause."
10092,mitigate,We need to find ways to mitigate the negative impact of the new highway construction on local businesses.
10092,mitigate,The government offered financial assistance to mitigate the economic hardship caused by the pandemic.
10093,antipathy,I have a strong antipathy towards reality television; I find it mostly vapid and exploitative.
10093,antipathy,"Despite trying to be open-minded, she couldn't shake her antipathy for his condescending attitude."
10093,antipathy,The long-standing antipathy between the two families finally erupted into a public feud.
10093,antipathy,His antipathy towards exercise stemmed from a childhood injury that made physical activity painful.
10093,antipathy,There's a palpable antipathy in the office ever since the new management team took over.
10094,lineage,"The historian meticulously traced the family's lineage back to the 18th century, uncovering fascinating stories of immigration and resilience."
10094,lineage,"Many dog breeders are careful to maintain a pure lineage, ensuring the desired traits are passed down through generations."
10094,lineage,"Her artistic talent was undeniable; she came from a long lineage of painters and sculptors, each contributing to the family's creative legacy."
10094,lineage,"Despite his humble beginnings, he was proud of his lineage, which included several prominent figures in the local community."
10094,lineage,"The software's lineage can be traced back to a small research project at MIT in the 1980s, highlighting its innovative roots."
10095,turnout,"The concert had a great turnout, despite the rainy weather."
10095,turnout,Election officials are hoping for a high voter turnout this year.
10095,turnout,We were disappointed by the low turnout at the community meeting.
10095,turnout,The organizers attributed the successful turnout to effective social media promotion.
10095,turnout,What was the turnout like for the charity run last weekend?
10096,outstrip,"The company's growth rate continues to outstrip that of its competitors, making it a market leader."
10096,outstrip,"Demand for the new product quickly outstripped supply, leading to long wait times for customers."
10096,outstrip,"Her academic achievements soon outstripped those of her older siblings, much to their amusement and pride."
10096,outstrip,Technological advancements in artificial intelligence are beginning to outstrip our ability to fully understand their implications.
10096,outstrip,The athlete's stamina seemed limitless; he could outstrip anyone in a long-distance race without breaking a sweat.
10097,stunt,"The action movie was full of incredible stunts, including a car jumping over a moving train."
10097,stunt,"He tried to impress everyone at the party by attempting a dangerous stunt on his skateboard, but he ended up falling and hurting himself."
10097,stunt,The company's decision to suddenly lower prices seemed like a publicity stunt to attract more customers.
10097,stunt,"As a professional stunt double, she's responsible for performing all the risky maneuvers that the actors can't or won't do."
10097,stunt,The politician's grand gesture of donating his salary was dismissed by many as a cynical political stunt.
10098,overshadow,The scandal threatened to overshadow the team's incredible achievements this season.
10098,overshadow,"Her sister's success always seemed to overshadow her own efforts, no matter how hard she worked."
10098,overshadow,Don't let your fear of failure overshadow the potential rewards of trying something new.
10098,overshadow,"The beauty of the sunset seemed to overshadow everything else around us, making us forget our troubles."
10098,overshadow,"While the initial results were promising, long-term side effects could overshadow the benefits of the new drug."
10099,troupe,The traveling troupe of actors put on a fantastic performance of Shakespeare in the park.
10099,troupe,A local dance troupe is raising money to compete in the national championships.
10099,troupe,"After years of performing together, the comedy troupe felt more like a family than colleagues."
10099,troupe,The circus troupe's daring aerialists captivated the audience with their breathtaking stunts.
10099,troupe,We need to hire a more experienced troupe of movers to handle these delicate antiques.
10100,ordinane,The city council passed an ordinance restricting overnight parking on residential streets.
10100,ordinane,"According to the local ordinance, all dogs must be kept on a leash in public parks."
10100,ordinane,The new zoning ordinance aims to promote sustainable development within the city limits.
10100,ordinane,"Before building the extension, we need to check if it complies with all the building ordinances."
10100,ordinane,Violating the noise ordinance after 10 PM can result in a hefty fine.
10101,placate,"Hoping to placate his crying toddler, Mark offered him a cookie and a favorite toy."
10101,placate,"The company issued a public apology, hoping to placate investors after the disappointing quarterly results."
10101,placate,"She tried to placate her roommate by doing all the dishes, but the underlying tension remained."
10101,placate,"To placate the angry crowd, the mayor promised to address their concerns at the next town hall meeting."
10101,placate,"Sometimes, simply acknowledging someone's feelings is enough to placate them, even if you can't solve their problem."
10102,apocalypse,The constant stream of bad news makes it feel like we're living through a slow-motion apocalypse.
10102,apocalypse,"Some survivalists are building bunkers, preparing for any potential apocalypse scenario."
10102,apocalypse,His latest novel depicts a post-apocalyptic world ravaged by nuclear war.
10102,apocalypse,The sudden stock market crash felt like an economic apocalypse for many investors.
10102,apocalypse,"While some predicted an apocalypse with the rise of AI, others see it as a tool for progress."
10103,proliferate,"After the heavy rains, weeds began to proliferate in the garden."
10103,proliferate,"Online rumors tend to proliferate quickly, making it difficult to trace their origin."
10103,proliferate,Concerns about nuclear weapons proliferation are a major focus of international diplomacy.
10103,proliferate,"With the rise of social media, misinformation seems to proliferate unchecked."
10103,proliferate,The small business grants helped new startups proliferate throughout the city.
10104,excise,The surgeon had to excise the tumor from the patient's lung.
10104,excise,The editor decided to excise several paragraphs from the article to meet the word count.
10104,excise,We need to excise all unnecessary expenses from the budget to improve profitability.
10104,excise,The government plans to excise certain items from the list of goods subject to import tariffs.
10104,excise,I think it's best to excise that embarrassing anecdote from your presentation; it doesn't really add anything.
10105,quadruple,The company expects its profits to quadruple in the next fiscal year due to increased demand.
10105,quadruple,"If we quadruple the amount of fertilizer, we might see a significant improvement in crop yield, but it's a risky experiment."
10105,quadruple,"My rent is going to quadruple when I move to the city, so I need to find a roommate."
10105,quadruple,"To make the recipe large enough for the whole party, we'll need to quadruple all the ingredients."
10105,quadruple,"The security deposit required for the apartment was almost quadruple the monthly rent, which seemed excessive."
10106,quash,The company took swift action to quash the rumors about layoffs before they could damage employee morale.
10106,quash,The judge decided to quash the subpoena after the defense argued it was overly broad and irrelevant to the case.
10106,quash,I tried to quash my rising anxiety by taking deep breaths and focusing on the present moment.
10106,quash,"Hopefully, the new evidence will be enough to quash the conviction and finally set him free."
10106,quash,He attempted to quash any dissent within the group by silencing those who disagreed with his plans.
10107,flagrant,The referee immediately called a flagrant foul after the player's intentional elbow to the head.
10107,flagrant,"Ignoring the clearly marked ""No Parking"" sign was a flagrant violation of the city ordinance."
10107,flagrant,His flagrant disregard for the company's dress code eventually led to a formal warning from HR.
10107,flagrant,It's a flagrant waste of money to buy a brand new car when a used one would serve the same purpose.
10107,flagrant,The politician's blatant lies were a flagrant attempt to manipulate public opinion before the election.
10108,bogus,The antique clock he tried to sell me turned out to be a bogus reproduction.
10108,bogus,"She received a bogus email claiming to be from her bank, asking for her password."
10108,bogus,That news article sounds bogus; I can't find any other sources reporting the same information.
10108,bogus,He presented a bogus ID at the bar and was immediately asked to leave.
10108,bogus,The company was shut down after authorities discovered they were running a bogus charity scam.
10109,rendezvous,Let's rendezvous at the coffee shop on Main Street around noon.
10109,rendezvous,The spies planned a secret rendezvous in a neutral country to exchange information.
10109,rendezvous,"Our usual rendezvous point is the park bench near the fountain, but it might be crowded today."
10109,rendezvous,The hikers agreed to rendezvous at the summit after exploring the different trails.
10109,rendezvous,The president is scheduled to rendezvous with foreign dignitaries at the international summit next week.
10110,reverberate,"The sound of the explosion reverberated through the valley, shaking the windows of nearby houses."
10110,reverberate,His powerful speech continued to reverberate in the minds of the audience long after he had finished speaking.
10110,reverberate,"The scandal will reverberate throughout the company, potentially damaging its reputation for years to come."
10110,reverberate,I could feel the bass from the music reverberate in my chest as I stood near the speakers.
10110,reverberate,"The news of her sudden departure began to reverberate through the small town, causing widespread speculation and gossip."
10111,hub,"Atlanta is a major transportation hub, connecting flights from all over the world."
10111,hub,The community center serves as a hub for local activities and events.
10111,hub,Our company's new intranet is designed to be a central hub for all employee communication and resources.
10111,hub,"He's really become the hub of our social circle, always organizing get-togethers."
10111,hub,"The wheel's hub was damaged, making it unsafe to drive the car."
10112,revitalize,The city council hopes to revitalize the downtown area by attracting new businesses and improving infrastructure.
10112,revitalize,A fresh coat of paint and some new furniture can revitalize a tired-looking room.
10112,revitalize,"After a long vacation, I felt completely revitalized and ready to tackle new challenges at work."
10112,revitalize,The new management team promised to revitalize the company's outdated marketing strategies.
10112,revitalize,We need to revitalize our community garden to make it a more attractive and productive space for everyone.
10113,rivet,The documentary about the space race completely riveted me; I couldn't look away.
10113,rivet,"During the construction of the bridge, workers used a specialized gun to rivet the steel beams together."
10113,rivet,"Her compelling story about overcoming adversity riveted the audience, leaving many in tears."
10113,rivet,The details of the investigation were carefully examined to ensure they would rivet the case against the defendant.
10113,rivet,"He wore a leather jacket with metal studs and rivets, giving him a rebellious look."
10114,edifice,The towering edifice of the cathedral dominated the city skyline.
10114,edifice,"Their legal argument was a complex edifice, carefully constructed to withstand scrutiny."
10114,edifice,"After years of dedication, she had built a successful business, a true edifice of her hard work."
10114,edifice,"The politician's carefully crafted image began to crumble, revealing the flawed edifice upon which it was built."
10114,edifice,"That old, abandoned edifice used to be a bustling hospital, but now it's just a shell of its former self."
10115,collateral,The bank required us to put up our house as collateral for the loan.
10115,collateral,"Marketing collateral, such as brochures and flyers, will be distributed at the conference."
10115,collateral,"He promised to return the borrowed money, using his vintage car as collateral."
10115,collateral,"In the event of default, the lender has the right to seize the collateral."
10115,collateral,"I'm working on creating some digital collateral for the new product launch, including social media graphics and website banners."
10116,sag,The old wooden fence began to sag under the weight of the ivy.
10116,sag,I noticed the clothesline starting to sag after I hung all the wet towels on it.
10116,sag,"Unfortunately, the soufflé began to sag almost immediately after I took it out of the oven."
10116,sag,The company's profits began to sag in the second quarter due to increased competition.
10116,sag,"Make sure you tighten the shelf brackets, or the shelf will eventually sag and everything will fall off."
10117,seep,Water began to seep through the crack in the basement wall after the heavy rain.
10117,seep,The sadness seemed to seep into every corner of her life after she lost her job.
10117,seep,"If you don't seal the container properly, the chemicals will seep out and contaminate the surrounding area."
10117,seep,A feeling of unease began to seep into the crowd as the speaker's tone became more aggressive.
10117,seep,"Over time, the company's toxic waste began to seep into the groundwater, causing serious environmental damage."
10118,duct,The maintenance crew is inspecting the air duct for any signs of mold or damage.
10118,duct,We need to run a new duct for the dryer vent to the outside of the house.
10118,duct,He used duct tape to temporarily seal the leaky pipe until the plumber could arrive.
10118,duct,The architect specified a rectangular duct for the HVAC system in the new office building.
10118,duct,I think there's something stuck in the duct; I can hear a rattling noise whenever the air conditioning is on.
10119,meltdown,The toddler had a complete meltdown in the grocery store because his mom wouldn't buy him candy.
10119,meltdown,The company experienced a financial meltdown after the CEO's disastrous decisions were revealed.
10119,meltdown,"After weeks of intense pressure at work, she had a meltdown and needed to take a few days off to recover."
10119,meltdown,The reactor core was at risk of a meltdown if the cooling system wasn't restored immediately.
10119,meltdown,Negotiations between the two countries suffered a complete meltdown when neither side would compromise on the core issues.
10120,shackle,The prisoner was placed in shackles to prevent him from escaping.
10120,shackle,"Figuratively speaking, the rigid company policies shackled his creativity and prevented him from innovating."
10120,shackle,"She felt shackled by her responsibilities at home, unable to pursue her own dreams."
10120,shackle,We need to unshackle ourselves from outdated thinking and embrace new ideas.
10120,shackle,The heavy shackles of debt made it difficult for the family to improve their living conditions.
10121,moribund,"The once-thriving manufacturing industry in that town is now moribund, with factories closing and jobs disappearing."
10121,moribund,"Despite several attempts to revive it, the project remained moribund, lacking funding and clear direction."
10121,moribund,"He tried to inject some life into the moribund discussion, but everyone seemed uninterested in the topic."
10121,moribund,The old website was moribund and desperately needed a redesign to attract new customers.
10121,moribund,"Some argue that traditional retail is moribund in the face of online shopping, but others believe it can adapt and survive."
10122,retribution,Many felt that the judge's lenient sentence failed to deliver adequate retribution for the heinous crime.
10122,retribution,He feared that informing on his accomplices would invite swift retribution from the gang.
10122,retribution,"The protagonist sought retribution against those who had wronged his family, fueling his relentless quest for revenge."
10122,retribution,"While some believe in divine retribution, others think justice is solely a human construct."
10122,retribution,"The company faced public retribution after the scandal broke, with consumers boycotting their products and stock prices plummeting."
10123,smite,The knight vowed to smite the dragon and rescue the princess.
10123,smite,I was so angry I wanted to smite him with a withering glare.
10123,smite,"The sudden illness seemed to smite the entire town, leaving many bedridden."
10123,smite,Legend says that the gods will smite those who break their oaths.
10123,smite,"He felt smitten by her beauty, as if Cupid himself had aimed an arrow and smite him."
10124,spook,That old house on the corner always spooked me as a kid; I swear I saw shadows moving in the windows.
10124,spook,"The sudden noise in the dark really spooked the cat, and it jumped a mile."
10124,spook,"As a former intelligence officer, he was often referred to as a 'spook' by those outside the agency."
10124,spook,Don't let the negative reviews spook you; the restaurant is actually quite good.
10124,spook,"The candidate's unexpected withdrawal from the race spooked investors, causing the stock market to dip slightly."
10125,specter,The specter of unemployment loomed over the town after the factory closed.
10125,specter,"Even years later, the specter of his past mistakes continued to haunt him."
10125,specter,"We need to address this issue head-on, or the specter of failure will become a self-fulfilling prophecy."
10125,specter,The candidate's speech attempted to dispel the specter of corruption that had plagued the previous administration.
10125,specter,"Despite the economic recovery, the specter of another recession still lingered in the minds of many investors."
10126,garrison,The small garrison town relied heavily on the nearby military base for its economic survival.
10126,garrison,"After the rebellion, a large garrison was stationed in the capital to maintain order."
10126,garrison,"The old fort, now a historical site, once housed a significant garrison of soldiers protecting the coastline."
10126,garrison,News reports indicated that the garrison defending the border post was under heavy attack.
10126,garrison,We need to increase the garrison's supplies before the winter storms cut off access to the mountain pass.
10127,foray,"After a successful career in finance, she decided to make a foray into the world of fashion design."
10127,foray,Our company's first foray into the European market proved to be more challenging than we initially anticipated.
10127,foray,I'm planning a quick foray into the garden to pick some fresh herbs for dinner.
10127,foray,"He made a brief foray into politics, but quickly realized it wasn't for him."
10127,foray,The team's foray across the border was a reconnaissance mission to gather intelligence.
10128,subvert,The rebels aimed to subvert the authority of the government through propaganda and acts of sabotage.
10128,subvert,He tried to subvert the conversation by changing the topic whenever his failures were mentioned.
10128,subvert,The comedian used satire to subvert traditional expectations and challenge societal norms.
10128,subvert,Don't let your fear of failure subvert your dreams; keep pursuing your goals.
10128,subvert,The company attempted to subvert the investigation by destroying key documents.
10129,pronounced,The doctor pronounced him fit to return to work after a week of rest.
10129,pronounced,His French last name is pronounced with a silent 't' at the end.
10129,pronounced,The economic recovery was pronounced premature by several leading analysts.
10129,pronounced,"She pronounced the word 'espresso' with an exaggerated Italian accent, much to our amusement."
10129,pronounced,"After a thorough investigation, the coroner pronounced the death accidental."
10130,supplant,"The new touchscreen interface is designed to eventually supplant the older, less intuitive button system."
10130,supplant,Many fear that artificial intelligence will eventually supplant human workers in a variety of industries.
10130,supplant,He hoped that his hard work and dedication would eventually supplant his rival's popularity in the company.
10130,supplant,"With the rise of streaming services, DVDs have been largely supplanted as the primary way to watch movies at home."
10130,supplant,The younger generation's innovative ideas are poised to supplant the outdated practices of their predecessors.
10131,antiquanted,The company's antiquanted accounting system desperately needed an upgrade to handle modern transactions.
10131,antiquanted,"Using a typewriter in the digital age seems a bit antiquanted, doesn't it?"
10131,antiquanted,Many felt the law was antiquanted and no longer reflected the values of contemporary society.
10131,antiquanted,My grandfather still uses an antiquanted rotary phone; he refuses to get a smartphone.
10131,antiquanted,"While some appreciate the charm, others find the hotel's decor to be simply antiquanted and in need of renovation."
10132,ethos,"The company's ethos is centered around sustainability and ethical sourcing, which influences every decision they make."
10132,ethos,"Our team operates with an ethos of collaboration and mutual respect, ensuring everyone's voice is heard."
10132,ethos,"Despite their competitive nature, the players maintained a strong ethos of fair play and sportsmanship throughout the tournament."
10132,ethos,"The school's ethos emphasizes critical thinking and creativity, encouraging students to challenge conventional ideas."
10132,ethos,He was drawn to the organization because its ethos of community service aligned perfectly with his personal values.
10133,rupture,"The heavy lifting caused a rupture in his spinal disc, leading to severe back pain."
10133,rupture,Negotiations between the two companies suffered a rupture after disagreements over the merger terms.
10133,rupture,"If the water pipe doesn't get fixed soon, we risk a major rupture and flooding in the basement."
10133,rupture,Her unexpected outburst caused a sudden rupture in the polite conversation at the dinner party.
10133,rupture,"Doctors feared the aneurysm would rupture, so they scheduled immediate surgery to repair the weakened blood vessel."
10134,tarnish,The scandal threatened to tarnish the politician's reputation.
10134,tarnish,"If you don't polish silver regularly, it will tarnish over time."
10134,tarnish,His rude behavior at the party did tarnish an otherwise perfect evening.
10134,tarnish,I'm worried that my mistake will tarnish my chances of getting the promotion.
10134,tarnish,Don't let one bad experience tarnish your view of the entire city.
10135,deft,The magician's deft handling of the cards amazed the audience.
10135,deft,"With a deft flick of the wrist, she managed to open the stubborn jar."
10135,deft,"He's a deft negotiator, always finding a solution that benefits everyone involved."
10135,deft,The surgeon's deft movements during the operation were crucial to its success.
10135,deft,She gave a deft reply that completely diffused the tense situation.
10136,teem,"After the heavy rain, the garden seemed to teem with slugs and snails."
10136,teem,"The old fishing village used to teem with life, but now it's mostly tourists."
10136,teem,"During the summer months, the lake teems with swimmers and boaters."
10136,teem,The professor's lecture hall teemed with students eager to learn about astrophysics.
10136,teem,My grandmother's stories always teemed with colorful characters and exciting adventures.
10137,canine,"The veterinarian specialized in canine health, treating everything from routine checkups to complex surgeries."
10137,canine,"Walking through the park, we saw a variety of canine breeds, from tiny Chihuahuas to large German Shepherds."
10137,canine,The police department utilizes a canine unit for drug detection and suspect apprehension.
10137,canine,"Proper dental hygiene is crucial for canine health, preventing issues like gum disease and tooth decay."
10137,canine,"Although cats and dogs are often considered enemies, some families find that their feline and canine companions get along wonderfully."
10138,acumen,"Her business acumen was evident from the start, allowing her to quickly identify and capitalize on emerging market trends."
10138,acumen,"He demonstrated remarkable political acumen in navigating the complex negotiations, securing a favorable outcome for his constituents."
10138,acumen,"While technically skilled, the engineer lacked the financial acumen needed to effectively manage the project's budget."
10138,acumen,The CEO's strategic acumen and foresight led to a significant increase in the company's profitability.
10138,acumen,You'll need sharp legal acumen to understand the nuances of this contract; it's not as straightforward as it seems.
10139,stately,"The stately old oak tree dominated the landscape, its branches reaching towards the sky like ancient arms."
10139,stately,"As the queen entered the room, she moved with a stately grace that commanded everyone's attention."
10139,stately,"The stately mansion, with its towering columns and manicured gardens, was a testament to a bygone era of wealth and privilege."
10139,stately,"Despite his age, the retired general maintained a stately bearing, his posture ramrod straight and his gaze unwavering."
10139,stately,"We took a cruise along the river, passing stately homes and picturesque villages along the way."
10140,wane,"As the days grew shorter, our enthusiasm for outdoor activities began to wane."
10140,wane,The politician's popularity started to wane after the scandal broke.
10140,wane,"The moon will wane over the next two weeks, leading up to the new moon."
10140,wane,"My initial excitement about the project has started to wane, but I'm determined to see it through."
10140,wane,Support for the proposed legislation is expected to wane as more details become public.
10141,comptroller,The city comptroller is responsible for managing the municipal budget and ensuring financial accountability.
10141,comptroller,"Before approving the expenditure, the comptroller needed to see a detailed breakdown of the costs involved."
10141,comptroller,Our company's comptroller discovered a discrepancy in the accounts payable ledger during the audit.
10141,comptroller,Have you spoken to the comptroller about the new travel expense policy?
10141,comptroller,"As the state comptroller, she promised to streamline government spending and reduce wasteful practices."
10142,crony,"The mayor was criticized for awarding contracts to his cronies, even though their bids were significantly higher."
10142,crony,"I wouldn't trust anything he says; he's just another crony of the CEO, trying to protect his own interests."
10142,crony,"The old boys' network operates on cronyism, where promotions are based on personal relationships rather than merit."
10142,crony,"She suspects her boss got the promotion because he's a crony of the regional manager, not because of his qualifications."
10142,crony,"It's hard to break into the industry; it feels like everyone's a crony of someone else, and you need connections to get anywhere."
10143,abet,"By providing a false alibi, she sought to abet her brother's escape from justice."
10143,abet,The getaway driver was charged with aiding and abetting the bank robbery.
10143,abet,Don't abet his bad habits by lending him money when he refuses to work.
10143,abet,The website was shut down for allegedly abetting illegal file sharing.
10143,abet,Are you seriously trying to abet him in cheating on the exam? That's not cool!
10144,curator,The museum curator carefully arranged the artifacts in the display case to tell a compelling story.
10144,curator,"As a digital curator, she's responsible for maintaining the online collection and ensuring its accessibility."
10144,curator,"He worked as a curator at the botanical garden, specializing in rare orchid species."
10144,curator,The art gallery is looking for a new curator to help modernize their collection and attract a younger audience.
10144,curator,"The curator gave a fascinating lecture about the history of the textile collection, highlighting the intricate weaving techniques."
10145,admonish,The teacher had to admonish the student for repeatedly talking out of turn.
10145,admonish,My parents would often admonish me to study harder if I wanted to succeed in life.
10145,admonish,The judge gently admonished the lawyer for using inflammatory language in court.
10145,admonish,I feel I must admonish you: be careful who you trust with sensitive information.
10145,admonish,Don't admonish him too harshly; he's already feeling bad about his mistake.
10146,cleric,The cleric offered solace to the grieving family after their loss.
10146,cleric,"In many fantasy novels, the cleric is a vital party member, providing healing and support."
10146,cleric,The local cleric announced a fundraising drive to repair the church roof.
10146,cleric,"Several members of the clergy, including a prominent cleric from the diocese, attended the interfaith service."
10146,cleric,"As a young man, he considered becoming a cleric, but ultimately chose a different path."
10147,bask,The cat loves to bask in the sunbeam on the windowsill.
10147,bask,"After a long hike, there's nothing better than to bask in the satisfaction of reaching the summit."
10147,bask,The company is currently basking in the glow of its recent successful product launch.
10147,bask,She continued to bask in the audience's applause long after her performance ended.
10147,bask,"They spent the afternoon basking on the beach, soaking up the warmth and enjoying the gentle sea breeze."
10148,brazen,Her brazen disregard for the rules got her suspended from school.
10148,brazen,"He walked right into the CEO's office and asked for a raise, it was a brazen move, but it worked."
10148,brazen,"The politician's brazen lies were broadcast on every news channel, yet he still denied them."
10148,brazen,I couldn't believe his brazen attempt to cheat on the exam right in front of the professor.
10148,brazen,"She had the brazen audacity to accuse me of stealing her idea, even though I'd been working on it for months."
10149,beguile,"The con artist tried to beguile her with promises of easy money, but she saw through his lies."
10149,beguile,The beautiful scenery of the Italian countryside can easily beguile even the most jaded traveler.
10149,beguile,"He was beguiled by her charm and wit, and quickly fell in love."
10149,beguile,Don't let their smooth talk beguile you; they're only interested in taking advantage of you.
10149,beguile,"The intricate plot of the novel beguiled me, keeping me up late into the night to finish it."
10150,bluff,"He's just trying to bluff his way into getting a better deal, don't believe everything he says."
10150,bluff,"The poker player made a huge bet, a clear bluff to scare everyone else out of the pot."
10150,bluff,"Despite his lack of experience, he managed to bluff the interviewer into thinking he was qualified for the job."
10150,bluff,The army used a fake radio signal to bluff the enemy into believing they were attacking from a different direction.
10150,bluff,Her confident tone was a complete bluff; she had no idea what she was talking about.
10151,evangelist,"He's become a real evangelist for renewable energy, constantly promoting solar panels and wind turbines."
10151,evangelist,The marketing team hired a tech evangelist to spread the word about their new software platform at industry conferences.
10151,evangelist,"While I respect her beliefs, I find her to be too much of an evangelist for that particular political ideology."
10151,evangelist,"In the early days of Christianity, evangelists traveled from town to town, sharing their faith and performing baptisms."
10151,evangelist,"She's an evangelist for healthy eating, always encouraging her friends and family to make better food choices."
10152,foreman,The foreman gathered the construction crew for a safety briefing before they started working on the new bridge.
10152,foreman,I need to speak with the foreman about the delivery of materials; they're blocking the entrance to the site.
10152,foreman,The factory foreman was responsible for ensuring that all assembly line workers adhered to the production schedule.
10152,foreman,"After years of experience, John finally got promoted to foreman, a position he had been working towards for a long time."
10152,foreman,The accident report clearly stated that the foreman had failed to properly inspect the scaffolding before allowing the workers to use it.
10153,blurt,"Unable to contain his excitement, he blurted out the surprise ending of the movie."
10153,blurt,I didn't mean to say that; it just blurted out in the heat of the argument.
10153,blurt,"She tried to hold back the information, but the secret eventually blurted out during the casual conversation."
10153,blurt,"During the deposition, the witness blurted out a crucial piece of evidence that changed the course of the trial."
10153,blurt,"Without thinking, I blurted out, ""I love you!"", and then immediately regretted my impulsiveness."
10154,insidious,The insidious nature of the disease meant that it progressed silently for years before any symptoms appeared.
10154,insidious,"Rumors can be insidious, slowly eroding trust and damaging reputations without any concrete evidence."
10154,insidious,"Social media's insidious influence on body image is a growing concern, especially among young people."
10154,insidious,He warned against the insidious creep of government surveillance into our private lives.
10154,insidious,That seemingly harmless comment was actually an insidious attempt to undermine her confidence.
10155,defection,The politician's defection to the opposing party shocked his constituents and significantly altered the political landscape.
10155,defection,"News of the pilot's defection, along with a state-of-the-art fighter jet, was a major intelligence coup for the West."
10155,defection,Many believe that economic hardship was the primary motivation behind the scientist's defection to a foreign research lab.
10155,defection,"After years of feeling unheard, several members considered defection from the organization, seeking a more supportive environment."
10155,defection,The team suffered a major setback when their star player announced his defection to a rival club for a significantly higher salary.
10156,chasten,The team's unexpected loss served to chasten their overconfidence before the championship game.
10156,chasten,"After being caught cheating on the test, the student was properly chastened by the principal."
10156,chasten,The harsh winter weather helped to chasten any romantic notions I had about living in the countryside.
10156,chasten,I hope this experience will chasten him and make him think twice before acting so recklessly again.
10156,chasten,"While I appreciate the advice, I don't need to be chastened; I'm already aware of my mistakes."
10157,chide,The teacher had to chide the student for talking during the exam.
10157,chide,My mother used to chide me gently for leaving my shoes in the living room.
10157,chide,He chided himself for making such a careless mistake in the report.
10157,chide,"Although the team lost, the coach didn't chide them, but instead offered words of encouragement."
10157,chide,The newspaper editorial chided the city council for their lack of action on the environmental issue.
10158,upbringing,Her strict upbringing instilled in her a strong sense of discipline and responsibility.
10158,upbringing,"Despite their different upbringings, they found common ground and formed a lasting friendship."
10158,upbringing,"His unconventional upbringing, traveling the world with his parents, gave him a unique perspective on life."
10158,upbringing,The politician often speaks about his humble upbringing and how it shaped his values.
10158,upbringing,Do you think your upbringing influenced your career choices?
10159,corroborate,"The witness's statement seemed far-fetched at first, but the security camera footage helped corroborate his story."
10159,corroborate,I need another source to corroborate this information before I can publish it in the report.
10159,corroborate,"Can you corroborate my alibi? I was at the library with you that evening, remember?"
10159,corroborate,"The findings from the first study corroborate the results of the second, strengthening the overall conclusion."
10159,corroborate,"Her account of the accident didn't corroborate with the police report, raising some serious questions about what really happened."
10160,expatriate,"After working in London for five years as an expatriate, she decided to return to her home country."
10160,expatriate,"The company provides generous benefits to its expatriate employees, including housing allowances and international health insurance."
10160,expatriate,Many expatriates find that learning the local language is crucial for integrating into the community.
10160,expatriate,He became an expatriate after the political unrest in his country made it unsafe for him to stay.
10160,expatriate,"The novelist, a long-time expatriate living in Paris, explored themes of identity and displacement in his work."
10161,espionage,The author's latest novel is a thrilling tale of espionage set during the Cold War.
10161,espionage,"Accusations of industrial espionage have been leveled against the company, alleging they stole trade secrets from their competitor."
10161,espionage,"He suspected that the attractive stranger he met at the conference was involved in espionage, given her evasive answers and unusual knowledge."
10161,espionage,"After years of loyal service, she was betrayed by a colleague who had been engaging in espionage on behalf of a foreign government."
10161,espionage,"The government is cracking down on espionage activities, increasing surveillance and strengthening counterintelligence measures."
10162,combo,I ordered the burger combo with fries and a drink; it was a pretty good deal.
10162,combo,The lock on the safe requires a specific combo of numbers and letters.
10162,combo,That guitar player has a fantastic combo of technical skill and raw emotion.
10162,combo,The company's new marketing strategy is a combo of social media campaigns and traditional advertising.
10162,combo,"For dinner tonight, we're having a stir-fry with a combo of chicken, broccoli, and bell peppers."
10163,demur,"While I understand your proposal, I must demur; the budget simply doesn't allow for such an expenditure."
10163,demur,"She wanted to paint the living room bright orange, but her husband demurred, suggesting a more neutral color."
10163,demur,"The committee voted to approve the project, though a few members demurred, citing environmental concerns."
10163,demur,"I hesitate to demur, but I believe there's a flaw in your reasoning regarding the sales projections."
10163,demur,"When asked to work overtime on a Saturday, he politely demurred, explaining he already had prior commitments."
10164,deride,"The students would often deride the teacher's outdated methods, openly questioning their effectiveness."
10164,deride,Don't deride his efforts just because he didn't succeed; he tried his best.
10164,deride,"The critic was quick to deride the film, calling it a predictable and uninspired mess."
10164,deride,"She was afraid that if she shared her ideas, her colleagues would deride her for being naive."
10164,deride,"It's easy to deride someone else's beliefs, but it's more constructive to try to understand them."
10165,overture,"The company made an overture to its striking workers, offering a slightly improved benefits package."
10165,overture,The ambassador's speech was seen as an overture towards normalizing relations between the two countries.
10165,overture,"Despite his overture to help with the project, I'm still hesitant to trust him after what happened last time."
10165,overture,The concert began with a lively overture that set the mood for the rest of the performance.
10165,overture,"Her initial overture to join the book club was met with some skepticism, but she quickly won everyone over."
10166,rapprochement,"After years of strained relations, there seems to be a growing rapprochement between the two countries, with diplomats meeting regularly to discuss trade and security."
10166,rapprochement,The therapist is helping the estranged siblings work towards a rapprochement and rebuild their fractured relationship.
10166,rapprochement,The company's attempt at rapprochement with its striking workers involved offering a compromise on wages and benefits.
10166,rapprochement,"Despite their political differences, the two senators found common ground on environmental issues, leading to a surprising rapprochement."
10166,rapprochement,"I hope that time will allow for a rapprochement with my former friend, but right now, the wounds are still too fresh."
10167,ludicrous,"The suggestion that we should all start wearing tinfoil hats to protect ourselves from alien mind control is, frankly, ludicrous."
10167,ludicrous,It's ludicrous to think that I could finish this entire project in just one day.
10167,ludicrous,The plot of that movie was so ludicrous; I couldn't stop laughing at how unrealistic it was.
10167,ludicrous,The company's claim that their product could cure all diseases seemed ludicrous and irresponsible.
10167,ludicrous,"Spending that much money on a single pair of shoes is ludicrous, especially when you have so many bills to pay."
10168,connoisseur,"A true connoisseur of Italian wine, he could identify the vineyard and vintage with a single sip."
10168,connoisseur,"She's a bit of a coffee connoisseur, always seeking out the rarest beans and brewing methods."
10168,connoisseur,"While I appreciate good food, I wouldn't call myself a connoisseur; I simply enjoy eating."
10168,connoisseur,The art gallery hired a renowned connoisseur to authenticate the newly discovered painting.
10168,connoisseur,"He's not just a fan of jazz; he's a connoisseur, deeply knowledgeable about its history and various subgenres."
10169,disparage,I didn't mean to disparage your efforts; I was just trying to offer some constructive criticism.
10169,disparage,He tends to disparage anyone who doesn't share his political views.
10169,disparage,The politician was accused of trying to disparage his opponent's reputation with misleading information.
10169,disparage,Don't disparage her cooking until you've actually tried it – you might be surprised!
10169,disparage,It's not fair to disparage an entire group of people based on the actions of a few.
10170,cooper,"My great-grandfather was a cooper, making barrels for the local whiskey distillery."
10170,cooper,We need a skilled cooper to repair these aging wine barrels before the harvest season.
10170,cooper,Cooper's work is highly sought after because of the tight seals and durability of his wooden containers.
10170,cooper,The museum has a fascinating exhibit showcasing the traditional tools and techniques used by a cooper.
10170,cooper,The company is looking to hire a cooper with experience in crafting both traditional and modern barrel designs.
10171,drone,The constant drone of the air conditioner made it hard to concentrate on my work.
10171,drone,"I saw a drone flying over the park earlier, probably taking aerial photographs."
10171,drone,"The speaker's voice began to drone on, and I started to lose interest in the presentation."
10171,drone,Military officials confirmed the use of drones in surveillance operations along the border.
10171,drone,My neighbor is really into photography; he just bought a new drone with a high-resolution camera.
10172,gall,"The gall of that man, parking in a handicapped spot when he clearly doesn't need it!"
10172,gall,I can't believe she had the gall to ask me for money after she stole from me.
10172,gall,"He had the gall to complain about the service, even though he was incredibly rude to the waiter."
10172,gall,The bitterness and gall of her past experiences were evident in her cynical outlook.
10172,gall,"Despite his initial reluctance, the galling injustice of the situation motivated him to speak out against the corruption."
10173,extol,"The professor would often extol the virtues of classical literature, encouraging his students to immerse themselves in the works of Austen and Dickens."
10173,extol,"Critics continue to extol the film's breathtaking cinematography and powerful performances, making it a strong contender for numerous awards."
10173,extol,"During the company retreat, the CEO took the opportunity to extol the team's hard work and dedication, attributing the company's success to their collective efforts."
10173,extol,"My grandmother always used to extol the benefits of a good night's sleep and a healthy breakfast, claiming it was the secret to her longevity."
10173,extol,"While some may criticize his methods, many patients extol the doctor's compassionate bedside manner and his ability to truly listen to their concerns."
10174,precinct,"The new community center will be built in the downtown precinct, making it easily accessible for everyone."
10174,precinct,"After the robbery, the police cordoned off the entire precinct to collect evidence."
10174,precinct,Voting in this precinct is expected to be heavy due to the close race.
10174,precinct,"He's running for city council, focusing his campaign on improving safety within the business precinct."
10174,precinct,I had to go down to the precinct to file a report about the stolen bicycle.
10175,philanthropy,Her philanthropy extended beyond monetary donations; she volunteered her time and expertise to several local charities.
10175,philanthropy,The tech billionaire's recent pledge of millions to cancer research is a significant act of philanthropy.
10175,philanthropy,"While his business dealings were often ruthless, he balanced it with a strong commitment to philanthropy, funding numerous educational programs."
10175,philanthropy,Many argue that philanthropy is not enough and systemic change is needed to address the root causes of poverty.
10175,philanthropy,The university's development office focuses on cultivating relationships with alumni and benefactors to secure funds for various projects through philanthropy.
10176,maverick,"He's always been a maverick, preferring to do things his own way, even if it goes against company policy."
10176,maverick,"The senator was known as a political maverick, unafraid to cross party lines to vote according to his conscience."
10176,maverick,"Despite his reputation as a maverick investor, his unconventional strategies have consistently yielded high returns."
10176,maverick,"She was considered a maverick in the art world, pushing boundaries and challenging traditional notions of beauty."
10176,maverick,The company needs a few mavericks to shake things up and bring fresh ideas to the table.
10177,fawn,"The employee tried to fawn over his boss in hopes of getting a promotion, but his insincere flattery was obvious."
10177,fawn,"A delicate fawn cautiously stepped out of the woods, its spotted coat blending perfectly with the dappled sunlight."
10177,fawn,I can't stand it when people fawn all over celebrities; they're just people doing a job.
10177,fawn,"The politician's speech was full of promises, intended to fawn on the voters and secure their support."
10177,fawn,"The artist painted a beautiful portrait of a deer, capturing the soft, fawn color of its fur."
10178,caste,"While officially outlawed, the effects of the caste system are still felt in many parts of India, particularly in rural areas."
10178,caste,"He felt that his opportunities were limited by the unspoken caste system within the company, where promotions seemed to favor those from certain universities."
10178,caste,The documentary explored the historical origins of the caste system and its impact on social mobility.
10178,caste,"Some argue that a different kind of caste system exists in America, based not on birth but on socioeconomic status and access to education."
10178,caste,"Is it fair to say that the social hierarchy in high school, with its cliques and popularity contests, functions as a kind of informal caste system?"
10179,choreographer,The choreographer worked tirelessly with the dancers to perfect the complex routine.
10179,choreographer,I heard the choreographer for that new Broadway show is incredibly demanding but also brilliant.
10179,choreographer,"Who was the choreographer for Michael Jackson's ""Thriller"" video? It's iconic!"
10179,choreographer,"After years of dancing, she decided to switch gears and become a choreographer herself."
10179,choreographer,The ballet company hired a guest choreographer to bring a fresh perspective to their upcoming performance.
10180,grouse,"He's always got something to grouse about, whether it's the weather or the traffic."
10180,grouse,The employees began to grouse about the new company policy regarding vacation time.
10180,grouse,"I don't mean to grouse, but this coffee is incredibly weak."
10180,grouse,"Despite the initial difficulties, the project team managed to complete their tasks without further cause to grouse."
10180,grouse,"While some grouse about the lack of funding, others are finding innovative solutions to the problem."
10181,wayward,"The wayward puppy chewed on my favorite shoes, despite my efforts to train him."
10181,wayward,Her wayward spending habits were a constant source of stress in their marriage.
10181,wayward,"Despite his parents' best intentions, he followed a wayward path, getting involved with the wrong crowd."
10181,wayward,The company's wayward business strategy led to significant financial losses.
10181,wayward,The novel tells the story of a wayward young woman searching for her place in the world.
10182,scathing,"The critic delivered a scathing review of the play, calling it amateurish and predictable."
10182,scathing,Her scathing remarks about his leadership skills left him speechless and humiliated.
10182,scathing,"Despite the scathing heat, they continued their trek across the desert."
10182,scathing,"After the company's disastrous performance, the CEO received a scathing reprimand from the board of directors."
10182,scathing,"He offered a scathing assessment of the proposed budget cuts, arguing they would cripple essential services."
10183,surcharge,"The airline added a fuel surcharge to my ticket, making it more expensive than I anticipated."
10183,surcharge,"Be careful when using your credit card abroad, as some banks may apply a surcharge for international transactions."
10183,surcharge,"The restaurant charges a surcharge for splitting entrees, so it might be more economical to order separate dishes."
10183,surcharge,"Due to the increased demand during the holiday season, a temporary surcharge will be added to all deliveries."
10183,surcharge,I was surprised to see a 'convenience fee' surcharge when I paid my bill online; I thought online payment would be free.
10184,grunt,He gave a grunt of exertion as he lifted the heavy box.
10184,grunt,"The only response I got was a noncommittal grunt, so I'm not sure if he agreed or not."
10184,grunt,She let out a grunt of annoyance when she realized she'd forgotten her keys.
10184,grunt,The construction worker let out a satisfied grunt after finishing the difficult task.
10184,grunt,"I could hear the wild boar grunt in the underbrush, a sound that sent shivers down my spine."
10185,insinuate,Are you trying to insinuate that I'm not telling the truth?
10185,insinuate,Her constant questions began to insinuate doubt in my mind about the project's success.
10185,insinuate,The advertisement seemed to insinuate that using their product would solve all of your problems.
10185,insinuate,I resent the way you insinuate that I had something to do with the missing documents.
10185,insinuate,"By subtly praising only some team members, the manager seemed to insinuate that others were underperforming."
10186,smug,"He had a smug look on his face after winning the argument, which irritated everyone else in the room."
10186,smug,"Despite failing the exam himself last year, John gave a smug lecture about how easy it was."
10186,smug,"The company's CEO delivered a smug speech, boasting about record profits while ignoring the recent layoffs."
10186,smug,"I could tell by her smug smile that she knew something I didn't, and she wasn't about to share it."
10186,smug,There's nothing more annoying than a smug know-it-all who constantly corrects your grammar.
10187,instill,My parents worked hard to instill in me a love of reading.
10187,instill,The coach tried to instill a sense of teamwork and discipline in the players.
10187,instill,We need to instill confidence in our employees so they can handle challenging projects effectively.
10187,instill,The university aims to instill critical thinking skills in all its students.
10187,instill,"Through her volunteer work, she hopes to instill a sense of responsibility in the younger generation."
10188,austerity,The government's austerity measures led to significant cuts in public services.
10188,austerity,"After years of wasteful spending, the company implemented a period of austerity to get its finances back on track."
10188,austerity,"Living under conditions of austerity can be incredibly challenging, especially for low-income families."
10188,austerity,The professor's lectures were marked by an intellectual austerity; he presented the facts without any embellishment.
10188,austerity,"We had to practice extreme austerity while saving for our down payment on a house, foregoing luxuries and cutting back on entertainment."
10189,civility,"Despite their disagreement on policy, the politicians maintained a level of civility during the debate."
10189,civility,"The professor stressed the importance of civility in classroom discussions, encouraging students to listen respectfully to opposing viewpoints."
10189,civility,"Even when frustrated with the customer service representative, he made an effort to speak with civility."
10189,civility,The lack of civility online is disheartening; people often say things they would never say in person.
10189,civility,"Practicing civility, even when you disagree with someone, is crucial for building strong relationships and a healthy community."
10190,laud,The company decided to laud the employee's dedication with a generous bonus and public recognition.
10190,laud,"Critics laud the director's latest film as a masterpiece, praising its innovative storytelling and powerful performances."
10190,laud,"We should laud those who volunteer their time to help others in need, as their selfless acts make a real difference."
10190,laud,"While the project had some flaws, I still laud the team's effort to meet the tight deadline under challenging circumstances."
10190,laud,The mayor took the opportunity to laud the community's resilience and unity in the face of the recent storm damage.
10191,laureate,The university invited a Nobel laureate to give the commencement speech.
10191,laureate,She was thrilled to meet the Fields Medal laureate at the mathematics conference.
10191,laureate,Many believe he is a deserving laureate for the Pulitzer Prize in fiction this year.
10191,laureate,"Becoming a poet laureate is a significant honor, representing a lifetime of dedication to the art."
10191,laureate,"After years of groundbreaking research, the scientist was finally recognized as a potential future laureate in her field."
10192,malign,"The article seemed to malign his character, focusing only on negative aspects of his past."
10192,malign,Don't malign her efforts; she's working very hard to improve the situation.
10192,malign,He felt that his opponent was trying to malign him with false accusations during the debate.
10192,malign,I refuse to malign someone without knowing all the facts; it's important to be fair.
10192,malign,The politician accused the media of trying to malign his reputation through biased reporting.
10193,innocuous,The doctor assured me that the lump was innocuous and nothing to worry about.
10193,innocuous,What started as an innocuous comment quickly escalated into a heated argument.
10193,innocuous,"While the prank seemed innocuous at first, it ultimately caused a great deal of disruption."
10193,innocuous,"The plant looked innocuous, but its sap caused a severe allergic reaction."
10193,innocuous,"Despite his gruff demeanor, his intentions were ultimately innocuous and well-meaning."
10194,communique,The government issued a brief communique confirming the Prime Minister's upcoming trip to Brussels.
10194,communique,"After the meeting, a joint communique was released, outlining the agreed-upon terms for the trade deal."
10194,communique,I'm still waiting for the official communique from headquarters before I can authorize the next phase of the project.
10194,communique,Did you see the latest communique from the activist group? They're claiming responsibility for the cyberattack.
10194,communique,The CEO sent out a company-wide communique addressing the recent financial losses and outlining a plan for recovery.
10195,nag,"My mom used to nag me about cleaning my room, but now I do it without being asked."
10195,nag,"I hate to nag, but the report is due tomorrow, and I haven't received it from you yet."
10195,nag,The constant nagging about his weight finally motivated him to join a gym.
10195,nag,"She didn't want to nag him, but the leaky faucet was driving her crazy."
10195,nag,"Despite his best efforts, the feeling that he had forgotten something important continued to nag at him."
10196,jumble,"The attic was a jumble of old furniture, dusty books, and forgotten toys."
10196,jumble,"I tried to sort through the jumble of paperwork on my desk, but it seemed hopeless."
10196,jumble,"The radio signal was a jumble of static, making it impossible to understand the broadcast."
10196,jumble,"After the earthquake, the streets were a jumble of debris and fallen power lines."
10196,jumble,"Her thoughts were a jumble of anxieties before the big presentation, making it difficult to focus."
10197,proffer,"He didn't speak, but he did proffer a comforting hand to her."
10197,proffer,The waiter politely approached our table to proffer the dessert menu.
10197,proffer,"I didn't know how to help, but I decided to proffer my assistance anyway."
10197,proffer,"During the tense negotiation, both sides were hesitant to proffer any concessions."
10197,proffer,The company decided to proffer a generous severance package to the laid-off employees.
10198,rationale,The rationale behind the new policy is to improve employee morale and productivity.
10198,rationale,I don't understand the rationale for cutting the budget when we're already understaffed.
10198,rationale,Could you please explain the rationale for choosing this particular marketing strategy over the others?
10198,rationale,"While I appreciate the effort, I'm not convinced by the rationale presented in the report; it seems to be missing some key data."
10198,rationale,Her rationale for quitting her job was simple: she felt undervalued and overworked.
10199,contraceptive,She decided to start taking a daily contraceptive pill after discussing her options with her doctor.
10199,contraceptive,Access to affordable contraceptives is a key factor in reducing unintended pregnancies.
10199,contraceptive,"The public health campaign aims to educate teenagers about safe sex practices, including the proper use of contraceptives."
10199,contraceptive,"Are you using any form of contraceptive, or are you trying to conceive?"
10199,contraceptive,The study investigated the effectiveness of different types of barrier contraceptives in preventing sexually transmitted infections.
10200,quip,"He always has a quick quip ready for any situation, which can be both amusing and annoying."
10200,quip,Her sarcastic quip about the presentation's lack of data drew a few chuckles from the audience.
10200,quip,"Instead of addressing the issue directly, he deflected with a lighthearted quip, avoiding any real discussion."
10200,quip,The comedian's set was full of witty quips that kept the audience laughing throughout the night.
10200,quip,"Despite the seriousness of the meeting, the CEO couldn't resist offering a playful quip about the competitor's recent missteps."
10201,rant,"After waiting in line for an hour, she went on a rant about the terrible customer service."
10201,rant,He tends to rant about politics whenever he's had a few drinks.
10201,rant,The professor's lecture quickly devolved into a rant about the failings of modern education.
10201,rant,I don't want to hear another rant about how unfair life is; just deal with it.
10201,rant,"The blog post was essentially a long, angry rant against the new company policies."
10202,defamation,The newspaper is facing a lawsuit for defamation after publishing false claims about the mayor's personal life.
10202,defamation,She threatened to sue him for defamation after he spread rumors about her professional incompetence.
10202,defamation,He claimed the online comments were defamation and were damaging his reputation beyond repair.
10202,defamation,"Before posting anything online, remember that you could be held liable for defamation if your statements are untrue and harmful."
10202,defamation,"The politician's speech was filled with accusations of defamation against his opponent, further escalating the already tense campaign."
10203,reprimand,The teacher had to reprimand the student for consistently disrupting the class.
10203,reprimand,"After the accounting error, the manager received a formal reprimand from the board of directors."
10203,reprimand,My dad gave me a stern reprimand for staying out so late without calling.
10203,reprimand,She knew she would be reprimanded if she didn't finish the report by the deadline.
10203,reprimand,"Despite his good intentions, his careless actions earned him a reprimand from his supervisor."
10204,devious,His devious plan to steal the contract involved manipulating several key employees.
10204,devious,I don't trust him; he always seems to have a devious glint in his eye.
10204,devious,The politician was known for his devious tactics and willingness to bend the rules.
10204,devious,"She suspected her neighbor was behind the anonymous complaints, but she couldn't prove his devious involvement."
10204,devious,Don't resort to devious methods to get ahead; integrity is more important in the long run.
10205,revile,The dictator was reviled by his own people for his cruel and oppressive regime.
10205,revile,"After the scandal broke, the politician was publicly reviled and forced to resign."
10205,revile,"Some critics revile modern art, claiming it lacks skill and meaning."
10205,revile,I can't believe you would revile someone you used to call a friend; that's just low.
10205,revile,"Even though his methods were questionable, he wasn't universally reviled; some people admired his determination."
10206,audacity,He had the audacity to ask for a raise after being late every day this week.
10206,audacity,I can't believe she had the audacity to wear that dress to the funeral.
10206,audacity,The student's audacity in questioning the professor's expertise was quite shocking.
10206,audacity,"It takes a certain amount of audacity to start your own business, especially in a competitive market."
10206,audacity,I was taken aback by the sheer audacity of his proposal; it was completely unrealistic.
10207,slur,The comedian apologized after making a racial slur during his stand-up routine.
10207,slur,"After a few drinks, his speech began to slur, making it difficult to understand him."
10207,slur,The newspaper retracted the article and issued a formal apology for the defamatory slur against the politician.
10207,slur,It's never okay to slur someone's name or reputation with unfounded accusations.
10207,slur,The doctor noticed that the patient's speech was slurred and immediately ordered a neurological exam.
10208,overdose,He accidentally took too many sleeping pills and suffered an overdose.
10208,overdose,The coroner's report confirmed the death was caused by an overdose of heroin.
10208,overdose,Doctors are working to combat the opioid overdose crisis with increased access to naloxone.
10208,overdose,I think I'm experiencing an information overdose; I need to take a break from the news.
10208,overdose,"She was rushed to the hospital after a suspected overdose, but thankfully, they were able to stabilize her."
10209,plagiarism,The professor warned his students that any instance of plagiarism would result in an automatic failing grade.
10209,plagiarism,She was accused of plagiarism after similarities were found between her essay and a published article.
10209,plagiarism,"To avoid plagiarism, always properly cite your sources and paraphrase information in your own words."
10209,plagiarism,"He claimed that the song's melody was plagiarism of an older, lesser-known tune, sparking a legal battle."
10209,plagiarism,"While researching for my thesis, I made sure to use a plagiarism checker to ensure all citations were accurate and complete."
10210,sputter,The old car's engine began to sputter and cough as I tried to start it on the cold morning.
10210,sputter,"He tried to explain his actions, but he could only sputter out a few incoherent words in his defense."
10210,sputter,The campfire began to sputter and die down as the last of the wood was consumed.
10210,sputter,"After tripping on the stairs, she landed awkwardly and could only sputter in pain."
10210,sputter,"The negotiations reached a standstill, and progress seemed to sputter to a halt as both sides remained entrenched in their positions."
10211,squabble,The children began to squabble over who got to play with the new toy first.
10211,squabble,My roommates constantly squabble about whose turn it is to do the dishes.
10211,squabble,"The political parties continue to squabble over the budget, delaying its approval."
10211,squabble,"After a brief squabble, they managed to resolve their differences and move forward with the project."
10211,squabble,It's not worth ending a friendship over such a trivial squabble.
10212,dementia,My grandfather's dementia has progressed to the point where he often doesn't recognize family members.
10212,dementia,The doctor suspects early-onset dementia due to the rapid decline in her cognitive abilities.
10212,dementia,"Research into new treatments for dementia is crucial, as the number of affected individuals is projected to rise significantly in the coming years."
10212,dementia,"Taking care of someone with dementia can be incredibly challenging, requiring patience, understanding, and often professional support."
10212,dementia,"She worries that the forgetfulness she's experiencing might be an early sign of dementia, so she's scheduling an appointment with a neurologist."
10213,goody,The children squealed with delight as Grandma pulled out a bag of goodies.
10213,goody,I brought a goody bag for everyone who helped with the bake sale.
10213,goody,She always brings little goodies to the office to brighten everyone's day.
10213,goody,"As a special treat, the hotel left a selection of local goodies in our room upon arrival."
10213,goody,"After a successful negotiation, both parties agreed to a few final goodies that sealed the deal."
10214,squeal,The brakes on my old car squeal loudly whenever I try to stop quickly.
10214,squeal,The children would squeal with delight whenever they saw the ice cream truck coming down the street.
10214,squeal,She threatened to squeal to the authorities if he didn't return the stolen money.
10214,squeal,"Despite the intense pressure from his colleagues, he refused to squeal on his friend."
10214,squeal,"The microphone emitted a high-pitched squeal, causing everyone in the audience to cover their ears."
10215,elf,"My little sister insists that she saw an elf hiding in the garden, but I think it was just a squirrel."
10215,elf,"The children were excited to meet the Christmas elf at the mall, who handed out candy canes and posed for photos."
10215,elf,"In Tolkien's legendarium, the elves are known for their wisdom, grace, and mastery of crafts."
10215,elf,"He dressed up as an elf for the holiday party, complete with pointy ears and green tights."
10215,elf,"The environmental activist group referred to themselves as 'Earth's Little Helpers,' a tongue-in-cheek reference to the mythical elf figure."
10216,cynic,"After years of political disappointments, he'd become quite the cynic, dismissing every new initiative as just another empty promise."
10216,cynic,Don't be such a cynic; sometimes people really do act out of genuine kindness.
10216,cynic,The company's failure to deliver on its promises turned many loyal customers into cynics.
10216,cynic,"While some saw the merger as a positive step, the more seasoned employees remained cynics, predicting layoffs and decreased benefits."
10216,cynic,"The journalist's sharp, cynical wit made him a popular, albeit controversial, commentator on current affairs."
10217,taunt,"The bully would often taunt the smaller children on the playground, calling them names and making fun of their clothes."
10217,taunt,"Despite the team's losing streak, the coach warned them not to taunt their opponents, even if they were clearly weaker."
10217,taunt,The flashing message on the website seemed to taunt me with its promise of exclusive deals if I just signed up.
10217,taunt,"He tried to ignore the hecklers in the crowd, knowing that any reaction would only encourage them to taunt him further."
10217,taunt,The politician's carefully crafted speech was designed to taunt the opposition party without directly attacking their policies.
10218,crap,I can't believe I spent three hours watching that movie; it was total crap.
10218,crap,"He's been talking a lot of crap about me behind my back, but I'm not going to let it bother me."
10218,crap,"Sorry, I can't go out tonight; I've got a ton of crap to do around the house."
10218,crap,The company's financial reports were filled with so much crap that it was impossible to get a clear picture of their actual performance.
10218,crap,Don't give me that crap about being too busy; I know you're just avoiding me.
10219,tout,The company is touting its new software as the solution to all your productivity problems.
10219,tout,Local restaurants are touting their outdoor seating areas to attract customers during the summer months.
10219,tout,"He's been touting himself as an expert in the field, but I haven't seen any evidence to support that claim."
10219,tout,"The travel agent was touting the all-inclusive resort, promising pristine beaches and luxurious accommodations."
10219,tout,"While some tout the benefits of intermittent fasting, others argue that it's not a sustainable approach to weight loss."
10220,sedative,The doctor prescribed a mild sedative to help her sleep better at night.
10220,sedative,"Before the dental procedure, they offered me a sedative to reduce my anxiety."
10220,sedative,"He found the monotonous lecture to be a sedative, almost putting him to sleep."
10220,sedative,"Some people use alcohol as a sedative, but it's not a healthy or sustainable solution."
10220,sedative,The veterinarian administered a sedative to the injured animal before attempting to move it.
10221,respiratory,The doctor ordered a respiratory function test to assess the patient's lung capacity.
10221,respiratory,Exposure to secondhand smoke can negatively impact children's respiratory health.
10221,respiratory,"During exercise, your respiratory rate increases to provide more oxygen to your muscles."
10221,respiratory,She's been coughing a lot lately; I think she might have a respiratory infection.
10221,respiratory,"The air quality index is high today, so people with respiratory problems should limit their outdoor activities."
10222,covert,The intelligence agency launched a covert operation to gather information about the enemy's plans.
10222,covert,"He took covert glances at her across the room, hoping she wouldn't notice his interest."
10222,covert,The software update included a covert tracking program that monitored user activity without their consent.
10222,covert,We need to find a covert way to deliver the supplies without alerting the authorities.
10222,covert,"Her covert actions suggested she was working against the company's interests, but we couldn't prove it."
10223,penchant,"My grandfather has a penchant for telling long, rambling stories about his childhood."
10223,penchant,She developed a penchant for spicy food after traveling through Southeast Asia.
10223,penchant,"Despite his serious demeanor, he had a secret penchant for collecting vintage comic books."
10223,penchant,"The company seems to have a penchant for hiring young, inexperienced graduates."
10223,penchant,"While I admire her work ethic, I don't share her penchant for working late into the night."
10224,unearth,The archaeologists hope to unearth valuable artifacts from the ancient city.
10224,unearth,"After weeks of research, the journalist managed to unearth some shocking secrets about the company's past."
10224,unearth,My mom was cleaning the attic and unearthed a box of old photographs from when I was a kid.
10224,unearth,I had to unearth my winter coat from the back of the closet now that it's getting cold.
10224,unearth,"The detective was determined to unearth the truth, no matter how deeply buried it was."
10225,recalcitrant,The teacher struggled to manage the recalcitrant students who refused to follow classroom rules.
10225,recalcitrant,"Despite repeated warnings, the recalcitrant dog continued to dig up the garden."
10225,recalcitrant,The company faced difficulties implementing the new policy due to the recalcitrant attitude of some employees who resisted change.
10225,recalcitrant,He was labeled as recalcitrant by the judge for repeatedly ignoring court orders and showing a lack of respect.
10225,recalcitrant,Getting my recalcitrant teenager to do his chores is like pulling teeth; he argues about everything!
10226,bombard,"After the celebrity scandal broke, the media began to bombard her with questions."
10226,bombard,The marketing team decided to bombard social media with ads in the week leading up to the product launch.
10226,bombard,"During the debate, the politician tried to bombard his opponent with statistics and figures."
10226,bombard,I've been bombarded with emails all morning; I can't seem to get any actual work done.
10226,bombard,"The artillery began to bombard the enemy fortifications, softening them up for the infantry advance."
10227,squadron,The air force deployed a squadron of fighter jets to the region to bolster defenses.
10227,squadron,"My grandfather served in a bomber squadron during World War II, flying missions over Europe."
10227,squadron,We saw a squadron of pelicans flying in formation along the coastline this morning.
10227,squadron,The police department has a specialized motorcycle squadron for traffic enforcement and escort duties.
10227,squadron,"After graduating top of his class, he was assigned to the elite fighter squadron, the 'Black Aces'."
10228,rowdy,"The concert crowd got increasingly rowdy as the night went on, with people pushing and shouting near the stage."
10228,rowdy,The teacher had to scold the rowdy students for throwing paper airplanes during the lesson.
10228,rowdy,I avoid that bar on Friday nights because it's always full of rowdy patrons looking for a fight.
10228,rowdy,"Despite the referee's warnings, the hockey game devolved into a rowdy affair with numerous penalties."
10228,rowdy,"The politician was interrupted by a rowdy group of protestors during his speech, making it difficult for him to be heard."
10229,brandish,The angry driver got out of his car and began to brandish a tire iron at the other motorist.
10229,brandish,"During the theatrical performance, the actor dramatically brandished his sword, eliciting gasps from the audience."
10229,brandish,"She playfully brandished her new phone, showing off its features to her friends."
10229,brandish,"I saw a squirrel in the park brandish a nut, as if daring the other squirrels to try and take it."
10229,brandish,"The politician, hoping to rally support, brandished a copy of the proposed legislation during his speech."
10230,sickle,The farmer sharpened his sickle before heading out to harvest the wheat.
10230,sickle,He accidentally cut himself with the sickle while clearing the tall grass in the garden.
10230,sickle,"The old propaganda poster featured a hammer and sickle, symbols of the working class."
10230,sickle,Using a sickle is a traditional method of harvesting rice in many parts of Asia.
10230,sickle,Archaeologists discovered a bronze sickle dating back to the Bronze Age at the excavation site.
10231,withdrawn,"After her embarrassing performance, she became withdrawn and avoided social gatherings."
10231,withdrawn,"The bank account was withdrawn due to suspicious activity, pending further investigation."
10231,withdrawn,He's been withdrawn ever since his dog died; he barely talks to anyone.
10231,withdrawn,"The company has withdrawn its offer to buy the smaller firm, citing market instability."
10231,withdrawn,"I noticed she seemed withdrawn during the meeting, not contributing to the discussion as much as usual."
10232,goldsmith,My grandmother's antique brooch was crafted by a renowned goldsmith in Vienna.
10232,goldsmith,He inherited his father's business and is now a respected goldsmith in the town.
10232,goldsmith,The museum's exhibit featured the intricate work of medieval goldsmiths.
10232,goldsmith,Finding a skilled goldsmith who can repair this delicate necklace will be difficult.
10232,goldsmith,Are you sure that's real gold? You might want to have a goldsmith appraise it.
10233,burnish,He used a special cloth to burnish the silver candlesticks until they gleamed.
10233,burnish,The politician tried to burnish his image by highlighting his charitable work.
10233,burnish,"Regular polishing will burnish the brass doorknob, giving it a rich, golden glow."
10233,burnish,"The scandal threatened to burnish his reputation beyond repair, making it difficult for him to regain public trust."
10233,burnish,"Years of experience had burnished her skills as a negotiator, making her one of the best in the field."
10234,rodent,"The exterminator confirmed that we had a rodent infestation in the attic, likely mice or rats."
10234,rodent,"My cat loves chasing anything that moves, especially if it's a rodent like a squirrel or chipmunk."
10234,rodent,Rodent control is crucial for maintaining hygiene in food storage facilities and preventing the spread of disease.
10234,rodent,Researchers are studying the effects of certain chemicals on the neurological development of rodents in laboratory settings.
10234,rodent,"Despite its cute appearance, the hamster is still a rodent and requires specific care, including a proper cage and diet."
10235,burrow,The rabbit tried to burrow deeper into the ground as the storm approached.
10235,burrow,"After a long day at work, I just want to burrow under the covers and forget about everything."
10235,burrow,"Archaeologists discovered a complex network of tunnels, suggesting that animals used to burrow extensively in this area."
10235,burrow,"He tends to burrow into research papers for hours, losing track of time completely."
10235,burrow,The prairie dog's burrow provides shelter from predators and extreme weather conditions.
10236,magnolia,The sweet fragrance of the magnolia blossoms filled the entire garden.
10236,magnolia,"We planted a young magnolia tree in the backyard, hoping it would provide shade in the summer."
10236,magnolia,Her Southern charm was as radiant and beautiful as a blooming magnolia.
10236,magnolia,The bride carried a simple bouquet of white roses and magnolia leaves.
10236,magnolia,"Looking out the window, I could see the stately magnolia standing sentinel over the old plantation house."
10237,conjure,The smell of freshly baked bread can conjure up memories of my childhood.
10237,conjure,"The magician claimed he could conjure a rabbit out of thin air, but I remained skeptical."
10237,conjure,Historians often try to conjure a sense of what life was like in past centuries.
10237,conjure,The artist used light and shadow to conjure a feeling of mystery in the painting.
10237,conjure,I hope this meeting will conjure some innovative solutions to our current challenges.
10238,jay,"A blue jay landed on the bird feeder, scattering the smaller birds."
10238,jay,My neighbor's dog always barks at the blue jays in the oak tree.
10238,jay,I saw a scrub jay while hiking in the California chaparral.
10238,jay,The noisy jay alerted the entire forest to our presence.
10238,jay,"He's a real jay, always showing off his expensive clothes and car."
10239,stein,He collected antique beer steins from all over Germany.
10239,stein,"I'd like a stein of your finest pilsner, please."
10239,stein,"The fraternity brothers passed around a large stein, singing traditional drinking songs."
10239,stein,"My grandfather's stein, a family heirloom, is always brought out for Oktoberfest."
10239,stein,"The museum displayed a rare, intricately carved stein dating back to the 18th century."
10240,crumple,He watched the paper airplane crumple and fall to the ground after it hit the wall.
10240,crumple,"I tend to crumple under pressure during exams, which makes it hard to think clearly."
10240,crumple,"She tried to smooth out the wrinkles, but the silk scarf continued to crumple in her hands."
10240,crumple,"The car's front end began to crumple upon impact, absorbing much of the force of the collision."
10240,crumple,"After receiving the bad news, he seemed to physically crumple, his shoulders slumping and his face losing all color."
10241,lingerie,She carefully folded her silk lingerie and placed it in the top drawer.
10241,lingerie,"The department store was having a sale on lingerie, so I decided to treat myself."
10241,lingerie,"For her bachelorette party, her friends gifted her a beautiful set of lace lingerie."
10241,lingerie,"He felt awkward shopping for lingerie as a surprise for his girlfriend, but he wanted to get her something special."
10241,lingerie,The company's new line of lingerie focuses on comfort and support alongside elegant design.
10242,drape,She decided to drape a colorful scarf over the lampshade to soften the light in the room.
10242,drape,"The heavy velvet curtains drape elegantly from the high windows, adding a touch of grandeur to the living room."
10242,drape,"After a long day, he would drape his jacket over the back of the chair and sink into the couch."
10242,drape,"A thick fog began to drape itself over the city, obscuring the skyline."
10242,drape,The mourners draped the coffin with a flag before the ceremony began.
10243,commando,"The special forces team operated like a commando unit, swiftly and silently eliminating the enemy threat."
10243,commando,"He trained for years to become a Navy SEAL, eventually leading commando raids in hostile territory."
10243,commando,"During the escape, a small commando force was dispatched to create a diversion."
10243,commando,My dad always jokes that getting the kids ready in the morning is like running a commando operation.
10243,commando,The controversial commando-style raid on the compound sparked international condemnation.
10244,anthem,The crowd roared to their feet when the band launched into their signature anthem.
10244,anthem,"Throughout the documentary, the director used the soaring orchestral piece as a recurring anthem for resilience."
10244,anthem,"During the Olympics, I always get choked up when I hear the national anthem played for the medal ceremony."
10244,anthem,"Many consider ""Bohemian Rhapsody"" to be a timeless rock anthem, even decades after its release."
10244,anthem,"The protesters adopted a civil rights song as their anthem, singing it at every rally and demonstration."
10245,dredge,Divers had to dredge the riverbed for the missing jewelry after it was reported lost during the boat tour.
10245,dredge,"I didn't want to dredge up old arguments, but his recent behavior reminded me of past conflicts."
10245,dredge,The company plans to dredge the harbor to allow larger ships to dock.
10245,dredge,"Before frying the chicken, dredge it thoroughly in flour seasoned with salt, pepper, and paprika."
10245,dredge,The historian had to dredge through countless documents in the archives to find the information he needed for his book.
10246,carcass,"Vultures circled overhead, waiting for the opportune moment to descend on the deer carcass."
10246,carcass,The hikers stumbled upon the decaying carcass of a sheep while trekking through the remote valley.
10246,carcass,The sanitation department was called to remove the dog carcass from the side of the road.
10246,carcass,"Figuratively speaking, after the company takeover, the remaining employees felt like they were picking over the carcass of their former business."
10246,carcass,"The bear, having feasted on the salmon carcass, lumbered back into the woods, satiated for the time being."
10247,pneumonia,"After a week of coughing and a high fever, the doctor diagnosed her with pneumonia."
10247,pneumonia,"The elderly are particularly vulnerable to complications from pneumonia, so vaccination is strongly recommended."
10247,pneumonia,"He was hospitalized last month with a severe case of pneumonia, but thankfully he's recovering well now."
10247,pneumonia,"My grandfather is still weak from his recent bout of pneumonia, and he tires easily."
10247,pneumonia,"The X-ray confirmed the presence of fluid in her lungs, indicating a possible case of pneumonia."
10248,exhale,"After holding his breath underwater, he surfaced and began to exhale deeply."
10248,exhale,"Take a deep breath in, and then slowly exhale all the tension you're holding."
10248,exhale,The doctor instructed the patient to exhale forcefully during the examination.
10248,exhale,"With a sigh, she exhaled the smoke from her cigarette, watching it dissipate into the night air."
10248,exhale,"As the yoga instructor guided the class, she reminded everyone to focus on the rhythm of their breath, particularly the slow and controlled exhale."
10249,tenor,"The general tenor of the meeting was optimistic, despite the challenges ahead."
10249,tenor,"He sang the aria with a beautiful tenor voice, hitting all the high notes effortlessly."
10249,tenor,The tenor of the debate shifted dramatically after the new evidence was presented.
10249,tenor,What's the general tenor of public opinion on the proposed tax increase?
10249,tenor,"Although he initially disagreed, the tenor of his remarks suggested he was beginning to reconsider his position."
10250,fiddle,"He would often fiddle with his keys while waiting in line, a nervous habit he couldn't seem to break."
10250,fiddle,"I spent the afternoon trying to fiddle with the old radio, hoping to get a better signal."
10250,fiddle,The politician was accused of trying to fiddle the accounts to hide the company's losses.
10250,fiddle,Stop fiddling with your phone and pay attention to what I'm saying!
10250,fiddle,She learned to play the fiddle at a young age and is now a renowned bluegrass musician.
10251,fondle,"She gently began to fondle the soft fur of the kitten, enjoying its purrs."
10251,fondle,"The museum guide warned visitors not to fondle the delicate artifacts, even with gloves."
10251,fondle,"He watched the couple on the park bench, uncomfortable with the way he was fondling her hand."
10251,fondle,"In his old age, he would often fondle the worn leather of his favorite book, reminiscing about the stories within."
10251,fondle,"The defendant was accused of inappropriately fondling the victim, a charge he vehemently denied."
10252,irate,The customer became irate when he discovered the hidden fees on his bill.
10252,irate,"My neighbor was irate after someone parked in front of his driveway, blocking him in."
10252,irate,The professor was irate that so few students had completed the assigned reading before class.
10252,irate,She sent an irate email to the company complaining about their poor customer service.
10252,irate,"Seeing the damage to his car, he became visibly irate and started shouting."
10253,rebuff,"Despite her initial rebuff, he persisted in his attempts to win her over."
10253,rebuff,"The company's offer was met with a swift rebuff from the union, who deemed it unacceptable."
10253,rebuff,"I tried to offer some advice, but I received a sharp rebuff, so I decided to leave it alone."
10253,rebuff,"Hoping for a promotion, he nervously presented his proposal, only to face a disheartening rebuff from his manager."
10253,rebuff,"After several rejections, she was accustomed to the rebuff that often followed submitting her short stories to literary magazines."
10254,enclave,The embassy district formed a small enclave of foreign culture within the city.
10254,enclave,We visited a remote mountain enclave where traditional customs were still strictly observed.
10254,enclave,"The retirement community was a peaceful enclave, shielded from the hustle and bustle of the city."
10254,enclave,The chef created a cozy little enclave in the back of the restaurant for private dining.
10254,enclave,"Despite being surrounded by farmland, the town remained an enclave of industry and manufacturing."
10255,gala,The museum is hosting a fundraising gala next month to support its art education programs.
10255,gala,We need to decide what to wear to the company's annual gala; it's supposed to be black tie this year.
10255,gala,"After winning the championship, the team was invited to a celebratory gala in their honor."
10255,gala,"I heard the Met Gala was absolutely stunning this year, but the tickets are impossible to get."
10255,gala,"She spent weeks planning the charity gala, meticulously overseeing every detail from the decorations to the entertainment."
10256,frolic,"The puppies frolicked in the tall grass, chasing butterflies and tumbling over each other."
10256,frolic,"After a long winter, the children were eager to frolic in the sunshine of the spring meadow."
10256,frolic,We watched the dolphins frolic in the waves as our boat sailed along the coast.
10256,frolic,"Despite the seriousness of the conference, a few delegates took time to frolic on the beach during a break."
10256,frolic,"The lambs frolicked playfully in the pasture, a sure sign that spring had arrived."
10257,duel,"The two politicians engaged in a heated verbal duel during the debate, each trying to outmaneuver the other with sharp arguments."
10257,duel,"After the insult, he challenged his rival to a duel, though thankfully cooler heads prevailed and it never actually happened."
10257,duel,"The chess match was a tense intellectual duel, lasting for hours as each player carefully considered their moves."
10257,duel,The artist saw the blank canvas as a duel between his creative vision and the limitations of the medium.
10257,duel,It felt like a duel of wills as I tried to convince my stubborn cat to take his medicine.
10258,gloat,"After winning the chess tournament, he tried not to gloat, but a small smile betrayed his satisfaction."
10258,gloat,She couldn't help but gloat over her competitor's embarrassing mistake during the presentation.
10258,gloat,The opposing team's fans were quick to gloat when our star player got injured.
10258,gloat,"It's bad form to gloat about your successes, especially when others are struggling."
10258,gloat,"Despite his initial reluctance, he began to gloat about his promotion to anyone who would listen."
10259,cub,The mother bear fiercely protected her cub from the approaching hikers.
10259,cub,"He was just a cub when he started working at the family business, learning the ropes from his father."
10259,cub,The little boy proudly showed off his Cub Scout uniform to his grandparents.
10259,cub,I saw a photo of a polar bear cub playing in the snow; it was incredibly cute.
10259,cub,"As a junior reporter, she was referred to as the 'new cub' in the newsroom."
10260,gnaw,"The dog began to gnaw on the bone, making a loud scraping noise."
10260,gnaw,Worries about the upcoming presentation began to gnaw at her confidence.
10260,gnaw,"Rats had been gnawing through the electrical wires in the attic, creating a fire hazard."
10260,gnaw,"A persistent feeling of unease continued to gnaw at him, even though he couldn't pinpoint the cause."
10260,gnaw,"The constant criticism began to gnaw away at their relationship, leading to frequent arguments."
10261,doe,The hunter spotted a doe and her fawn grazing peacefully in the meadow.
10261,doe,She had eyes as soft and brown as a doe's.
10261,doe,We saw a doe drinking from the stream behind our house this morning.
10261,doe,The wildlife biologist tracked the movements of the doe population using GPS collars.
10261,doe,The children were excited to see a doe leap gracefully over the fallen log during their nature walk.
10262,unruly,"The teacher struggled to control the unruly class, especially after lunch."
10262,unruly,"His unruly hair was always falling into his eyes, no matter how often he tried to comb it."
10262,unruly,"The protesters were becoming increasingly unruly, and the police were forced to intervene."
10262,unruly,Dealing with the company's unruly data was a nightmare for the IT department; it was scattered across multiple systems and poorly organized.
10262,unruly,"Despite his best efforts, the gardener couldn't tame the unruly vines that had taken over the back fence."
10263,grapple,The senator had to grapple with the ethical implications of the proposed legislation.
10263,grapple,I've been grappling with this coding problem all day and I'm no closer to a solution.
10263,grapple,"The two wrestlers began to grapple, each trying to gain an advantage."
10263,grapple,Many families are grappling with rising inflation and the increasing cost of living.
10263,grapple,She had to grapple with her conscience before deciding whether to tell the truth.
10264,grope,I had to grope around in my bag for my keys in the dark.
10264,grope,"He started to grope her in the movie theater, which made her very uncomfortable."
10264,grope,"The climber had to grope for handholds on the steep, icy rock face."
10264,grope,"In the dense fog, the ship had to grope its way slowly into the harbor, using radar and sonar."
10264,grope,"The politician seemed to grope for an answer when questioned about the scandal, unable to give a clear or convincing response."
10265,coffer,The pirate captain guarded the coffer containing the stolen jewels with his life.
10265,coffer,"The museum displayed an antique coffer, intricately carved with scenes from ancient mythology."
10265,coffer,She dipped into her personal coffer to help fund the local animal shelter.
10265,coffer,The company's coffer was overflowing with profits after a successful year of sales.
10265,coffer,He hoped his investment would replenish the coffer he had depleted during his travels.
10266,handcuff,The police officer had to handcuff the suspect after he resisted arrest.
10266,handcuff,I saw a magician escape from handcuffs in a matter of seconds during his performance.
10266,handcuff,The protestors were handcuffed and led away after refusing to disperse.
10266,handcuff,"He was wrongfully accused and spent the night in jail, still marked by the pressure of the handcuff on his wrist."
10266,handcuff,"As a security measure, the high-value transport was escorted by officers trained in the use of restraints, including handcuffs and leg irons."
10267,intractable,"The company faced an intractable problem with its outdated software, which no amount of patching seemed to fix."
10267,intractable,"His stubbornness made the negotiation process intractable, and we couldn't reach an agreement."
10267,intractable,"Despite numerous attempts, the scientist found the disease to be intractable to all known treatments."
10267,intractable,"Dealing with the city's intractable traffic congestion requires a multi-faceted approach, including public transportation improvements and encouraging remote work."
10267,intractable,"The political situation in the region has become increasingly intractable, with no easy solutions in sight."
10268,thug,The neighborhood has really gone downhill since those thugs started hanging around the corner.
10268,thug,"The police are cracking down on gang activity, trying to rid the city of these violent thugs."
10268,thug,"He tried to act like a tough thug, but everyone knew he was just putting on a show."
10268,thug,"The article described the rioters as a mob of thugs, intent on destruction and looting."
10268,thug,"Despite his rough exterior, he was no thug; he was a dedicated community organizer working to improve the lives of underprivileged youth."
10269,asteroid,Scientists are tracking a large asteroid that is predicted to pass relatively close to Earth next month.
10269,asteroid,The impact of an asteroid is believed to have played a significant role in the extinction of the dinosaurs.
10269,asteroid,I read an interesting article about NASA's mission to deflect an asteroid using a kinetic impactor.
10269,asteroid,Do you think they'll ever be able to mine asteroids for valuable resources like platinum and nickel?
10269,asteroid,"Given the potential threat posed by near-Earth asteroids, more funding should be allocated to planetary defense programs."
10270,hurtle,"The runaway train began to hurtle down the steep mountain grade, picking up speed with every passing second."
10270,hurtle,"We watched in awe as the meteor hurtled through the atmosphere, leaving a bright trail behind it."
10270,hurtle,"A stray soccer ball hurtled across the playground, narrowly missing a group of children."
10270,hurtle,"Feeling overwhelmed, Sarah decided to hurtle herself into the project, hoping to finish it as quickly as possible."
10270,hurtle,"News of the scandal began to hurtle across social media, spreading rapidly from user to user."
10271,platoon,"The platoon advanced cautiously through the dense jungle, alert for any signs of the enemy."
10271,platoon,"After graduating from officer training, he was assigned to lead a platoon of forty soldiers."
10271,platoon,Rumor has it that the entire platoon got food poisoning from the mess hall last week.
10271,platoon,The sergeant called out the names for the first platoon to report for duty.
10271,platoon,Our history teacher explained how platoons were strategically used during the World War II offensive.
10272,barrage,The politician faced a barrage of questions from reporters after the scandal broke.
10272,barrage,"After the team scored the winning goal, they were met with a barrage of cheers from the crowd."
10272,barrage,The company received a barrage of complaints after the new software update caused numerous problems.
10272,barrage,"I was trying to concentrate on my work, but I couldn't because of the barrage of construction noise outside."
10272,barrage,The enemy launched a heavy barrage of artillery fire before the ground troops advanced.
10273,hustle,He had to hustle to get the project completed before the deadline.
10273,hustle,The city is full of people trying to hustle and make a living.
10273,hustle,I admire her hustle; she's always working on something new.
10273,hustle,The coach told the team to hustle back on defense after losing possession.
10273,hustle,"Despite the company's financial troubles, the sales team continued to hustle and close deals."
10274,stronghold,The ancient castle served as a stronghold against invaders for centuries.
10274,stronghold,"That neighborhood is a real stronghold of traditional values, where people still know and support each other."
10274,stronghold,"After the company's financial scandal, rebuilding trust with investors became their primary stronghold for future success."
10274,stronghold,The old oak tree in the park is a stronghold for squirrels and various bird species.
10274,stronghold,His unwavering faith was his stronghold during times of immense personal hardship.
10275,exacting,"My professor is known for his exacting standards, so getting an A in his class is quite an achievement."
10275,exacting,The software company has an exacting testing process to ensure their products are bug-free before release.
10275,exacting,"While some find her to be too demanding, I appreciate her exacting approach to detail; it always results in high-quality work."
10275,exacting,Being a surgeon requires an exacting level of precision and focus; there's no room for error.
10275,exacting,"The recipe called for an exacting measurement of spices, so I used a digital scale to be sure."
10276,implant,The dentist recommended a dental implant to replace my missing tooth.
10276,implant,Scientists are working on implants that can help restore vision to the blind.
10276,implant,The surgeon will implant the device during a minimally invasive procedure.
10276,implant,"I'm considering getting a contraceptive implant, but I'm a little nervous about the side effects."
10276,implant,The propaganda was designed to implant the idea of a strong national identity in the minds of the citizens.
10277,roach,I saw a huge roach scurry across the kitchen floor last night; it totally freaked me out.
10277,roach,The exterminator said we needed to thoroughly clean our apartment to get rid of the roach infestation.
10277,roach,"He flicked the roach, the butt of his marijuana cigarette, into the ashtray."
10277,roach,"The dilapidated building was crawling with roaches and other pests, making it uninhabitable."
10277,roach,"During the health inspection, several roaches were discovered in the restaurant's pantry, resulting in a temporary closure."
10278,infest,"The old house was infested with termites, making it structurally unsound."
10278,infest,"After the heavy rains, mosquitoes began to infest the stagnant pools of water."
10278,infest,Rumors began to infest the office after the CEO's sudden departure.
10278,infest,"If you don't clean up the spilled crumbs, ants will infest the kitchen."
10278,infest,The politician's campaign was infested with accusations of corruption.
10279,hulk,"After the argument, he just hulked out and started throwing things around the room."
10279,hulk,"The linebacker was a hulk of a man, nearly impossible to move off the line."
10279,hulk,I felt like a complete hulk trying to maneuver that tiny sports car.
10279,hulk,"The company's stock price hulked upward after the positive earnings report, surprising many analysts."
10279,hulk,"The abandoned factory stood like a rusting hulk, a grim reminder of the town's industrial past."
10280,township,"The new shopping mall is located just outside the township, making it easily accessible for residents."
10280,township,"Growing up in a small township, everyone knew each other and community events were a big deal."
10280,township,"The local government is investing in infrastructure improvements throughout the township, including better roads and public transportation."
10280,township,"After years of neglect, there's a renewed effort to revitalize the township's economy and create more job opportunities."
10280,township,"We drove through several rural townships on our road trip, each with its own unique charm and history."
10281,inhale,"She paused to inhale deeply, savoring the fresh mountain air."
10281,inhale,The doctor instructed him to inhale the medication through the inhaler.
10281,inhale,"Before diving underwater, it's crucial to inhale as much air as possible."
10281,inhale,I could smell the delicious aroma of baking bread as I walked past the bakery and began to inhale deeply.
10281,inhale,Witnesses reported seeing the firefighters inhale smoke as they bravely entered the burning building.
10282,pernicious,The pernicious effects of social media on teenagers' self-esteem are becoming increasingly clear.
10282,pernicious,"Gossip can be a pernicious influence in the workplace, eroding trust and damaging morale."
10282,pernicious,"Even seemingly harmless lies can have a pernicious effect over time, slowly undermining relationships."
10282,pernicious,"The politician warned against the pernicious spread of misinformation, urging citizens to be critical of what they read online."
10282,pernicious,"It's easy to dismiss a small habit as unimportant, but even a minor bad habit can become pernicious if left unchecked."
10283,jab,The boxer used a quick jab to keep his opponent at bay.
10283,jab,I need to get a jab before I travel to Southeast Asia.
10283,jab,"He made a sarcastic jab at her cooking, which she didn't appreciate."
10283,jab,The doctor administered the flu jab in my arm.
10283,jab,"Despite the friendly banter, there was a definite jab in his tone when he mentioned my career choices."
10284,arthritis,"My grandmother's arthritis flares up in the winter, making it difficult for her to knit."
10284,arthritis,The doctor suspects I might have early-onset arthritis in my knees because of the persistent pain and stiffness.
10284,arthritis,"She's been managing her arthritis with a combination of medication, physical therapy, and a healthy diet."
10284,arthritis,"Although he's only in his forties, years of playing professional football have left him with severe arthritis in his hands and ankles."
10284,arthritis,"Research suggests that certain lifestyle factors, such as smoking and obesity, can increase the risk of developing arthritis."
10285,sodium,The doctor advised him to reduce his sodium intake to help lower his blood pressure.
10285,sodium,This brand of soup is surprisingly low in sodium compared to others on the market.
10285,sodium,Sodium is a vital electrolyte that helps regulate fluid balance in the body.
10285,sodium,"Adding a pinch of sodium chloride, or table salt, enhanced the flavor of the dish."
10285,sodium,The chemistry experiment involved observing the reaction of sodium when it came into contact with water.
10286,leach,"The heavy rains will leach essential nutrients from the soil, making it difficult for new plants to grow."
10286,leach,I'm worried that chemicals from the old landfill might leach into the groundwater and contaminate our well.
10286,leach,"He tried to leach information from his coworkers about the upcoming company merger, but they remained tight-lipped."
10286,leach,"The prolonged exposure to sunlight caused the color to leach from the fabric, leaving it faded and dull."
10286,leach,We need to implement better waste management practices to prevent harmful substances from leaching into the environment.
10287,sewage,The city council is debating the costs of upgrading the sewage treatment plant to meet new environmental regulations.
10287,sewage,I think there's a problem with the plumbing; I can smell sewage coming from the basement.
10287,sewage,"After the heavy rains, the river was contaminated with raw sewage, making it unsafe for swimming."
10287,sewage,The documentary exposed the illegal dumping of untreated sewage into the local waterway by several factories.
10287,sewage,Dealing with sewage is a messy but essential public service to maintain hygiene and prevent disease.
10288,deterioration,The rapid deterioration of her eyesight worried her doctor.
10288,deterioration,We've noticed a significant deterioration in his performance since he took on the new role.
10288,deterioration,The building's deterioration was accelerated by years of neglect and exposure to the elements.
10288,deterioration,I'm concerned about the deterioration of our relationship; we don't seem to connect like we used to.
10288,deterioration,"Despite our best efforts, the patient's condition continued to show signs of deterioration."
10289,lob,The tennis player decided to lob the ball over her opponent's head to gain an advantage.
10289,lob,"He tried to lob a rock over the fence, but it fell short."
10289,lob,"During the water balloon fight, she carefully aimed and lobbed one at her brother."
10289,lob,The CEO decided to lob the responsibility for the failing project onto a junior executive.
10289,lob,Can you lob me the remote control? It's just out of my reach.
10290,picket,The striking workers decided to picket outside the factory gates to increase pressure on management.
10290,picket,We need to picket the area off with caution tape before anyone gets hurt.
10290,picket,The union organized a large picket line to protest the proposed wage cuts.
10290,picket,"He carefully hammered the picket into the ground, making sure it was straight and secure."
10290,picket,"I saw a group of students picket the administration building yesterday, demanding changes to the university's policies."
10291,ark,"The zoo served as a modern-day ark, sheltering animals displaced by the devastating wildfires."
10291,ark,Rumors circulated that a secret underground ark was being built to preserve humanity in case of a global catastrophe.
10291,ark,The small boat felt like a fragile ark as it battled the relentless waves during the storm.
10291,ark,"In Sunday school, we learned about Noah's Ark and how it saved the animals from the great flood."
10291,ark,"The seed bank is considered a botanical ark, safeguarding plant species from extinction."
10292,lurch,"The bus gave a sudden lurch, throwing me against the passenger in front of me."
10292,lurch,"After a difficult week, the company's stock price took a lurch upwards following the announcement of a new product."
10292,lurch,He stood up too quickly and felt a lurch of dizziness.
10292,lurch,The old wooden roller coaster gave a terrifying lurch as it crested the hill.
10292,lurch,"With a final lurch, the ship righted itself after being tossed about by the storm."
10293,deluge,"After the celebrity endorsement, the company received a deluge of orders, completely overwhelming their customer service department."
10293,deluge,The news channels were deluged with calls from concerned citizens after the earthquake.
10293,deluge,I've been deluged with work lately; I haven't had a free moment all week.
10293,deluge,"The garden couldn't handle the sudden deluge of rain, and many of the plants were washed away."
10293,deluge,"When the professor announced the extra credit opportunity, he was met with a deluge of questions from eager students."
10294,grueling,"The marathon was a grueling race, testing the limits of every runner's endurance."
10294,grueling,"After a grueling day of negotiations, both sides finally reached an agreement."
10294,grueling,He faced a grueling training schedule in preparation for the Olympics.
10294,grueling,"Cleaning out the attic was a surprisingly grueling task, especially in the summer heat."
10294,grueling,"Although the work was grueling, the sense of accomplishment at the end made it all worthwhile."
10295,nestle,"The cabin seemed to nestle perfectly into the hillside, almost hidden by the surrounding trees."
10295,nestle,"After a long day of hiking, I just wanted to nestle into my warm bed with a good book."
10295,nestle,"The small village appeared to nestle peacefully in the valley below, untouched by the hustle and bustle of city life."
10295,nestle,She carefully helped the baby bird nestle back into its nest after it had fallen out.
10295,nestle,"The antique brooch seemed to nestle comfortably against her velvet dress, adding a touch of elegance to her outfit."
10296,nibble,"The mouse started to nibble on the cheese, taking tiny bites."
10296,nibble,"She would often nibble on carrot sticks while working at her desk, instead of eating a full meal."
10296,nibble,Investors are starting to nibble at tech stocks again after the recent market dip.
10296,nibble,"Before the main course arrived, we were offered a selection of appetizers to nibble on."
10296,nibble,"The rabbits were nibbling at the edges of the lettuce in the garden, causing considerable damage."
10297,nutty,My aunt has this nutty habit of collecting antique doorknobs; she says each one has a story to tell.
10297,nutty,The professor's theories about interdimensional travel were considered a bit nutty by the rest of the department.
10297,nutty,"That new energy drink is supposed to give you a real boost, but it also tastes incredibly nutty, almost like almonds gone wrong."
10297,nutty,"He's a bit nutty, always volunteering for the most dangerous tasks, but he's also the most reliable person I know."
10297,nutty,"The comedian's performance was endearingly nutty, full of unexpected jokes and physical humor that had the audience roaring with laughter."
10298,bun,She pulled her hair back into a tight bun to keep it out of her face while she cooked.
10298,bun,"I'll have a cheeseburger, but hold the lettuce and put it on a whole wheat bun."
10298,bun,The bakery down the street makes the most delicious cinnamon buns; you should try one sometime.
10298,bun,"The judges were impressed by the intricate details of her hairstyle, especially the perfectly formed bun at the nape of her neck."
10298,bun,"After a long day of hiking, all I wanted was a juicy burger on a soft, toasted bun."
10299,nudge,The company used subtle design changes to nudge users towards upgrading their accounts.
10299,nudge,He gave me a friendly nudge in the ribs and winked.
10299,nudge,A little nudge in the right direction can sometimes be all someone needs to succeed.
10299,nudge,The government is using tax incentives as a nudge to encourage people to buy electric vehicles.
10299,nudge,I just needed a gentle nudge to finally apply for that job I've been dreaming about.
10300,pew,The elderly woman slowly made her way down the aisle and settled into her usual pew near the front.
10300,pew,"During the wedding ceremony, I noticed a few empty pews, which was surprising given how many people RSVP'd."
10300,pew,The children were told to sit quietly in the pew and not fidget during the sermon.
10300,pew,"After the service, we helped the ushers tidy up the hymnals and prayer books left on the pews."
10300,pew,"He felt a strange sense of peace as he knelt in the pew, lost in contemplation."
10301,blister,I got a terrible blister on my heel from wearing these new shoes all day.
10301,blister,The runner had to drop out of the marathon because of a painful blister on his foot.
10301,blister,Be careful not to burn yourself; hot oil can cause a serious blister.
10301,blister,"After hours of gardening without gloves, her hands were covered in small blisters."
10301,blister,The doctor lanced the blister and applied a bandage to prevent infection.
10302,translucent,"The frosted glass of the shower door was translucent, allowing light to pass through but obscuring the figure behind it."
10302,translucent,We chose translucent curtains for the living room to let in plenty of natural light while maintaining some privacy.
10302,translucent,"The jellyfish floating in the aquarium had a translucent bell, making its internal organs visible."
10302,translucent,"Holding the thin slice of agate up to the sun, I admired its translucent layers and intricate patterns."
10302,translucent,The artist used translucent paints to create a watercolor effect that mimicked the ethereal quality of a dream.
10303,ooze,The wound on his knee started to ooze a clear fluid.
10303,ooze,"A thick, black substance began to ooze from the broken pipe."
10303,ooze,Confidence seemed to ooze from her every pore as she addressed the crowd.
10303,ooze,The old sponge was so saturated with water that it would ooze with every squeeze.
10303,ooze,Corruption and decay seemed to ooze from the very walls of the abandoned building.
10304,putt,He needed to make that putt to win the tournament.
10304,putt,I watched him putt for what seemed like an eternity before the ball finally dropped into the hole.
10304,putt,"After practicing my swing, I spent an hour just trying to improve my putt on the practice green."
10304,putt,Don't putt too hard; you only need to give it a gentle tap to get it close to the hole.
10304,putt,"The pro golfer lined up his putt carefully, gauging the slope of the green before taking his shot."
10305,footing,"After the argument, it took a while for them to get back on a friendly footing."
10305,footing,The mountain climbers struggled to find a secure footing on the icy slope.
10305,footing,The company is on a much stronger financial footing now than it was last year.
10305,footing,"Our new business relationship started on a good footing, with clear expectations and mutual respect."
10305,footing,"He lost his footing on the stairs and tumbled down a few steps, but thankfully wasn't seriously hurt."
10306,sire,"The champion racehorse's sire was also a renowned winner, making him a highly sought-after stud."
10306,sire,"In some fantasy novels, characters might address a king or powerful figure as 'Sire' to show respect."
10306,sire,"The breeder carefully studied the pedigree, noting the impressive lineage of the dog's sire."
10306,sire,Do you know who the sire of that prize-winning bull is? I heard he has excellent genetics.
10306,sire,"Though he rarely spoke of his father, it was clear that his sire's legacy weighed heavily upon him."
10307,colt,The rancher was proud to show off his prize-winning colt at the county fair.
10307,colt,"After weeks of anticipation, the mare finally gave birth to a healthy colt, much to the delight of the stable hands."
10307,colt,"The colt, still unsteady on its legs, stayed close to its mother in the pasture."
10307,colt,"He invested in a young colt with promising bloodlines, hoping it would become a champion racehorse."
10307,colt,"Because the colt was so young and inexperienced, the trainer took extra care to build its confidence during the training sessions."
10308,romp,"The children had a joyous romp in the park, chasing each other around the trees."
10308,romp,"After a slow start, the underdog team had a late-game romp to victory, scoring three touchdowns in the final quarter."
10308,romp,"We took the puppy to the beach for a romp, and he loved digging in the sand and splashing in the waves."
10308,romp,"The historical drama proved to be a lighthearted romp through the Regency era, full of witty banter and elaborate costumes."
10308,romp,"Despite the serious topic, the author managed to make the novel a fun romp through the complexities of human relationships."
10309,battalion,The second battalion was deployed to the front lines to reinforce the existing troops.
10309,battalion,My grandfather served with distinction in a tank battalion during World War II.
10309,battalion,"After the earthquake, a battalion of engineers was sent in to assess the structural damage to the buildings."
10309,battalion,It seemed like a whole battalion of mosquitoes descended upon us as soon as we stepped into the woods.
10309,battalion,"The CEO addressed the entire sales battalion, praising their hard work and dedication to the company's goals."
10310,rove,"During our backpacking trip through Europe, we decided to just rove around and see where the wind would take us."
10310,rove,"Her eyes would rove across the room, searching for a familiar face in the crowd."
10310,rove,"The security guards rove the perimeter of the building at night, ensuring no unauthorized entry."
10310,rove,"Historically, nomadic tribes would rove across vast territories in search of grazing land for their livestock."
10310,rove,"After the argument, he began to rove aimlessly through the city, trying to clear his head."
10311,prowess,"Her prowess in mathematics was evident from a young age, as she consistently aced even the most challenging exams."
10311,prowess,The company's technological prowess has allowed them to dominate the market for the past decade.
10311,prowess,"Despite his small stature, the martial artist demonstrated impressive prowess in hand-to-hand combat."
10311,prowess,"After years of practice, he developed a significant prowess for playing the guitar, able to perform complex solos effortlessly."
10311,prowess,"While she was new to the sport, her natural athletic ability suggested a potential for great prowess with proper training."
10312,renegade,He was branded a renegade after publicly criticizing the company's new policies.
10312,renegade,The renegade group of rebels refused to negotiate with the government.
10312,renegade,I always admired her renegade spirit and willingness to challenge the status quo.
10312,renegade,That renegade programmer bypassed all security protocols to access the classified data.
10312,renegade,"Some see him as a visionary, while others view him as a renegade who abandoned his principles."
10313,scoff,"He would scoff at my attempts to learn French, claiming it was a waste of time."
10313,scoff,Don't scoff! Just because you don't understand it doesn't mean it's not important.
10313,scoff,The professor scoffed at the student's simplistic interpretation of the complex philosophical text.
10313,scoff,"Critics initially scoffed at the idea of a completely electric vehicle, but now they're commonplace."
10313,scoff,"Despite his initial scoff, the evidence eventually convinced him that the rumor was true."
10314,deity,"Ancient civilizations often attributed natural phenomena, such as storms and harvests, to the actions of a specific deity."
10314,deity,"In some polytheistic religions, each deity has a particular domain or responsibility, like love, war, or wisdom."
10314,deity,The protagonist's unwavering faith in their chosen deity provided them with strength and guidance throughout their difficult journey.
10314,deity,"Whether you believe in a single deity or many, the concept of a higher power has been central to human culture for millennia."
10314,deity,"During the archaeological dig, researchers uncovered a small statue believed to represent a local deity worshipped centuries ago."
10315,screech,The brakes gave a high-pitched screech as the car stopped just inches from the pedestrian.
10315,screech,We heard a screech from the tires as the getaway car sped off into the night.
10315,screech,The microphone gave a terrible screech when someone accidentally bumped into the stand.
10315,screech,"The parrot let out a loud screech, startling everyone in the room."
10315,screech,"With a final, metallic screech, the old swing set finally collapsed in the backyard."
10316,gruesome,"The crime scene was gruesome, with evidence suggesting a violent struggle."
10316,gruesome,I couldn't finish watching the horror movie; the special effects were just too gruesome.
10316,gruesome,"The details of the accident were gruesome, and the news report wisely avoided showing graphic images."
10316,gruesome,He described the battlefield as a gruesome landscape of death and destruction.
10316,gruesome,"Despite the gruesome nature of her research, she remained dedicated to finding a cure."
10317,shear,The farmer used electric shears to shear the sheep quickly and efficiently.
10317,shear,"The force of the earthquake caused a shear in the rock strata, leading to a landslide."
10317,shear,I had to shear off some of the overgrown branches of the rose bush to let more light in.
10317,shear,The barber used a technique called 'shear thinning' to create a textured look in my hair.
10317,shear,We need to analyze the shear stress on the metal beam to ensure it can withstand the weight of the structure.
10318,sideline,"After suffering a knee injury during practice, the coach decided to sideline him for the rest of the season."
10318,sideline,She started a small baking business as a sideline to supplement her income from her full-time job.
10318,sideline,The senator's controversial comments on the issue forced him to the political sideline for a while.
10318,sideline,"From the sideline, it looked like a clear foul, but the referee didn't call it."
10318,sideline,"The company's core business is software development, but they also have a sideline in providing IT support to local businesses."
10319,epitaph,"The historian found the epitaph on the ancient tombstone surprisingly moving, hinting at a life of both hardship and joy."
10319,epitaph,What epitaph would you choose for yourself if you had to sum up your life in just a few words?
10319,epitaph,"The poet spent weeks crafting the perfect epitaph for her beloved dog, wanting to capture his playful spirit and unwavering loyalty."
10319,epitaph,"Despite his fame and fortune, his epitaph simply read, 'He tried his best,' which some found disappointingly modest."
10319,epitaph,"The vandal defaced several headstones, making the epitaphs illegible and causing immense distress to the families of the deceased."
10320,slouch,"He tends to slouch when he's tired, which makes his back hurt even more."
10320,slouch,The teenager was told to stop slouching and sit up straight at the dinner table.
10320,slouch,"I noticed him slouching against the wall, looking completely dejected after the game."
10320,slouch,Years of working at a desk have caused her to develop a permanent slouch.
10320,slouch,"Despite her efforts to maintain a professional demeanor, a slight slouch betrayed her exhaustion."
10321,pimp,"He tried to pimp his old car by adding new rims and a spoiler, hoping to get a better price for it."
10321,pimp,Some people feel that reality TV shows often pimp out their participants' personal lives for ratings.
10321,pimp,The marketing team decided to pimp the company's website with a modern design and interactive features.
10321,pimp,"The band's manager was accused of trying to pimp them out to various sponsors, compromising their artistic integrity."
10321,pimp,She decided to pimp her apartment with some new furniture and artwork to make it more inviting.
10322,smirk,"He gave a little smirk as he revealed the answer, clearly enjoying knowing something the rest of us didn't."
10322,smirk,The detective noticed a subtle smirk cross the suspect's face when he mentioned the victim's alibi.
10322,smirk,"Despite her apologies, I couldn't shake the feeling that her words held a smirk of satisfaction."
10322,smirk,"With a smirk, Mark said, ""I told you so!"" after the project failed."
10322,smirk,The politician's smirk during the debate suggested he wasn't taking his opponent's arguments seriously.
10323,brawl,"A drunken brawl broke out in the bar after closing time, resulting in several injuries and police intervention."
10323,brawl,"The political debate quickly devolved into a verbal brawl, with candidates trading insults and accusations."
10323,brawl,"Witnesses described the scene as a chaotic brawl, with punches thrown and furniture overturned."
10323,brawl,I try to avoid crowds on game day because I don't want to get caught up in a brawl.
10323,brawl,The disciplinary committee launched an investigation into the locker room brawl that occurred after the team's defeat.
10324,panther,"The wildlife sanctuary is home to a rare black panther, which is actually a melanistic leopard or jaguar."
10324,panther,"I thought I saw a panther cross the road late last night, but it was probably just a large black cat."
10324,panther,"The coach rallied the team, reminding them to play with the ferocity and grace of a panther."
10324,panther,Researchers are studying the impact of habitat loss on the Florida panther population.
10324,panther,"In the old Tarzan movies, a panther was often depicted as a fearsome jungle predator."
10325,snarl,The dog let out a low snarl when the stranger approached its food bowl.
10325,snarl,"Traffic on the highway was a complete snarl this morning, causing major delays."
10325,snarl,"He responded to the accusation with a snarl, denying any involvement in the incident."
10325,snarl,The negotiations became a snarl of conflicting demands and personal animosity.
10325,snarl,Her voice held a snarl of resentment as she recounted the unfair treatment she had received.
10326,headlong,"The company rushed headlong into the new venture without conducting proper market research, a decision they soon regretted."
10326,headlong,"She tripped on the stairs and fell headlong, luckily escaping with only minor bruises."
10326,headlong,"He dove headlong into the project, determined to finish it before the deadline."
10326,headlong,The crowd surged headlong towards the stage as the band began to play their most popular song.
10326,headlong,"Ignoring the warning signs, they plunged headlong into the dangerous rapids, their raft tossed about like a toy."
10327,sprint,"The athlete made a final sprint towards the finish line, securing first place by a hair."
10327,sprint,We need to sprint to the gate if we want to catch our connecting flight.
10327,sprint,The development team is working in two-week sprints to deliver new features more quickly.
10327,sprint,"During the fire drill, everyone was instructed to sprint away from the building and gather in the designated area."
10327,sprint,"After realizing he was late for the meeting, John had to sprint the last few blocks to the office."
10328,marquee,The theater's marquee advertised the new musical with flashing lights and bold lettering.
10328,marquee,We saw our names up on the marquee when we arrived for the movie premiere; it was a surreal experience.
10328,marquee,"The old movie palace had a beautiful, ornate marquee that was a landmark in the city."
10328,marquee,"I heard the band is playing a surprise show tonight, but the marquee still lists last week's performance."
10328,marquee,Let's meet under the marquee of the concert hall so we don't get separated in the crowd.
10329,squirm,The child started to squirm in his seat when he realized he had to sit through another hour of the lecture.
10329,squirm,"I could see him squirm under the pressure of the interrogation, his lies becoming more and more apparent."
10329,squirm,"She tried not to squirm when the doctor gave her the injection, but it was hard to stay still."
10329,squirm,He felt a little squirm of discomfort when his boss asked him about the missing report.
10329,squirm,"The worms squirm in the damp soil after the rain, seeking refuge from the sunlight."
10330,obscenity,"The comedian's routine was funny at first, but quickly devolved into a string of obscenity and vulgarity."
10330,obscenity,The radio station received a hefty fine for broadcasting obscenity during the daytime hours.
10330,obscenity,I walked out of the movie because I was offended by the gratuitous obscenity.
10330,obscenity,"In my opinion, freedom of speech doesn't extend to yelling obscenity in a crowded theater."
10330,obscenity,The graffiti on the wall was covered in political slogans and random acts of obscenity.
10331,footage,The news channel showed some disturbing footage of the accident scene.
10331,footage,I need to review the security camera footage to see who took the package from my porch.
10331,footage,Did you manage to get any good footage of the concert last night?
10331,footage,The documentary included rare footage of the band's early performances.
10331,footage,The director decided to cut some of the extraneous footage to tighten up the pacing of the film.
10332,strew,"The wind began to pick up, causing leaves to strew across the lawn."
10332,strew,"After the party, empty cups and crumpled napkins were strewn all over the living room floor."
10332,strew,The bride decided to strew rose petals down the aisle for a romantic touch.
10332,strew,"Archaeologists carefully sifted through the soil, hoping to find artifacts strewn amongst the ancient ruins."
10332,strew,"Broken glass from the shattered window was strewn across the sidewalk, making it dangerous to walk barefoot."
10333,petal,The gentle breeze scattered the rose's petals across the garden path.
10333,petal,Each petal of the orchid was a slightly different shade of purple.
10333,petal,"She carefully removed a petal from the daisy, whispering, 'He loves me, he loves me not.'"
10333,petal,The artist used delicate brushstrokes to capture the translucent quality of each petal in her watercolor painting.
10333,petal,Scientists are studying the chemical compounds within the petal of certain flowers to develop new fragrances.
10334,primate,"Jane Goodall dedicated her life to studying chimpanzees, a type of primate, in their natural habitat."
10334,primate,"The zoo has a diverse collection of primates, ranging from tiny marmosets to large gorillas."
10334,primate,Understanding the social behavior of primates can offer insights into the evolution of human societies.
10334,primate,"As a primatologist, Dr. Ramirez specializes in the cognitive abilities of lemurs, which are considered a more primitive primate."
10334,primate,"Given our shared ancestry, it's fascinating to consider the similarities and differences between human behavior and that of other primates."
10335,protagonist,"Although the protagonist of the novel is flawed, his determination to overcome adversity makes him compelling."
10335,protagonist,I couldn't connect with the protagonist; her motivations seemed inconsistent and unrealistic.
10335,protagonist,"In this game, you play as the protagonist, a young mage on a quest to save the kingdom."
10335,protagonist,"The film cleverly subverts expectations by making the apparent villain the actual protagonist, revealing his hidden agenda."
10335,protagonist,"Who would you say is the protagonist of your own life story, and what are the central conflicts you face?"
10336,swagger,"He walked into the room with a swagger, clearly confident in his abilities."
10336,swagger,"Despite feeling nervous, she tried to maintain a swagger as she approached the podium."
10336,swagger,The young athlete's swagger on the field suggested he was destined for greatness.
10336,swagger,"The pirate captain, with his eyepatch and booming voice, had a noticeable swagger."
10336,swagger,His initial swagger faded as he realized the complexity of the task ahead.
10337,turner,"My grandfather was a skilled wood turner, creating beautiful bowls and vases in his workshop."
10337,turner,The company is looking for a qualified lathe turner to operate the CNC machines.
10337,turner,He's a real head-turner; everyone notices him when he walks into a room.
10337,turner,"The weather took a turn for the worse; it was sunny this morning, but now there's a turner of rain."
10337,turner,"I'm reading a biography of J.M.W. Turner, the famous English painter known for his landscape paintings."
10338,tamper,"Someone tried to tamper with the car's brakes, so we're filing a police report."
10338,tamper,Please don't tamper with the thermostat; I've set it to a comfortable temperature.
10338,tamper,The investigation revealed that someone had attempted to tamper with the election results.
10338,tamper,The sign clearly states: 'Do not tamper with the exhibits.'
10338,tamper,I suspect he's tampering with the evidence to cover up his involvement.
10339,pivot,The company had to pivot its marketing strategy when their initial campaign failed to resonate with the target audience.
10339,pivot,He used his experiences in customer service to pivot into a successful career in sales.
10339,pivot,"During the pandemic, many restaurants had to pivot to offering takeout and delivery services to stay afloat."
10339,pivot,The basketball player made a quick pivot and passed the ball to his teammate for an easy score.
10339,pivot,"After realizing her passion wasn't in law, she decided to pivot and pursue a career in graphic design."
10340,throttle,The mechanic had to adjust the throttle to improve the car's acceleration.
10340,throttle,"He tried to throttle his anger, knowing an outburst would only make things worse."
10340,throttle,The government decided to throttle back spending on non-essential projects due to the economic downturn.
10340,throttle,I felt like someone was trying to throttle me when I was struggling to breathe during the asthma attack.
10340,throttle,The website implemented a system to throttle the number of requests from a single IP address to prevent abuse.
10341,retaliation,The company feared retaliation from its competitors if it lowered its prices too drastically.
10341,retaliation,"After the initial attack, the country vowed a swift and decisive retaliation."
10341,retaliation,"He decided against reporting the theft, fearing retaliation from the gang."
10341,retaliation,"In retaliation for the prank, she hid all of his shoes."
10341,retaliation,"The whistleblower was fired, and he suspected it was an act of retaliation for exposing the company's illegal activities."
10342,perennial,"Gardening in this climate is easy because many plants are perennial, coming back year after year without needing to be replanted."
10342,perennial,"The debate over tax reform is a perennial issue in Congress, reappearing with each new legislative session."
10342,perennial,"His perennial optimism, even in the face of setbacks, was truly inspiring."
10342,perennial,"Shakespeare's plays are perennial favorites, enjoyed by audiences across generations."
10342,perennial,"Despite the changing trends in music, classic rock remains a perennial source of inspiration for many artists."
10343,trudge,"After the heavy snowfall, we had to trudge through knee-deep drifts to reach the bus stop."
10343,trudge,"Disappointed with the meeting's outcome, he trudged back to his office, his shoulders slumped."
10343,trudge,"The hikers began to trudge up the steep mountain trail, their enthusiasm slowly waning under the relentless sun."
10343,trudge,"Even though she was exhausted, she had to trudge onward, knowing her family was relying on her."
10343,trudge,"With heavy hearts, the mourners trudged slowly behind the hearse, their footsteps echoing in the solemn silence."
10344,logging,The software company implemented detailed logging to track user activity and identify potential security breaches.
10344,logging,I spent the afternoon logging fallen trees in the backyard after the storm.
10344,logging,"We're experiencing some network issues, so I'm checking the server logs to see if I can find any errors."
10344,logging,The environmental activists are protesting the logging of old-growth forests in the Pacific Northwest.
10344,logging,"Before deploying the new feature, make sure you've added proper logging statements for debugging purposes."
10345,whirlwind,"The past few weeks have been a whirlwind of activity, with meetings, presentations, and travel non-stop."
10345,whirlwind,She was swept off her feet in a whirlwind romance and they got married within six months.
10345,whirlwind,"The tornado ripped through the town like a whirlwind, leaving devastation in its wake."
10345,whirlwind,"After the conference, I had a whirlwind tour of the city's historical landmarks."
10345,whirlwind,Trying to manage that project while also dealing with family issues turned my life into a complete whirlwind.
10346,veer,"The car suddenly veered to the right, narrowly avoiding a collision."
10346,veer,"As the conversation began to veer into politics, I excused myself to get a drink."
10346,veer,The hiking trail veered sharply uphill after the stream crossing.
10346,veer,The company decided to veer away from its traditional marketing strategies and embrace social media.
10346,veer,The pilot had to veer the plane off course to avoid the storm clouds.
10347,whack,He gave the vending machine a good whack when it didn't dispense his soda.
10347,whack,I'm going to take a whack at fixing the leaky faucet myself before calling a plumber.
10347,whack,The sudden gust of wind gave the tree branch a whack against the window.
10347,whack,"Honestly, I think his idea is a bit whack, but I'm willing to hear him out."
10347,whack,The company took a significant financial whack due to the recent market downturn.
10348,dent,I accidentally put a small dent in the car door while backing out of the garage.
10348,dent,"The accident didn't cause major damage, just a dent in the bumper and a cracked headlight."
10348,dent,This sale is going to make a significant dent in our inventory before the new season starts.
10348,dent,"Unfortunately, the shipping process left a noticeable dent in the side of the refrigerator."
10348,dent,The recent economic downturn has put a dent in the company's projected profits for the year.
10349,forlorn,"The old, abandoned house stood forlorn on the hill, a testament to forgotten dreams."
10349,forlorn,"She looked so forlorn standing by the window, watching the rain, that I had to go and comfort her."
10349,forlorn,"Despite his attempts to appear confident, a forlorn expression flickered across his face when he spoke about his lost love."
10349,forlorn,"The single, wilted rose in the vase was a forlorn reminder of what once was a beautiful bouquet."
10349,forlorn,He gave a forlorn sigh as he realized his chances of winning the competition were slim.
10350,plywood,We used sheets of plywood to board up the windows before the hurricane arrived.
10350,plywood,The cabinet maker prefers using birch plywood for its smooth surface and stability.
10350,plywood,"For a quick and inexpensive fix, you can build a simple bookshelf out of plywood."
10350,plywood,"The skateboard ramp was constructed primarily from plywood, reinforced with metal supports."
10350,plywood,"The inspector noted that the subflooring was made of plywood, but it showed signs of water damage and needed replacement."
10351,whine,Stop trying to whine your way out of doing the dishes; it's your turn.
10351,whine,"The dog began to whine at the door, wanting to be let outside."
10351,whine,I could hear the constant whine of the mosquito buzzing around my ear.
10351,whine,The candidate's speech was full of empty promises and a constant whine about the state of the economy.
10351,whine,"Instead of whining about the problem, let's try to find a constructive solution."
10352,whisk,Use a whisk to thoroughly combine the eggs and milk before adding them to the pancake batter.
10352,whisk,The sudden gust of wind threatened to whisk my hat away as I walked down the street.
10352,whisk,"With a quick whisk of her hand, the magician made the rabbit disappear."
10352,whisk,The chef used a wire whisk to create a light and airy hollandaise sauce.
10352,whisk,I'll quickly whisk you away for a romantic weekend if you promise to keep it a secret.
10353,inferno,"The forest fire quickly turned into an inferno, consuming everything in its path."
10353,inferno,He described his experience in the war zone as an inferno of chaos and destruction.
10353,inferno,The political debate became an inferno of accusations and personal attacks.
10353,inferno,"Despite the inferno raging around them, the firefighters bravely continued their rescue efforts."
10353,inferno,My kitchen became a brief inferno when I tried to flambé a dessert and accidentally set the alcohol ablaze.
10354,wizard,The IT department has a wizard who can fix any computer problem we throw at him.
10354,wizard,He's a wizard with numbers; he can do complex calculations in his head.
10354,wizard,The software came with a setup wizard to guide you through the installation process.
10354,wizard,"In the fantasy novel, the young apprentice aspired to become a powerful wizard like his mentor."
10354,wizard,"Despite his age, the renowned chef is still considered a culinary wizard in the industry."
10355,wield,"The knight confidently wielded his sword, ready to defend the kingdom."
10355,wield,"As a project manager, she needed to wield influence effectively to keep the team on track."
10355,wield,He learned to wield a paintbrush with surprising skill after only a few lessons.
10355,wield,The politician knew how to wield public opinion to his advantage during the campaign.
10355,wield,It's important to wield power responsibly and with consideration for others.
10356,anemia,She was diagnosed with anemia after complaining of fatigue and constant headaches.
10356,anemia,"Iron deficiency is a common cause of anemia, especially in women of childbearing age."
10356,anemia,The doctor ordered a blood test to check for anemia and other potential health problems.
10356,anemia,His pale complexion and persistent tiredness were telltale signs of potential anemia.
10356,anemia,"The patient's medical history indicated a long struggle with chronic anemia, requiring regular blood transfusions."
10357,wobble,"The table had a wobble, so I put a folded piece of paper under one of the legs to stabilize it."
10357,wobble,"After getting off the rollercoaster, I felt a strange wobble in my legs."
10357,wobble,"The economy is starting to wobble, and investors are getting nervous."
10357,wobble,"Her voice began to wobble as she described the accident, revealing her emotional distress."
10357,wobble,"As the top spun faster and faster, it started to wobble less and less until it was perfectly still."
10358,align,Please align the text to the left margin for better readability.
10358,align,We need to align our marketing strategy with the overall business goals.
10358,align,"Make sure the picture frames align perfectly on the wall; otherwise, it will look crooked."
10358,align,The company is working to align its values with those of its employees.
10358,align,Could you align these chairs in a straight row before the meeting starts?
10359,autocratic,The manager's autocratic style stifled creativity and led to low morale among the team.
10359,autocratic,"The small nation had been under autocratic rule for decades, with no free elections or independent media."
10359,autocratic,I quit my job because my boss was so autocratic; he never listened to anyone's ideas but his own.
10359,autocratic,"While some argue that an autocratic approach can be efficient in crisis situations, it's generally not sustainable in the long run."
10359,autocratic,The professor's autocratic grading policy made it clear that his interpretation of the material was the only valid one.
10360,caucus,"Before the primary, the Democratic candidates will participate in a caucus to discuss strategy and rally support."
10360,caucus,The environmental group held a caucus to decide which policies they would prioritize for the upcoming legislative session.
10360,caucus,Our local chapter will caucus next week to endorse a candidate for city council.
10360,caucus,The Republican caucus in the Senate is expected to debate the proposed tax cuts extensively.
10360,caucus,"After the controversial vote, several senators decided to form a bipartisan caucus to find common ground on the issue."
10361,raider,"The Vikings were notorious as raiders, plundering coastal villages throughout Europe."
10361,raider,"After the game, the coach praised the defensive line for shutting down the opposing team's star raider."
10361,raider,Local authorities are investigating the recent incident where a group of raiders broke into the warehouse and stole valuable electronics.
10361,raider,"Historically, the term 'border raider' referred to individuals who crossed national boundaries to steal livestock or other goods."
10361,raider,We need to implement better security measures to prevent future incidents with corporate raiders trying to acquire the company against our will.
10362,annex,"The city council voted to annex the neighboring unincorporated community, bringing more residents into the tax base."
10362,annex,"After the war, the victorious country threatened to annex the defeated nation's resource-rich territory."
10362,annex,The museum plans to annex the building next door to create more space for its growing collection.
10362,annex,Let's annex the spare bedroom and turn it into a proper home office; I'm tired of working at the kitchen table.
10362,annex,The company decided to annex a smaller competitor to expand its market share and gain access to new technologies.
10363,appease,The toddler cried until his mother gave him a cookie to appease him.
10363,appease,The government tried to appease the protestors by promising to review the controversial policy.
10363,appease,"Hoping to appease his boss, Mark stayed late to finish the report, even though it wasn't his responsibility."
10363,appease,She tried to appease her guilt by volunteering at the animal shelter.
10363,appease,No amount of apologies could appease Sarah after the hurtful things he had said.
10364,clientele,The restaurant is known for its upscale clientele and sophisticated atmosphere.
10364,clientele,Our business has expanded significantly thanks to our loyal clientele.
10364,clientele,"The art gallery attracts a diverse clientele, ranging from serious collectors to casual admirers."
10364,clientele,"To better serve our clientele, we've decided to extend our opening hours on weekends."
10364,clientele,The success of the new marketing campaign hinges on attracting a younger clientele.
10365,cadet,The police academy cadet struggled to keep up during the rigorous physical training exercises.
10365,cadet,"My younger brother is a cadet at the Air Force Academy, and he's home on leave next week."
10365,cadet,"As a junior cadet, she was assigned to assist the senior officers with administrative tasks."
10365,cadet,"He always dreamed of becoming a pilot, so joining the civil air patrol as a cadet was his first step."
10365,cadet,The cadet's exemplary performance earned her an early promotion within the training program.
10366,avenge,"He swore to avenge his brother's death, no matter the cost."
10366,avenge,The team was determined to avenge their previous loss in the championship game.
10366,avenge,She didn't want him to avenge her; she just wanted justice to be served.
10366,avenge,History is filled with stories of heroes who rise to avenge the wrongs committed against their people.
10366,avenge,Some believe that taking the law into your own hands to avenge a crime only perpetuates the cycle of violence.
10367,proprietor,The proprietor of the bakery always greets customers with a warm smile and a fresh pastry.
10367,proprietor,"As the sole proprietor of the antique shop, she was responsible for everything from sourcing items to managing the finances."
10367,proprietor,"We spoke with the proprietor of the inn, who assured us that our room had a stunning view of the lake."
10367,proprietor,The lawsuit named the building's proprietor and several other tenants as responsible parties for the fire.
10367,proprietor,"He hoped to one day become the proprietor of a successful business, building it from the ground up with hard work and dedication."
10368,balk,"The horse began to balk halfway through the jump, throwing the rider off balance."
10368,balk,"I wanted to ask for a raise, but I balked at the last minute, feeling too nervous."
10368,balk,"The city council balked at the expense of the new infrastructure project, delaying its approval."
10368,balk,"He initially agreed to help, but then he seemed to balk when he realized how much work it would involve."
10368,balk,"Many investors balked at the company's high valuation, causing the IPO to underperform."
10369,prodigy,"At the age of five, she was already composing complex piano pieces, a true prodigy in the world of classical music."
10369,prodigy,"He's considered a chess prodigy, having beaten grandmasters twice his age since he was a teenager."
10369,prodigy,"While some children struggle with basic math, Maya is a math prodigy, effortlessly solving equations that would stump most adults."
10369,prodigy,"The tech company actively recruits from universities, hoping to find the next coding prodigy to revolutionize their software development."
10369,prodigy,"Despite his lack of formal training, he showed a natural talent for painting, quickly becoming recognized as an artistic prodigy."
10370,botch,"The electrician completely botched the wiring, and now half the house has no power."
10370,botch,"I tried to fix the leaky faucet myself, but I really botched it; now it's spraying water everywhere!"
10370,botch,"The surgeon admitted that he botched the operation, resulting in unforeseen complications for the patient."
10370,botch,Don't let him handle the presentation; he's known to botch even the simplest tasks under pressure.
10370,botch,The peace talks were botched due to a series of miscommunications and diplomatic blunders.
10371,benefactor,"The anonymous benefactor donated a large sum of money to the local library, ensuring its continued operation."
10371,benefactor,"Thanks to our generous benefactor, we were able to provide scholarships to students from underprivileged backgrounds."
10371,benefactor,She always remembered her former professor as a benefactor who had guided her through difficult times.
10371,benefactor,"The museum publicly acknowledged its primary benefactor, Mr. Harrison, at the grand opening ceremony."
10371,benefactor,"It's rare to find such a genuine benefactor these days, someone who gives without expecting anything in return."
10372,capitalize,You should capitalize the first word of every sentence.
10372,capitalize,The company is trying to capitalize on the latest trend in social media marketing.
10372,capitalize,I forgot to capitalize the city name in the address.
10372,capitalize,Let's capitalize our gains from last quarter and invest in new equipment.
10372,capitalize,"Some people think it's rude to capitalize entire words in an email, as it can come across as shouting."
10373,capitulate,"After days of intense negotiations, the company was forced to capitulate to the union's demands."
10373,capitulate,"I hate to capitulate, but I think you're right about the best route to take."
10373,capitulate,"The rebels refused to capitulate, even when faced with overwhelming military force."
10373,capitulate,"Despite his initial resistance, he eventually had to capitulate to the evidence presented in court."
10373,capitulate,Don't capitulate to your fear; face the challenge head-on!
10374,horrendous,The traffic was horrendous this morning; it took me over an hour to get to work.
10374,horrendous,"We had a horrendous experience at that restaurant – the service was slow, and the food was cold."
10374,horrendous,"The hurricane caused horrendous damage to the coastline, leaving many people homeless."
10374,horrendous,The politician's speech was a horrendous display of bigotry and ignorance.
10374,horrendous,I woke up with a horrendous headache and had to call in sick to work.
10375,bombardment,"The city suffered a heavy bombardment during the war, leaving many buildings in ruins."
10375,bombardment,I'm getting a constant bombardment of emails at work; it's hard to keep up.
10375,bombardment,The defense lawyer argued that the witness was under such an intense bombardment of leading questions that her testimony was unreliable.
10375,bombardment,"After the celebrity scandal broke, she faced a relentless bombardment from the paparazzi."
10375,bombardment,"The professor's lecture was a bombardment of complex theories, leaving many students confused."
10376,circumvent,"They tried to circumvent the security system, but the alarms were too sensitive."
10376,circumvent,He found a clever way to circumvent the company's dress code by wearing subtly patterned socks.
10376,circumvent,The lawyer advised his client to circumvent the lengthy trial process by accepting a plea bargain.
10376,circumvent,We need to find a way to circumvent these bureaucratic delays if we want to launch the product on time.
10376,circumvent,"Instead of confronting the issue directly, she chose to circumvent it by changing the subject entirely."
10377,windfall,"The unexpected inheritance was a real windfall for the family, allowing them to pay off their debts."
10377,windfall,"Winning the lottery was an incredible windfall, but they're trying to be responsible with the money and not let it change them."
10377,windfall,The company announced a significant windfall profit due to a favorable shift in market prices.
10377,windfall,"We had a windfall of apples this year; we're making pies, jam, and giving them away to neighbors."
10377,windfall,The government used the tax windfall to invest in much-needed infrastructure projects.
10378,flurry,"A flurry of snow suddenly began to fall, coating the ground in a thin layer of white."
10378,flurry,The announcement caused a flurry of excitement among the employees.
10378,flurry,There was a flurry of activity as the team rushed to meet the deadline.
10378,flurry,"After the scandal broke, the company faced a flurry of lawsuits."
10378,flurry,I received a flurry of emails after posting the job advertisement.
10379,clinch,The company hopes this new deal will clinch their position as market leader.
10379,clinch,He needs to win this final game to clinch the championship title.
10379,clinch,"After hours of negotiation, they finally managed to clinch the agreement."
10379,clinch,"I thought I had the job in the bag, but I didn't clinch it in the end."
10379,clinch,Let's clinch this deal and then we can all go out and celebrate!
10380,insurgent,The government struggled to contain the insurgent forces who had taken control of several key cities.
10380,insurgent,Local villagers were caught in the crossfire between the army and the insurgent groups operating in the mountains.
10380,insurgent,He was labeled an insurgent for challenging the established norms of the political party.
10380,insurgent,"The company's new marketing strategy was seen as an insurgent approach, completely disrupting the industry's traditional methods."
10380,insurgent,"After years of fighting, the insurgent leader finally agreed to negotiate a peace treaty with the government."
10381,insurrection,The history books detailed the brutal suppression of the peasant insurrection.
10381,insurrection,"Rumors of an insurrection were swirling, but the government dismissed them as unfounded."
10381,insurrection,The citizens' frustration finally boiled over into an insurrection against the corrupt regime.
10381,insurrection,The general was tasked with preventing any potential insurrection within the occupied territory.
10381,insurrection,Do you think the economic hardship could eventually lead to an insurrection?
10382,flirtation,Their brief flirtation at the conference ended as soon as they returned to their respective cities.
10382,flirtation,"I could sense a subtle flirtation in her tone, though I wasn't sure if she was serious or just being friendly."
10382,flirtation,The novel explores the complexities of a long-term marriage through a series of playful flirtations and misunderstandings.
10382,flirtation,"He dismissed her concerns as mere flirtation, but she felt his behavior was inappropriate in a professional setting."
10382,flirtation,"After a harmless flirtation with the idea of quitting his job, he decided to stay and pursue a promotion."
10383,concoct,"Desperate for a win, the coach tried to concoct a new strategy during halftime."
10383,concoct,I'm going to concoct a special herbal tea to help you relax before your presentation.
10383,concoct,The children spent the afternoon trying to concoct a magical potion in the backyard using mud and leaves.
10383,concoct,"The suspect claimed he was simply a tourist, but the detective suspected he was trying to concoct an alibi."
10383,concoct,Let's concoct a plan to surprise Sarah for her birthday; I'm thinking a weekend getaway!
10384,warden,The warden announced new visiting hours for inmates starting next month.
10384,warden,"After the riot, the warden was under immense pressure to improve security measures."
10384,warden,"My uncle works as a park warden, protecting the wildlife and enforcing regulations."
10384,warden,"“I need to speak to the warden about a serious safety concern,” she said, her voice trembling slightly."
10384,warden,The warden reminded the new recruits that their duty was to uphold the law and maintain order within the facility.
10385,condone,"The company does not condone any form of harassment in the workplace, and such behavior will result in disciplinary action."
10385,condone,"I can understand why you were upset, but I can't condone your reaction; resorting to name-calling wasn't the right way to handle it."
10385,condone,"While I sympathize with her situation, I can't condone her decision to lie to the police; it only made things worse."
10385,condone,"Some people might condone cheating if it's for survival, but I believe it's always wrong."
10385,condone,Under no circumstances will the university condone plagiarism; it's a serious academic offense.
10386,hoax,The supposed alien autopsy footage turned out to be a complete hoax perpetrated by special effects artists.
10386,hoax,"Do you think the Loch Ness Monster is a real creature, or just an elaborate hoax designed to attract tourists?"
10386,hoax,The politician accused his opponent of spreading a hoax about his past to damage his reputation during the election.
10386,hoax,"Despite the overwhelming scientific evidence, some people still believe that climate change is a hoax."
10386,hoax,"After further investigation, the news story about the talking dog was revealed to be a hoax created by a tabloid newspaper."
10387,confiscate,The teacher had to confiscate the students' phones during the exam.
10387,confiscate,"If you try to bring outside food into the stadium, security will confiscate it at the entrance."
10387,confiscate,The police were authorized to confiscate any illegal weapons found on the premises.
10387,confiscate,I hope they don't confiscate my nail clippers at airport security; they're brand new!
10387,confiscate,The government decided to confiscate the assets of individuals involved in the money laundering scheme.
10388,cohort,The marketing team is focusing on reaching the new cohort of college graduates with targeted ads.
10388,cohort,"This year's cohort of medical residents is particularly impressive, showing great promise in their respective fields."
10388,cohort,My cohort from business school still meets up for a reunion every few years to network and catch up.
10388,cohort,The study followed a cohort of patients who had undergone the same surgical procedure to assess long-term outcomes.
10388,cohort,It's interesting to see how the opinions of my cohort differ from those of younger generations on social media.
10389,firearm,The police officer reminded the suspect that possessing an unregistered firearm is a serious offense.
10389,firearm,"He kept his firearm locked in a safe, separate from the ammunition, for safety reasons."
10389,firearm,The debate over stricter firearm regulations continues to be a contentious issue in many countries.
10389,firearm,"Before going hunting, make sure you have the appropriate license and know how to safely handle your firearm."
10389,firearm,"I'm not comfortable around firearms, so I usually avoid going to the shooting range with my friends."
10390,cull,The farmer had to cull the sick chickens to prevent the disease from spreading throughout the flock.
10390,cull,"After reviewing hundreds of applications, the hiring manager began to cull the candidates who didn't meet the minimum requirements."
10390,cull,We need to cull some of these old files to free up space on the server.
10390,cull,The editor decided to cull several scenes from the movie to shorten its running time.
10390,cull,Wildlife managers sometimes cull deer populations to control overgrazing and maintain a healthy ecosystem.
10391,exemplary,Her exemplary performance in the role of team leader earned her a promotion to senior management.
10391,exemplary,The student's exemplary behavior in class and dedication to her studies made her a role model for her peers.
10391,exemplary,The local community recognized the volunteer firefighter's exemplary courage and selflessness during the recent wildfires.
10391,exemplary,"For exemplary service to the company over the past 20 years, we are presenting John with this award."
10391,exemplary,"The museum's conservation efforts are exemplary, ensuring that these historical artifacts are preserved for future generations."
10392,corpus,Researchers are analyzing a large corpus of text messages to identify emerging trends in slang.
10392,corpus,The linguistics professor used a historical corpus to trace the evolution of certain grammatical structures.
10392,corpus,Our team is building a corpus of spoken English to improve the accuracy of our speech recognition software.
10392,corpus,"For my dissertation, I plan to create a corpus of political speeches from the 20th century."
10392,corpus,The library maintains a digital corpus of local newspapers dating back to the 1800s.
10393,ensemble,The jazz ensemble played a lively set that got everyone tapping their feet.
10393,ensemble,"She put together a chic ensemble for the party, pairing a silk blouse with tailored trousers and statement jewelry."
10393,ensemble,The architecture of the building is a harmonious ensemble of modern and classical elements.
10393,ensemble,"Our school's drama ensemble is performing 'A Midsummer Night's Dream' next month, and I'm really looking forward to seeing it."
10393,ensemble,"The chef's tasting menu was a carefully crafted ensemble of flavors, each dish complementing the others perfectly."
10394,curtail,The library decided to curtail its opening hours due to budget cuts.
10394,curtail,"If the drought continues, we may have to curtail our water usage significantly."
10394,curtail,The speaker had to curtail his remarks when his time ran out.
10394,curtail,"To curtail the spread of misinformation, the platform implemented stricter content moderation policies."
10394,curtail,I'm trying to curtail my spending this month so I can save up for vacation.
10395,genteel,"The tea party was a genteel affair, complete with delicate china and polite conversation."
10395,genteel,"Despite his rough upbringing, he always maintained a genteel demeanor, avoiding coarse language and treating everyone with respect."
10395,genteel,She tried to cultivate a more genteel image by taking etiquette classes and adopting a more refined accent.
10395,genteel,"The old hotel had an air of faded grandeur, a reminder of a more genteel era."
10395,genteel,"While some found her genteel manners charming, others considered them a bit stuffy and old-fashioned."
10396,debase,The constant stream of reality TV shows seems to debase our cultural standards.
10396,debase,He accused the company of trying to debase the value of his stock options by issuing more shares.
10396,debase,I refuse to debase myself by begging for their approval; I know my worth.
10396,debase,Some argue that the overuse of social media can debase genuine human connection.
10396,debase,The politician was criticized for his attempts to debase his opponent's character through personal attacks.
10397,lewd,"The comedian's lewd jokes offended many audience members, prompting several to walk out."
10397,lewd,She found the anonymous messages on her locker to be incredibly lewd and reported them to the school authorities.
10397,lewd,I couldn't believe he made such a lewd comment in front of my grandmother; it was completely inappropriate.
10397,lewd,The magazine was pulled from the shelves due to its overtly lewd photographs and suggestive content.
10397,lewd,"Despite his attempts to appear charming, his lewd glances made her feel deeply uncomfortable."
10398,adultery,The novel explores the devastating consequences of adultery on a seemingly perfect family.
10398,adultery,She suspected her husband of adultery after finding suspicious messages on his phone.
10398,adultery,"In some cultures, adultery is still considered a serious crime punishable by law."
10398,adultery,"He confessed to adultery, but claimed it was a one-time mistake and begged for forgiveness."
10398,adultery,The therapist specialized in helping couples navigate the complexities of relationships affected by infidelity and adultery.
10399,informant ,The detective relied heavily on a confidential informant to gather information about the drug trafficking operation.
10399,informant ,"According to an informant within the company, the CEO is planning a major restructuring next quarter."
10399,informant ,"I heard from a reliable informant that the concert tickets are already sold out, so we should probably give up."
10399,informant ,"The journalist refused to reveal the identity of her informant, citing the importance of protecting their anonymity."
10399,informant ,"Without a credible informant, building a strong case against the suspect will be significantly more difficult."
10400,divulge,The company president refused to divulge any details about the upcoming merger.
10400,divulge,"I can't divulge my sources, but I assure you the information is accurate."
10400,divulge,Please don't divulge this secret to anyone; it's incredibly sensitive.
10400,divulge,"He was hesitant to divulge his true feelings, fearing rejection."
10400,divulge,"Under no circumstances should you divulge your password to anyone, even if they claim to be from tech support."
10401,homicide,"The detective suspected homicide from the start, given the victim's extensive injuries and the lack of forced entry."
10401,homicide,Police are investigating the incident as a possible homicide after the body was discovered in the park this morning.
10401,homicide,"She dedicated her career to defending those accused of homicide, believing everyone deserves a fair trial."
10401,homicide,The statistics showed a significant decrease in the homicide rate in the city over the past year.
10401,homicide,"He pleaded guilty to manslaughter, a lesser charge than homicide, accepting responsibility for the accidental death."
10402,diabetic,"My grandmother is diabetic, so we always have sugar-free options available when she visits."
10402,diabetic,"The doctor warned him that if he didn't change his diet and exercise habits, he was at high risk of becoming diabetic."
10402,diabetic,This recipe is perfect for anyone who is diabetic because it uses a natural sweetener and is low in carbohydrates.
10402,diabetic,"As a diabetic, it's crucial to monitor your blood sugar levels regularly to prevent complications."
10402,diabetic,The study investigated the effectiveness of a new drug in managing blood sugar in diabetic patients.
10403,eschew,"Knowing the risks, I eschew processed foods and try to eat a balanced diet."
10403,eschew,He advised me to eschew any investment that seemed too good to be true.
10403,eschew,The company decided to eschew traditional marketing methods in favor of a more innovative digital strategy.
10403,eschew,"While traveling in Southeast Asia, I decided to eschew the usual tourist traps and explore the local culture."
10403,eschew,"In his philosophical writings, he argued that we should eschew material possessions and focus on spiritual growth."
10404,exhort,The coach used his halftime speech to exhort the team to play with more passion and determination.
10404,exhort,I exhort you to consider the consequences of your actions before making a decision you might regret.
10404,exhort,The environmental activist took to the stage to exhort the crowd to reduce their carbon footprint and support sustainable practices.
10404,exhort,"Despite the challenges, the organization continues to exhort its members to remain committed to their mission of providing aid to those in need."
10404,exhort,"My doctor would exhort me every visit to exercise more and eat healthier, and eventually I listened!"
10405,extremist,The news report detailed how an extremist group was responsible for the bombing.
10405,extremist,He was worried that his brother was becoming an extremist after joining that online forum.
10405,extremist,The politician condemned the extremist views expressed at the rally.
10405,extremist,"While advocating for change is important, we must be careful not to align ourselves with extremist ideologies."
10405,extremist,"The professor argued that labeling someone an 'extremist' can be a dangerous oversimplification, obscuring the nuances of their beliefs."
10406,bigotry,The politician's inflammatory rhetoric was criticized for promoting bigotry and division within the community.
10406,bigotry,"I refuse to tolerate any form of bigotry in my workplace, regardless of who expresses it."
10406,bigotry,"She spoke out against the bigotry she experienced as a child, hoping to create a more inclusive future for others."
10406,bigotry,"While some argue that it's just a difference of opinion, others see it as thinly veiled bigotry."
10406,bigotry,The organization's mission is to combat bigotry and promote understanding between people of different backgrounds.
10407,ferment,The winemaker carefully monitors the grapes as they ferment in large oak barrels.
10407,ferment,Some people ferment vegetables like cabbage to make sauerkraut or kimchi.
10407,ferment,A social movement can ferment for years before finally erupting into widespread protest.
10407,ferment,"I'm trying to ferment my own sourdough starter, but it's not rising properly yet."
10407,ferment,The scientist is studying how different strains of yeast ferment sugars into alcohol.
10408,tepid,The coffee had been sitting out for too long and was now tepid and unappetizing.
10408,tepid,"She dipped her toe into the pool, finding the water surprisingly tepid despite the warm weather."
10408,tepid,"His response to the proposal was tepid, suggesting he wasn't fully convinced of its merits."
10408,tepid,"After the initial excitement, the audience's applause became tepid and somewhat forced."
10408,tepid,"I prefer my bath water hot, not this tepid stuff – can you add some more hot water?"
10409,microbe,The scientist studied the effects of the new antibiotic on various types of microbe.
10409,microbe,"Good hygiene practices, like handwashing, are essential to prevent the spread of harmful microbes."
10409,microbe,Fermented foods like yogurt and kimchi contain beneficial microbes that aid in digestion.
10409,microbe,Researchers are exploring how specific soil microbes can help plants absorb nutrients more efficiently.
10409,microbe,"While some microbes cause disease, many are vital for maintaining a healthy ecosystem."
10410,flaunt,"He started to flaunt his wealth after receiving the inheritance, buying expensive cars and throwing lavish parties."
10410,flaunt,I don't like to flaunt my accomplishments; I prefer to let my work speak for itself.
10410,flaunt,"She didn't mean to flaunt her new engagement ring, but it was hard to keep such a beautiful piece of jewelry hidden."
10410,flaunt,The company was accused of flaunting environmental regulations in order to maximize profits.
10410,flaunt,It's considered impolite to flaunt your good fortune in front of those who are struggling.
10411,booty,"The pirates buried their booty on a deserted island, hoping to retrieve it later."
10411,booty,"After a successful shopping trip, she showed off her 'booty' – a new dress and a pair of shoes."
10411,booty,The archaeological expedition uncovered a significant booty of ancient artifacts from the tomb.
10411,booty,"Despite the risks, the treasure hunters were determined to find the lost ship and its rumored booty of gold and jewels."
10411,booty,She shook her booty on the dance floor to the music.
10412,flex,He likes to flex his muscles at the gym to impress the other guys.
10412,flex,The company needs to flex its marketing strategy to adapt to the changing trends.
10412,flex,"I can't flex my schedule much this week, but maybe next week I'll have more free time."
10412,flex,She tried to flex her influence to get her son into the exclusive school.
10412,flex,"The new phone has a flexible screen, allowing you to flex it without breaking it."
10413,buyout,The employees are hoping for a management buyout to save the company from being acquired by a larger corporation.
10413,buyout,"After years of struggling, the founder decided to accept a buyout offer from a private equity firm."
10413,buyout,Rumors are circulating that a major tech company is considering a buyout of the smaller startup.
10413,buyout,My neighbor received a generous buyout package when his department was eliminated during the restructuring.
10413,buyout,"The shareholders will vote next week on the proposed buyout, which has been met with mixed reactions."
10414,junta,The international community condemned the junta's violent crackdown on protesters.
10414,junta,"After the coup, a military junta seized control of the government and dissolved parliament."
10414,junta,Rumors are circulating that a faction within the army is planning to form a junta and overthrow the current president.
10414,junta,"The junta promised a return to civilian rule, but many remain skeptical of their intentions."
10414,junta,"Life under the junta was harsh, with strict censorship and limited personal freedoms."
10415,flounder,The small boat began to flounder in the increasingly choppy waters as the storm rolled in.
10415,flounder,"During the interview, he started to flounder when asked about his experience with project management software."
10415,flounder,"After the company's restructuring, many employees felt like they were floundering, unsure of their new roles and responsibilities."
10415,flounder,"I watched the injured bird flounder helplessly in the shallow puddle, unable to take flight."
10415,flounder,The politician's campaign began to flounder after a series of embarrassing gaffes and policy reversals.
10416,garner,The politician hoped to garner support from younger voters by addressing their concerns about climate change.
10416,garner,"By consistently posting high-quality content, she was able to garner a large following on social media."
10416,garner,The museum sought to garner more donations through its annual fundraising gala.
10416,garner,"After years of hard work and dedication, he finally began to garner recognition for his artistic talent."
10416,garner,The detective hoped to garner more information about the suspect by interviewing witnesses near the crime scene.
10417,sumptuous,"The hotel suite was incredibly sumptuous, featuring a private balcony and a marble bathroom."
10417,sumptuous,"After the long hike, a sumptuous meal of roasted chicken and vegetables was exactly what we needed."
10417,sumptuous,"The queen's coronation was a sumptuous affair, with gold decorations and extravagant costumes."
10417,sumptuous,"I can't afford to live a sumptuous lifestyle like that, but I can certainly appreciate the beauty of it."
10417,sumptuous,"For their anniversary, they treated themselves to a sumptuous weekend getaway at a luxurious spa."
10418,perk,One of the best perks of working from home is the flexible schedule.
10418,perk,"The company offers a number of employee perks, including free gym memberships and catered lunches."
10418,perk,"Besides the salary, the real perk of this job is the opportunity to travel internationally."
10418,perk,"As a senior employee, she has the perk of choosing her vacation dates first."
10418,perk,He felt a little perk of excitement when he realized he'd won the raffle.
10419,glean,"From the scattered remarks made during the meeting, I was able to glean that the project was behind schedule."
10419,glean,Archaeologists carefully glean information about past civilizations by studying artifacts and ruins.
10419,glean,"Reporters attempted to glean any details they could about the celebrity's private life, but her publicist was very tight-lipped."
10419,glean,"After reading several articles on the topic, I began to glean a better understanding of the economic implications."
10419,glean,"Even though the lecture was somewhat disorganized, I managed to glean a few useful insights from the professor's comments."
10420,euphemism,"Instead of saying someone died, people often use the euphemism 'passed away' to soften the blow."
10420,euphemism,"The company used the euphemism 'rightsizing' to refer to mass layoffs, hoping to minimize negative publicity."
10420,euphemism,"Politicians are masters of euphemism, often using vague language to avoid taking a firm stance on controversial issues."
10420,euphemism,"Calling someone 'vertically challenged' is a common euphemism for 'short,' though it can sometimes come across as condescending."
10420,euphemism,"To avoid sounding too harsh, the manager used the euphemism 'needs improvement' instead of directly criticizing the employee's poor performance."
10421,lexicon,The professor's extensive lexicon of historical terms made his lectures incredibly informative.
10421,lexicon,"Learning a new language involves acquiring its lexicon, including vocabulary and idiomatic expressions."
10421,lexicon,"While his grammar was excellent, his limited lexicon made it difficult to express nuanced opinions."
10421,lexicon,The software program allows users to customize their lexicon with industry-specific jargon.
10421,lexicon,"She keeps a notebook to jot down unfamiliar words, constantly expanding her personal lexicon."
10422,measles,The doctor confirmed that the child had measles based on the characteristic rash and fever.
10422,measles,"Before the widespread vaccination program, measles was a common childhood illness."
10422,measles,I'm worried about traveling to that region because there's currently a measles outbreak.
10422,measles,"Even though I was vaccinated as a child, I'm still going to get a booster shot as a precaution against measles."
10422,measles,Public health officials are urging parents to vaccinate their children to prevent the resurgence of measles and other preventable diseases.
10423,goad,Don't goad him; he's already upset and likely to overreact.
10423,goad,"The protesters tried to goad the police officers into a confrontation, but they remained calm."
10423,goad,"She knew he was trying to goad her into an argument, but she refused to take the bait."
10423,goad,"Driven by ambition and goaded by his rival's success, he worked tirelessly to improve his own performance."
10423,goad,"Despite the heckling from the audience, the speaker refused to be goaded into making inflammatory remarks."
10424,inoculation,The doctor recommended an inoculation against the flu before the winter season.
10424,inoculation,Many parents choose inoculation to protect their children from preventable diseases like measles and mumps.
10424,inoculation,The agricultural researchers are experimenting with inoculation techniques to improve crop yields and disease resistance.
10424,inoculation,"Despite the controversy surrounding vaccinations, widespread inoculation remains the most effective way to control outbreaks of infectious diseases."
10424,inoculation,"I'm a bit nervous about the inoculation, but I know it's important for my health and the health of those around me."
10425,pundit,"The political pundits are already speculating about the next election, even though it's still years away."
10425,pundit,"He's become a self-proclaimed tech pundit, offering his opinions on every new gadget and app."
10425,pundit,"Despite the team's recent struggles, one sports pundit still believes they have a chance to make the playoffs."
10425,pundit,"Don't take everything he says as gospel; he's just a pundit offering his opinion, and his predictions are often wrong."
10425,pundit,"The financial pundits on television were warning of an impending recession, causing widespread anxiety among investors."
10426,harry ,The constant interruptions started to harry me while I was trying to concentrate on the report.
10426,harry ,Reporters continued to harry the politician about the ethics allegations.
10426,harry ,Don't harry me about the package; I told you it would arrive next week.
10426,harry ,The opposing team tried to harry the quarterback into making mistakes.
10426,harry ,Years of financial problems had begun to harry their peace of mind.
10427,metaphysical,The novel delves into metaphysical questions about the nature of reality and existence.
10427,metaphysical,"After losing her father, she began exploring metaphysical concepts to find comfort and meaning."
10427,metaphysical,"Their discussions often drifted into metaphysical territory, pondering the relationship between mind and body."
10427,metaphysical,Some argue that near-death experiences provide evidence for metaphysical realms beyond our physical world.
10427,metaphysical,I'm not really interested in getting into a metaphysical debate right now; let's just focus on the practical issues.
10428,outspoken,"She's always been an outspoken advocate for animal rights, never afraid to challenge corporations on their practices."
10428,outspoken,The politician's outspoken criticism of the new policy led to a heated debate in parliament.
10428,outspoken,"Despite the potential consequences, he remained outspoken about the corruption he witnessed within the organization."
10428,outspoken,"My aunt is known for being quite outspoken, so be prepared for her honest opinions."
10428,outspoken,"While some considered her outspoken nature abrasive, others appreciated her directness and honesty."
10429,wrangle,The cowboys had to wrangle the stray cattle back into the herd before nightfall.
10429,wrangle,"I didn't want to wrangle with the insurance company over the car repairs, so I just paid for them myself."
10429,wrangle,It took hours to wrangle all the data into a format that the software could understand.
10429,wrangle,"The senators continued to wrangle over the details of the new bill, delaying its passage."
10429,wrangle,Let's not wrangle about who gets the last slice of pizza; we can just cut it in half.
10430,hone,She spent years working as a waitress to hone her customer service skills.
10430,hone,The company held a workshop to help employees hone their presentation techniques.
10430,hone,He used a whetstone to hone the blade of his favorite chef's knife.
10430,hone,"After months of practice, the athlete was able to hone his reflexes to an impressive level."
10430,hone,The author took a writing course to hone her craft and improve her storytelling ability.
10431,drawl,"The sheriff spoke with a slow drawl, making it hard to tell if he was serious or joking."
10431,drawl,"She had a charming Southern drawl that made her sound incredibly relaxed, even when she was stressed."
10431,drawl,The professor's lecture was delivered in such a monotonous drawl that half the class fell asleep.
10431,drawl,"He tried to imitate the Texan's drawl, but it came across as forced and unnatural."
10431,drawl,"Despite living in New York for years, she never lost the slight drawl she'd picked up growing up in Georgia."
10432,impart,The professor hoped to impart a love of history to his students.
10432,impart,Spending time in nature can impart a sense of peace and tranquility.
10432,impart,I wanted to impart some wisdom to my younger brother before he left for college.
10432,impart,The old photograph seemed to impart a story of a bygone era.
10432,impart,She tried to impart the importance of hard work and dedication to her children.
10433,convent,"She spent her childhood summers visiting her aunt, who lived in a small village near a centuries-old convent."
10433,convent,"After struggling with her faith, she decided to enter the convent and dedicate her life to religious service."
10433,convent,"The old convent has been converted into a charming bed and breakfast, retaining much of its original architecture."
10433,convent,Local legend says a secret tunnel connects the convent to the nearby castle.
10433,convent,"The historical society is working to preserve the convent's library, which contains a wealth of ancient manuscripts."
10434,terrain,The hikers struggled to navigate the rocky terrain.
10434,terrain,"The tank was designed to handle all types of terrain, from deserts to forests."
10434,terrain,Our off-road vehicle is perfect for exploring rough terrain.
10434,terrain,"Before building the house, we needed to survey the terrain to ensure it was stable."
10434,terrain,"The general carefully studied the terrain, looking for any advantage in the upcoming battle."
10435,impede,The heavy traffic will likely impede our progress and make us late for the meeting.
10435,impede,Lack of funding could seriously impede the research team's ability to find a cure.
10435,impede,Don't let your fear of failure impede you from pursuing your dreams.
10435,impede,"The fallen tree on the road is impeding traffic, so we'll have to find another route."
10435,impede,Bureaucratic red tape often serves to impede innovation and slow down progress.
10436,reconnaissance,"Before committing troops, we need to conduct thorough reconnaissance of the area to identify potential threats."
10436,reconnaissance,"The drone provided valuable reconnaissance, showing enemy troop movements near the border."
10436,reconnaissance,"I did some reconnaissance online before choosing a restaurant, checking reviews and menus."
10436,reconnaissance,"The detective performed reconnaissance around the suspect's neighborhood, hoping to gather information from neighbors."
10436,reconnaissance,Our initial reconnaissance suggests that the building is structurally unsound and unsafe to enter.
10437,incite,The politician's inflammatory speech was meant to incite the crowd to riot.
10437,incite,Don't let his rude comments incite you to anger; just ignore him.
10437,incite,The article accused the website of publishing propaganda designed to incite hatred against immigrants.
10437,incite,Are you trying to incite an argument between us? I thought we were getting along.
10437,incite,The documentary explores how social media algorithms can inadvertently incite violence by amplifying extremist content.
10438,zealot,"The political zealot refused to listen to any opposing viewpoints, convinced of their own absolute correctness."
10438,zealot,He was such a zealot for fitness that he would wake up at 4 AM every day to run a marathon.
10438,zealot,"While I admire her passion, I think she's bordering on being a zealot when it comes to recycling; she gets angry at anyone who throws something in the wrong bin."
10438,zealot,"The professor warned us against becoming zealots in our research, emphasizing the importance of objectivity and critical thinking."
10438,zealot,"Some might consider him a zealot for his unwavering dedication to animal rights, but his commitment is undeniable."
10439,masterly,Her masterly handling of the crisis averted what could have been a public relations disaster.
10439,masterly,The chef's masterly command of spices transformed a simple dish into a culinary masterpiece.
10439,masterly,"He delivered a masterly performance, captivating the audience with his nuanced portrayal of the character."
10439,masterly,"With a masterly flick of the wrist, she landed the fish, a testament to years of experience."
10439,masterly,"The negotiator demonstrated a masterly understanding of the opposing party's motivations, leading to a swift and favorable agreement."
10440,inflame,The inflammatory rhetoric used by both sides of the debate only served to inflame tensions further.
10440,inflame,His insensitive comments about her weight were sure to inflame her already fragile self-esteem.
10440,inflame,Be careful not to rub your eyes; it will only inflame the irritation.
10440,inflame,The doctor prescribed a cream to help reduce the swelling and stop the wound from becoming more inflamed.
10440,inflame,"Adding fuel to the fire would only inflame the situation, so I decided to stay silent."
10441,stalwart,The library relied on a few stalwart volunteers who dedicated countless hours to keeping it running.
10441,stalwart,"Despite the setbacks, he remained a stalwart supporter of the team, never losing faith in their potential."
10441,stalwart,"She's a stalwart member of the community, always willing to lend a hand to those in need."
10441,stalwart,"The old oak tree stood as a stalwart guardian of the valley, weathering storms for centuries."
10441,stalwart,"Even after the company faced significant financial difficulties, the CEO remained a stalwart figure, guiding them towards recovery."
10442,inter,Please don't interject while I'm presenting my findings.
10442,inter,We need to interlink these databases to ensure seamless data flow.
10442,inter,The artist often tries to interweave themes of nature and technology in their work.
10442,inter,"I tried to intercede on his behalf, but the decision was already made."
10442,inter,"The branches of the trees interlocked, creating a dense canopy overhead."
10443,rover,The Mars rover sent back stunning images of the Martian landscape.
10443,rover,My dog is a real rover; he's always wandering off exploring the neighborhood.
10443,rover,We need to design a robust rover that can withstand the harsh conditions of the lunar surface.
10443,rover,"He lived the life of a rover, never staying in one place for very long."
10443,rover,The company is developing a new underwater rover for exploring deep-sea trenches.
10444,jettison,The pilot had to jettison fuel to lighten the plane for an emergency landing.
10444,jettison,"After realizing the project was a failure, the company decided to jettison it and focus on more promising ventures."
10444,jettison,I think it's time to jettison this old couch; it's uncomfortable and falling apart.
10444,jettison,The climbers made the difficult decision to jettison some of their equipment to increase their speed and improve their chances of reaching the summit before the storm hit.
10444,jettison,"During the heated debate, he chose to jettison his prepared notes and speak directly from the heart."
10445,affiliated,The university is affiliated with several research hospitals in the city.
10445,affiliated,Are you affiliated with any political party?
10445,affiliated,"Our company is affiliated with a larger, international conglomerate."
10445,affiliated,She mentioned that she was affiliated with the local historical society and volunteered there regularly.
10445,affiliated,"The blog is affiliated with a well-known marketing firm, which explains its high-quality content."
10446,stagnation,The company's stagnation in innovation is a serious concern for its future prospects.
10446,stagnation,"After years of stagnation, the town finally saw some new businesses opening up and revitalizing the economy."
10446,stagnation,"I felt a sense of stagnation in my career, like I wasn't learning or growing anymore."
10446,stagnation,The prolonged political stagnation led to widespread frustration and calls for reform.
10446,stagnation,We need to find ways to break through this creative stagnation and come up with some fresh ideas.
10447,jeopardy,The company's reputation is in jeopardy after the scandal broke.
10447,jeopardy,"If you don't pay your taxes, you could put your home in financial jeopardy."
10447,jeopardy,He knew that speaking out against the regime would put his family in jeopardy.
10447,jeopardy,The endangered species is in jeopardy of extinction due to habitat loss.
10447,jeopardy,I wouldn't want to jeopardize our friendship over such a small disagreement.
10448,opium,The detective suspected the antique shop was a front for smuggling opium and other narcotics.
10448,opium,"Historically, the Opium Wars had a devastating impact on China's sovereignty and economy."
10448,opium,"He described the singer's voice as having an opium-like quality, soothing and almost hypnotic."
10448,opium,The government is cracking down on the illegal cultivation of opium poppies in the remote mountain regions.
10448,opium,"Back in the day, my grandfather told stories about sailors trading goods for opium in Southeast Asia."
10449,jaunder,"After a week of illness, his skin began to jaunder, a clear sign of liver distress."
10449,jaunder,The doctor noticed a slight jaunder in the baby's eyes and ordered further tests.
10449,jaunder,"Though the test results came back negative, her lingering jaunder was still a cause for concern."
10449,jaunder,"If you notice any jaunder, especially in your eyes or skin, you should consult a medical professional immediately."
10449,jaunder,"The jaundice, or jaunder, as it was once commonly called, faded gradually as the newborn's liver matured."
10450,liken,"Some critics liken his paintings to those of Van Gogh, citing the similar use of vibrant colors and impasto techniques."
10450,liken,I wouldn't liken this situation to a crisis; it's more of a minor inconvenience.
10450,liken,"To liken the two candidates would be a disservice to both, as their policies and ideologies are vastly different."
10450,liken,She was quick to liken her experience of moving to a new city to being thrown into the deep end of a pool.
10450,liken,"He didn't appreciate me likening his old car to a rusty bucket, even though it was meant as a joke."
10451,abbey,We visited Westminster Abbey on our trip to London and were amazed by its history and architecture.
10451,abbey,"The old abbey ruins stood silhouetted against the setting sun, creating a hauntingly beautiful scene."
10451,abbey,Local legend says a secret passage connects the manor house to the nearby abbey.
10451,abbey,The monks at the abbey are known for their peaceful lives and dedication to prayer.
10451,abbey,"I'm reading a historical novel set in the 12th century, and much of the story revolves around the lives of the people living near a Benedictine abbey."
10452,narrate,"Could you narrate what happened at the meeting, as I missed it?"
10452,narrate,The documentary uses Morgan Freeman to narrate the story of the Amazon rainforest.
10452,narrate,"She decided to narrate her experiences in a blog, hoping to connect with others who had similar struggles."
10452,narrate,"Instead of simply showing the footage, the director chose to narrate the events with a somber voiceover."
10452,narrate,"He began to narrate his childhood adventures, his voice full of nostalgia."
10453,persona,"The politician adopted a folksy persona during the campaign, but many suspected it wasn't genuine."
10453,persona,Her online persona is very different from how she acts in real life; she's much more outgoing and confident online.
10453,persona,"As a customer service representative, it's important to maintain a professional and helpful persona, even when dealing with difficult customers."
10453,persona,"The author created a distinct persona for the main character, giving him a unique voice and perspective that resonated with readers."
10453,persona,Marketing research helped the company develop a detailed customer persona to better understand their target audience and tailor their advertising efforts accordingly.
10454,staunch,"He was a staunch supporter of the local football team, attending every game regardless of the weather."
10454,staunch,"Despite the criticism, she remained a staunch advocate for environmental protection."
10454,staunch,The doctor used a tourniquet to staunch the flow of blood from the wound.
10454,staunch,My grandmother is a staunch believer in traditional values and hard work.
10454,staunch,"Even when things got tough, he remained a staunch friend, always there to offer support."
10455,affable,"The restaurant owner was incredibly affable, making us feel welcome from the moment we walked in."
10455,affable,"Despite his high-powered position, the CEO was surprisingly affable and approachable during the company picnic."
10455,affable,Her affable nature made her a popular choice for the customer service role.
10455,affable,"He tried to be affable, but his forced smile didn't quite mask his underlying annoyance."
10455,affable,The professor's affable demeanor and engaging lectures made even the most complex topics understandable.
10456,pamper,"After a long week at work, I like to pamper myself with a hot bath and a good book."
10456,pamper,"The resort is known for its luxurious spa treatments, where guests can truly pamper themselves."
10456,pamper,She loves to pamper her dog with gourmet treats and plenty of attention.
10456,pamper,"He felt guilty for taking so much time off, but he knew he needed to pamper his mental health."
10456,pamper,The wealthy heiress would often pamper her friends with lavish gifts and extravagant parties.
10457,backer,"The local business owner has been a long-time backer of the youth sports league, donating equipment and sponsoring teams every year."
10457,backer,"Without a significant backer, the project is unlikely to secure the necessary funding to move forward."
10457,backer,He's a strong backer of the senator's environmental policies and regularly contributes to her campaign.
10457,backer,I need a backer for my new app idea – someone who believes in my vision and is willing to invest.
10457,backer,"While initially hesitant, she eventually became a staunch backer of the proposal after seeing its potential benefits."
10458,patronize,I hate it when people patronize me by explaining things I already understand.
10458,patronize,The restaurant encourages locals to patronize their business by offering a discount to residents.
10458,patronize,Please don't patronize me with that tone; I'm perfectly capable of making my own decisions.
10458,patronize,Many art enthusiasts patronize the local galleries to support emerging artists.
10458,patronize,The professor's attempt to simplify the complex topic felt patronizing to the graduate students.
10459,peddle,The street vendor tried to peddle his wares to the tourists passing by.
10459,peddle,He was caught peddling stolen goods and faced serious charges.
10459,peddle,The politician seemed to peddle false hope to win votes.
10459,peddle,She decided to peddle her handcrafted jewelry at the local farmers market.
10459,peddle,I'm tired of companies peddling products that overpromise and underdeliver.
10460,dope,That new song is really dope; I've had it on repeat all day.
10460,dope,The special effects in that movie were so dope; it felt incredibly realistic.
10460,dope,"He's a dope guitar player, effortlessly shredding through complex solos."
10460,dope,I just got some dope new running shoes that are supposed to improve my performance.
10460,dope,"The professor gave a dope lecture on quantum physics, making a complex topic surprisingly understandable."
10461,rabid,"The animal control officer warned everyone to stay away from the stray dog, fearing it might be rabid."
10461,rabid,The politician's rabid supporters often engaged in aggressive online debates.
10461,rabid,"He had a rabid enthusiasm for classic cars, spending all his free time restoring them."
10461,rabid,"The news channel reported a suspected case of rabies, urging residents to vaccinate their pets and avoid contact with wild animals exhibiting rabid behavior."
10461,rabid,"The debate over the proposed law became rabid, with both sides resorting to personal attacks and inflammatory rhetoric."
10462,sectarian,The peace talks were constantly threatened by sectarian violence between the two communities.
10462,sectarian,"He argued that the new law was sectarian, favoring one religious group over others."
10462,sectarian,Our organization strives to be inclusive and avoid any sectarian bias in its policies.
10462,sectarian,"I'm tired of the sectarian bickering in politics; we need leaders who can unite us, not divide us."
10462,sectarian,The history of the region is deeply marked by sectarian conflict and discrimination.
10463,perpetrate,The article claims that the company helped perpetrate a fraud against its investors.
10463,perpetrate,I can't believe he would perpetrate such a cruel hoax on his own family.
10463,perpetrate,It's important to remember that ignorance doesn't excuse someone who perpetrates a crime.
10463,perpetrate,We must work together to prevent individuals from perpetrating acts of violence against innocent people.
10463,perpetrate,The dictator used propaganda to perpetrate a false image of himself as a benevolent leader.
10464,vandalism,The recent vandalism of the park benches has angered many local residents.
10464,vandalism,"Graffiti is often considered a form of vandalism, even if the artist sees it as creative expression."
10464,vandalism,The city council is considering installing security cameras to deter vandalism and other crimes.
10464,vandalism,We need to teach children the importance of respecting public property to prevent future acts of vandalism.
10464,vandalism,"After the game, there were reports of vandalism downtown, including broken windows and overturned trash cans."
10465,skirmish,"The protest started peacefully, but a skirmish broke out between some demonstrators and the police near the barricades."
10465,skirmish,"We had a brief skirmish with the opposing team early in the game, but we quickly gained control of the ball."
10465,skirmish,The company is engaged in a legal skirmish with its competitor over patent rights.
10465,skirmish,"After a minor skirmish over the last slice of pizza, we decided to order another one."
10465,skirmish,The border patrol reported a small skirmish with smugglers attempting to cross the river last night.
10466,quell,The police used tear gas to quell the riot that had broken out downtown.
10466,quell,He took a deep breath to quell his anxiety before the presentation.
10466,quell,A glass of warm milk can sometimes quell a child's nighttime cough.
10466,quell,The company issued a statement to quell rumors of an impending bankruptcy.
10466,quell,She tried to quell her excitement at the prospect of seeing her favorite band live.
10467,recoup,The company hopes to recoup its investment in research and development within the next three years.
10467,recoup,"After a disappointing first quarter, we're working hard to recoup our losses and finish the year strong."
10467,recoup,I need to recoup some sleep this weekend after working so many late nights this week.
10467,recoup,"He's trying to recoup his reputation after the scandal, but it's proving to be difficult."
10467,recoup,"By offering a generous discount, the store aimed to recoup some of the revenue lost during the unexpected store closure."
10468,centennial,The university is planning a year-long celebration for its centennial in 2025.
10468,centennial,Did you know that Canada celebrated its centennial in 1967 with Expo 67 in Montreal?
10468,centennial,The historical society is publishing a special edition journal to commemorate the town's centennial.
10468,centennial,"My great-grandmother was alive for the centennial of the United States, which is amazing to think about."
10468,centennial,The company's centennial report highlighted its growth and innovation over the past hundred years.
10469,reinstate,"After successfully completing anger management, the company agreed to reinstate John to his previous position."
10469,reinstate,The union is fighting to reinstate workers who were unfairly laid off during the economic downturn.
10469,reinstate,I hope they reinstate the old policy; it was much more effective than the current one.
10469,reinstate,"Could you please reinstate my internet service? I paid the bill online yesterday, but it's still disconnected."
10469,reinstate,The judge ordered the university to reinstate the student after finding that the expulsion was based on insufficient evidence.
10470,misdemeanor,He was charged with a misdemeanor for shoplifting a candy bar.
10470,misdemeanor,"Although the crime was only a misdemeanor, it still went on his permanent record."
10470,misdemeanor,The judge reduced the felony charge to a misdemeanor in exchange for a guilty plea.
10470,misdemeanor,"Compared to the serious felonies the detective usually investigated, this case of public intoxication felt like a minor misdemeanor."
10470,misdemeanor,"Getting a speeding ticket is usually just a misdemeanor, but repeated offenses can lead to more severe consequences."
10471,injunction,The judge issued an injunction to prevent the company from selling the product until the patent dispute is resolved.
10471,injunction,She sought an injunction against her former business partner to stop him from contacting her.
10471,injunction,"After the noisy construction started late at night, the residents filed for an injunction to enforce quiet hours."
10471,injunction,The environmental group obtained a temporary injunction to halt the logging operation in the protected forest.
10471,injunction,The contract included a clause stating that any breach would result in an immediate injunction prohibiting further violations.
10472,relinquish,He had to relinquish his position as CEO due to health concerns.
10472,relinquish,"I'm not willing to relinquish my dreams, even if they seem impossible right now."
10472,relinquish,The company was forced to relinquish control of its subsidiary after the investigation.
10472,relinquish,She reluctantly relinquished the last piece of cake to her younger brother.
10472,relinquish,"After hours of negotiation, the rebels agreed to relinquish their weapons and return to their homes."
10473,renovate,"We're planning to renovate the kitchen next year, but it's going to be a major undertaking."
10473,renovate,"The city council voted to renovate the old town hall, preserving its historical significance."
10473,renovate,"Before we put the house on the market, we should probably renovate the bathrooms to increase its appeal."
10473,renovate,My neighbor is a contractor who specializes in renovating Victorian-era homes.
10473,renovate,"The landlord decided to renovate the apartment building, so we had to find a new place to live."
10474,courthouse,The old courthouse in the town square is a beautiful example of neoclassical architecture.
10474,courthouse,I had to go to the courthouse downtown to file some legal documents yesterday.
10474,courthouse,He's been summoned to the courthouse next week to serve as a juror in a trial.
10474,courthouse,Rumor has it that the mayor is pushing for a new courthouse to be built because the current one is too small.
10474,courthouse,You can find the marriage license application forms in the clerk's office at the courthouse.
10475,replenish,I need to replenish my coffee cup; I'm feeling a bit tired.
10475,replenish,"The recent rainfall helped to replenish the reservoir, easing concerns about water shortages."
10475,replenish,"After a long workout, it's important to replenish your electrolytes with a sports drink."
10475,replenish,The company decided to replenish its inventory of office supplies before the end of the quarter.
10475,replenish,Volunteers worked tirelessly to replenish the food bank's shelves after the holiday rush.
10476,requisite,A strong academic record is a requisite for admission to the university's graduate program.
10476,requisite,Having a valid driver's license is requisite before you can rent a car.
10476,requisite,Patience and a good sense of humor are requisite qualities for dealing with toddlers.
10476,requisite,"Before starting the experiment, make sure you have all the requisite safety equipment."
10476,requisite,"While enthusiasm is appreciated, the requisite skills are what will actually get the job done."
10477,replicate,"The scientists tried to replicate the experiment's results, but they were unsuccessful."
10477,replicate,I'm trying to replicate that delicious pasta dish I had at the Italian restaurant last week.
10477,replicate,It's almost impossible to perfectly replicate the feeling of visiting a place for the first time.
10477,replicate,The software company aims to replicate its success in the mobile gaming market with a new app.
10477,replicate,"Due to copyright restrictions, we cannot replicate the artwork without permission from the artist."
10478,disintegration,The disintegration of the old bridge was carefully controlled to avoid damaging nearby structures.
10478,disintegration,"After years of neglect, the abandoned building was showing signs of disintegration, with crumbling walls and a collapsing roof."
10478,disintegration,The political party faced disintegration as internal conflicts deepened and members began to defect.
10478,disintegration,The astronaut watched in horror as the spacecraft experienced a catastrophic disintegration upon re-entry into the atmosphere.
10478,disintegration,My grandmother's memory suffered a slow disintegration due to Alzheimer's disease.
10479,resurrect,The band decided to resurrect their old hits for a reunion tour.
10479,resurrect,"After years of neglect, they hope to resurrect the abandoned community center."
10479,resurrect,Some scientists are exploring ways to resurrect extinct species through advanced genetic engineering.
10479,resurrect,"The politician tried to resurrect his career after the scandal, but his reputation was permanently damaged."
10479,resurrect,"With a fresh coat of paint and some new furniture, we managed to resurrect the living room from its drab state."
10480,hyperbole,Saying you're so hungry you could eat a horse is a classic example of hyperbole.
10480,hyperbole,"The politician's speech was full of hyperbole, exaggerating the positive impact of their policies to an absurd degree."
10480,hyperbole,I think she used hyperbole when she said she had a million things to do; she probably just felt overwhelmed.
10480,hyperbole,Don't take his complaints too seriously; he's prone to hyperbole and often blows things out of proportion.
10480,hyperbole,"While the movie was enjoyable, the critics' claims that it was the greatest film ever made were pure hyperbole."
10481,opus,"The composer considered his symphony to be his greatest opus, the culmination of years of work."
10481,opus,"After decades of writing novels, this latest book is being hailed as her magnum opus."
10481,opus,"He spent his entire life working on the project, and it became his life's opus."
10481,opus,"While his earlier works were interesting, this new exhibition showcases what I consider his true opus."
10481,opus,"The artist's opus includes paintings, sculptures, and performance art, reflecting a diverse creative vision."
10482,grudge,"Even though he apologized, she still held a grudge against him for forgetting her birthday."
10482,grudge,I don't grudge them their success; they worked incredibly hard to achieve it.
10482,grudge,"The political rivals have been nursing a grudge against each other for years, stemming from a disagreement during a crucial vote."
10482,grudge,"She knew she should forgive him, but she couldn't help but feel a little grudge when he got the promotion she wanted."
10482,grudge,"He doesn't seem to grudge anyone anything, always willing to offer help and support."
10483,retaliate,"If you hit me, I'll retaliate!"
10483,retaliate,The company decided not to retaliate against the whistleblower for fear of further legal action.
10483,retaliate,"After the opposing team scored, our players were determined to retaliate with a goal of their own."
10483,retaliate,"He felt the urge to retaliate after the insult, but he knew it wouldn't solve anything."
10483,retaliate,The government warned that any further attacks would be met with swift and decisive retaliation.
10484,revamp,The company decided to revamp its website to improve user experience and attract more customers.
10484,revamp,We need to revamp our marketing strategy if we want to see a significant increase in sales this quarter.
10484,revamp,"After years of neglect, the city plans to revamp the old park, turning it into a vibrant community space."
10484,revamp,"I'm thinking of revamping my wardrobe with some new, stylish pieces for the upcoming season."
10484,revamp,"The software developers are working hard to revamp the application's user interface, making it more intuitive and efficient."
10485,rendition,"The band's rendition of ""Bohemian Rhapsody"" was surprisingly faithful to the original."
10485,rendition,I wasn't a fan of the artist's modern rendition of the classic portrait; it felt too abstract.
10485,rendition,Could you please provide a high-resolution rendition of that image for the website?
10485,rendition,His rendition of the events leading up to the accident differed significantly from the police report.
10485,rendition,"The director's rendition of the play received mixed reviews, with some praising its originality and others criticizing its departure from the source material."
10486,crackdown,The city announced a crackdown on illegal street racing after several complaints from residents.
10486,crackdown,"There's been a real crackdown on plagiarism in universities lately, with stricter penalties being enforced."
10486,crackdown,"The government is planning a crackdown on tax evasion, hoping to recover billions in unpaid revenue."
10486,crackdown,"After the recent security breach, the company initiated a crackdown on unauthorized access to sensitive data."
10486,crackdown,"My mom's on a health kick, so there's been a serious crackdown on junk food in the house!"
10487,revoke,The company decided to revoke his access privileges after he violated the security protocol.
10487,revoke,"If you don't pay your taxes, the government might revoke your passport."
10487,revoke,I hope they don't revoke my driver's license for getting too many speeding tickets.
10487,revoke,The judge threatened to revoke bail if the defendant missed another court date.
10487,revoke,"After discovering the fraudulent activity, the university moved to revoke the professor's tenure."
10488,counterfeit,"The detective examined the bill closely, suspecting it was counterfeit."
10488,counterfeit,"She unknowingly bought a counterfeit handbag online, only realizing its poor quality later."
10488,counterfeit,The company issued a warning about counterfeit versions of their medication circulating in the market.
10488,counterfeit,"Authorities seized a large shipment of counterfeit goods at the port, including clothing and electronics."
10488,counterfeit,He was arrested for attempting to pass counterfeit money at the local grocery store.
10489,rout,"The soccer team suffered a humiliating rout, losing 8-0 to their rivals."
10489,rout,Our company aims to rout the competition by offering better service and more innovative products.
10489,rout,The general planned a swift and decisive attack to rout the enemy forces from the captured territory.
10489,rout,"After the scandal broke, the company's stock price experienced a massive rout, plummeting to record lows."
10489,rout,I'm trying to rout out all the old files on my computer to free up some storage space.
10490,fluke,"I won the raffle, but it was a total fluke – I never win anything!"
10490,fluke,"The unexpected success of his first novel was considered a fluke by many critics, who predicted he wouldn't replicate it."
10490,fluke,"She managed to pass the exam, but I think it was a fluke; she hadn't studied at all."
10490,fluke,"The team's victory against the reigning champions was a complete fluke, as they were thoroughly outplayed for most of the match."
10490,fluke,"While the initial positive results were encouraging, we must determine if they were a fluke or indicative of a genuine trend before proceeding with further investment."
10491,salvage,"After the fire, we tried to salvage what we could from the damaged house."
10491,salvage,The company is working hard to salvage its reputation after the recent scandal.
10491,salvage,They managed to salvage some valuable data from the crashed hard drive.
10491,salvage,"The old boat was beyond repair, but we were able to salvage some of its parts for other projects."
10491,salvage,"Is there any way we can salvage this relationship, or is it too late?"
10492,sierra,The hiking trail offered breathtaking views of the Sierra Nevada mountain range.
10492,sierra,My grandfather always dreamed of retiring to a cabin nestled in the Sierra foothills.
10492,sierra,"During the search and rescue operation, the team used 'Sierra' as the radio call sign for their base camp."
10492,sierra,The geology professor specialized in the formation of the Sierra batholith.
10492,sierra,"We drove for hours, hoping to catch a glimpse of the snow-capped Sierra peaks in the distance."
10493,scour,The detectives will scour the area for any clues related to the missing person case.
10493,scour,I had to scour the internet for hours before I found a decent price on that laptop.
10493,scour,She used steel wool to scour the burnt food from the bottom of the pot.
10493,scour,"After the storm, we had to scour the beach, picking up all the debris that had washed ashore."
10493,scour,The company decided to scour its internal documents to identify any potential compliance issues.
10494,epicenter,
10494,epicenter,
10494,epicenter,
10494,epicenter,
10494,epicenter,
10495,annuity,
10495,annuity,
10495,annuity,
10495,annuity,
10495,annuity,
10496,scuttle,
10496,scuttle,
10496,scuttle,
10496,scuttle,
10496,scuttle,
10497,impasse,
10497,impasse,
10497,impasse,
10497,impasse,
10497,impasse,
10498,secede,
10498,secede,
10498,secede,
10498,secede,
10498,secede,
10499,spearhead,
10499,spearhead,
10499,spearhead,
10499,spearhead,
10499,spearhead,
10500,prostitution,
10500,prostitution,
10500,prostitution,
10500,prostitution,
10500,prostitution,
10501,splice,
10501,splice,
10501,splice,
10501,splice,
10501,splice,
10502,perimeter ,
10502,perimeter ,
10502,perimeter ,
10502,perimeter ,
10502,perimeter ,
10503,spurn,
10503,spurn,
10503,spurn,
10503,spurn,
10503,spurn,
10504,preposterous,
10504,preposterous,
10504,preposterous,
10504,preposterous,
10504,preposterous,
10505,paranoia,
10505,paranoia,
10505,paranoia,
10505,paranoia,
10505,paranoia,
10506,squander,
10506,squander,
10506,squander,
10506,squander,
10506,squander,
10507,patronage,
10507,patronage,
10507,patronage,
10507,patronage,
10507,patronage,
10508,stave,
10508,stave,
10508,stave,
10508,stave,
10508,stave,
10509,attrition,
10509,attrition,
10509,attrition,
10509,attrition,
10509,attrition,
10510,abstinence,
10510,abstinence,
10510,abstinence,
10510,abstinence,
10510,abstinence,
10511,succumb,
10511,succumb,
10511,succumb,
10511,succumb,
10511,succumb,
10512,infringement,
10512,infringement,
10512,infringement,
10512,infringement,
10512,infringement,
10513,thwart,
10513,thwart,
10513,thwart,
10513,thwart,
10513,thwart,
10514,vie,
10514,vie,
10514,vie,
10514,vie,
10514,vie,
10515,hegemony,
10515,hegemony,
10515,hegemony,
10515,hegemony,
10515,hegemony,
10516,miscarriage,
10516,miscarriage,
10516,miscarriage,
10516,miscarriage,
10516,miscarriage,
10517,vindicate,
10517,vindicate,
10517,vindicate,
10517,vindicate,
10517,vindicate,
10518,waive,
10518,waive,
10518,waive,
10518,waive,
10518,waive,
10519,eligibility,
10519,eligibility,
10519,eligibility,
10519,eligibility,
10519,eligibility,
10520,conservationist,
10520,conservationist,
10520,conservationist,
10520,conservationist,
10520,conservationist,
10521,bemoan,
10521,bemoan,
10521,bemoan,
10521,bemoan,
10521,bemoan,
10522,oracle,
10522,oracle,
10522,oracle,
10522,oracle,
10522,oracle,
10523,decipher,
10523,decipher,
10523,decipher,
10523,decipher,
10523,decipher,
10524,genetics,
10524,genetics,
10524,genetics,
10524,genetics,
10524,genetics,
10525,delve,
10525,delve,
10525,delve,
10525,delve,
10525,delve,
10526,downplay ,
10526,downplay ,
10526,downplay ,
10526,downplay ,
10526,downplay ,
10527,cardiac,
10527,cardiac,
10527,cardiac,
10527,cardiac,
10527,cardiac,
10528,pathology,
10528,pathology,
10528,pathology,
10528,pathology,
10528,pathology,
10529,chaplain,The hospital chaplain offered comfort to the family after the surgery.
10529,chaplain,Our company employs a chaplain to provide spiritual guidance and support to employees of all faiths.
10529,chaplain,"Before deploying overseas, the soldiers met with the base chaplain for a pre-deployment briefing."
10529,chaplain,"I'm not particularly religious, but I found the chaplain's words during the memorial service to be incredibly moving."
10529,chaplain,The university chaplain is organizing an interfaith dialogue series to promote understanding and respect among different religious groups on campus.
10530,endear,
10530,endear,
10530,endear,
10530,endear,
10530,endear,
10531,evangelical,
10531,evangelical,
10531,evangelical,
10531,evangelical,
10531,evangelical,
10532,entreat,
10532,entreat,
10532,entreat,
10532,entreat,
10532,entreat,
10533,lama,
10533,lama,
10533,lama,
10533,lama,
10533,lama,
10534,espouse,
10534,espouse,
10534,espouse,
10534,espouse,
10534,espouse,
10535,altruism,
10535,altruism,
10535,altruism,
10535,altruism,
10535,altruism,
10536,dire,
10536,dire,
10536,dire,
10536,dire,
10536,dire,
10537,etch,
10537,etch,
10537,etch,
10537,etch,
10537,etch,
10538,archipelago,"The cruise will take us through a stunning archipelago in the Caribbean, offering opportunities to explore remote beaches and vibrant coral reefs."
10538,archipelago,"Indonesia is the world's largest archipelago, comprising over 17,000 islands, each with its own unique culture and ecosystem."
10538,archipelago,Studying the geological formation of the archipelago helped scientists understand the region's volcanic history and tectonic activity.
10538,archipelago,"After years of sailing, he finally found his paradise: a small, secluded island in a forgotten archipelago."
10538,archipelago,"The government is working to improve infrastructure and connectivity between the islands of the archipelago, aiming to boost tourism and economic development."
10539,legion,
10539,legion,
10539,legion,
10539,legion,
10539,legion,
10540,exult,
10540,exult,
10540,exult,
10540,exult,
10540,exult,
10541,truce,
10541,truce,
10541,truce,
10541,truce,
10541,truce,
10542,fathom,
10542,fathom,
10542,fathom,
10542,fathom,
10542,fathom,
10543,lore,
10543,lore,
10543,lore,
10543,lore,
10543,lore,
10544,tome,
10544,tome,
10544,tome,
10544,tome,
10544,tome,
10545,loathe,
10545,loathe,
10545,loathe,
10545,loathe,
10545,loathe,
10546,incest,The rumors of incest within the royal family had plagued the dynasty for generations.
10546,incest,The therapist specialized in treating individuals who had experienced the trauma of incest.
10546,incest,"While fictional, the portrayal of incest in the novel sparked considerable controversy and debate."
10546,incest,"The detective was determined to uncover the truth, even if it meant exposing a hidden history of incest in the small town."
10546,incest,She felt disgusted and betrayed when she learned about the history of incest in her family.
10547,mortify,
10547,mortify,
10547,mortify,
10547,mortify,
10547,mortify,
10548,snag,
10548,snag,
10548,snag,
10548,snag,
10548,snag,
10549,mull,
10549,mull,
10549,mull,
10549,mull,
10549,mull,
10550,fiasco,
10550,fiasco,
10550,fiasco,
10550,fiasco,
10550,fiasco,
10551,farce,
10551,farce,
10551,farce,
10551,farce,
10551,farce,
10552,bidder,
10552,bidder,
10552,bidder,
10552,bidder,
10552,bidder,
10553,rue,
10553,rue,
10553,rue,
10553,rue,
10553,rue,
10554,squint,
10554,squint,
10554,squint,
10554,squint,
10554,squint,
10555,writ,
10555,writ,
10555,writ,
10555,writ,
10555,writ,
10556,litigation,
10556,litigation,
10556,litigation,
10556,litigation,
10556,litigation,
10557,incarnation,
10557,incarnation,
10557,incarnation,
10557,incarnation,
10557,incarnation,
10558,heyday,
10558,heyday,
10558,heyday,
10558,heyday,
10558,heyday,
10559,swoon,
10559,swoon,
10559,swoon,
10559,swoon,
10559,swoon,
10560,unravel,
10560,unravel,
10560,unravel,
10560,unravel,
10560,unravel,
10561,schizophrenia,
10561,schizophrenia,
10561,schizophrenia,
10561,schizophrenia,
10561,schizophrenia,
10562,falcon,
10562,falcon,
10562,falcon,
10562,falcon,
10562,falcon,
10563,fin,
10563,fin,
10563,fin,
10563,fin,
10563,fin,
10564,mule,
10564,mule,
10564,mule,
10564,mule,
10564,mule,
10565,catalyst,
10565,catalyst,
10565,catalyst,
10565,catalyst,
10565,catalyst,
10566,clout,
10566,clout,
10566,clout,
10566,clout,
10566,clout,
10567,anesthesia,
10567,anesthesia,
10567,anesthesia,
10567,anesthesia,
10567,anesthesia,
10568,antidote,
10568,antidote,
10568,antidote,
10568,antidote,
10568,antidote,
10569,biopsy,
10569,biopsy,
10569,biopsy,
10569,biopsy,
10569,biopsy,
10570,chromosome,
10570,chromosome,
10570,chromosome,
10570,chromosome,
10570,chromosome,
10571,containment,
10571,containment,
10571,containment,
10571,containment,
10571,containment,
10572,contraception,
10572,contraception,
10572,contraception,
10572,contraception,
10572,contraception,
10573,cortex,
10573,cortex,
10573,cortex,
10573,cortex,
10573,cortex,
10574,efficacy,
10574,efficacy,
10574,efficacy,
10574,efficacy,
10574,efficacy,
10575,euthanasia,
10575,euthanasia,
10575,euthanasia,
10575,euthanasia,
10575,euthanasia,
10576,fetus,
10576,fetus,
10576,fetus,
10576,fetus,
10576,fetus,
10577,genital,
10577,genital,
10577,genital,
10577,genital,
10577,genital,
10578,hypertension,
10578,hypertension,
10578,hypertension,
10578,hypertension,
10578,hypertension,
10579,leukemia,
10579,leukemia,
10579,leukemia,
10579,leukemia,
10579,leukemia,
10580,marrow,
10580,marrow,
10580,marrow,
10580,marrow,
10580,marrow,
10581,menopause,
10581,menopause,
10581,menopause,
10581,menopause,
10581,menopause,
10582,metabolism,
10582,metabolism,
10582,metabolism,
10582,metabolism,
10582,metabolism,
10583,mole,
10583,mole,
10583,mole,
10583,mole,
10583,mole,
10584,nausea,
10584,nausea,
10584,nausea,
10584,nausea,
10584,nausea,
10585,neuron,
10585,neuron,
10585,neuron,
10585,neuron,
10585,neuron,
10586,nipple,
10586,nipple,
10586,nipple,
10586,nipple,
10586,nipple,
10587,placebo,
10587,placebo,
10587,placebo,
10587,placebo,
10587,placebo,
10588,pore,
10588,pore,
10588,pore,
10588,pore,
10588,pore,
10589,reflex,
10589,reflex,
10589,reflex,
10589,reflex,
10589,reflex,
10590,relapse,
10590,relapse,
10590,relapse,
10590,relapse,
10590,relapse,
10591,retina,
10591,retina,
10591,retina,
10591,retina,
10591,retina,
10592,scalp,
10592,scalp,
10592,scalp,
10592,scalp,
10592,scalp,
10593,tuberculosis,
10593,tuberculosis,
10593,tuberculosis,
10593,tuberculosis,
10593,tuberculosis,
10594,womb,
10594,womb,
10594,womb,
10594,womb,
10594,womb,
10595,brabado,
10595,brabado,
10595,brabado,
10595,brabado,
10595,brabado,
10596,clamor,
10596,clamor,
10596,clamor,
10596,clamor,
10596,clamor,
10597,complacency,
10597,complacency,
10597,complacency,
10597,complacency,
10597,complacency,
10598,contrition,
10598,contrition,
10598,contrition,
10598,contrition,
10598,contrition,
10599,cynicism,
10599,cynicism,
10599,cynicism,
10599,cynicism,
10599,cynicism,
10600,deference,
10600,deference,
10600,deference,
10600,deference,
10600,deference,
10601,demeanor,
10601,demeanor,
10601,demeanor,
10601,demeanor,
10601,demeanor,
10602,derision,
10602,derision,
10602,derision,
10602,derision,
10602,derision,
10603,empathy,
10603,empathy,
10603,empathy,
10603,empathy,
10603,empathy,
10604,euphoria,
10604,euphoria,
10604,euphoria,
10604,euphoria,
10604,euphoria,
10605,funk,
10605,funk,
10605,funk,
10605,funk,
10605,funk,
10606,furor,
10606,furor,
10606,furor,
10606,furor,
10606,furor,
10607,glee,
10607,glee,
10607,glee,
10607,glee,
10607,glee,
10608,hallucination,
10608,hallucination,
10608,hallucination,
10608,hallucination,
10608,hallucination,
10609,homage,
10609,homage,
10609,homage,
10609,homage,
10609,homage,
10610,hunch,
10610,hunch,
10610,hunch,
10610,hunch,
10610,hunch,
10611,mirage,
10611,mirage,
10611,mirage,
10611,mirage,
10611,mirage,
10612,misgiving,
10612,misgiving,
10612,misgiving,
10612,misgiving,
10612,misgiving,
10613,ovation,
10613,ovation,
10613,ovation,
10613,ovation,
10613,ovation,
10614,phantom,
10614,phantom,
10614,phantom,
10614,phantom,
10614,phantom,
10615,rancor,
10615,rancor,
10615,rancor,
10615,rancor,
10615,rancor,
10616,remorse,
10616,remorse,
10616,remorse,
10616,remorse,
10616,remorse,
10617,revulsion,
10617,revulsion,
10617,revulsion,
10617,revulsion,
10617,revulsion,
10618,solace,
10618,solace,
10618,solace,
10618,solace,
10618,solace,
10619,tantrum,
10619,tantrum,
10619,tantrum,
10619,tantrum,
10619,tantrum,
10620,tremor,
10620,tremor,
10620,tremor,
10620,tremor,
10620,tremor,
10621,vengeance,
10621,vengeance,
10621,vengeance,
10621,vengeance,
10621,vengeance,
10622,whiff,
10622,whiff,
10622,whiff,
10622,whiff,
10622,whiff,
10623,concerto,
10623,concerto,
10623,concerto,
10623,concerto,
10623,concerto,
10624,embodiment,
10624,embodiment,
10624,embodiment,
10624,embodiment,
10624,embodiment,
10625,tribune,
10625,tribune,
10625,tribune,
10625,tribune,
10625,tribune,
10626,acronym,
10626,acronym,
10626,acronym,
10626,acronym,
10626,acronym,
10627,banter,
10627,banter,
10627,banter,
10627,banter,
10627,banter,
10628,benchmart,
10628,benchmart,
10628,benchmart,
10628,benchmart,
10628,benchmart,
10629,calculus,
10629,calculus,
10629,calculus,
10629,calculus,
10629,calculus,
10630,citation,
10630,citation,
10630,citation,
10630,citation,
10630,citation,
10631,commandment,
10631,commandment,
10631,commandment,
10631,commandment,
10631,commandment,
10632,compilation,
10632,compilation,
10632,compilation,
10632,compilation,
10632,compilation,
10633,conundrum,
10633,conundrum,
10633,conundrum,
10633,conundrum,
10633,conundrum,
10634,convergence,
10634,convergence,
10634,convergence,
10634,convergence,
10634,convergence,
10635,denomination,
10635,denomination,
10635,denomination,
10635,denomination,
10635,denomination,
10636,dictum,
10636,dictum,
10636,dictum,
10636,dictum,
10636,dictum,
10637,doctorate,
10637,doctorate,
10637,doctorate,
10637,doctorate,
10637,doctorate,
10638,enigma,
10638,enigma,
10638,enigma,
10638,enigma,
10638,enigma,
10639,halo,
10639,halo,
10639,halo,
10639,halo,
10639,halo,
10640,heresy,
10640,heresy,
10640,heresy,
10640,heresy,
10640,heresy,
10641,psyche,
10641,psyche,
10641,psyche,
10641,psyche,
10641,psyche,
10642,pun,
10642,pun,
10642,pun,
10642,pun,
10642,pun,
10643,quantum,
10643,quantum,
10643,quantum,
10643,quantum,
10643,quantum,
10644,resurrection,
10644,resurrection,
10644,resurrection,
10644,resurrection,
10644,resurrection,
10645,sanctity,
10645,sanctity,
10645,sanctity,
10645,sanctity,
10645,sanctity,
10646,savior,
10646,savior,
10646,savior,
10646,savior,
10646,savior,
10647,seminary,
10647,seminary,
10647,seminary,
10647,seminary,
10647,seminary,
10648,upshot,
10648,upshot,
10648,upshot,
10648,upshot,
10648,upshot,
10649,verification,
10649,verification,
10649,verification,
10649,verification,
10649,verification,
10650,continuum,
10650,continuum,
10650,continuum,
10650,continuum,
10650,continuum,
10651,courtship,
10651,courtship,
10651,courtship,
10651,courtship,
10651,courtship,
10652,flux,
10652,flux,
10652,flux,
10652,flux,
10652,flux,
10653,genealogy,
10653,genealogy,
10653,genealogy,
10653,genealogy,
10653,genealogy,
10654,genesis,
10654,genesis,
10654,genesis,
10654,genesis,
10654,genesis,
10655,hiatus,
10655,hiatus,
10655,hiatus,
10655,hiatus,
10655,hiatus,
10656,omen,
10656,omen,
10656,omen,
10656,omen,
10656,omen,
10657,precursor,
10657,precursor,
10657,precursor,
10657,precursor,
10657,precursor,
10658,prelude,
10658,prelude,
10658,prelude,
10658,prelude,
10658,prelude,
10659,respite,
10659,respite,
10659,respite,
10659,respite,
10659,respite,
10660,vigil,
10660,vigil,
10660,vigil,
10660,vigil,
10660,vigil,
10661,aspen,
10661,aspen,
10661,aspen,
10661,aspen,
10661,aspen,
10662,birch,
10662,birch,
10662,birch,
10662,birch,
10662,birch,
10663,blight,
10663,blight,
10663,blight,
10663,blight,
10663,blight,
10664,garland,
10664,garland,
10664,garland,
10664,garland,
10664,garland,
10665,graft,
10665,graft,
10665,graft,
10665,graft,
10665,graft,
10666,heather,
10666,heather,
10666,heather,
10666,heather,
10666,heather,
10667,hull,
10667,hull,
10667,hull,
10667,hull,
10667,hull,
10668,meteor,
10668,meteor,
10668,meteor,
10668,meteor,
10668,meteor,
10669,nitrogen,
10669,nitrogen,
10669,nitrogen,
10669,nitrogen,
10669,nitrogen,
10670,pod,
10670,pod,
10670,pod,
10670,pod,
10670,pod,
10671,pollen,
10671,pollen,
10671,pollen,
10671,pollen,
10671,pollen,
10672,ante,
10672,ante,
10672,ante,
10672,ante,
10672,ante,
10673,assortment,
10673,assortment,
10673,assortment,
10673,assortment,
10673,assortment,
10674,bane,
10674,bane,
10674,bane,
10674,bane,
10674,bane,
10675,décor,
10675,décor,
10675,décor,
10675,décor,
10675,décor,
10676,demolition,
10676,demolition,
10676,demolition,
10676,demolition,
10676,demolition,
10677,forcing,
10677,forcing,
10677,forcing,
10677,forcing,
10677,forcing,
10678,fragmentation,
10678,fragmentation,
10678,fragmentation,
10678,fragmentation,
10678,fragmentation,
10679,graffiti,
10679,graffiti,
10679,graffiti,
10679,graffiti,
10679,graffiti,
10680,grid,
10680,grid,
10680,grid,
10680,grid,
10680,grid,
10681,hassle,
10681,hassle,
10681,hassle,
10681,hassle,
10681,hassle,
10682,hindsight,
10682,hindsight,
10682,hindsight,
10682,hindsight,
10682,hindsight,
10683,incompetence,
10683,incompetence,
10683,incompetence,
10683,incompetence,
10683,incompetence,
10684,knack,
10684,knack,
10684,knack,
10684,knack,
10684,knack,
10685,mannerism,
10685,mannerism,
10685,mannerism,
10685,mannerism,
10685,mannerism,
10686,orgy,
10686,orgy,
10686,orgy,
10686,orgy,
10686,orgy,
10687,puncture,
10687,puncture,
10687,puncture,
10687,puncture,
10687,puncture,
10688,quirk,
10688,quirk,
10688,quirk,
10688,quirk,
10688,quirk,
10689,rapport,
10689,rapport,
10689,rapport,
10689,rapport,
10689,rapport,
10690,respectability,
10690,respectability,
10690,respectability,
10690,respectability,
10690,respectability,
10691,scourge,
10691,scourge,
10691,scourge,
10691,scourge,
10691,scourge,
10692,stealth,
10692,stealth,
10692,stealth,
10692,stealth,
10692,stealth,
10693,stigma,
10693,stigma,
10693,stigma,
10693,stigma,
10693,stigma,
10694,arson,
10694,arson,
10694,arson,
10694,arson,
10694,arson,
10695,backdrop,
10695,backdrop,
10695,backdrop,
10695,backdrop,
10695,backdrop,
10696,bounty,
10696,bounty,
10696,bounty,
10696,bounty,
10696,bounty,
10697,complicity,
10697,complicity,
10697,complicity,
10697,complicity,
10697,complicity,
10698,cnfederate,
10698,cnfederate,
10698,cnfederate,
10698,cnfederate,
10698,cnfederate,
10699,contingency,
10699,contingency,
10699,contingency,
10699,contingency,
10699,contingency,
10700,debacle,
10700,debacle,
10700,debacle,
10700,debacle,
10700,debacle,
10701,disparity,
10701,disparity,
10701,disparity,
10701,disparity,
10701,disparity,
10702,evasion,
10702,evasion,
10702,evasion,
10702,evasion,
10702,evasion,
10703,extradition,
10703,extradition,
10703,extradition,
10703,extradition,
10703,extradition,
10704,feud,
10704,feud,
10704,feud,
10704,feud,
10704,feud,
10705,fiat,
10705,fiat,
10705,fiat,
10705,fiat,
10705,fiat,
10706,glut,
10706,glut,
10706,glut,
10706,glut,
10706,glut,
10707,imposition,
10707,imposition,
10707,imposition,
10707,imposition,
10707,imposition,
10708,impunity,
10708,impunity,
10708,impunity,
10708,impunity,
10708,impunity,
10709,infusion,
10709,infusion,
10709,infusion,
10709,infusion,
10709,infusion,
10710,loophole,
10710,loophole,
10710,loophole,
10710,loophole,
10710,loophole,
10711,malaise,
10711,malaise,
10711,malaise,
10711,malaise,
10711,malaise,
10712,middleman,
10712,middleman,
10712,middleman,
10712,middleman,
10712,middleman,
10713,payroll,
10713,payroll,
10713,payroll,
10713,payroll,
10713,payroll,
10714,probation,
10714,probation,
10714,probation,
10714,probation,
10714,probation,
10715,procurement,
10715,procurement,
10715,procurement,
10715,procurement,
10715,procurement,
10716,ransom,
10716,ransom,
10716,ransom,
10716,ransom,
10716,ransom,
10717,registry,
10717,registry,
10717,registry,
10717,registry,
10717,registry,
10718,roster,
10718,roster,
10718,roster,
10718,roster,
10718,roster,
10719,tally,
10719,tally,
10719,tally,
10719,tally,
10719,tally,
10720,ultimatum,
10720,ultimatum,
10720,ultimatum,
10720,ultimatum,
10720,ultimatum,
10721,vindication,
10721,vindication,
10721,vindication,
10721,vindication,
10721,vindication,
10722,waiver,
10722,waiver,
10722,waiver,
10722,waiver,
10722,waiver,
10723,fodder,
10723,fodder,
10723,fodder,
10723,fodder,
10723,fodder,
10724,regimen,
10724,regimen,
10724,regimen,
10724,regimen,
10724,regimen,
10725,aberration,
10725,aberration,
10725,aberration,
10725,aberration,
10725,aberration,
10726,anomaly,
10726,anomaly,
10726,anomaly,
10726,anomaly,
10726,anomaly,
10727,caliber,
10727,caliber,
10727,caliber,
10727,caliber,
10727,caliber,
10728,centerpiece,
10728,centerpiece,
10728,centerpiece,
10728,centerpiece,
10728,centerpiece,
10729,finesse,
10729,finesse,
10729,finesse,
10729,finesse,
10729,finesse,
10730,glimmer,
10730,glimmer,
10730,glimmer,
10730,glimmer,
10730,glimmer,
10731,hallmark,
10731,hallmark,
10731,hallmark,
10731,hallmark,
10731,hallmark,
10732,horde,
10732,horde,
10732,horde,
10732,horde,
10732,horde,
10733,parity,
10733,parity,
10733,parity,
10733,parity,
10733,parity,
10734,rectitude,
10734,rectitude,
10734,rectitude,
10734,rectitude,
10734,rectitude,
10735,rigor,
10735,rigor,
10735,rigor,
10735,rigor,
10735,rigor,
10736,spate,
10736,spate,
10736,spate,
10736,spate,
10736,spate,
10737,spree,
10737,spree,
10737,spree,
10737,spree,
10737,spree,
10738,stint,
10738,stint,
10738,stint,
10738,stint,
10738,stint,
10739,tinge,
10739,tinge,
10739,tinge,
10739,tinge,
10739,tinge,
10740,abyss,
10740,abyss,
10740,abyss,
10740,abyss,
10740,abyss,
10741,arbor,
10741,arbor,
10741,arbor,
10741,arbor,
10741,arbor,
10742,ascendancy,
10742,ascendancy,
10742,ascendancy,
10742,ascendancy,
10742,ascendancy,
10743,bastion,
10743,bastion,
10743,bastion,
10743,bastion,
10743,bastion,
10744,bedrock,
10744,bedrock,
10744,bedrock,
10744,bedrock,
10744,bedrock,
10745,bower,
10745,bower,
10745,bower,
10745,bower,
10745,bower,
10746,cache,
10746,cache,
10746,cache,
10746,cache,
10746,cache,
10747,chasm,
10747,chasm,
10747,chasm,
10747,chasm,
10747,chasm,
10748,culmination,
10748,culmination,
10748,culmination,
10748,culmination,
10748,culmination,
10749,furrow,
10749,furrow,
10749,furrow,
10749,furrow,
10749,furrow,
10750,hump,
10750,hump,
10750,hump,
10750,hump,
10750,hump,
10751,labyrinth,
10751,labyrinth,
10751,labyrinth,
10751,labyrinth,
10751,labyrinth,
10752,milieu,
10752,milieu,
10752,milieu,
10752,milieu,
10752,milieu,
10753,pitfall,
10753,pitfall,
10753,pitfall,
10753,pitfall,
10753,pitfall,
10754,quagmire,
10754,quagmire,
10754,quagmire,
10754,quagmire,
10754,quagmire,
10755,stalemate,
10755,stalemate,
10755,stalemate,
10755,stalemate,
10755,stalemate,
10756,tier,
10756,tier,
10756,tier,
10756,tier,
10756,tier,
10757,torso,
10757,torso,
10757,torso,
10757,torso,
10757,torso,
10758,trajectory,
10758,trajectory,
10758,trajectory,
10758,trajectory,
10758,trajectory,
10759,vanguard,
10759,vanguard,
10759,vanguard,
10759,vanguard,
10759,vanguard,
10760,warren,
10760,warren,
10760,warren,
10760,warren,
10760,warren,
10761,watershed,
10761,watershed,
10761,watershed,
10761,watershed,
10761,watershed,
10762,alias,
10762,alias,
10762,alias,
10762,alias,
10762,alias,
10763,alumnus,
10763,alumnus,
10763,alumnus,
10763,alumnus,
10763,alumnus,
10764,bard,
10764,bard,
10764,bard,
10764,bard,
10764,bard,
10765,boomer,
10765,boomer,
10765,boomer,
10765,boomer,
10765,boomer,
10766,brethren,
10766,brethren,
10766,brethren,
10766,brethren,
10766,brethren,
10767,comer,
10767,comer,
10767,comer,
10767,comer,
10767,comer,
10768,entourage,
10768,entourage,
10768,entourage,
10768,entourage,
10768,entourage,
10769,guise,
10769,guise,
10769,guise,
10769,guise,
10769,guise,
10770,heterosexual,
10770,heterosexual,
10770,heterosexual,
10770,heterosexual,
10770,heterosexual,
10771,mason,
10771,mason,
10771,mason,
10771,mason,
10771,mason,
10772,pedigree,
10772,pedigree,
10772,pedigree,
10772,pedigree,
10772,pedigree,
10773,pseudonym,
10773,pseudonym,
10773,pseudonym,
10773,pseudonym,
10773,pseudonym,
10774,skinner,
10774,skinner,
10774,skinner,
10774,skinner,
10774,skinner,
10775,surrogate,
10775,surrogate,
10775,surrogate,
10775,surrogate,
10775,surrogate,
10776,upstart,
10776,upstart,
10776,upstart,
10776,upstart,
10776,upstart,
10777,whore,
10777,whore,
10777,whore,
10777,whore,
10777,whore,
10778,beacon,
10778,beacon,
10778,beacon,
10778,beacon,
10778,beacon,
10779,buffer,
10779,buffer,
10779,buffer,
10779,buffer,
10779,buffer,
10780,buttress,
10780,buttress,
10780,buttress,
10780,buttress,
10780,buttress,
10781,clamp,
10781,clamp,
10781,clamp,
10781,clamp,
10781,clamp,
10782,cobble,
10782,cobble,
10782,cobble,
10782,cobble,
10782,cobble,
10783,cornerstone,
10783,cornerstone,
10783,cornerstone,
10783,cornerstone,
10783,cornerstone,
10784,crate,
10784,crate,
10784,crate,
10784,crate,
10784,crate,
10785,cuff,
10785,cuff,
10785,cuff,
10785,cuff,
10785,cuff,
10786,dolly,
10786,dolly,
10786,dolly,
10786,dolly,
10786,dolly,
10787,flagship,
10787,flagship,
10787,flagship,
10787,flagship,
10787,flagship,
10788,funnel,
10788,funnel,
10788,funnel,
10788,funnel,
10788,funnel,
10789,gauntlet,
10789,gauntlet,
10789,gauntlet,
10789,gauntlet,
10789,gauntlet,
10790,grit,
10790,grit,
10790,grit,
10790,grit,
10790,grit,
10791,luster,
10791,luster,
10791,luster,
10791,luster,
10791,luster,
10792,sheen,
10792,sheen,
10792,sheen,
10792,sheen,
10792,sheen,
10793,shingle,
10793,shingle,
10793,shingle,
10793,shingle,
10793,shingle,
10794,sludge,
10794,sludge,
10794,sludge,
10794,sludge,
10794,sludge,
10795,torpedo,
10795,torpedo,
10795,torpedo,
10795,torpedo,
10795,torpedo,
10796,zinc,
10796,zinc,
10796,zinc,
10796,zinc,
10796,zinc,
10797,adjoining,
10797,adjoining,
10797,adjoining,
10797,adjoining,
10797,adjoining,
10798,contingent,
10798,contingent,
10798,contingent,
10798,contingent,
10798,contingent,
10799,disproportionate,
10799,disproportionate,
10799,disproportionate,
10799,disproportionate,
10799,disproportionate,
10800,eclectic,
10800,eclectic,
10800,eclectic,
10800,eclectic,
10800,eclectic,
10801,sparse,
10801,sparse,
10801,sparse,
10801,sparse,
10801,sparse,
10802,sporadic,
10802,sporadic,
10802,sporadic,
10802,sporadic,
10802,sporadic,
10803,towering,
10803,towering,
10803,towering,
10803,towering,
10803,towering,
10804,ubiquitous,
10804,ubiquitous,
10804,ubiquitous,
10804,ubiquitous,
10804,ubiquitous,
10805,unilateral,
10805,unilateral,
10805,unilateral,
10805,unilateral,
10805,unilateral,
10806,vernacular,
10806,vernacular,
10806,vernacular,
10806,vernacular,
10806,vernacular,
10807,baroque,
10807,baroque,
10807,baroque,
10807,baroque,
10807,baroque,
10808,contemplative,
10808,contemplative,
10808,contemplative,
10808,contemplative,
10808,contemplative,
10809,nuptial,
10809,nuptial,
10809,nuptial,
10809,nuptial,
10809,nuptial,
10810,parochial,
10810,parochial,
10810,parochial,
10810,parochial,
10810,parochial,
10811,profane,
10811,profane,
10811,profane,
10811,profane,
10811,profane,
10812,prolific,
10812,prolific,
10812,prolific,
10812,prolific,
10812,prolific,
10813,putative,
10813,putative,
10813,putative,
10813,putative,
10813,putative,
10814,quintessential,
10814,quintessential,
10814,quintessential,
10814,quintessential,
10814,quintessential,
10815,testimonial,
10815,testimonial,
10815,testimonial,
10815,testimonial,
10815,testimonial,
10816,thelogical,
10816,thelogical,
10816,thelogical,
10816,thelogical,
10816,thelogical,
10817,uncanny,
10817,uncanny,
10817,uncanny,
10817,uncanny,
10817,uncanny,
10818,ailing,
10818,ailing,
10818,ailing,
10818,ailing,
10818,ailing,
10819,burly,
10819,burly,
10819,burly,
10819,burly,
10819,burly,
10820,comatose,
10820,comatose,
10820,comatose,
10820,comatose,
10820,comatose,
10821,coronary,
10821,coronary,
10821,coronary,
10821,coronary,
10821,coronary,
10822,corporal,
10822,corporal,
10822,corporal,
10822,corporal,
10822,corporal,
10823,hefty,
10823,hefty,
10823,hefty,
10823,hefty,
10823,hefty,
10824,intestinal,
10824,intestinal,
10824,intestinal,
10824,intestinal,
10824,intestinal,
10825,intravenous,
10825,intravenous,
10825,intravenous,
10825,intravenous,
10825,intravenous,
10826,nasal,
10826,nasal,
10826,nasal,
10826,nasal,
10826,nasal,
10827,neural,
10827,neural,
10827,neural,
10827,neural,
10827,neural,
10828,optic,
10828,optic,
10828,optic,
10828,optic,
10828,optic,
10829,precocious,
10829,precocious,
10829,precocious,
10829,precocious,
10829,precocious,
10830,spinal,
10830,spinal,
10830,spinal,
10830,spinal,
10830,spinal,
10831,abrasive,
10831,abrasive,
10831,abrasive,
10831,abrasive,
10831,abrasive,
10832,aggrieved,
10832,aggrieved,
10832,aggrieved,
10832,aggrieved,
10832,aggrieved,
10833,alluring,
10833,alluring,
10833,alluring,
10833,alluring,
10833,alluring,
10834,ambivalent,
10834,ambivalent,
10834,ambivalent,
10834,ambivalent,
10834,ambivalent,
10835,apprehensive,
10835,apprehensive,
10835,apprehensive,
10835,apprehensive,
10835,apprehensive,
10836,avid,
10836,avid,
10836,avid,
10836,avid,
10836,avid,
10837,breathtaking,
10837,breathtaking,
10837,breathtaking,
10837,breathtaking,
10837,breathtaking,
10838,buoyant,
10838,buoyant,
10838,buoyant,
10838,buoyant,
10838,buoyant,
10839,distraught,
10839,distraught,
10839,distraught,
10839,distraught,
10839,distraught,
10840,evocative,
10840,evocative,
10840,evocative,
10840,evocative,
10840,evocative,
10841,exuberant,
10841,exuberant,
10841,exuberant,
10841,exuberant,
10841,exuberant,
10842,fervent,
10842,fervent,
10842,fervent,
10842,fervent,
10842,fervent,
10843,giddy,
10843,giddy,
10843,giddy,
10843,giddy,
10843,giddy,
10844,glum,
10844,glum,
10844,glum,
10844,glum,
10844,glum,
10845,grudging,
10845,grudging,
10845,grudging,
10845,grudging,
10845,grudging,
10846,harrowing,
10846,harrowing,
10846,harrowing,
10846,harrowing,
10846,harrowing,
10847,heady,
10847,heady,
10847,heady,
10847,heady,
10847,heady,
10848,hilarious,
10848,hilarious,
10848,hilarious,
10848,hilarious,
10848,hilarious,
10849,humiliating,
10849,humiliating,
10849,humiliating,
10849,humiliating,
10849,humiliating,
10850,jubilant,
10850,jubilant,
10850,jubilant,
10850,jubilant,
10850,jubilant,
10851,morbid,
10851,morbid,
10851,morbid,
10851,morbid,
10851,morbid,
10852,obnoxious,
10852,obnoxious,
10852,obnoxious,
10852,obnoxious,
10852,obnoxious,
10853,poignant,
10853,poignant,
10853,poignant,
10853,poignant,
10853,poignant,
10854,poised,
10854,poised,
10854,poised,
10854,poised,
10854,poised,
10855,raucous,
10855,raucous,
10855,raucous,
10855,raucous,
10855,raucous,
10856,rueful,
10856,rueful,
10856,rueful,
10856,rueful,
10856,rueful,
10857,sardonic,
10857,sardonic,
10857,sardonic,
10857,sardonic,
10857,sardonic,
10858,seductive,
10858,seductive,
10858,seductive,
10858,seductive,
10858,seductive,
10859,somber,
10859,somber,
10859,somber,
10859,somber,
10859,somber,
10860,strident,
10860,strident,
10860,strident,
10860,strident,
10860,strident,
10861,tacit,
10861,tacit,
10861,tacit,
10861,tacit,
10861,tacit,
10862,tantalizing,
10862,tantalizing,
10862,tantalizing,
10862,tantalizing,
10862,tantalizing,
10863,taut,
10863,taut,
10863,taut,
10863,taut,
10863,taut,
10864,vigilant,
10864,vigilant,
10864,vigilant,
10864,vigilant,
10864,vigilant,
10865,adrift,
10865,adrift,
10865,adrift,
10865,adrift,
10865,adrift,
10866,austere,
10866,austere,
10866,austere,
10866,austere,
10866,austere,
10867,baggy,
10867,baggy,
10867,baggy,
10867,baggy,
10867,baggy,
10868,barbed,
10868,barbed,
10868,barbed,
10868,barbed,
10868,barbed,
10869,blatant,
10869,blatant,
10869,blatant,
10869,blatant,
10869,blatant,
10870,brittle,
10870,brittle,
10870,brittle,
10870,brittle,
10870,brittle,
10871,charred,
10871,charred,
10871,charred,
10871,charred,
10871,charred,
10872,clandestine,
10872,clandestine,
10872,clandestine,
10872,clandestine,
10872,clandestine,
10873,culinary,
10873,culinary,
10873,culinary,
10873,culinary,
10873,culinary,
10874,destitute,
10874,destitute,
10874,destitute,
10874,destitute,
10874,destitute,
10875,discretionary,
10875,discretionary,
10875,discretionary,
10875,discretionary,
10875,discretionary,
10876,drab,
10876,drab,
10876,drab,
10876,drab,
10876,drab,
10877,ethereal,
10877,ethereal,
10877,ethereal,
10877,ethereal,
10877,ethereal,
10878,flamboyant,
10878,flamboyant,
10878,flamboyant,
10878,flamboyant,
10878,flamboyant,
10879,flimsy,
10879,flimsy,
10879,flimsy,
10879,flimsy,
10879,flimsy,
10880,fluorescent,
10880,fluorescent,
10880,fluorescent,
10880,fluorescent,
10880,fluorescent,
10881,grandiose,
10881,grandiose,
10881,grandiose,
10881,grandiose,
10881,grandiose,
10882,idiosyncratic,
10882,idiosyncratic,
10882,idiosyncratic,
10882,idiosyncratic,
10882,idiosyncratic,
10883,idyllic,
10883,idyllic,
10883,idyllic,
10883,idyllic,
10883,idyllic,
10884,impeccable,
10884,impeccable,
10884,impeccable,
10884,impeccable,
10884,impeccable,
10885,improverished,
10885,improverished,
10885,improverished,
10885,improverished,
10885,improverished,
10886,indelible,
10886,indelible,
10886,indelible,
10886,indelible,
10886,indelible,
10887,jagged,
10887,jagged,
10887,jagged,
10887,jagged,
10887,jagged,
10888,murky,
10888,murky,
10888,murky,
10888,murky,
10888,murky,
10889,opaque,
10889,opaque,
10889,opaque,
10889,opaque,
10889,opaque,
10890,palatable,
10890,palatable,
10890,palatable,
10890,palatable,
10890,palatable,
10891,palpable,
10891,palpable,
10891,palpable,
10891,palpable,
10891,palpable,
10892,plush,
10892,plush,
10892,plush,
10892,plush,
10892,plush,
10893,posh,
10893,posh,
10893,posh,
10893,posh,
10893,posh,
10894,pristine,
10894,pristine,
10894,pristine,
10894,pristine,
10894,pristine,
10895,pseudonym,
10895,pseudonym,
10895,pseudonym,
10895,pseudonym,
10895,pseudonym,
10896,resonant,
10896,resonant,
10896,resonant,
10896,resonant,
10896,resonant,
10897,seedy,
10897,seedy,
10897,seedy,
10897,seedy,
10897,seedy,
10898,shoddy,
10898,shoddy,
10898,shoddy,
10898,shoddy,
10898,shoddy,
10899,sleazy,
10899,sleazy,
10899,sleazy,
10899,sleazy,
10899,sleazy,
10900,sleek,
10900,sleek,
10900,sleek,
10900,sleek,
10900,sleek,
10901,stagnant,
10901,stagnant,
10901,stagnant,
10901,stagnant,
10901,stagnant,
10902,stricken,
10902,stricken,
10902,stricken,
10902,stricken,
10902,stricken,
10903,supple,
10903,supple,
10903,supple,
10903,supple,
10903,supple,
10904,tangled,
10904,tangled,
10904,tangled,
10904,tangled,
10904,tangled,
10905,tawdry,
10905,tawdry,
10905,tawdry,
10905,tawdry,
10905,tawdry,
10906,terse,
10906,terse,
10906,terse,
10906,terse,
10906,terse,
10907,tumultuous,
10907,tumultuous,
10907,tumultuous,
10907,tumultuous,
10907,tumultuous,
10908,abiding,
10908,abiding,
10908,abiding,
10908,abiding,
10908,abiding,
10909,defunct,
10909,defunct,
10909,defunct,
10909,defunct,
10909,defunct,
10910,demographic,
10910,demographic,
10910,demographic,
10910,demographic,
10910,demographic,
10911,fledgling,
10911,fledgling,
10911,fledgling,
10911,fledgling,
10911,fledgling,
10912,fleeting,
10912,fleeting,
10912,fleeting,
10912,fleeting,
10912,fleeting,
10913,impromptu,
10913,impromptu,
10913,impromptu,
10913,impromptu,
10913,impromptu,
10914,leisurely,
10914,leisurely,
10914,leisurely,
10914,leisurely,
10914,leisurely,
10915,makeshift,
10915,makeshift,
10915,makeshift,
10915,makeshift,
10915,makeshift,
10916,mounting,
10916,mounting,
10916,mounting,
10916,mounting,
10916,mounting,
10917,ominous,
10917,ominous,
10917,ominous,
10917,ominous,
10917,ominous,
10918,resilient,
10918,resilient,
10918,resilient,
10918,resilient,
10918,resilient,
10919,adamant,
10919,adamant,
10919,adamant,
10919,adamant,
10919,adamant,
10920,astute,
10920,astute,
10920,astute,
10920,astute,
10920,astute,
10921,audacious,
10921,audacious,
10921,audacious,
10921,audacious,
10921,audacious,
10922,brash,
10922,brash,
10922,brash,
10922,brash,
10922,brash,
10923,bullish,
10923,bullish,
10923,bullish,
10923,bullish,
10923,bullish,
10924,canny,
10924,canny,
10924,canny,
10924,canny,
10924,canny,
10925,coy,
10925,coy,
10925,coy,
10925,coy,
10925,coy,
10926,curt,
10926,curt,
10926,curt,
10926,curt,
10926,curt,
10927,disgruntled,
10927,disgruntled,
10927,disgruntled,
10927,disgruntled,
10927,disgruntled,
10928,dogged,
10928,dogged,
10928,dogged,
10928,dogged,
10928,dogged,
10929,dour,
10929,dour,
10929,dour,
10929,dour,
10929,dour,
10930,fickle,
10930,fickle,
10930,fickle,
10930,fickle,
10930,fickle,
10931,forthright,
10931,forthright,
10931,forthright,
10931,forthright,
10931,forthright,
10932,fraternal,
10932,fraternal,
10932,fraternal,
10932,fraternal,
10932,fraternal,
10933,glib,
10933,glib,
10933,glib,
10933,glib,
10933,glib,
10934,gregarious,
10934,gregarious,
10934,gregarious,
10934,gregarious,
10934,gregarious,
10935,hapless,
10935,hapless,
10935,hapless,
10935,hapless,
10935,hapless,
10936,implacable,
10936,implacable,
10936,implacable,
10936,implacable,
10936,implacable,
10937,inept,
10937,inept,
10937,inept,
10937,inept,
10937,inept,
10938,insatiable,
10938,insatiable,
10938,insatiable,
10938,insatiable,
10938,insatiable,
10939,intrepid,
10939,intrepid,
10939,intrepid,
10939,intrepid,
10939,intrepid,
10940,introspective,
10940,introspective,
10940,introspective,
10940,introspective,
10940,introspective,
10941,nimble,
10941,nimble,
10941,nimble,
10941,nimble,
10941,nimble,
10942,obsessive,
10942,obsessive,
10942,obsessive,
10942,obsessive,
10942,obsessive,
10943,perky,
10943,perky,
10943,perky,
10943,perky,
10943,perky,
10944,sanguine,
10944,sanguine,
10944,sanguine,
10944,sanguine,
10944,sanguine,
10945,scrupulous,
10945,scrupulous,
10945,scrupulous,
10945,scrupulous,
10945,scrupulous,
10946,sordid,
10946,sordid,
10946,sordid,
10946,sordid,
10946,sordid,
10947,tenacious,
10947,tenacious,
10947,tenacious,
10947,tenacious,
10947,tenacious,
10948,touchy,
10948,touchy,
10948,touchy,
10948,touchy,
10948,touchy,
10949,upbeat,
10949,upbeat,
10949,upbeat,
10949,upbeat,
10949,upbeat,
10950,whimsical,
10950,whimsical,
10950,whimsical,
10950,whimsical,
10950,whimsical,
10951,airborne,
10951,airborne,
10951,airborne,
10951,airborne,
10951,airborne,
10952,belligerent,
10952,belligerent,
10952,belligerent,
10952,belligerent,
10952,belligerent,
10953,concerted,
10953,concerted,
10953,concerted,
10953,concerted,
10953,concerted,
10954,contentious,
10954,contentious,
10954,contentious,
10954,contentious,
10954,contentious,
10955,cumbersome,
10955,cumbersome,
10955,cumbersome,
10955,cumbersome,
10955,cumbersome,
10956,evasive,
10956,evasive,
10956,evasive,
10956,evasive,
10956,evasive,
10957,forensic,
10957,forensic,
10957,forensic,
10957,forensic,
10957,forensic,
10958,fraudulent,
10958,fraudulent,
10958,fraudulent,
10958,fraudulent,
10958,fraudulent,
10959,insolvent,
10959,insolvent,
10959,insolvent,
10959,insolvent,
10959,insolvent,
10960,,
10960,,
10960,,
10960,,
10960,,
10961,patrician,
10961,patrician,
10961,patrician,
10961,patrician,
10961,patrician,
10962,proprietary,
10962,proprietary,
10962,proprietary,
10962,proprietary,
10962,proprietary,
10963,punitive,
10963,punitive,
10963,punitive,
10963,punitive,
10963,punitive,
10964,reactionary,
10964,reactionary,
10964,reactionary,
10964,reactionary,
10964,reactionary,
10965,regal,
10965,regal,
10965,regal,
10965,regal,
10965,regal,
10966,sexist,
10966,sexist,
10966,sexist,
10966,sexist,
10966,sexist,
10967,stringent,
10967,stringent,
10967,stringent,
10967,stringent,
10967,stringent,
10968,subversive,
10968,subversive,
10968,subversive,
10968,subversive,
10968,subversive,
10969,ablaze,
10969,ablaze,
10969,ablaze,
10969,ablaze,
10969,ablaze,
10970,arid,
10970,arid,
10970,arid,
10970,arid,
10970,arid,
10971,corrosive,
10971,corrosive,
10971,corrosive,
10971,corrosive,
10971,corrosive,
10972,endemic,
10972,endemic,
10972,endemic,
10972,endemic,
10972,endemic,
10973,infrared,
10973,infrared,
10973,infrared,
10973,infrared,
10973,infrared,
10974,lush,
10974,lush,
10974,lush,
10974,lush,
10974,lush,
10975,mutant,
10975,mutant,
10975,mutant,
10975,mutant,
10975,mutant,
10976,predatory,
10976,predatory,
10976,predatory,
10976,predatory,
10976,predatory,
10977,rampant,
10977,rampant,
10977,rampant,
10977,rampant,
10977,rampant,
10978,seismic,
10978,seismic,
10978,seismic,
10978,seismic,
10978,seismic,
10979,consummate,
10979,consummate,
10979,consummate,
10979,consummate,
10979,consummate,
10980,daunting,
10980,daunting,
10980,daunting,
10980,daunting,
10980,daunting,
10981,downright,
10981,downright,
10981,downright,
10981,downright,
10981,downright,
10982,glowing,
10982,glowing,
10982,glowing,
10982,glowing,
10982,glowing,
10983,inexorable,
10983,inexorable,
10983,inexorable,
10983,inexorable,
10983,inexorable,
10984,lurid,
10984,lurid,
10984,lurid,
10984,lurid,
10984,lurid,
10985,motley,
10985,motley,
10985,motley,
10985,motley,
10985,motley,
10986,overblown,
10986,overblown,
10986,overblown,
10986,overblown,
10986,overblown,
10987,overriding,
10987,overriding,
10987,overriding,
10987,overriding,
10987,overriding,
10988,pleading,
10988,pleading,
10988,pleading,
10988,pleading,
10988,pleading,
10989,prodigious,
10989,prodigious,
10989,prodigious,
10989,prodigious,
10989,prodigious,
10990,rife,
10990,rife,
10990,rife,
10990,rife,
10990,rife,
10991,seminal,
10991,seminal,
10991,seminal,
10991,seminal,
10991,seminal,
10992,sizable,
10992,sizable,
10992,sizable,
10992,sizable,
10992,sizable,
10993,stellar,
10993,stellar,
10993,stellar,
10993,stellar,
10993,stellar,
10994,susceptible,
10994,susceptible,
10994,susceptible,
10994,susceptible,
10994,susceptible,
10995,sweeping,
10995,sweeping,
10995,sweeping,
10995,sweeping,
10995,sweeping,
10996,tenuous,
10996,tenuous,
10996,tenuous,
10996,tenuous,
10996,tenuous,
10997,veritable,
10997,veritable,
10997,veritable,
10997,veritable,
10997,veritable,
10998,anew,
10998,anew,
10998,anew,
10998,anew,
10998,anew,
10999,amply,
10999,amply,
10999,amply,
10999,amply,
10999,amply,
11000,overly,
11000,overly,
11000,overly,
11000,overly,
11000,overly,
