number,word,example
11001,artifice,"The politician's carefully crafted speech was full of artifice, designed to appeal to voters without making any real commitments."
11001,artifice,I could see through her artifice; she was clearly trying to manipulate me with flattery.
11001,artifice,"The elaborate stage design, while impressive, felt like pure artifice and lacked genuine emotion."
11001,artifice,"Despite the artifice of the situation, they managed to have a genuine connection."
11001,artifice,"He relied on artifice and deception to climb the corporate ladder, alienating his colleagues in the process."
11002,abate,"The storm showed no sign of abating, and we decided to postpone the camping trip."
11002,abate,"Hopefully, the medication will help the pain to abate over the next few days."
11002,abate,"Despite the initial excitement, interest in the project began to abate after the first month."
11002,abate,The company offered a discount to abate concerns about the product's high price.
11002,abate,"As the investigation continued, the rumors and speculation started to abate, replaced by factual reporting."
11003,bile,"The politician's speech was full of bile and hateful rhetoric, alienating many potential supporters."
11003,bile,"After arguing with her sister, she felt a surge of bile rising in her throat as she tried to contain her anger."
11003,bile,He spoke with such bile about his former employer that it was clear the experience had deeply scarred him.
11003,bile,"Some people believe that excessive stress can lead to an overproduction of bile, affecting digestion."
11003,bile,"The critic's review was pure bile, tearing apart the film without offering any constructive feedback."
11004,sultan,The old city was once ruled by a powerful sultan who controlled trade routes throughout the region.
11004,sultan,We learned in history class about the Ottoman sultans and their vast empire.
11004,sultan,"The opulent palace, once home to a sultan, is now a popular tourist attraction."
11004,sultan,Legend says the sultan disguised himself as a commoner to understand the needs of his people.
11004,sultan,"He acted like a sultan, ordering everyone around and expecting to be waited on hand and foot."
11005,abdicate,"The aging CEO decided to abdicate his position to his daughter, believing she was ready to lead the company."
11005,abdicate,"Under immense pressure from the public, the king chose to abdicate the throne rather than risk a civil war."
11005,abdicate,I refuse to abdicate my responsibilities as a parent just because things get difficult.
11005,abdicate,Some analysts believe the prime minister will soon abdicate his leadership role due to declining health.
11005,abdicate,Don't abdicate your power to decide what's best for you; make your own choices!
11006,lesion,The doctor suspects the rash is caused by a fungal lesion.
11006,lesion,"During the colonoscopy, they discovered a small lesion that needed to be biopsied."
11006,lesion,Repeated scratching of the skin can sometimes lead to the development of a lesion.
11006,lesion,"The MRI revealed a lesion on his brain, but further tests are needed to determine if it's benign or malignant."
11006,lesion,"After the accident, she noticed a painful lesion forming near her knee, likely from the impact."
11007,accede,"After much deliberation, the board decided to accede to the CEO's request for a larger budget."
11007,accede,"He reluctantly acceded to her wishes, knowing that arguing would only make things worse."
11007,accede,The government is unlikely to accede to the rebels' demands for immediate independence.
11007,accede,"I hope the university will accede to my application for a scholarship; otherwise, I won't be able to afford tuition."
11007,accede,"Despite his initial reservations, he eventually acceded to the plan, recognizing its potential benefits."
11008,duchy,"The Grand Duke ruled his duchy with a firm hand, overseeing both its military and economic affairs."
11008,duchy,"After years of war, the small duchy finally regained its independence and elected a new council."
11008,duchy,"Visiting the medieval castle, we learned about the history of the duchy and its role in the region's past."
11008,duchy,"My grandmother always spoke fondly of her childhood in the rural duchy, remembering the simple life and close-knit community."
11008,duchy,The treaty stipulated that the conquered territory would be reorganized as a new duchy under the control of the allied forces.
11009,arbitration,"Hoping to avoid a costly lawsuit, the company agreed to binding arbitration to resolve the contract dispute."
11009,arbitration,"We decided to submit our neighborly disagreement to arbitration, hoping a neutral third party could find a fair solution."
11009,arbitration,The employee's contract included a clause requiring all employment-related disputes to be settled through arbitration.
11009,arbitration,"After months of failed negotiations, the union threatened to call a strike unless the company agreed to arbitration."
11009,arbitration,My lawyer suggested that arbitration might be a quicker and less expensive alternative to going to court for this particular issue.
11010,allay,The doctor tried to allay my fears about the surgery by explaining the procedure in detail.
11010,allay,A warm cup of tea can often allay feelings of anxiety and stress.
11010,allay,The company issued a statement to allay concerns about potential job losses after the merger.
11010,allay,He hoped a heartfelt apology would allay her anger after the misunderstanding.
11010,allay,The government implemented new policies to allay public fears regarding food safety.
11011,hemorrhage,The company is expected to hemorrhage money if they don't find a way to cut costs.
11011,hemorrhage,"After the accident, he was rushed to the hospital suffering from a severe hemorrhage."
11011,hemorrhage,The article detailed how the country's best doctors were hemorrhaging to other nations seeking better opportunities.
11011,hemorrhage,The constant negativity and infighting caused a hemorrhage of support for the political party.
11011,hemorrhage,"If you experience any unusual bleeding or hemorrhage, you should consult a doctor immediately."
11012,amalgamate,The two companies decided to amalgamate in order to better compete in the global market.
11012,amalgamate,We need to amalgamate all of our data into a single database for easier analysis.
11012,amalgamate,The chef plans to amalgamate traditional French techniques with modern Asian flavors to create a unique dining experience.
11012,amalgamate,"Wouldn't it be simpler to amalgamate these two departments, considering how much overlap there is in their responsibilities?"
11012,amalgamate,The historical society seeks to amalgamate various local archives into a comprehensive digital resource for researchers.
11013,confederation,"The Swiss Confederation, known for its neutrality, has a long history of decentralized governance."
11013,confederation,Several independent states formed a confederation to pool resources and strengthen their collective defense.
11013,confederation,"Historians often debate the effectiveness of the Articles of Confederation, the first attempt at a unified government in the United States."
11013,confederation,The labor unions considered forming a confederation to increase their bargaining power with major corporations.
11013,confederation,A loose confederation of small businesses emerged to lobby the government for tax breaks and reduced regulations.
11014,incursion,"The wildlife preserve suffered a brief incursion by poachers last week, resulting in the loss of several animals."
11014,incursion,We've noticed a worrying incursion of weeds from the neighbor's yard into our garden.
11014,incursion,The company's aggressive marketing strategy was seen as an incursion into the territory of its competitors.
11014,incursion,"The rebels staged a daring incursion into the capital city, hoping to seize control of key government buildings."
11014,incursion,"After the heavy rains, there was an incursion of water into the basement, damaging some of our stored items."
11015,annihilate,The invading army threatened to annihilate the entire city if their demands weren't met.
11015,annihilate,"He was determined to annihilate his opponent in the chess tournament, leaving no room for doubt about his skill."
11015,annihilate,Years of neglect had nearly annihilated the historic building; it was in desperate need of restoration.
11015,annihilate,"The company's new product completely annihilated the competition, capturing almost the entire market share."
11015,annihilate,I'm so hungry I could annihilate that entire pizza by myself!
11016,annexation,The annexation of Crimea by Russia in 2014 was widely condemned by the international community.
11016,annexation,"Local residents protested the proposed annexation of their neighborhood by the neighboring city, fearing higher taxes."
11016,annexation,Historical accounts detail the annexation of Texas by the United States in the 19th century.
11016,annexation,"The treaty addressed the legal implications of the annexation, specifically concerning land ownership and citizenship."
11016,annexation,Some historians argue that the annexation of territory was driven by economic interests and the desire for resources.
11017,municipality,The municipality is responsible for providing essential services like waste management and road maintenance.
11017,municipality,We need to attend the next town hall meeting to voice our concerns about the proposed zoning changes in our municipality.
11017,municipality,"The local municipality has been struggling with budget cuts, which is impacting community programs."
11017,municipality,"After years of debate, the municipality finally approved the construction of the new community center."
11017,municipality,Several municipalities in the region are collaborating on a joint project to improve the area's public transportation system.
11018,augment,The company decided to augment its workforce with temporary employees during the busy holiday season.
11018,augment,We can augment the flavor of the sauce by adding a little more garlic and herbs.
11018,augment,"To augment their income, many teachers work second jobs during the summer."
11018,augment,The software uses artificial intelligence to augment the capabilities of human analysts.
11018,augment,She took extra classes to augment her knowledge of computer programming.
11019,destitution,The economic downturn left many families facing destitution and homelessness.
11019,destitution,"After the factory closed, the town spiraled into destitution, with unemployment rates soaring."
11019,destitution,"The charity provides food and shelter to those living in destitution, offering a lifeline in desperate times."
11019,destitution,He lost everything in the stock market crash and found himself on the brink of destitution.
11019,destitution,"Despite her initial success, a series of bad investments led her to a state of near destitution."
11020,beget,"Poverty can beget crime, creating a vicious cycle that's hard to break."
11020,beget,His success in business seemed to beget envy among his former colleagues.
11020,beget,The constant negativity in that online forum only begets more arguments and hostility.
11020,beget,"In some cultures, a large family is seen as a blessing, as each child is believed to beget further prosperity."
11020,beget,"One act of kindness can beget another, spreading positivity throughout the community."
11021,iniquity,The mayor vowed to root out the iniquity that had plagued the city's government for decades.
11021,iniquity,He couldn't stand by and watch the iniquity unfold without speaking out against it.
11021,iniquity,The novel explores the themes of social iniquity and the struggle for justice.
11021,iniquity,Some argue that the current tax system perpetuates iniquity by disproportionately benefiting the wealthy.
11021,iniquity,She was shocked by the iniquity she witnessed during her time volunteering at the prison.
11022,decorum,The students were reminded to maintain decorum during the graduation ceremony.
11022,decorum,"While I appreciate your enthusiasm, please remember to observe some decorum in this professional setting."
11022,decorum,"Despite the heated debate, the council members maintained a level of decorum and respect for each other's opinions."
11022,decorum,"She handled the embarrassing situation with remarkable decorum, never losing her composure."
11022,decorum,"I'm not sure about the decorum of wearing jeans to a wedding, even if it's a casual one."
11023,belie,His youthful appearance belies his 60 years.
11023,belie,The company's cheerful advertisements belie the harsh reality of their working conditions.
11023,belie,Her calm demeanor belied the anxiety she felt before the performance.
11023,belie,"The dilapidated building's exterior belies the modern, renovated apartments inside."
11023,belie,The student's simple explanation belied a deep understanding of the complex topic.
11024,quary,The historian began to quarry the old documents for information about the town's founding.
11024,quary,I'm going to quarry my notes from the lecture to find the specific theorem he mentioned.
11024,quary,Reporters often quarry public records in search of leads for their investigations.
11024,quary,She had to quarry deep within her memory to recall the name of the restaurant.
11024,quary,"Before writing the proposal, the team decided to quarry existing research to support their claims."
11025,bilow,The old fishing boat began to billow its sails as the wind picked up offshore.
11025,bilow,"Smoke started to billow from the chimney, signaling that the fire was finally lit."
11025,bilow,"As the crowd roared, the enormous flag began to billow above the stadium."
11025,bilow,"Her dress was designed to billow gracefully in the breeze, creating a dramatic effect."
11025,bilow,"Dark clouds began to billow ominously on the horizon, warning of an approaching storm."
11026,capricious,"The stock market can be quite capricious, soaring one day and plummeting the next for seemingly no reason."
11026,capricious,Her capricious nature made it difficult to plan anything in advance because she would often change her mind at the last minute.
11026,capricious,"The weather in April is notoriously capricious; be prepared for sunshine, rain, or even snow."
11026,capricious,"The director was known for his capricious decisions, often firing actors on a whim."
11026,capricious,"Because of the company's capricious policies regarding employee benefits, many workers felt insecure about their future."
11027,bode,The dark clouds gathering on the horizon bode ill for our picnic this afternoon.
11027,bode,His consistently late arrivals and poor performance don't bode well for his chances of getting a promotion.
11027,bode,The company's strong earnings report bodes favorably for investors.
11027,bode,"If the early voting numbers are any indication, they bode a landslide victory for the incumbent."
11027,bode,A peaceful resolution to the conflict seems unlikely; all the signs bode a prolonged and bitter struggle.
11028,auspicious,The wedding was planned for the most auspicious date according to the lunar calendar.
11028,auspicious,"Starting a new business venture on such an auspicious day, I'm confident we'll succeed."
11028,auspicious,"Despite the initial setbacks, the project began on what turned out to be an auspicious day for the company."
11028,auspicious,"The black cat crossing her path wasn't a bad omen; she actually found a twenty-dollar bill shortly after, proving it an auspicious sign!"
11028,auspicious,"With the weather cooperating and everyone in good spirits, it felt like an auspicious occasion to announce our engagement."
11029,subversion,"The government accused the activists of subversion, claiming their protests were aimed at destabilizing the country."
11029,subversion,"He saw the constant questioning of authority as a form of subtle subversion, slowly eroding traditional values."
11029,subversion,"Instead of directly confronting the boss, he practiced a kind of passive subversion, quietly undermining her plans."
11029,subversion,The novel was banned for its perceived subversion of societal norms and its challenge to the established order.
11029,subversion,"Some argue that art can be a powerful tool for subversion, offering a platform to challenge dominant ideologies and inspire change."
11030,cleave,The butcher used a heavy cleaver to cleave the bone in half.
11030,cleave,"Despite their differences, they cleave to the same fundamental principles of justice."
11030,cleave,The ship's bow was designed to cleave through the waves with minimal resistance.
11030,cleave,"After the argument, a deep rift seemed to cleave their friendship in two."
11030,cleave,"Some people cleave to traditional beliefs, even in the face of modern challenges."
11031,iris,The photographer focused on the model's striking blue iris.
11031,iris,"I planted several varieties of iris in the garden this spring, hoping for a colorful display."
11031,iris,"According to the eye doctor, the slight irregularity in my iris is nothing to worry about."
11031,iris,The security system uses iris scanning technology for access control to the building.
11031,iris,The artist was fascinated by the intricate patterns within the iris of the human eye.
11032,constrict,The tight bandage began to constrict the blood flow to my fingers.
11032,constrict,Regulations on small businesses often constrict their ability to grow and innovate.
11032,constrict,"During an asthma attack, the airways in the lungs constrict, making it difficult to breathe."
11032,constrict,Don't constrict yourself to just one career path; explore different options and see what resonates with you.
11032,constrict,Fear can constrict your thinking and prevent you from seeing creative solutions.
11033,corrode,"The battery acid began to corrode the metal terminals, leaving a powdery residue."
11033,corrode,Years of exposure to salt water can corrode even the strongest steel structures.
11033,corrode,His constant negativity started to corrode my initial enthusiasm for the project.
11033,corrode,We need to apply a protective coating to prevent the pipes from corroding over time.
11033,corrode,"The scandal deeply corroded the politician's reputation, making it difficult for him to regain public trust."
11034,keel,"The storm was so fierce, it threatened to turn the sailboat over, but the heavy keel kept it upright."
11034,keel,"After a few rough patches, the project seems to be on an even keel now."
11034,keel,The shipwrights carefully inspected the keel for any signs of damage after the grounding.
11034,keel,The news of the layoffs threw the entire company off keel.
11034,keel,We need to keep the negotiations on an even keel if we want to reach a successful agreement.
11035,dinghy,We used the dinghy to row ashore from the yacht.
11035,dinghy,The sailing club offers dinghy racing every Saturday morning.
11035,dinghy,He spent the afternoon patching up a hole in his inflatable dinghy.
11035,dinghy,"After the storm, the small dinghy was found washed up on the beach, tangled in seaweed."
11035,dinghy,"For short trips to the mainland, a small dinghy is more convenient and fuel-efficient than firing up the main boat engine."
11036,decentralize,"The company decided to decentralize its operations, giving regional managers more autonomy."
11036,decentralize,We need to decentralize power away from the central government to empower local communities.
11036,decentralize,"Blockchain technology aims to decentralize financial systems, removing intermediaries."
11036,decentralize,The university is trying to decentralize its administration to improve efficiency and responsiveness to student needs.
11036,decentralize,"Instead of one large server, they want to decentralize the data storage across multiple smaller nodes for better security and redundancy."
11037,environs,"We decided to explore the environs of the old castle, hoping to find some interesting ruins."
11037,environs,The property values are much lower in the environs of the industrial park.
11037,environs,"The hotel is conveniently located near the city center, but far enough away to offer peace and quiet in its immediate environs."
11037,environs,"After the concert, the environs of the stadium were filled with crowds of people trying to find their way home."
11037,environs,The environmental study will assess the impact of the proposed development on the surrounding environs.
11038,insecticide,The farmer sprayed insecticide on his crops to protect them from the boll weevil.
11038,insecticide,I'm hesitant to use insecticide in the garden because I don't want to harm the beneficial insects.
11038,insecticide,"Before applying any insecticide, carefully read the label and follow the safety instructions."
11038,insecticide,The city is considering using a mosquito-specific insecticide to control the spread of West Nile virus.
11038,insecticide,Some people prefer natural pest control methods over using chemical insecticides.
11039,decimate,The invasive species decimated the local fish population in just a few years.
11039,decimate,"A single wildfire can decimate a forest, leaving behind a barren landscape."
11039,decimate,"The economic downturn decimated many small businesses, forcing them to close their doors."
11039,decimate,That scandal really decimated his reputation; it's hard to see him recovering from that.
11039,decimate,"A powerful hurricane decimated the coastal town, leaving thousands homeless and in need of assistance."
11040,detrimental,"Smoking has been proven to be detrimental to your health, increasing the risk of various diseases."
11040,detrimental,The constant negativity in the workplace was detrimental to team morale and productivity.
11040,detrimental,Ignoring the warning signs of a potential problem can be detrimental in the long run.
11040,detrimental,Overwatering your plants can actually be detrimental; they need proper drainage to thrive.
11040,detrimental,Exposure to excessive noise levels can be detrimental to your hearing over time.
11041,noxious,The noxious fumes from the factory made it difficult to breathe.
11041,noxious,We had to evacuate the building because of a noxious gas leak.
11041,noxious,The politician's rhetoric was so noxious that many people found it offensive.
11041,noxious,"That weed killer is quite noxious, so be sure to wear gloves and a mask when you use it."
11041,noxious,"The stagnant pond was filled with noxious algae, making it unsafe for swimming."
11042,garish,"The garish neon signs of the Las Vegas strip were overwhelming, even for someone used to bright lights."
11042,garish,I couldn't believe she wore that garish dress to the funeral; it was completely inappropriate.
11042,garish,"The artist's early work was characterized by garish colors and chaotic compositions, but his later pieces became much more refined."
11042,garish,"He decorated his office with a garish gold wallpaper and a huge, fake-fur rug, which made it look more like a cheap casino than a professional workspace."
11042,garish,"While some people appreciate bold patterns, I find that particular floral print to be a bit too garish for my taste."
11043,detract,The loud music did detract from the romantic atmosphere of the restaurant.
11043,detract,Those small errors don't really detract from the overall quality of the report.
11043,detract,He felt that his lack of experience might detract from his chances of getting the job.
11043,detract,"I don't want to detract from her accomplishments, but it's important to acknowledge the team's contribution as well."
11043,detract,Try not to let negative comments detract you from pursuing your goals.
11044,amphitheater,The local high school built a new amphitheater for outdoor performances and graduation ceremonies.
11044,amphitheater,We saw an amazing production of Shakespeare's 'A Midsummer Night's Dream' at the outdoor amphitheater last summer.
11044,amphitheater,"The ancient Roman amphitheater, though crumbling, still holds a palpable sense of history and grandeur."
11044,amphitheater,"Tickets for the concert at the amphitheater sold out within hours, so I'm afraid we missed our chance."
11044,amphitheater,"If the weather holds up, the annual jazz festival will be held at the amphitheater in the park this year."
11045,arsenic,"The old well water tested positive for arsenic, making it unsafe to drink."
11045,arsenic,"Scientists are studying the potential of using arsenic in targeted cancer therapies, though it's a delicate balance."
11045,arsenic,"He felt a creeping suspicion that someone might be trying to poison him with arsenic, given his recent health problems and strained family relationships."
11045,arsenic,"Historically, arsenic was a common ingredient in pesticides, but its use is now heavily regulated due to its toxicity."
11045,arsenic,"While naturally occurring in some rocks and soil, arsenic contamination in groundwater remains a significant environmental concern in certain regions."
11046,dilate,The doctor used eye drops to dilate my pupils for the examination.
11046,dilate,"As the room grew darker, my eyes began to dilate, trying to capture more light."
11046,dilate,We watched the company's market share dilate rapidly after their successful product launch.
11046,dilate,The professor used the opportunity to dilate on the subject of quantum physics during the extended lecture.
11046,dilate,"During moments of extreme fear, your blood vessels can dilate, leading to a flushed appearance."
11047,sorcerer,Legend tells of a powerful sorcerer who could control the elements with a flick of his wrist.
11047,sorcerer,"I always thought Gandalf was more of a sorcerer than a wizard, focusing on practical magic rather than scholarly pursuits."
11047,sorcerer,"The children dressed up as witches and sorcerers for the Halloween parade, eager to show off their costumes."
11047,sorcerer,Some historians believe that many accused witches were actually skilled healers or sorcerers practicing traditional medicine.
11047,sorcerer,"While the term 'wizard' often implies wisdom, 'sorcerer' often suggests a more innate, perhaps even darker, connection to magical power."
11048,wand,"The fairy godmother waved her wand, transforming the pumpkin into a magnificent carriage."
11048,wand,"I bought a bubble wand for my niece, and she's been happily chasing bubbles all afternoon."
11048,wand,"In the magic show, the magician used a wand to make a dove appear out of thin air."
11048,wand,"The conductor raised his wand, signaling the orchestra to begin the overture."
11048,wand,Archaeologists discovered a beautifully crafted copper wand in the ancient burial chamber.
11049,leaden,"After the exhausting marathon, my legs felt leaden and heavy."
11049,leaden,The news of the company's bankruptcy cast a leaden pall over the office.
11049,leaden,His leaden tone and uninspired delivery made the presentation incredibly boring.
11049,leaden,"She woke up with a leaden feeling in her chest, a sense of dread she couldn't shake."
11049,leaden,"The old, leaden pipes needed replacing before they caused a serious leak."
11050,dissipate,The morning fog began to dissipate as the sun rose higher in the sky.
11050,dissipate,He tried to dissipate his anger by going for a long run in the park.
11050,dissipate,The company's resources were quickly beginning to dissipate due to poor management.
11050,dissipate,"Hopefully, the rumors about the merger will dissipate once the official announcement is made."
11050,dissipate,Investing in training programs can help dissipate employee concerns about job security in the face of automation.
11051,dribble,The baby started to dribble food down his chin as he ate his pureed peas.
11051,dribble,"He tried to dribble the basketball past the defender, but lost control of the ball."
11051,dribble,"After the rain stopped, water continued to dribble from the roof's edge for quite some time."
11051,dribble,"The leaky faucet would dribble intermittently throughout the night, keeping me awake."
11051,dribble,"In patients with certain neurological conditions, excessive salivation can cause them to dribble."
11052,trough,The farmer filled the water trough for the horses after a long day in the fields.
11052,trough,"We're in a bit of an economic trough right now, but things are expected to improve next year."
11052,trough,"The wave crashed into the shore, the trough preceding the next powerful surge."
11052,trough,He ate so much at dinner that he felt like he was falling into a food trough.
11052,trough,"The valley was like a trough between the two mountain ranges, with a river running through it."
11053,tenement,"My grandmother grew up in a crowded tenement on the Lower East Side, sharing a small apartment with her parents and five siblings."
11053,tenement,The city is trying to revitalize the neighborhood by demolishing the dilapidated tenement buildings and replacing them with affordable housing.
11053,tenement,"He researched the history of tenement life in New York City for his documentary film, interviewing descendants of immigrants who once lived there."
11053,tenement,"The landlord was notorious for neglecting the tenement, ignoring complaints about leaky roofs and broken heating systems."
11053,tenement,"Back in the early 20th century, tenements were often characterized by poor sanitation and overcrowded conditions, contributing to the spread of disease."
11054,vantage,The hilltop offered a perfect vantage point for watching the sunset over the valley.
11054,vantage,"From my vantage, it looked like the argument was entirely her fault, but I could be wrong."
11054,vantage,"History books often present events from a particular vantage, so it's important to consider multiple perspectives."
11054,vantage,"The company's new headquarters, with its central location, provides a significant competitive vantage."
11054,vantage,Standing on the balcony gave us a great vantage of the parade as it passed through downtown.
11055,drizzle,"A light drizzle started as we left the house, so I quickly grabbed an umbrella."
11055,drizzle,The chef finished the dish with a delicate drizzle of balsamic glaze.
11055,drizzle,"Despite the persistent drizzle, the runners continued the marathon with determination."
11055,drizzle,"I love the sound of the rain, especially when it's just a gentle drizzle against the windowpane."
11055,drizzle,"The weather forecast predicts a chance of drizzle throughout the day, so dress accordingly."
11056,armistice,"After months of brutal fighting, both sides finally agreed to an armistice, hoping to begin peace negotiations."
11056,armistice,"The armistice was fragile, and tensions remained high along the border."
11056,armistice,"The historian argued that the armistice was a missed opportunity for a lasting peace, as underlying issues were never addressed."
11056,armistice,News of the armistice brought a wave of relief and celebration to the war-torn country.
11056,armistice,"Despite the armistice, sporadic incidents of violence continued to plague the region, threatening the stability of the ceasefire."
11057,emancipate,The organization works to emancipate women from oppressive cultural norms.
11057,emancipate,"After years of hard work, she finally felt like she could emancipate herself from debt."
11057,emancipate,"The Emancipation Proclamation was a pivotal moment in American history, aiming to emancipate enslaved African Americans."
11057,emancipate,He sought to emancipate his thinking from the constraints of traditional dogma.
11057,emancipate,"At sixteen, she petitioned the court to emancipate herself from her parents and gain legal independence."
11058,deforestation,The rapid deforestation of the Amazon rainforest is a major concern for climate scientists.
11058,deforestation,Deforestation in that area has led to increased soil erosion and flooding during the rainy season.
11058,deforestation,We need to find sustainable alternatives to logging to combat deforestation and protect our forests.
11058,deforestation,The organization is working to reforest previously cleared land in an effort to reverse the effects of deforestation.
11058,deforestation,Is it true that the new agricultural policy will contribute to further deforestation?
11059,encroach,The rising sea levels are beginning to encroach on the coastal towns.
11059,encroach,I felt like my personal space was being encroached upon when the stranger sat too close to me on the bus.
11059,encroach,We need to be careful not to encroach on our neighbor's property when we build the new fence.
11059,encroach,The company's aggressive marketing tactics are starting to encroach on the market share of its competitors.
11059,encroach,Don't let your work encroach on your personal life; it's important to maintain a healthy balance.
11060,periphery,"The old factory was located on the periphery of town, far from the residential areas."
11060,periphery,"I try to stay involved in the main discussions, but sometimes I feel like I'm just on the periphery, observing from a distance."
11060,periphery,The artist intentionally blurred the details on the periphery of the painting to draw attention to the central figure.
11060,periphery,"While the core business is thriving, we need to pay more attention to developments on the periphery of our industry."
11060,periphery,"He preferred to remain on the periphery of the group, listening intently but rarely offering his own opinions."
11061,depletion,The depletion of the ozone layer is a serious environmental concern.
11061,depletion,We need to find sustainable alternatives to avoid the depletion of our natural resources.
11061,depletion,"After a long illness, the patient suffered from severe energy depletion."
11061,depletion,The constant use of social media can lead to a depletion of focus and attention.
11061,depletion,The rapid depletion of their savings forced them to sell their house.
11062,engender,The constant negativity in the news can engender feelings of anxiety and hopelessness.
11062,engender,His insightful comments engendered a lively debate among the students.
11062,engender,The politician hoped his speech would engender support for his new healthcare initiative.
11062,engender,Such blatant disregard for the rules will only engender resentment among the other players.
11062,engender,A culture of open communication can engender trust and collaboration within a team.
11063,squalid,"The refugees were living in squalid conditions, with limited access to clean water and sanitation."
11063,squalid,"He described the abandoned apartment building as squalid, reeking of mold and decay."
11063,squalid,"I couldn't believe anyone could live in such a squalid state, surrounded by filth and disrepair."
11063,squalid,"The investigation revealed the squalid practices of the factory, where workers were subjected to inhumane treatment."
11063,squalid,"Despite the squalid surroundings, the children managed to find moments of joy and laughter."
11064,stubble,"He hadn't shaved in a few days, and his face was covered in light stubble."
11064,stubble,"The farmer ran his hand across the stubble in the field after the harvest, assessing the soil's condition."
11064,stubble,I prefer my boyfriend with a little stubble; it's more rugged.
11064,stubble,She complained that his stubble scratched her face when they kissed.
11064,stubble,"The close-up photo revealed the fine stubble on the actor's chin, a sign of his character's weariness."
11065,epitomize,"For many, Audrey Hepburn epitomizes grace and elegance."
11065,epitomize,The restaurant's consistently excellent service and food epitomize what a fine dining experience should be.
11065,epitomize,He's the kind of politician who seems to epitomize everything people distrust about the system.
11065,epitomize,"That moment, when she finally stood up for herself, seemed to epitomize her entire journey of self-discovery."
11065,epitomize,"This project, with its innovative design and sustainable materials, epitomizes the company's commitment to environmental responsibility."
11066,vagabond,"He lived the life of a vagabond, traveling from town to town with only a backpack and a guitar."
11066,vagabond,"The old man, a self-proclaimed vagabond, told fascinating stories of his adventures around the world."
11066,vagabond,"She felt a strange pull towards the vagabond lifestyle, a desire to escape the confines of her ordinary existence."
11066,vagabond,The police were keeping a close eye on the group of vagabonds who had been camping in the park.
11066,vagabond,"Despite his reputation as a vagabond, he was actually a talented artist who sold his paintings along the road."
11067,exude,"The seasoned detective exuded an air of quiet confidence, even in the chaotic crime scene."
11067,exude,"Freshly baked bread exuded a warm, comforting aroma that filled the entire kitchen."
11067,exude,"Despite the pressure, the CEO exuded calm and control during the shareholder meeting."
11067,exude,"He tried to appear nonchalant, but his nervousness exuded from every pore."
11067,exude,The politician's speech was carefully crafted to exude an image of strength and decisiveness.
11068,stench,"The stench of rotting garbage permeated the entire alleyway, making it almost unbearable to walk through."
11068,stench,"A sudden stench of sulfur filled the air, signaling a potential gas leak."
11068,stench,"The critic described the movie as a creative failure, saying it had the 'stench of desperation' clinging to every scene."
11068,stench,"After the power outage, the refrigerator emitted a terrible stench, indicating that the food inside had spoiled."
11068,stench,"Even after airing out the room for hours, a faint stench of burnt toast still lingered."
11069,precipitation,"The forecast calls for a high chance of precipitation tomorrow, so bring an umbrella."
11069,precipitation,"Acid precipitation, caused by industrial emissions, can severely damage forests and aquatic ecosystems."
11069,precipitation,We haven't had any precipitation in weeks; the drought is really starting to affect the crops.
11069,precipitation,"The type of precipitation – whether it's rain, snow, sleet, or hail – depends on the temperature of the atmosphere."
11069,precipitation,Understanding the patterns of precipitation in different regions is crucial for effective water management.
11070,fluctuate,The price of gasoline tends to fluctuate depending on global events.
11070,fluctuate,"My weight seems to fluctuate by a few pounds every week, no matter what I do."
11070,fluctuate,"During the summer months, tourist numbers fluctuate wildly in this small coastal town."
11070,fluctuate,The company's profits fluctuated significantly throughout the year due to unforeseen market changes.
11070,fluctuate,"Her moods can fluctuate quite rapidly; one minute she's happy, the next she's upset."
11071,forfeit,"If you don't show up for your court date, you will forfeit your bail money."
11071,forfeit,"By violating the terms of his probation, he will forfeit his freedom and return to prison."
11071,forfeit,The team had to forfeit the game because too many players were sick with the flu.
11071,forfeit,I'm not going to forfeit my principles just to get ahead in this company.
11071,forfeit,She was forced to forfeit her amateur status when she accepted prize money for winning the tournament.
11072,breadwinner,"After her husband lost his job, she reluctantly became the breadwinner for the family."
11072,breadwinner,"In many traditional households, the father is still seen as the primary breadwinner."
11072,breadwinner,"The company's new parental leave policy aims to support both mothers and fathers, regardless of who is the breadwinner."
11072,breadwinner,He worked tirelessly as the breadwinner to provide his children with a good education.
11072,breadwinner,She challenged the traditional gender roles within her family by becoming the main breadwinner and pursuing her career ambitions.
11073,orchid,She received a beautiful white orchid as a thank you gift.
11073,orchid,"Growing orchids can be challenging, as they require specific humidity and lighting conditions."
11073,orchid,The botanical garden boasts a rare collection of orchids from around the world.
11073,orchid,"I'm thinking of adding an orchid to my windowsill, but I'm not sure which variety to choose."
11073,orchid,"The delicate fragrance of the orchid filled the room, creating a calming atmosphere."
11074,germinae,"While rare, some plant species exhibit vivipary, where the germinae begin to sprout while still attached to the parent plant."
11074,germinae,"The botanist carefully examined the mangrove seeds, noting the already elongated germinae indicating advanced preparation for dispersal."
11074,germinae,"In certain fern species, the germinae develop on the fronds themselves, offering a unique method of vegetative propagation."
11074,germinae,The professor explained that the presence of developed germinae within the fruit is a key characteristic used to classify that particular plant family.
11074,germinae,"Unlike typical seeds, these specialized propagules bypass dormancy and immediately produce germinae upon landing in a suitable environment."
11075,conservatory,"We decided to have breakfast in the conservatory, as the sun was streaming in through the glass roof."
11075,conservatory,The music conservatory offers scholarships to exceptionally talented young musicians.
11075,conservatory,Adding a conservatory to the back of the house significantly increased its value.
11075,conservatory,"She spent hours in the conservatory, tending to her orchids and other tropical plants."
11075,conservatory,"After graduating from the dance conservatory, he landed a role in a Broadway production."
11076,sheath,He carefully slid the katana back into its sheath after practicing his swordsmanship.
11076,sheath,The electrician used a heat shrink sheath to insulate the exposed wires.
11076,sheath,The banana's yellow sheath protects the fruit inside until it's ready to be eaten.
11076,sheath,The surgeon used a protective sheath during the procedure to prevent damage to surrounding tissues.
11076,sheath,She removed the hunting knife from its leather sheath and began preparing the kindling for a fire.
11077,inlaid,The antique table featured a beautiful inlaid design of mother-of-pearl.
11077,inlaid,My grandmother's jewelry box has a small mirror inlaid in the lid.
11077,inlaid,The craftsman carefully inlaid the different colored woods to create a stunning geometric pattern.
11077,inlaid,"I'm thinking of getting a guitar with an inlaid fretboard, but they're usually more expensive."
11077,inlaid,The museum displayed a ceremonial dagger with intricate gold filigree inlaid into its handle.
11078,glint,I saw a glint of sunlight on the lake as the clouds parted.
11078,glint,There was a mischievous glint in his eye as he told the joke.
11078,glint,The glint of the diamond ring caught her attention from across the room.
11078,glint,He could see the glint of steel in the soldier's hand as he raised his weapon.
11078,glint,"Despite his tough exterior, I detected a glint of sadness in his eyes when he spoke about his past."
11079,gurgle,The baby let out a happy gurgle as his mother tickled his tummy.
11079,gurgle,I could hear the water gurgle down the drain after I unplugged the sink.
11079,gurgle,The old coffee maker made a strange gurgling sound before finally sputtering to a stop.
11079,gurgle,The stream began to gurgle gently as the snow melted in the spring sun.
11079,gurgle,"Despite the doctor's attempts to clear his throat, a faint gurgle was still audible, indicating fluid in his lungs."
11080,vale,The picturesque village nestled in the vale was a welcome sight after a long journey.
11080,vale,"From the mountain peak, we gazed down upon the tranquil vale stretching out before us."
11080,vale,"He bid a final vale to his childhood home, knowing he would likely never return."
11080,vale,The annual Vale of Glamorgan agricultural show is a popular event for local farmers.
11080,vale,"Life is often described as a vale of tears, filled with sorrow and hardship, but also moments of joy."
11081,impinge,The new regulations might impinge on the company's ability to innovate.
11081,impinge,"I didn't want to impinge on your privacy, so I waited outside."
11081,impinge,The noise from the construction site began to impinge on my ability to concentrate.
11081,impinge,His constant negativity started to impinge on my own positive outlook.
11081,impinge,We must ensure that development does not impinge on the natural habitats of endangered species.
11082,oneness,The yoga retreat focused on achieving a sense of oneness with nature and the universe.
11082,oneness,"Despite their different backgrounds, the team developed a strong sense of oneness, working together seamlessly to achieve their goals."
11082,oneness,"Many religions emphasize the concept of oneness, the idea that all beings are interconnected and part of a larger whole."
11082,oneness,Experiencing the birth of her child gave her a feeling of oneness with all mothers throughout history.
11082,oneness,The artist aimed to capture the feeling of oneness between the dancer and the music in her painting.
11083,neurosis,"His constant need for approval bordered on neurosis, making it difficult for him to make independent decisions."
11083,neurosis,The therapist suggested that her anxiety and recurring nightmares were symptoms of an underlying neurosis stemming from childhood trauma.
11083,neurosis,"Some argue that modern society, with its pressures and uncertainties, fosters a climate ripe for the development of neurosis."
11083,neurosis,I think his obsession with cleanliness is more than just a preference; it's a full-blown neurosis that controls his life.
11083,neurosis,"While the term 'neurosis' is less commonly used in modern psychiatry, it still provides a useful framework for understanding certain types of anxiety and emotional distress."
11084,hypnosis,The therapist suggested hypnosis to help me overcome my fear of public speaking.
11084,hypnosis,"I'm skeptical about hypnosis, but I'm willing to try anything to quit smoking."
11084,hypnosis,"Stage hypnosis can be entertaining, but it's important to remember that it's primarily for show."
11084,hypnosis,Researchers are studying the effects of hypnosis on pain management in patients with chronic conditions.
11084,hypnosis,"Under hypnosis, the witness was able to recall details about the crime that she had previously forgotten."
11085,interlock,"The puzzle pieces are designed to interlock, creating a strong and stable image."
11085,interlock,"Our schedules interlock nicely, so we can definitely meet for lunch next week."
11085,interlock,The company's success and the employees' well-being are inextricably linked; they interlock and depend on each other.
11085,interlock,"Make sure the gears interlock properly before starting the machine, or you risk causing serious damage."
11085,interlock,The border security measures of the two countries interlock to form a comprehensive defense against illegal crossings.
11086,precipitous,The company's precipitous decline in sales took everyone by surprise.
11086,precipitous,Be careful driving on that road; there's a precipitous drop-off on the right side.
11086,precipitous,"After years of careful planning, the project faced a precipitous funding cut, jeopardizing its completion."
11086,precipitous,The hikers decided to turn back rather than attempt the precipitous ascent to the summit.
11086,precipitous,His sudden and precipitous decision to quit his job left his colleagues wondering what had happened.
11087,jut,"The rocky cliffs jutted out into the turbulent sea, creating a dramatic coastline."
11087,jut,I could see the corner of a book jutting out from his backpack.
11087,jut,He has a strong jawline that tends to jut forward slightly when he's thinking.
11087,jut,The old shed's roof began to jut downwards after the heavy snowfall.
11087,jut,Be careful not to trip on that loose paving stone; it juts up a bit from the sidewalk.
11088,secluded,They found a secluded beach where they could relax and enjoy the peace and quiet.
11088,secluded,"The cabin was secluded deep in the woods, far from any roads or other houses."
11088,secluded,"For their honeymoon, they wanted a secluded resort with private villas and stunning ocean views."
11088,secluded,"He preferred to work in a secluded corner of the library, away from the noise and distractions."
11088,secluded,"The investigation revealed that the suspect had been living a secluded life for years, avoiding contact with friends and family."
11089,insulation,Adding more insulation to the attic can significantly reduce your heating and cooling bills.
11089,insulation,The electric wires have a layer of insulation to prevent shocks and short circuits.
11089,insulation,His thick skin provided emotional insulation from the harsh criticism he received.
11089,insulation,We need to check the insulation around the pipes before winter to prevent them from freezing.
11089,insulation,"The new studio was designed with excellent sound insulation, making it perfect for recording music."
11090,muffle,The thick curtains helped to muffle the sounds of the city traffic.
11090,muffle,I tried to muffle my cough during the movie so I wouldn't disturb the other viewers.
11090,muffle,"She used a scarf to muffle her voice, hoping to avoid being recognized."
11090,muffle,"The heavy snow seemed to muffle all the ambient noise, creating an eerie silence."
11090,muffle,The company's attempts to muffle the negative press surrounding the scandal ultimately failed.
11091,mutilate,"The vandals proceeded to mutilate the statue, defacing it beyond recognition."
11091,mutilate,Please be careful when opening packages with sharp objects; you don't want to accidentally mutilate the contents.
11091,mutilate,The censored version of the film had been so heavily mutilated that the plot became almost incomprehensible.
11091,mutilate,I was horrified to hear the stories of how prisoners of war were often mutilated during the conflict.
11091,mutilate,"He threatened to mutilate himself if she left him, a desperate and manipulative act."
11092,haphazard,"The decorations were arranged in a haphazard manner, with no clear theme or order."
11092,haphazard,His haphazard approach to studying meant he often crammed the night before exams and rarely retained the information.
11092,haphazard,"We started the project with a somewhat haphazard plan, hoping to refine it as we went along."
11092,haphazard,"The old shed was filled with a haphazard collection of tools, spare parts, and forgotten treasures."
11092,haphazard,"Despite the haphazard nature of their initial meeting, they formed a strong and lasting friendship."
11093,patter,I love to fall asleep to the gentle patter of rain on the roof.
11093,patter,The comedian's quick patter kept the audience laughing throughout his set.
11093,patter,We could hear the patter of little feet running down the hallway early in the morning.
11093,patter,The street vendor used a practiced patter to entice customers to buy his wares.
11093,patter,The rhythmic patter of the horse's hooves against the cobblestones filled the quiet street.
11094,hanger,I need to buy more hangers; my closet is overflowing with clothes.
11094,hanger,Could you please hang your coat on the hanger in the hallway closet?
11094,hanger,The dress arrived wrinkled because it wasn't shipped on a hanger.
11094,hanger,"He worked as a hanger in the garment factory, responsible for preparing clothes for distribution."
11094,hanger,"The aviation museum displayed a replica of the Wright brothers' first glider, suspended from the ceiling by a complex system of hangers and wires."
11095,pstracism,The whistleblower faced ostracism from his colleagues after revealing the company's unethical practices.
11095,pstracism,"Feeling the sting of ostracism after the argument, she ate lunch alone in the library."
11095,pstracism,Social scientists are studying the causes and consequences of ostracism in online communities.
11095,pstracism,"Despite his controversial views, he refused to be silenced by the threat of ostracism."
11095,pstracism,"The fear of ostracism can be a powerful motivator, influencing people to conform to group norms, even when they disagree."
11096,permeate,"The smell of freshly baked bread began to permeate the entire house, making everyone hungry."
11096,permeate,A sense of unease seemed to permeate the room as the storm raged outside.
11096,permeate,"The new management style aims to permeate all levels of the organization, fostering a more collaborative environment."
11096,permeate,His deep-seated cynicism began to permeate even his most optimistic pronouncements.
11096,permeate,"The heavy rain began to permeate the tent, soaking our sleeping bags and clothes."
11097,despotic,"The company director was known for his despotic management style, firing employees on a whim."
11097,despotic,"Citizens feared the dictator's despotic rule, where dissent was met with swift and brutal punishment."
11097,despotic,I refuse to work under such a despotic supervisor; I'm looking for a new job.
11097,despotic,"Although he was elected democratically, his policies became increasingly despotic over time, eroding individual freedoms."
11097,despotic,Some argue that even well-intentioned leaders can fall into despotic patterns if unchecked by a strong legal framework.
11098,roundup,The police conducted a roundup of suspected gang members in the neighborhood.
11098,roundup,"Every Friday, I publish a news roundup on my blog, highlighting the week's most important stories."
11098,roundup,We need to do a final roundup of all the invoices before sending them to accounting.
11098,roundup,"The ranch hands began the annual cattle roundup, preparing the herd for branding."
11098,roundup,Let's have a quick roundup of everyone's progress on the project before we adjourn the meeting.
11099,polarize,The debate over the new tax policy threatened to polarize the entire country.
11099,polarize,His controversial remarks on social media quickly polarized public opinion.
11099,polarize,The issue of gun control continues to polarize voters on both sides of the political spectrum.
11099,polarize,"I didn't want to polarize the team, so I tried to mediate the conflict between the two factions."
11099,polarize,"The director's artistic choices, while bold, ultimately served to polarize critics and audiences alike."
11100,sedate,The doctor gave the patient a sedative to help them feel more sedate before the procedure.
11100,sedate,The normally boisterous puppy became surprisingly sedate after his long walk in the park.
11100,sedate,"She preferred a sedate lifestyle, enjoying quiet evenings at home with a good book rather than attending loud parties."
11100,sedate,The professor's sedate demeanor and monotone voice nearly lulled the entire class to sleep.
11100,sedate,"Despite the chaos around her, she remained sedate and focused, calmly completing her work."
11101,presage,Dark clouds gathering on the horizon often presage a coming storm.
11101,presage,The company's declining profits in the last quarter may presage more significant financial troubles ahead.
11101,presage,His constant fidgeting and nervous glances seemed to presage a confession.
11101,presage,"The sudden drop in temperature could presage an early frost, so protect your plants."
11101,presage,The groundbreaking ceremony and enthusiastic community support presage a successful future for the new library.
11102,cataclysm,"The sudden volcanic eruption was a cataclysm for the small island community, wiping out their homes and livelihoods."
11102,cataclysm,Losing his job and his house in the same month felt like a personal cataclysm.
11102,cataclysm,Scientists warn that climate change could lead to a global cataclysm if drastic action isn't taken soon.
11102,cataclysm,The economic crash of 2008 was a financial cataclysm that affected millions of people worldwide.
11102,cataclysm,"Thankfully, the predicted hurricane turned out to be less of a cataclysm than we feared, though it still caused significant damage."
11103,propagate,The gardener learned how to propagate rose bushes from cuttings.
11103,propagate,"Rumors can propagate quickly through social media, often without any factual basis."
11103,propagate,The sound of the explosion seemed to propagate through the entire valley.
11103,propagate,We need to propagate these ideas to a wider audience to gain more support for the initiative.
11103,propagate,The plant's roots will propagate if given enough space and moisture.
11104,genus,The scientific name *Canis lupus* indicates that the wolf belongs to the *Canis* genus.
11104,genus,"In the museum, there's an entire section dedicated to the evolution of the *Homo* genus, including early hominids."
11104,genus,"While they share some similarities, it's important to remember that dogs and wolves are separate species within the same genus."
11104,genus,The biologist specialized in the study of a particular genus of flowering plants found only in the Amazon rainforest.
11104,genus,Classifying organisms by genus and species helps scientists understand their evolutionary relationships and biodiversity.
11105,narcissus,"The garden was filled with daffodils and narcissus, a vibrant display of spring colors."
11105,narcissus,"He was so captivated by his own reflection, it was like he was gazing into a pool, just like the myth of Narcissus."
11105,narcissus,"The poem made allusions to the Greek myth of Narcissus, exploring themes of vanity and self-obsession."
11105,narcissus,"My grandmother always planted narcissus bulbs in the fall, so we'd have fragrant blooms in early spring."
11105,narcissus,"While beautiful, the narcissus flower has a delicate fragrance that some people find overwhelming."
11106,cove,"We anchored the boat in a small, secluded cove to escape the afternoon sun."
11106,cove,The pirates supposedly buried their treasure in a hidden cove along the rugged coastline.
11106,cove,"The property boasts its own private cove, perfect for swimming and kayaking."
11106,cove,"The tour guide pointed out the picturesque cove, explaining its geological formation."
11106,cove,"After a long day of hiking, we found a quiet cove to relax and watch the sunset."
11107,periscope,The submarine commander used the periscope to scan the horizon for enemy ships.
11107,periscope,"During the parade, the children boosted each other up, trying to get a periscope view over the crowd."
11107,periscope,The inventor designed a miniature periscope to see over cubicle walls in the office.
11107,periscope,"Figuratively speaking, we need a periscope to see beyond the immediate crisis and anticipate future challenges."
11107,periscope,The museum exhibit included a working periscope that allowed visitors to experience a submarine's perspective.
11108,protrude,"Be careful, there's a nail protruding from the board."
11108,protrude,The old woman's collarbone seemed to protrude quite sharply beneath her thin dress.
11108,protrude,"If the cake is properly baked, a toothpick inserted into the center should come out clean, without any batter protruding."
11108,protrude,"He nervously adjusted his tie, trying to hide the Adam's apple that seemed to protrude more than usual."
11108,protrude,"The roots of the ancient oak tree protrude from the soil, creating a hazard for pedestrians."
11109,senile,My grandmother is starting to get a little senile; she often forgets where she put her keys.
11109,senile,"The doctor explained that some memory loss is a normal part of aging, but he wanted to rule out any underlying conditions that could be mistaken for senile dementia."
11109,senile,"He dismissed the politician's concerns as the ramblings of a senile old man, which was a rather disrespectful thing to say."
11109,senile,"While some older dogs can become senile and confused, with proper care and attention, they can still enjoy a good quality of life."
11109,senile,I worry about my neighbor; he's become increasingly senile lately and I'm concerned he's not able to care for himself properly.
11110,recuperate,"After the surgery, it took several weeks for her to recuperate fully."
11110,recuperate,He's gone to the countryside to recuperate from the stress of his demanding job.
11110,recuperate,The team needs a few days to recuperate before their next game.
11110,recuperate,I'm planning a quiet weekend at home to recuperate from this awful cold.
11110,recuperate,The economy is slowly starting to recuperate after the recession.
11111,typhoid,The doctor suspects he contracted typhoid after traveling to Southeast Asia due to the persistent high fever and abdominal pain.
11111,typhoid,Public health officials are working to prevent the spread of typhoid by improving sanitation and water quality in affected areas.
11111,typhoid,"She received a typhoid vaccination before her trip to India, which is recommended by travel clinics."
11111,typhoid,"Although rare in developed countries, typhoid fever remains a serious health concern in many parts of the world."
11111,typhoid,The city issued a boil water advisory after detecting traces of bacteria that could potentially cause typhoid in the municipal water supply.
11112,zest,"She approached the new project with zest, eager to tackle the challenges it presented."
11112,zest,He added a little lemon zest to the marinade to brighten the flavor.
11112,zest,"Despite his age, he still maintains a youthful zest for life, always seeking new adventures."
11112,zest,"The team's performance lacked zest, and the coach urged them to play with more energy and passion."
11112,zest,Her zest for learning was evident in her constant curiosity and eagerness to ask questions.
11113,rejuvenate,A weekend at the spa is just what I need to rejuvenate my mind and body.
11113,rejuvenate,The company is implementing a new training program to rejuvenate its workforce and improve productivity.
11113,rejuvenate,"After the devastating fire, the community worked together to rejuvenate the park and restore its beauty."
11113,rejuvenate,This facial cream promises to rejuvenate your skin and reduce the appearance of wrinkles.
11113,rejuvenate,A fresh coat of paint can really rejuvenate a room and make it feel brand new.
11114,resuscitate,The paramedics worked tirelessly to resuscitate the heart attack victim at the scene.
11114,resuscitate,"After nearly drowning in the pool, the lifeguard was able to resuscitate the child with CPR."
11114,resuscitate,The company needed a new CEO to resuscitate its flagging sales and restore investor confidence.
11114,resuscitate,It's difficult to resuscitate interest in a project that has been stalled for so long.
11114,resuscitate,"Can we really resuscitate this old computer, or is it time to finally buy a new one?"
11115,panacea,"Unfortunately, there's no panacea for the complex problem of climate change; it requires a multifaceted approach."
11115,panacea,"Some people see technology as a panacea for all our societal ills, but I think it can also create new problems."
11115,panacea,"While the new drug shows promise, it's important to remember that it's not a panacea and may not work for everyone."
11115,panacea,Regular exercise is often touted as a panacea for improving overall health and well-being.
11115,panacea,"The politician promised that his new economic plan would be a panacea for the country's financial woes, but many remained skeptical."
11116,coroner,The coroner's report confirmed the cause of death was accidental drowning.
11116,coroner,"Before the police could release any information, they had to wait for the coroner's official statement."
11116,coroner,"My neighbor works as a coroner's assistant, and she says the job can be incredibly stressful."
11116,coroner,The family is demanding an independent investigation and a second opinion from a different coroner.
11116,coroner,"In the old Western movies, you'd often see the sheriff consulting with the town's coroner about a mysterious death."
11117,secluded,They found a secluded beach where they could relax and enjoy the peace and quiet.
11117,secluded,"The cabin was secluded deep in the woods, far from any roads or other houses."
11117,secluded,"For their honeymoon, they wanted a secluded resort with private villas and stunning ocean views."
11117,secluded,"He preferred to work in a secluded corner of the library, away from the noise and distractions."
11117,secluded,"The investigation revealed that the suspect had been living a secluded life for years, avoiding contact with friends and family."
11118,fir,We need to plant more fir trees to help reforest the area after the fire.
11118,fir,The scent of fir needles always reminds me of Christmas.
11118,fir,"The cabin was built entirely of fir, giving it a rustic and cozy feel."
11118,fir,"The logger was careful to select only mature fir trees for harvesting, ensuring the forest's long-term health."
11118,fir,I'm thinking of getting a real Christmas tree this year – maybe a fir or a spruce.
11119,smolder,"The campfire continued to smolder for hours after we thought it was extinguished, creating a lot of smoke."
11119,smolder,"Despite their argument, a hint of attraction still seemed to smolder between them."
11119,smolder,"The criticism clearly stung, and resentment began to smolder within him."
11119,smolder,"After the initial flames died down, the debris pile continued to smolder, requiring the fire department to monitor it overnight."
11119,smolder,His eyes began to smolder with anger as he listened to the accusations against him.
11120,sod,"The groundskeeper carefully laid the sod, ensuring a seamless transition to the existing lawn."
11120,sod,"After the heavy rains, the river bank was stripped bare, leaving only mud where sod had once held the soil together."
11120,sod,I'm going out to the garden to lay some sod; want to give me a hand?
11120,sod,He was as sick as a sod after that dodgy kebab he had last night.
11120,sod,"The farmer turned the sod, preparing the field for planting the new crop."
11121,stagnate,"If we don't introduce new products, our sales figures will likely stagnate next quarter."
11121,stagnate,"Without fresh ideas and perspectives, the creative process can easily stagnate."
11121,stagnate,He worried that his career would stagnate if he stayed in the same position for too long.
11121,stagnate,The stagnant water in the pond was a breeding ground for mosquitoes.
11121,stagnate,I felt my personal growth begin to stagnate when I stopped challenging myself with new hobbies and learning opportunities.
11122,decadence,"The lavish party, with its overflowing champagne and extravagant decorations, reeked of decadence."
11122,decadence,Some historians argue that the Roman Empire fell due to internal decadence and moral decay.
11122,decadence,"He saw the art movement as a descent into decadence, lacking substance and genuine emotion."
11122,decadence,"The old mansion, once a symbol of wealth and power, now stood as a crumbling monument to a family's decadence."
11122,decadence,Is it really decadence to enjoy a little luxury after working so hard?
11123,hedonism,Critics accused the film of promoting hedonism by glorifying drug use and reckless behavior.
11123,hedonism,"While some see frugality as a virtue, others embrace hedonism and prioritize immediate pleasure over long-term savings."
11123,hedonism,"His descent into hedonism began after the loss of his job, as he sought solace in excessive drinking and gambling."
11123,hedonism,"Is there a point where pursuing happiness becomes pure hedonism, neglecting responsibilities and the needs of others?"
11123,hedonism,"The ancient Greeks debated the merits of hedonism versus asceticism, each offering a different path to a fulfilling life."
11124,supersede,"The new software update will supersede the older version, so make sure you install it soon."
11124,supersede,"In most cases, federal laws supersede state laws when there's a conflict."
11124,supersede,"The CEO decided that the new marketing strategy would supersede all previous campaigns, effective immediately."
11124,supersede,Let's hope common sense will supersede political maneuvering in this critical decision.
11124,supersede,"My doctor said this medication is designed to supersede the need for surgery, which is a huge relief."
11125,frugality,Her frugality allowed her to save enough money for a down payment on a house.
11125,frugality,"Despite his wealth, he lived with surprising frugality, always looking for the best deals."
11125,frugality,The company's focus on frugality helped them weather the economic downturn.
11125,frugality,My grandmother's frugality was legendary; she never wasted a scrap of food or fabric.
11125,frugality,Practicing frugality doesn't mean you can't enjoy life; it just means being mindful of your spending.
11126,tarry,We can't tarry here any longer; the storm is getting worse.
11126,tarry,Please don't tarry in the lobby; the show is about to begin.
11126,tarry,"I didn't mean to tarry so long at the market, but I ran into an old friend."
11126,tarry,"If you tarry, you'll miss the last train home."
11126,tarry,"The general warned his troops not to tarry in the abandoned village, as it was suspected to be booby-trapped."
11127,berth,"The cruise ship secured its berth at Pier 42, ready for passengers to disembark."
11127,berth,Give the sailboat a wide berth when you're navigating the channel; it's difficult to maneuver.
11127,berth,"After years of dedicated service, she earned a comfortable berth on the company's board of directors."
11127,berth,"I tried to give him a wide berth after our argument, hoping to avoid further conflict."
11127,berth,Finding a suitable berth for our research vessel in this crowded harbor is proving more challenging than we anticipated.
11128,chivalry,"While some consider it outdated, acts of chivalry, like opening doors for women, are still appreciated by many."
11128,chivalry,He displayed a surprising lack of chivalry by letting the elderly woman stand on the crowded bus.
11128,chivalry,"In many historical novels, the code of chivalry dictates the behavior of knights and nobles."
11128,chivalry,The debate continues whether chivalry is a genuine form of respect or a subtle form of sexism.
11128,chivalry,"Despite the modern setting, he treated her with old-fashioned chivalry, offering his coat and walking on the street side of the sidewalk."
11129,underpin,Trust and mutual respect underpin any successful long-term relationship.
11129,underpin,The research provides the data that will underpin our new marketing strategy.
11129,underpin,A strong educational foundation will underpin your future career success.
11129,underpin,"Several key assumptions underpin the economic model, and if they're wrong, the entire prediction falls apart."
11129,underpin,Honesty and transparency must underpin all of our business dealings.
11130,valor,The firefighter's valor in rescuing the child from the burning building earned him a medal of honor.
11130,valor,"Despite his fear, he displayed true valor when he stood up to the bully."
11130,valor,Stories of ancient knights often emphasize their valor and chivalry.
11130,valor,I admire the valor of the soldiers who fought for their country's freedom.
11130,valor,We should remember and celebrate the valor of those who have sacrificed for the greater good.
11131,kerosene,"The old kerosene lamp flickered, casting long shadows across the room."
11131,kerosene,We need to buy more kerosene for the heater before winter sets in.
11131,kerosene,The mechanic used kerosene to clean the greasy engine parts.
11131,kerosene,"In some rural areas, kerosene is still a primary fuel source for cooking and lighting."
11131,kerosene,The smell of kerosene always reminds me of camping trips with my grandfather.
11132,waft,"A faint scent of lavender began to waft from the open window, filling the room with its calming aroma."
11132,waft,"As we walked past the bakery, the delicious smell of freshly baked bread would waft out onto the street, tempting passersby."
11132,waft,"The smoke from the campfire started to waft upwards, disappearing into the night sky."
11132,waft,"If you stand near the rose bushes, you can sometimes catch a delicate fragrance waft through the air."
11132,waft,"News of the celebrity's arrival began to waft through the crowd, creating a buzz of excitement and anticipation."
11133,incinerator,The hospital uses a high-temperature incinerator to safely dispose of medical waste.
11133,incinerator,We need to find a more environmentally friendly way to handle our trash than just sending it all to the incinerator.
11133,incinerator,The smell coming from the incinerator was so strong that residents complained to the city council.
11133,incinerator,"The old factory had a massive incinerator for burning excess materials, but it's been decommissioned for years."
11133,incinerator,"During the renovation, they discovered an old incinerator hidden in the basement, likely used for burning documents."
11134,wean,It took several weeks to wean the baby off breastfeeding completely.
11134,wean,The government is trying to wean the country off its dependence on fossil fuels.
11134,wean,"After his injury, the athlete had to slowly wean himself back into his rigorous training schedule."
11134,wean,We need to wean ourselves from the habit of constantly checking our phones.
11134,wean,The program aims to wean young offenders away from a life of crime by providing them with education and job skills.
11135,aegis,The archaeological dig was conducted under the aegis of the National Museum.
11135,aegis,"The peace talks proceeded under the aegis of the United Nations, hoping to bring stability to the region."
11135,aegis,She felt safer knowing her investments were under the aegis of a reputable financial institution.
11135,aegis,The charity event was organized under the aegis of several local businesses.
11135,aegis,"We launched the new initiative under the aegis of community support, ensuring it truly reflects the needs of the people."
11136,domicile,"After living abroad for many years, she decided to return to her original domicile in Ireland."
11136,domicile,"For tax purposes, it's important to establish your primary domicile and residency."
11136,domicile,"The detective visited the suspect's domicile, hoping to find clues related to the crime."
11136,domicile,He claimed his domicile was in Nevada to avoid paying higher state income taxes elsewhere.
11136,domicile,"Due to the ongoing renovations, their domicile is temporarily a small apartment across town."
11137,beseech,"I beseech you, please reconsider your decision; it would mean the world to me."
11137,beseech,The starving refugees beseeched the aid workers for food and water.
11137,beseech,"He beseeched his boss for a raise, explaining his dedication and hard work."
11137,beseech,Don't beseech me to change my mind; I've already made a decision.
11137,beseech,"I beseech thee, grant me the strength to face the challenges ahead."
11138,dilke,"I've never heard of ""dilke"" being used as a word in English; are you sure that's the correct spelling?"
11138,dilke,"My dictionary doesn't recognize ""dilke""; perhaps it's a misspelling or a term from a very specific field."
11138,dilke,"Could you please spell ""dilke"" again? I'm having trouble finding any information about it."
11138,dilke,"Is ""dilke"" possibly a proper noun, like a person's name or a place, rather than a common word?"
11138,dilke,"While I can't find any standard usage of ""dilke,"" it could potentially be a newly coined term or jargon specific to a particular community."
11139,orator,"The politician was a gifted orator, captivating the audience with his powerful speeches."
11139,orator,History remembers Martin Luther King Jr. as a powerful orator who inspired millions to fight for civil rights.
11139,orator,"While he had great ideas, he wasn't much of an orator and struggled to convey them effectively."
11139,orator,"To be a successful lawyer, you need to be a skilled orator, able to persuade judges and juries."
11139,orator,She joined the debate club hoping to become a better orator and overcome her fear of public speaking.
11140,canvass,The political party plans to canvass door-to-door in the swing states to gather support for their candidate.
11140,canvass,"Before making a final decision, the committee decided to canvass the opinions of all members."
11140,canvass,We need to canvass local businesses to see if they're interested in sponsoring the school's fundraising event.
11140,canvass,"I spent the afternoon canvassing the neighborhood, trying to get signatures for the petition."
11140,canvass,The professor will canvass the class to gauge their understanding of the material before moving on to the next chapter.
11141,plebiscite,The government decided to hold a plebiscite to gauge public opinion on the proposed constitutional amendment.
11141,plebiscite,"Instead of a parliamentary vote, they opted for a plebiscite, hoping to give the decision more legitimacy in the eyes of the international community."
11141,plebiscite,"Do you think a plebiscite is really the best way to resolve such a complex and divisive issue, or would a more nuanced approach be better?"
11141,plebiscite,"The results of the plebiscite were overwhelmingly in favor of independence, but neighboring countries still refused to recognize the new nation."
11141,plebiscite,Some argue that referendums and plebiscites undermine representative democracy by allowing the public to directly decide on specific policies.
11142,chastise,The coach would often chastise players for not giving their full effort during practice.
11142,chastise,"My parents used to chastise me for leaving my clothes on the floor, but now I'm much tidier."
11142,chastise,"While I understand the need for discipline, I don't believe we should publicly chastise employees for minor mistakes."
11142,chastise,The newspaper chastised the city council for their lack of transparency in the budget process.
11142,chastise,"He knew he would be chastised by his supervisor for submitting the report late, but he had a valid excuse."
11143,indemnity,The contract includes a clause of indemnity to protect the company from any legal claims arising from the project.
11143,indemnity,I had to purchase an indemnity insurance policy to cover potential losses from my business venture.
11143,indemnity,The government offered an indemnity to the whistle-blower in exchange for their testimony.
11143,indemnity,We need to negotiate the terms of the indemnity agreement before signing the deal.
11143,indemnity,"After the accident, the insurance company paid an indemnity to the victim to cover medical expenses and lost wages."
11144,serviceman,The serviceman saluted smartly as the general passed by.
11144,serviceman,"My grandfather was a serviceman in World War II, fighting in the Pacific theater."
11144,serviceman,The charity provides support and resources to servicemen and women returning home from deployment.
11144,serviceman,"He's a proud serviceman, dedicated to protecting our country."
11144,serviceman,The local newspaper published an article highlighting the serviceman's heroic actions during the rescue mission.
11145,condescend,Please don't condescend to me just because I'm new to the job; I'm a quick learner.
11145,condescend,"He tended to condescend to his younger brother, always explaining things as if he were talking to a child."
11145,condescend,"The professor tried not to condescend to the students, but sometimes his expertise made it difficult to relate to their beginner questions."
11145,condescend,I hate it when people condescend and use overly simplistic language when discussing complex topics.
11145,condescend,She felt he was condescending to her by offering help with a task she was perfectly capable of completing herself.
11146,nomad,"For generations, his family lived as a nomad tribe, moving with their herds across the vast steppes."
11146,nomad,"She always felt like a nomad, never truly settling down in one place for very long."
11146,nomad,The documentary explored the lives of modern-day digital nomads who work remotely while traveling the world.
11146,nomad,"The company's new policy allows employees to work from anywhere, effectively turning them into corporate nomads."
11146,nomad,Archaeological evidence suggests that the region was once inhabited by various nomad groups who followed the seasonal migrations of animals.
11147,exponent,The exponent in the equation x² + 2x + 1 = 0 indicates that the variable 'x' is squared.
11147,exponent,"He was a leading exponent of free market economics, advocating for deregulation and limited government intervention."
11147,exponent,"When calculating compound interest, the number of years the money is invested is typically used as the exponent."
11147,exponent,"She became a prominent exponent of the movement, using her platform to raise awareness and inspire others to take action."
11147,exponent,Remember to apply the exponent to both the coefficient and the variable when simplifying algebraic expressions.
11148,deviate,"We can't deviate from the established safety protocols, no matter how urgent the situation seems."
11148,deviate,"If the data continues to deviate significantly from our projections, we'll need to re-evaluate our strategy."
11148,deviate,I'm going to deviate from my prepared remarks slightly to address a question I just received.
11148,deviate,Don't deviate from the path; it's easy to get lost in these woods.
11148,deviate,"The artist chose to deviate from traditional portraiture, creating a more abstract representation of her subject."
11149,disseminate,The organization uses social media to disseminate information about their upcoming events.
11149,disseminate,The university library has a duty to disseminate knowledge to the wider community.
11149,disseminate,Please disseminate this memo to all team members as soon as possible; it contains crucial updates.
11149,disseminate,The rumor started at the party and quickly disseminated throughout the entire town.
11149,disseminate,Scientists are working to disseminate their research findings through peer-reviewed journals and conferences.
11150,chauvinism,His blatant chauvinism made it difficult for the women on his team to feel respected and valued.
11150,chauvinism,The article criticized the political party for its nationalist chauvinism and exclusionary policies.
11150,chauvinism,I can't stand his constant sports chauvinism; he acts like his team is the only one that matters.
11150,chauvinism,"While some patriotism is healthy, it can easily devolve into dangerous chauvinism, especially when it involves demonizing other nations."
11150,chauvinism,The professor argued that literary analysis should move beyond traditional male chauvinism to consider diverse perspectives.
11151,embellish,"She liked to embellish her stories with dramatic details, making them much more exciting than the actual events."
11151,embellish,The architect decided to embellish the building's facade with intricate carvings to reflect the city's history.
11151,embellish,"He tended to embellish his resume, adding skills he only had a passing familiarity with, which ultimately backfired during the interview."
11151,embellish,"While the basic design is sound, we need to embellish it with a few more decorative elements to make it stand out."
11151,embellish,Don't embellish the truth; just tell me what happened as accurately as possible.
11152,filial,Respect for elders and fulfilling family duties are central to the concept of filial piety in many Asian cultures.
11152,filial,"Her filial devotion was evident in the way she tirelessly cared for her aging parents, always putting their needs before her own."
11152,filial,"He felt a strong filial obligation to take over the family business, even though his true passion lay elsewhere."
11152,filial,"The movie explores the complexities of filial relationships, showing how love and resentment can coexist within a family."
11152,filial,"Despite their differences, a deep sense of filial love bound them together, motivating them to overcome any obstacle for their parents' well-being."
11153,allegory,"Many critics interpret *Animal Farm* as an allegory for the Russian Revolution, with each animal representing a different social class or political figure."
11153,allegory,"The film, though entertaining on the surface, is actually a complex allegory about the dangers of unchecked consumerism."
11153,allegory,"While the story appears to be a simple children's tale, some believe it functions as an allegory for the challenges of growing up and finding your place in the world."
11153,allegory,I found the constant symbolism a bit heavy-handed; the allegory was so obvious it detracted from the narrative's subtlety.
11153,allegory,The professor argued that understanding the historical context is crucial to properly deciphering the allegory present in the poem.
11154,enjoin,The judge decided to enjoin the company from selling the product until the patent dispute is resolved.
11154,enjoin,My doctor strongly enjoined me to get more sleep and reduce my stress levels.
11154,enjoin,The city council sought to enjoin the protesters from blocking the entrance to the building.
11154,enjoin,I enjoin you all to be respectful and considerate of others' opinions during this discussion.
11154,enjoin,The cease and desist letter enjoined them from using our copyrighted material.
11155,claimant,The claimant stated that she had been unfairly dismissed from her job.
11155,claimant,The insurance company is investigating the claimant's account of the accident before processing the payment.
11155,claimant,"As a claimant for unemployment benefits, you are required to actively seek employment."
11155,claimant,"The judge listened intently to the claimant's testimony, taking notes carefully."
11155,claimant,"Honestly, dealing with each claimant individually and verifying their information is a huge administrative burden."
11156,enunciate,The speaker needs to enunciate more clearly; I can barely understand what he's saying.
11156,enunciate,It's important to enunciate each word carefully when speaking in a foreign language so that you are understood.
11156,enunciate,The drama coach told the actors to enunciate their lines with precision to project to the back of the theater.
11156,enunciate,Could you please enunciate your name for me? I want to make sure I spell it correctly.
11156,enunciate,"Despite her efforts to enunciate, the microphone muffled her speech, making it difficult for the audience to hear her clearly."
11157,diction,The lawyer's careful diction and precise vocabulary impressed the jury.
11157,diction,"Her diction was so clear that even in the noisy restaurant, I could understand every word she said."
11157,diction,The actor worked with a vocal coach to improve his diction for the Shakespearean play.
11157,diction,"While his ideas were interesting, his poor diction made it difficult to follow his presentation."
11157,diction,"The professor's formal diction, though sometimes perceived as stuffy, reflected his deep respect for the subject matter."
11158,expound,"The professor took the time to expound on the complexities of quantum physics, ensuring everyone understood the basic principles."
11158,expound,"During the meeting, the CEO will expound her vision for the company's future and how they plan to achieve their goals."
11158,expound,"I asked him to expound further on his reasons for disagreeing with the proposal, as I wasn't entirely clear on his objections."
11158,expound,"She spent hours expounding on the virtues of meditation, hoping to convince her skeptical friends to try it."
11158,expound,"Before we make a decision, could you expound a little more on the potential risks involved in this investment?"
11159,psalm,The choir sang a beautiful psalm during the morning service.
11159,psalm,She found comfort in reading a psalm every night before bed.
11159,psalm,Many of the psalms express feelings of both joy and lament.
11159,psalm,"He composed a psalm in honor of his late grandfather, reflecting on his wisdom and kindness."
11159,psalm,"The preacher based his sermon on Psalm 23, emphasizing the Lord's role as a shepherd."
11160,depraved,The detective struggled to understand the depraved mind of the serial killer.
11160,depraved,Only a depraved individual would vandalize a cemetery like that.
11160,depraved,"Some critics considered the film to be artistically daring, while others found it deeply depraved and offensive."
11160,depraved,"He was accused of leading a depraved lifestyle, indulging in excessive drinking and gambling."
11160,depraved,I can't believe he would spread such malicious rumors; it's a truly depraved act.
11161,fiend,My cat is a furry little fiend when it comes to chasing laser pointers; he'll stop at nothing to catch that red dot.
11161,fiend,"The critics called him a fiend for his ruthless business tactics, but he always maintained he was just playing the game."
11161,fiend,I can't believe he ate all the cookies; he's a chocolate fiend!
11161,fiend,"After spending hours debugging the code, I began to suspect that some mischievous fiend had deliberately inserted the error."
11161,fiend,"She described her addiction as a fiend that constantly whispered temptations in her ear, making it difficult to resist."
11162,imbue,The coach tried to imbue the team with a sense of confidence before the championship game.
11162,imbue,Her travels in Southeast Asia imbued her art with vibrant colors and exotic themes.
11162,imbue,We need to imbue our children with a strong sense of ethics and responsibility.
11162,imbue,The director aimed to imbue the play with a feeling of suspense and uncertainty.
11162,imbue,"The old house was imbued with a sense of history and mystery, making it a fascinating place to explore."
11163,fallacy,The argument that more guns lead to less crime is a dangerous fallacy that ignores numerous contributing factors.
11163,fallacy,"He based his entire presentation on the straw man fallacy, misrepresenting his opponent's views to make them easier to attack."
11163,fallacy,It's a common fallacy to assume that correlation equals causation; just because two things happen together doesn't mean one caused the other.
11163,fallacy,"""You either support this war, or you hate America"" is a clear example of a false dilemma fallacy, forcing people into only two options when others exist."
11163,fallacy,"The appeal to authority fallacy is evident when people blindly accept information simply because a celebrity endorses it, regardless of their expertise on the subject."
11164,instigate,The article claimed that the politician tried to instigate a riot by spreading false information.
11164,instigate,Don't instigate an argument with your brother; just walk away.
11164,instigate,The new manager hoped to instigate positive changes within the department by encouraging collaboration.
11164,instigate,"Who instigated this whole mess, anyway? I want to know who started it."
11164,instigate,The documentary explores how propaganda can instigate fear and prejudice within a society.
11165,foolhardy,It would be foolhardy to invest all your savings in such a risky venture.
11165,foolhardy,Ignoring the storm warnings and setting sail was a foolhardy decision that put everyone on board in danger.
11165,foolhardy,He made a foolhardy attempt to climb the mountain without proper equipment or experience.
11165,foolhardy,I think it's a bit foolhardy to confront him directly; maybe we should try a more subtle approach first.
11165,foolhardy,"Running into a burning building to save a cat, while admirable, was ultimately a foolhardy act of bravery."
11166,jeer,The crowd began to jeer loudly when the referee made a controversial call.
11166,jeer,Don't let their jeers get to you; just focus on your performance.
11166,jeer,He ignored the jeers and catcalls from the opposing team's fans as he walked off the field.
11166,jeer,"The comedian's jokes were met with more jeers than laughter, signaling a tough night."
11166,jeer,"Despite the jeers of his colleagues, he stood by his unpopular decision."
11167,attire,"The invitation specified formal attire, so I'll need to wear a tuxedo."
11167,attire,She chose a simple but elegant attire for the graduation ceremony.
11167,attire,"Considering the weather, casual attire is perfectly acceptable for the picnic."
11167,attire,"Despite the fancy restaurant, his attire consisted of jeans and a t-shirt, making him feel somewhat out of place."
11167,attire,The dancers' vibrant and elaborate attire added to the spectacle of the performance.
11168,pacify,The mother tried to pacify her crying baby with a bottle of warm milk.
11168,pacify,The government implemented new policies in an attempt to pacify the rebellious regions of the country.
11168,pacify,He brought her flowers to pacify her after their argument.
11168,pacify,"Sometimes, all you can do is pacify the situation until everyone has calmed down."
11168,pacify,The mediator worked tirelessly to pacify the opposing factions and bring them to a peaceful agreement.
11169,peevish,"The toddler grew peevish after missing his nap, fussing about every little thing."
11169,peevish,"He became increasingly peevish as the meeting dragged on, snapping at colleagues for minor interruptions."
11169,peevish,Her peevish tone suggested she was not in the mood for any further discussion about the matter.
11169,peevish,"Despite his normally jovial demeanor, the long flight had left him feeling tired and peevish."
11169,peevish,"The editor's peevish remarks about the manuscript, while harsh, did highlight areas needing improvement."
11170,conciliatory,"Hoping to avoid a prolonged argument, she adopted a conciliatory tone and apologized for her part in the misunderstanding."
11170,conciliatory,The manager made a conciliatory gesture by offering the disgruntled customer a full refund and a sincere apology.
11170,conciliatory,"Despite their differences, the two nations engaged in conciliatory talks aimed at finding common ground and resolving the trade dispute."
11170,conciliatory,His conciliatory approach to the negotiation helped to bridge the gap between the opposing sides and ultimately led to a successful agreement.
11170,conciliatory,"After years of estrangement, she wrote a conciliatory letter to her brother, expressing her desire to mend their relationship."
11171,postulate,"The detective began to postulate a theory about the crime, starting with the victim's last known whereabouts."
11171,postulate,"I postulate that if we invest more in renewable energy now, we'll see significant environmental benefits in the future."
11171,postulate,Let's just postulate for a moment that the budget is unlimited; what would our ideal solution look like?
11171,postulate,"The study postulates a direct correlation between early childhood education and later academic success, though further research is needed."
11171,postulate,"Based on the available evidence, we can postulate that the ancient civilization was highly advanced in mathematics and astronomy."
11172,salutary,"The doctor recommended a more active lifestyle, believing the change would have a salutary effect on my overall health."
11172,salutary,"While initially difficult, the company's restructuring proved to be a salutary measure, ultimately improving efficiency and profitability."
11172,salutary,"Spending time in nature can have a salutary influence on one's mental well-being, reducing stress and promoting relaxation."
11172,salutary,"A little bit of constructive criticism, though sometimes hard to hear, can have a salutary impact on your performance."
11172,salutary,"After years of neglecting my finances, facing the reality of my debt had a salutary effect, prompting me to develop a responsible budget and savings plan."
11173,pedagogy,"The professor's innovative pedagogy, incorporating gamification and collaborative projects, significantly boosted student engagement."
11173,pedagogy,There's been a lot of debate lately about the best pedagogy for teaching reading to young children.
11173,pedagogy,Her master's thesis explored the impact of constructivist pedagogy on student outcomes in science education.
11173,pedagogy,"While knowledge of the subject matter is important, understanding pedagogy is crucial for effective teaching."
11173,pedagogy,He attended a workshop focused on culturally responsive pedagogy to better connect with his diverse student population.
11174,reiterate,Let me reiterate: the deadline for this project is Friday at 5 PM.
11174,reiterate,The professor had to reiterate the main points of the lecture because many students seemed confused.
11174,reiterate,"To reiterate, we are not responsible for any lost or stolen items on the premises."
11174,reiterate,I want to reiterate how much I appreciate your hard work and dedication to this team.
11174,reiterate,Could you please reiterate your concerns so I can be sure I understand them correctly?
11175,volition,"She left the company of her own volition, despite our attempts to persuade her to stay."
11175,volition,"He claimed he hadn't participated willingly, but the evidence suggested otherwise, showing a clear act of volition."
11175,volition,"Despite the pressure from his family, he decided to study art of his own volition."
11175,volition,"It's important to respect a patient's volition when making medical decisions, even if you disagree with their choices."
11175,volition,The program is designed to help people regain their volition after experiencing trauma or addiction.
11176,suffrage,The women's suffrage movement fought tirelessly for the right to vote.
11176,suffrage,Expanding suffrage to include more citizens is crucial for a truly representative democracy.
11176,suffrage,"After years of campaigning, they finally achieved suffrage for all adult citizens, regardless of race."
11176,suffrage,The debate over felon suffrage continues to be a contentious issue in many states.
11176,suffrage,"She dedicated her life to advocating for universal suffrage, believing that everyone's voice deserves to be heard."
11177,sprightly,"Despite being over eighty, my grandmother remains surprisingly sprightly, always ready for a walk in the park."
11177,sprightly,The sprightly music lifted everyone's spirits at the wedding reception.
11177,sprightly,"After a cup of strong coffee, he felt much more sprightly and ready to tackle the day's work."
11177,sprightly,The play featured a sprightly young actress who captivated the audience with her energy and charm.
11177,sprightly,"With a sprightly hop, the robin landed on the bird feeder, searching for seeds."
11178,reminisce,We spent the evening reminiscing about our college days and all the crazy things we did.
11178,reminisce,"Grandpa loves to reminisce about his time in the war, sharing stories of bravery and camaraderie."
11178,reminisce,"During the class reunion, everyone started to reminisce about their favorite teachers and school events."
11178,reminisce,"As I listened to that old song, I couldn't help but reminisce about my first love and the summer we spent together."
11178,reminisce,The author's new novel is a poignant story that encourages readers to reminisce about their own childhoods and the simpler times of the past.
11179,memento,I keep this seashell as a memento of our trip to the beach.
11179,memento,The old photograph album is full of mementos from my childhood.
11179,memento,She framed the ticket stub from the concert as a memento of that special night.
11179,memento,"He clutched the worn teddy bear, a poignant memento of his late grandmother."
11179,memento,"The museum displayed various personal mementos belonging to the famous author, offering a glimpse into her life."
11180,retract,The company had to retract its initial statement after new evidence surfaced.
11180,retract,"Cats can retract their claws, which helps them hunt silently."
11180,retract,I wish I could retract that embarrassing thing I said at the party last night.
11180,retract,"The politician refused to retract his controversial remarks, despite public outcry."
11180,retract,"Before signing the contract, make sure you understand that you cannot retract your offer once it's accepted."
11181,altercation,The altercation between the two drivers caused a major traffic jam on the highway.
11181,altercation,Security had to intervene to stop the altercation before it escalated into a physical fight.
11181,altercation,"I overheard an altercation in the hallway, but I couldn't make out what they were arguing about."
11181,altercation,"After a brief altercation with the referee, the player was ejected from the game."
11181,altercation,The board meeting devolved into a heated altercation over the proposed budget cuts.
11182,spar,The two boxers sparred lightly to warm up before their main training session.
11182,spar,"My brother and I often spar about politics, but it's all in good fun."
11182,spar,The lawyers began to spar over the interpretation of the contract's ambiguous clause.
11182,spar,"Despite their disagreement, they agreed to spar on the debate stage, presenting opposing viewpoints."
11182,spar,"We used to spar in the gym every Saturday, but now we just catch up for coffee."
11183,opinionated,"He's quite opinionated, so it's difficult to change his mind once he's made a decision."
11183,opinionated,"The professor was known for being opinionated on matters of academic integrity, often sparking lively debates in class."
11183,opinionated,"While she's opinionated, she's also open to hearing different perspectives and considering alternative viewpoints."
11183,opinionated,"My uncle is very opinionated about politics and never misses an opportunity to share his views, whether you want to hear them or not."
11183,opinionated,"The blog post was well-written but also highly opinionated, which generated a lot of discussion in the comments section."
11184,twitter,I saw on Twitter that the concert tickets are already sold out.
11184,twitter,Did you see the president's latest twitter about the new economic policy?
11184,twitter,The little birds twittered merrily outside my window this morning.
11184,twitter,"She's been very active on Twitter lately, sharing updates about her research."
11184,twitter,"The news of the celebrity's engagement spread like wildfire, first starting with a twitter post."
11185,interminable,The lecture felt interminable; I thought it would never end.
11185,interminable,Waiting in line at the DMV was an interminable experience.
11185,interminable,"He launched into an interminable story about his childhood, and I knew I was stuck for a while."
11185,interminable,"The negotiations dragged on for what seemed like an interminable period, with no resolution in sight."
11185,interminable,"After the accident, the ambulance ride felt interminable as we waited to reach the hospital."
11186,voluble,"The professor was a voluble speaker, often digressing into lengthy anecdotes during his lectures."
11186,voluble,My usually quiet sister became quite voluble when discussing her favorite book series.
11186,voluble,"He's a voluble advocate for environmental protection, always eager to share his insights and opinions."
11186,voluble,"After a few glasses of wine, she became incredibly voluble, sharing secrets she'd normally keep to herself."
11186,voluble,"Despite his initial reluctance, he became quite voluble once he felt comfortable with the group."
11187,extrovent,Sarah is such an extrovert; she makes friends everywhere she goes.
11187,extrovent,"As an extrovert, networking events are energizing for him, not draining."
11187,extrovent,"While I enjoy quiet evenings at home, my sister, the extrovert, prefers going out dancing."
11187,extrovent,The job requires someone who is an extrovert and comfortable presenting to large groups.
11187,extrovent,"Despite his shy demeanor as a child, Mark blossomed into a confident extrovert during his college years."
11188,vouch,I can vouch for Sarah; she's a hard worker and always meets her deadlines.
11188,vouch,"Would you be willing to vouch for me to the landlord, since you know I'm a reliable tenant?"
11188,vouch,"The antique dealer claimed the painting was authentic, but no reputable expert would vouch for its provenance."
11188,vouch,I can't vouch for the accuracy of that news report; I heard it from an unreliable source.
11188,vouch,"Before the company could receive the loan, the CEO had to personally vouch for its financial stability."
11189,cavalry,The general dispatched the cavalry to reinforce the struggling infantry on the eastern flank.
11189,cavalry,I felt like the cavalry had arrived when my tech-savvy friend finally showed up to fix my computer.
11189,cavalry,"Historically, the cavalry played a crucial role in battlefield reconnaissance and rapid assault."
11189,cavalry,"With the company facing bankruptcy, the new investor felt like the cavalry riding in to save the day."
11189,cavalry,"The news report detailed how the mounted police, acting as a modern-day cavalry, dispersed the crowd during the protest."
11190,amble,"We decided to amble along the beach, enjoying the cool breeze and the sound of the waves."
11190,amble,"He would often amble through the park, lost in thought and observing the squirrels."
11190,amble,"The old dog, no longer able to run, would amble slowly behind us on our walks."
11190,amble,"After a large meal, I prefer to amble around the house rather than immediately sit down."
11190,amble,"The professor, known for his relaxed demeanor, would amble into the lecture hall a few minutes after the scheduled start time."
11191,thoroughfare,The construction crew had to shut down the main thoroughfare to repair the water main.
11191,thoroughfare,"During rush hour, that thoroughfare becomes completely gridlocked with traffic."
11191,thoroughfare,"The old market used to be a bustling thoroughfare, but now it's mostly empty shops."
11191,thoroughfare,Pedestrians should always use designated crosswalks when crossing a busy thoroughfare.
11191,thoroughfare,The city council is considering plans to revitalize the thoroughfare by adding bike lanes and pedestrian walkways.
11192,borough,Each borough of New York City has its own distinct character and history.
11192,borough,"The election results showed a clear divide between the different boroughs, with some favoring the incumbent and others supporting the challenger."
11192,borough,"We're planning a weekend trip to explore all five boroughs of the city – Manhattan, Brooklyn, Queens, The Bronx, and Staten Island."
11192,borough,The local council is responsible for providing services to residents within the borough.
11192,borough,"Having lived in this borough my whole life, I've seen it change dramatically over the years."
11193,skipper,The skipper navigated the sailboat expertly through the choppy waters.
11193,skipper,"As the team's skipper, she's responsible for motivating the players and strategizing during matches."
11193,skipper,I had to skipper class this morning because I had a dentist appointment.
11193,skipper,The seasoned skipper shared his knowledge of the sea with the eager young sailors.
11193,skipper,"He tried to skipper out on the bill at the restaurant, but the waiter caught him."
11194,batten,"We need to batten down the hatches before the storm hits, securing everything that could blow away."
11194,batten,The carpenter used a wooden batten to reinforce the frame of the door.
11194,batten,"Figuratively speaking, after a period of losses, the company is now trying to batten down its expenses and improve profitability."
11194,batten,The artist carefully positioned the batten along the canvas to create a straight edge for her painting.
11194,batten,"Having received news of the impending budget cuts, the department heads were instructed to batten down the organization's resources."
11195,tremulous,Her tremulous voice betrayed her nervousness as she stepped onto the stage.
11195,tremulous,The old woman's hands were tremulous as she carefully poured the tea.
11195,tremulous,"A tremulous light flickered from the distant lighthouse, guiding ships through the fog."
11195,tremulous,"He gave a tremulous smile, trying to hide the pain he was feeling."
11195,tremulous,The ground was tremulous beneath our feet as the earthquake began.
11196,cower,"The stray dog would cower whenever someone raised their hand, likely from past abuse."
11196,cower,"During the intense thunderstorm, the children would cower under the blankets, afraid of the loud claps of thunder."
11196,cower,"Facing the angry mob, the politician could only cower and stammer an apology."
11196,cower,The defendant seemed to cower in the dock as the judge read out the guilty verdict.
11196,cower,"Despite his tough talk earlier, he began to cower when confronted with the evidence."
11197,dingy,The dingy lighting in the hallway made it feel unwelcoming and a little spooky.
11197,dingy,"After years of neglect, the once-grand hotel had become a dingy shadow of its former self."
11197,dingy,I wouldn't recommend eating there; the restaurant always looks a bit dingy and unclean.
11197,dingy,"He spent his days in a dingy basement apartment, dreaming of a brighter future."
11197,dingy,"The antique shop, though filled with treasures, had a slightly dingy atmosphere that some found charming."
11198,buggy,This software is incredibly buggy; it crashes every time I try to save my work.
11198,buggy,"We took the baby out for a stroll in her buggy, but she fell asleep almost immediately."
11198,buggy,I wouldn't trust that old car; it's been buggy ever since the accident.
11198,buggy,"The new update was released last week, but it's still quite buggy and needs further testing."
11198,buggy,Let's report these buggy features to the development team so they can address them in the next patch.
11199,creak,I could hear the old wooden floorboards creak under my weight as I walked across the room.
11199,creak,"The rusty gate gave a loud creak as I pushed it open, announcing my arrival."
11199,creak,"Every time the wind blows hard, the old house seems to creak and groan like an ancient tree."
11199,creak,"Despite the efforts of the maintenance crew, the office chair continued to creak annoyingly with every movement."
11199,creak,"As the ship listed to one side in the storm, we could hear the timbers creak ominously, a sound that filled us with dread."
11200,detour,"Due to the accident on the highway, we had to take a detour through the backroads, which added an hour to our trip."
11200,detour,The construction crew put up a sign indicating a detour around the work zone on Main Street.
11200,detour,Let's take a slight detour and visit that antique shop I told you about; it's just a few blocks off our route.
11200,detour,"The speaker's presentation took an unexpected detour into the history of the company, but it was surprisingly engaging."
11200,detour,"After carefully considering the risks, the company decided to make a strategic detour from its original plan and focus on a new market segment."
11201,unobtrusive,"The new security cameras were designed to be as unobtrusive as possible, blending in with the building's architecture."
11201,unobtrusive,"I prefer wearing jewelry that is delicate and unobtrusive, something that doesn't draw too much attention."
11201,unobtrusive,"The background music in the restaurant was pleasantly unobtrusive, allowing us to easily carry on a conversation."
11201,unobtrusive,"During the presentation, the moderator remained respectfully unobtrusive, only intervening when absolutely necessary."
11201,unobtrusive,The therapist's approach was very unobtrusive; she listened patiently and offered guidance without being pushy.
11202,matron,"The head nurse, a stern-looking matron, efficiently managed the busy hospital ward."
11202,matron,"My grandmother, a respected matron in the community, volunteered at the local library for over twenty years."
11202,matron,"At the debutante ball, the matron of honor guided the young women through the formal dances and introductions."
11202,matron,"Don't worry, the school matron always has a supply of bandages and antiseptic for minor scrapes and bruises."
11202,matron,"The hotel's elderly matron, known for her sharp wit and encyclopedic knowledge of the area, greeted guests with a warm smile."
11203,cringe,His attempt at breakdancing was so bad it made me cringe.
11203,cringe,I always cringe when I remember that embarrassing thing I did in middle school.
11203,cringe,The politician's pandering speech was filled with cringe-worthy clichés.
11203,cringe,Watching him flirt so awkwardly was a total cringe-fest.
11203,cringe,"Some people find reality TV shows entertaining, but I find them mostly cringe-inducing."
11204,cavalier,His cavalier attitude toward safety regulations is going to get someone hurt.
11204,cavalier,I was shocked by her cavalier dismissal of my concerns; she didn't seem to care at all.
11204,cavalier,The CEO's cavalier handling of the company's finances led to its eventual bankruptcy.
11204,cavalier,Don't be so cavalier about your health; see a doctor if you're feeling unwell.
11204,cavalier,"Despite the seriousness of the accusation, he responded with a cavalier shrug and a smirk."
11205,crochet,"My grandmother taught me how to crochet when I was a child, and I still enjoy it today."
11205,crochet,She decided to crochet a colorful blanket for her new baby niece.
11205,crochet,"The pattern was quite complex, but she managed to crochet a beautiful lace doily."
11205,crochet,I'm thinking of joining a crochet club to improve my skills and meet other crafters.
11205,crochet,Many people find that they can crochet intricate designs with patience and the right tools.
11206,frock,"She wore a simple cotton frock to the picnic, perfect for the warm weather."
11206,frock,"The little girl twirled around, showing off her new party frock with its layers of tulle."
11206,frock,"The vintage shop had a beautiful collection of frocks from the 1950s, each with its own unique charm."
11206,frock,"While a suit is generally preferred for business meetings, a smart frock is acceptable in more creative industries."
11206,frock,I need to find a suitable frock for the wedding; something elegant but not too flashy.
11207,visage,"The old woman's visage, etched with wrinkles, told a story of a long and challenging life."
11207,visage,"He tried to keep a calm visage during the stressful negotiation, but his trembling hands betrayed his anxiety."
11207,visage,"The politician presented a smiling visage to the cameras, despite the scandal brewing behind the scenes."
11207,visage,"The gargoyle's grotesque visage leered down from the cathedral, warding off evil spirits."
11207,visage,"Despite his gruff exterior, a flicker of kindness occasionally softened his severe visage."
11208,daub,The child decided to daub finger paint all over the pristine white walls of the living room.
11208,daub,"Someone had tried to cover the graffiti with a quick daub of beige paint, but it was still clearly visible."
11208,daub,She carefully used a small brush to daub a bit of concealer on the blemishes around her eyes.
11208,daub,The baker daubed the pastry with egg wash to give it a golden-brown sheen when baked.
11208,daub,"Critics panned the abstract expressionist's latest work, claiming it was nothing more than a meaningless daub of color."
11209,sacrilegious,To suggest altering the original recipe of her grandmother's apple pie was considered sacrilegious in their family.
11209,sacrilegious,"Some might find it sacrilegious to use a historical church as a nightclub, but others see it as a creative reuse of space."
11209,sacrilegious,He argued that criticizing the beloved founder of the company was practically sacrilegious and would not be tolerated.
11209,sacrilegious,"Wearing shorts to the formal gala felt almost sacrilegious, given the event's reputation for strict dress code."
11209,sacrilegious,Many Star Wars fans felt it was sacrilegious when the director made changes to the original trilogy for the special editions.
11210,denunciation,The politician's fiery denunciation of the proposed tax hike resonated with many voters.
11210,denunciation,Her public denunciation of her former business partner came as a surprise to everyone.
11210,denunciation,"Despite the risk, he felt a moral obligation to make a denunciation of the corrupt officials within the government."
11210,denunciation,The human rights organization issued a strong denunciation of the violence and called for an immediate end to the conflict.
11210,denunciation,"After years of silence, she finally offered a full denunciation of the abuse she suffered as a child."
11211,daunt,The sheer number of applicants didn't daunt her; she was determined to get the job.
11211,daunt,"Don't let the size of the project daunt you; break it down into smaller, manageable tasks."
11211,daunt,"The prospect of speaking in front of a large crowd used to daunt me, but I've learned to manage my nerves."
11211,daunt,"Despite the setbacks, her unwavering optimism was never daunted."
11211,daunt,"The steep learning curve might daunt some, but I find the challenge exhilarating."
11212,rostrum,"The politician stepped onto the rostrum, adjusted the microphone, and began his speech."
11212,rostrum,"After winning the debate, she confidently walked to the rostrum to accept her award."
11212,rostrum,The college president addressed the graduating class from a decorated rostrum on the lawn.
11212,rostrum,"He felt a wave of stage fright as he approached the rostrum, realizing all eyes were on him."
11212,rostrum,Security was tight around the rostrum during the controversial speaker's presentation.
11213,douse,He had to douse the campfire with water to make sure it was completely extinguished before leaving the campsite.
11213,douse,She angrily doused him with a bucket of ice-cold water after he played a prank on her.
11213,douse,"To prepare the calamari, douse the squid rings in seasoned flour before frying them."
11213,douse,The firefighters worked quickly to douse the flames that had engulfed the building.
11213,douse,"Before serving, douse the salad with a light vinaigrette to enhance the flavors."
11214,husk,"After harvesting the wheat, the farmer burned the remaining husks in the field."
11214,husk,"The bird meticulously pecked at the sunflower seed, removing the husk to get to the kernel inside."
11214,husk,"His voice was a mere husk of its former self, weakened by a long illness."
11214,husk,"We collected the coconut husks to use as mulch in the garden, as they decompose slowly and enrich the soil."
11214,husk,"The abandoned building was just a husk, a shell of its vibrant past, with only the outer walls remaining."
11215,excavate,Archaeologists had to carefully excavate the ancient burial site to avoid damaging any artifacts.
11215,excavate,The construction crew will excavate the area behind the building to create space for the new parking lot.
11215,excavate,"Before laying the foundation, the workers needed to excavate several feet of soil and rock."
11215,excavate,I wonder if they'll excavate that old shipwreck; there could be some amazing treasures inside!
11215,excavate,"Scientists are hoping to excavate a new section of the cave system, believing it might contain further evidence of early human habitation."
11216,casket,The family chose a beautiful mahogany casket for the deceased.
11216,casket,I couldn't bear to look at him lying in the casket.
11216,casket,"The funeral home offered a variety of caskets, ranging from simple to ornate."
11216,casket,"He joked that if he knew what a casket cost, he'd try harder to live forever."
11216,casket,The pallbearers carefully carried the casket to the hearse.
11217,extricate,"After the accident, firefighters had to use specialized equipment to extricate the driver from the mangled wreckage."
11217,extricate,I tried to extricate myself from the awkward conversation by pretending to receive an urgent phone call.
11217,extricate,It can be difficult to extricate yourself from a bad business deal once you've signed the contract.
11217,extricate,The historian attempted to extricate the truth from a tangled web of conflicting accounts and biased sources.
11217,extricate,She needed to extricate her cat from the Christmas tree before it caused any more damage.
11218,dune,We hiked over the last dune and finally saw the ocean shimmering in the distance.
11218,dune,The strong winds sculpted the sand into a massive dune right in front of our beach house.
11218,dune,Protecting the fragile dune ecosystem is crucial for preventing coastal erosion.
11218,dune,He spent his childhood summers building elaborate sandcastles on the dune near his grandfather's cottage.
11218,dune,The shifting dune formations made navigation through the desert incredibly challenging.
11219,flail,"The drowning swimmer began to flail his arms wildly, desperate for help."
11219,flail,"During the intense storm, the branches of the old oak tree would flail about, threatening to break off."
11219,flail,"He started to flail defensively when he thought I was going to hit him, though I was just reaching for my phone."
11219,flail,"After tripping on the uneven pavement, she managed to regain her balance, though her arms were flailing for a moment."
11219,flail,The comedian's opening joke bombed so badly that he was left flailing for a way to recover the audience's attention.
11220,delirium,"The patient was suffering from a high fever and began to experience delirium, becoming confused and disoriented."
11220,delirium,"After days without sleep and food, the explorer succumbed to delirium, hallucinating oases in the barren desert."
11220,delirium,"The doctor suspected that the medication was causing the patient's delirium, so he decided to adjust the dosage."
11220,delirium,"In his delirium, he rambled incoherently about conspiracies and hidden messages, making it difficult to understand what he was trying to say."
11220,delirium,"The combination of exhaustion and dehydration induced a state of delirium, making it unsafe for him to continue hiking."
11221,flinch,He didn't even flinch when the loud bang echoed through the room.
11221,flinch,I flinch every time I see a spider; it's a completely involuntary reaction.
11221,flinch,"The politician didn't flinch under the intense questioning, maintaining a calm and collected demeanor."
11221,flinch,"She tried not to flinch as the nurse cleaned the wound, but it stung fiercely."
11221,flinch,"Looking back, I flinch at some of the choices I made in my early twenties."
11222,thud,The heavy box landed on the floor with a dull thud.
11222,thud,"I heard a strange thud coming from upstairs, and I'm a little worried."
11222,thud,His body hit the mat with a satisfying thud as he completed the wrestling move.
11222,thud,The old tree branch broke off and fell to the ground with a sickening thud.
11222,thud,"Despite the thick carpet, the book still made a noticeable thud when it dropped."
11223,flit,"Butterflies flit from flower to flower in the meadow, collecting nectar."
11223,flit,"I saw a shadow flit across the hallway, but when I looked closer, there was nothing there."
11223,flit,"The hummingbird flitted around the feeder, its wings a blur of motion."
11223,flit,Don't just flit from job to job; try to find something you're passionate about and stick with it.
11223,flit,"Her attention tended to flit between different topics, making it difficult to have a focused conversation."
11224,sprig,She garnished the roast chicken with a sprig of rosemary for added aroma and visual appeal.
11224,sprig,Could you please add a sprig of mint to my mojito; it really enhances the flavor?
11224,sprig,"The robin perched on a sprig of the holly bush, its red breast a bright contrast to the green."
11224,sprig,"For the centerpiece, the florist wove together wildflowers and sprigs of lavender, creating a rustic and fragrant arrangement."
11224,sprig,"As a gesture of peace and goodwill, he offered her a sprig of olive, a symbol recognized throughout history."
11225,nocturnal,"Owls are well-known for being nocturnal birds, hunting mostly at night."
11225,nocturnal,"My neighbor complained about the noise coming from the raccoon, a primarily nocturnal animal, rummaging through his trash cans."
11225,nocturnal,The museum's 'Creatures of the Night' exhibit focuses on the fascinating adaptations of nocturnal wildlife.
11225,nocturnal,"After switching to the night shift, I found myself becoming increasingly nocturnal and sleeping during the day."
11225,nocturnal,"Due to its nocturnal habits, the elusive leopard is rarely seen in the daytime."
11226,lynx,We were lucky enough to spot a lynx crossing the road during our hiking trip in the Canadian Rockies.
11226,lynx,"The wildlife sanctuary is dedicated to protecting endangered species, including the Iberian lynx."
11226,lynx,Scientists are studying the hunting habits of the Eurasian lynx to better understand its role in the ecosystem.
11226,lynx,"Have you ever seen a lynx? They're beautiful cats, but quite elusive in the wild."
11226,lynx,The fur trapper claimed he had seen a lynx with unusually large paws near the riverbank.
11227,lair,The fox retreated to its lair deep within the woods after a long day of hunting.
11227,lair,We suspected the gang leader was hiding out in a secluded lair somewhere on the outskirts of the city.
11227,lair,"After a stressful day at work, all I wanted to do was return to my apartment, my comfortable lair, and relax."
11227,lair,"The detective described the suspect's apartment as a dark and cluttered lair, filled with suspicious items."
11227,lair,Legend has it that a fearsome dragon guards its treasure within a heavily fortified lair in the mountains.
11228,forage,The squirrels are busily foraging for nuts in preparation for the winter.
11228,forage,"After the storm, the villagers had to forage for supplies in the damaged areas."
11228,forage,"During the camping trip, we learned how to forage for edible plants in the forest, but we were careful to only pick what we knew was safe."
11228,forage,Many animals forage at night to avoid predators and the heat of the day.
11228,forage,The company is constantly foraging for new talent and innovative ideas to stay ahead of the competition.
11229,garnish,Could you garnish my salad with a few cherry tomatoes and a sprig of parsley?
11229,garnish,"The chef used a lemon twist to garnish the cocktail, making it look extra fancy."
11229,garnish,"For the potluck, I'm planning to garnish my deviled eggs with paprika and a sprinkle of dill."
11229,garnish,The lawsuit alleges that the company attempted to garnish the employee's wages without proper authorization.
11229,garnish,"While the presentation was excellent, the dish lacked flavor and relied too heavily on the edible flowers used to garnish it."
11230,pheasant,"The farmer released several pheasant chicks into the field, hoping to bolster the local population."
11230,pheasant,We saw a beautiful pheasant strutting across the lawn this morning; its colors were quite striking.
11230,pheasant,"For Thanksgiving, my uncle is planning to cook a roasted pheasant stuffed with wild rice and cranberries."
11230,pheasant,"Hunting pheasant requires a good dog and a lot of patience, as they are notoriously skittish birds."
11230,pheasant,"The restaurant's menu featured a pan-seared pheasant breast with a creamy mushroom sauce, which I decided to try."
11231,persimmon,"I'm thinking of planting a persimmon tree in my backyard, but I've heard they can be quite messy when the fruit drops."
11231,persimmon,"The farmer's market had a beautiful display of ripe persimmons, their orange skins glowing in the autumn sun."
11231,persimmon,She used the puree of a Hachiya persimmon to make a delicious and naturally sweet pudding.
11231,persimmon,"While I appreciate the sentiment, I'm not a big fan of persimmon jam; it's a little too astringent for my taste."
11231,persimmon,"The research paper explored the potential health benefits of consuming persimmon fruit, particularly its high antioxidant content."
11232,grate,Please grate the cheese finely for the topping on the pasta.
11232,grate,The sound of his constant complaining began to grate on my nerves.
11232,grate,Did you remember to grate the ginger for the stir-fry?
11232,grate,The rusty gate seemed to grate against the stone wall every time it opened.
11232,grate,His arrogant attitude started to grate on the team during the long project.
11233,squid,"We ordered calamari at the restaurant, which is essentially fried squid."
11233,squid,The scuba divers were amazed to see a giant squid swimming gracefully through the deep ocean.
11233,squid,Researchers are studying the complex nervous system of the squid to better understand brain function.
11233,squid,"For dinner, I'm planning to make a pasta dish with fresh squid and a spicy tomato sauce."
11233,squid,"The fisherman hauled in his net, hoping for a good catch of tuna, but it was mostly filled with small squid."
11234,hiccup,I got the hiccups after drinking that soda too quickly.
11234,hiccup,"The project launch went smoothly, with only a minor hiccup in the server migration."
11234,hiccup,She had a nervous hiccup right before going on stage.
11234,hiccup,"Despite the initial hiccup, the negotiations concluded successfully."
11234,hiccup,He's had the hiccups for hours; maybe we should try to find a remedy online.
11235,glutton,He's such a glutton for punishment; he keeps taking on more work even when he's already overwhelmed.
11235,glutton,"I felt like a glutton after eating three slices of pizza, but it was just so delicious!"
11235,glutton,"The restaurant critic described the diner as a 'glutton's paradise' with its enormous portions and rich, decadent desserts."
11235,glutton,"She accused him of being a glutton for attention, always trying to be the center of every conversation."
11235,glutton,"While I enjoy a good meal, I try not to be a glutton and practice mindful eating."
11236,hoist,We had to hoist the sail manually because the winch was broken.
11236,hoist,The construction crew used a crane to hoist the steel beams into place.
11236,hoist,Could you help me hoist this heavy box into the attic?
11236,hoist,"During the ceremony, they will hoist the national flag to the top of the flagpole."
11236,hoist,The climbers managed to hoist themselves over the last obstacle and reach the summit.
11237,charlatan,"The self-proclaimed guru turned out to be a charlatan, preying on vulnerable people with empty promises."
11237,charlatan,Don't trust that online course; many of them are run by charlatans who know nothing about the subject.
11237,charlatan,"The journalist exposed the celebrity doctor as a charlatan, revealing his fabricated credentials and dangerous medical advice."
11237,charlatan,"He was a smooth-talking charlatan, able to convince anyone of anything, but his lies eventually caught up with him."
11237,charlatan,"Some people see politicians as charlatans, making grand claims to get elected but failing to deliver on their promises."
11238,impersonate,"The comedian was famous for his ability to impersonate celebrities, especially politicians."
11238,impersonate,"Be careful not to impersonate a police officer online, as that's a serious crime."
11238,impersonate,"During the role-playing exercise, she tried to impersonate a demanding CEO, but it didn't quite come across."
11238,impersonate,He was asked to leave the party after he started to impersonate his boss in a disrespectful manner.
11238,impersonate,The scammer attempted to impersonate a bank employee to gain access to her account information.
11239,terminology,The legal document was difficult to understand because of the complex terminology used.
11239,terminology,"Before starting the course, it's helpful to familiarize yourself with the basic terminology of computer science."
11239,terminology,I'm confused by some of the terminology in this report; could you explain what 'KPI' and 'ROI' mean?
11239,terminology,"Each profession has its own specific terminology, which can make it hard for outsiders to understand their discussions."
11239,terminology,"While the concept is simple, the scientific terminology can sometimes make it seem more complicated than it actually is."
11240,nave,"The bride walked slowly down the nave, her eyes fixed on the groom."
11240,nave,"Sunlight streamed through the stained-glass windows, illuminating the dust motes dancing in the nave."
11240,nave,The architect designed the nave with high ceilings to create a sense of grandeur and spiritual uplift.
11240,nave,"We found seats near the front of the nave, hoping to get a better view of the choir."
11240,nave,"The sound of the organ reverberated throughout the nave, filling the church with its powerful music."
11241,inscribe,The jeweler offered to inscribe our initials on the inside of the wedding bands.
11241,inscribe,Archaeologists discovered ancient symbols inscribed on the walls of the hidden chamber.
11241,inscribe,"Before donating the bench to the park, the family decided to inscribe a memorial message to their late grandmother."
11241,inscribe,Please inscribe your name and contact information clearly on the sign-up sheet.
11241,inscribe,The university seal is traditionally inscribed with the motto 'Veritas et Sapientia'.
11242,gilt,"The museum displayed a collection of antique mirrors, each framed in ornate gilt."
11242,gilt,She added a touch of glamour to the room by placing a small gilt vase on the mantelpiece.
11242,gilt,"The edges of the invitation were delicately gilt, giving it an elegant feel."
11242,gilt,"He inherited a set of gilt-edged books from his grandfather, which he kept locked in a glass case."
11242,gilt,"Although the promise of quick riches seemed appealing, she knew it was just a gilt veneer hiding a risky investment."
11243,infatuation,His infatuation with the actress was a constant topic of conversation among his friends.
11243,infatuation,I think it's just an infatuation; she'll get over him in a few weeks.
11243,infatuation,The professor warned against letting infatuation cloud our judgment when analyzing historical figures.
11243,infatuation,Her initial infatuation with Italy quickly faded when she realized she couldn't speak the language.
11243,infatuation,"Teenage infatuation can be intense, but it's rarely a lasting love."
11244,jostle,Reporters began to jostle each other to get closer to the celebrity.
11244,jostle,I had to jostle my way through the crowded subway car to reach the exit.
11244,jostle,"The opposing players jostled for position near the basket, hoping to grab the rebound."
11244,jostle,Don't jostle the table; you'll spill the drinks!
11244,jostle,New companies are constantly jostling for market share in the tech industry.
11245,resplendent,"The bride looked resplendent in her white gown, adorned with delicate lace and shimmering pearls."
11245,resplendent,"As the sun set, the mountains were resplendent with hues of orange, pink, and gold."
11245,resplendent,"The palace, recently renovated, was resplendent with its polished marble floors and gleaming chandeliers."
11245,resplendent,"After a thorough cleaning, the antique car was resplendent, looking as if it had just rolled off the assembly line."
11245,resplendent,"The peacock's resplendent plumage was a sight to behold, a dazzling display of vibrant colors."
11246,flippant,His flippant response to the tragedy showed a disturbing lack of empathy.
11246,flippant,I don't appreciate your flippant attitude towards such a serious matter; please take it seriously.
11246,flippant,The student's flippant remark about the teacher's appearance earned him a detention.
11246,flippant,"Despite the pressure, she maintained a flippant demeanor, cracking jokes to lighten the mood."
11246,flippant,"While some found his humor refreshing, others considered his constant flippant comments inappropriate for the solemn occasion."
11247,loiter,The police asked the teenagers to stop loitering in front of the convenience store.
11247,loiter,I don't want to loiter here; let's go grab a coffee somewhere.
11247,loiter,"Due to security concerns, anyone found loitering in the restricted area will be subject to questioning."
11247,loiter,"He was accused of loitering with intent to commit a crime, but the charges were eventually dropped."
11247,loiter,"After the concert, fans tended to loiter near the stage door, hoping to catch a glimpse of the band members."
11248,canteen,I usually grab lunch at the canteen; it's cheaper than going out.
11248,canteen,The soldiers filled their canteens with fresh water before embarking on the mission.
11248,canteen,The factory canteen offers a subsidized meal service for all employees.
11248,canteen,"During the conference, attendees can use the on-site canteen for coffee and snacks."
11248,canteen,She volunteered to help out in the school canteen on Wednesdays.
11249,morose,"After losing the game, the team captain was morose and refused to speak to the press."
11249,morose,"The constant rain had put everyone in a morose mood, making it difficult to get any work done."
11249,morose,"He sat alone in the corner, a morose figure shrouded in shadows, silently nursing his drink."
11249,morose,"Despite the cheerful atmosphere of the party, she remained morose, dwelling on a recent disappointment."
11249,morose,The aging king became increasingly morose as he contemplated his mortality and the future of his kingdom.
11250,lubricate,Remember to lubricate the door hinges; they're starting to squeak terribly.
11250,lubricate,The mechanic recommended that I lubricate the car's chassis to prevent rust and corrosion.
11250,lubricate,Properly lubricating the gears is essential for the smooth operation of the machinery.
11250,lubricate,"Before attaching the components, be sure to lubricate the threads with a suitable grease."
11250,lubricate,A little oil will lubricate the mechanism and stop it from sticking.
11251,lathe,The craftsman used a lathe to carefully shape the wooden legs for the table.
11251,lathe,He's saving up to buy a new lathe for his metalworking shop; the old one is starting to show its age.
11251,lathe,The intricate designs on the chess pieces were created using a precision lathe.
11251,lathe,"Before CNC machines, everything had to be turned on a manual lathe, requiring a high level of skill and experience."
11251,lathe,"My grandfather, a skilled machinist, could create almost anything with his trusty lathe."
11252,lunge,"The fencer made a quick lunge, scoring a point against his opponent."
11252,lunge,I had to lunge forward to catch the glass before it fell off the table.
11252,lunge,"Seeing the snake, he instinctively took a step back, nearly losing his balance as he stumbled in a clumsy lunge."
11252,lunge,"The dog made a playful lunge at the ball, wagging its tail excitedly."
11252,lunge,"In an effort to grab the last donut, he made a desperate lunge across the table, knocking over a glass of milk."
11253,bison,We saw a herd of bison grazing peacefully in Yellowstone National Park.
11253,bison,"The American bison, also known as the buffalo, is a symbol of the Great Plains."
11253,bison,Conservation efforts have helped to increase the bison population after it was nearly driven to extinction.
11253,bison,"That bison burger was surprisingly delicious, much leaner than beef."
11253,bison,Researchers are studying the genetic diversity of bison to better understand their evolutionary history and resilience.
11254,javelin,The Olympic javelin thrower trained rigorously every day to improve his distance.
11254,javelin,She accidentally stepped on a javelin while walking across the athletic field.
11254,javelin,I'm thinking of taking up javelin as a new hobby; it looks quite challenging.
11254,javelin,"The museum displayed an ancient javelin, showcasing the craftsmanship of that era."
11254,javelin,"The athlete's powerful throw sent the javelin soaring through the air, landing just shy of the record."
11255,escapade,The teenagers' late-night escapade to the abandoned amusement park ended with a stern talking-to from their parents.
11255,escapade,Her weekend escapade in Las Vegas was full of unexpected adventures and questionable decisions.
11255,escapade,"The company president tried to downplay the accounting error as a minor escapade, but the shareholders were not convinced."
11255,escapade,"After their hiking escapade in the mountains, they were exhausted but filled with a sense of accomplishment."
11255,escapade,"He recounted his youthful escapades with a twinkle in his eye, stories of daring pranks and close calls."
11256,molest,The reporter promised not to molest the grieving family with intrusive questions.
11256,molest,"If anyone should molest you, don't hesitate to call the authorities immediately."
11256,molest,The company's aggressive marketing tactics could be seen as a way to molest potential customers into buying their product.
11256,molest,I hope that pesky fly doesn't molest me while I'm trying to enjoy my picnic.
11256,molest,The lawyer argued that the defendant's actions did not rise to the level of harassment or molest.
11257,cessation,The cessation of hostilities was met with cautious optimism by both sides.
11257,cessation,"After the cessation of her medication, her symptoms unfortunately returned."
11257,cessation,The company announced the cessation of production at the factory due to declining sales.
11257,cessation,We are hoping for a complete cessation of the rain by this afternoon so we can have the picnic.
11257,cessation,"A temporary cessation of breathing, known as sleep apnea, can be a serious health concern."
11258,pelt,The children began to pelt each other with snowballs during the winter storm.
11258,pelt,"As the protestors marched, some individuals started to pelt the police officers with rocks and bottles."
11258,pelt,"The heavy rain began to pelt against the windows, making it difficult to see outside."
11258,pelt,The farmer worried that the hail would pelt his crops and ruin the harvest.
11258,pelt,"He managed to survive in the wilderness for months, using animal pelts to stay warm and make clothing."
11259,haggard,"After pulling three all-nighters to finish the project, she looked utterly haggard."
11259,haggard,The detective's haggard face told a story of sleepless nights and relentless pursuit of the suspect.
11259,haggard,"He arrived at the airport, looking haggard and disheveled after his transatlantic flight."
11259,haggard,"The long illness had left her frail and haggard, a shadow of her former self."
11259,haggard,"""You look haggard, Sarah,"" John said with concern. ""Are you getting enough sleep?"""
11260,plod,"Despite the pouring rain, the hikers continued to plod along the muddy trail, determined to reach their destination."
11260,plod,He had to plod through piles of paperwork before he could finally leave the office for the day.
11260,plod,"The old horse, weary from years of service, began to plod slowly up the hill, his head hanging low."
11260,plod,"After the team lost their star player, they just seemed to plod through the rest of the season, lacking any real enthusiasm."
11260,plod,"Even though the project was tedious, she knew she had to plod through it, step by step, if she wanted to finish on time."
11261,glacial,"The investigation into the accounting irregularities proceeded at a glacial pace, much to the frustration of the shareholders."
11261,glacial,Progress on the new software feature has been glacial; we're way behind schedule.
11261,glacial,"He gave me a glacial stare when I accidentally bumped into him, making me feel instantly guilty."
11261,glacial,"Despite the urgency of the situation, the bureaucratic process moved at a glacial speed."
11261,glacial,"The glacial landscape of Iceland is breathtaking, with its vast ice fields and towering mountains."
11262,vulture,"The media acted like a vulture, circling the scandal and waiting for any juicy details to emerge."
11262,vulture,"We saw a vulture soaring high above the desert, probably looking for carrion."
11262,vulture,"Some investors are like vultures, preying on struggling companies to make a quick profit."
11262,vulture,"The old, dilapidated building was a haven for pigeons and, unfortunately, the occasional vulture."
11262,vulture,He felt like a vulture after inheriting his uncle's fortune so soon after his passing.
11263,pounce,"The cat waited patiently, then suddenly decided to pounce on the unsuspecting mouse."
11263,pounce,"Critics were quick to pounce on the politician's misstatement, highlighting its potential consequences."
11263,pounce,"As soon as the opportunity arose, the company decided to pounce and acquire their smaller competitor."
11263,pounce,"The goalkeeper anticipated the shot and was ready to pounce, deflecting the ball away from the goal."
11263,pounce,"Seeing the loose thread, my toddler decided to pounce on it and unravel half my sweater."
11264,talon,"The hawk swooped down, its talon outstretched, ready to snatch the unsuspecting field mouse."
11264,talon,"The antique table had a leg carved to resemble an eagle's talon, gripping a ball."
11264,talon,"She clutched the railing with a talon-like grip, terrified of the height."
11264,talon,The gargoyle's stone talon was chipped and weathered after centuries of exposure.
11264,talon,Analysts fear that inflation's talon will continue to tighten its grip on the economy in the coming months.
11265,wicker,We packed a picnic lunch and carried it in a large wicker basket to the park.
11265,wicker,The porch was decorated with comfortable wicker chairs and a small side table.
11265,wicker,"I love the look of wicker furniture, but it's not always the most durable option for outdoor use."
11265,wicker,She carefully placed the delicate porcelain dolls in a wicker trunk for safekeeping during the move.
11265,wicker,The artisan demonstrated the intricate process of weaving the thin reeds together to create a beautiful wicker lampshade.
11266,sleigh,The children were bundled up warmly for a sleigh ride through the snowy woods.
11266,sleigh,We could hear the distant sound of sleigh bells jingling as it approached the village.
11266,sleigh,"He dreamed of a white Christmas, complete with a horse-drawn sleigh and carolers."
11266,sleigh,"The antique sleigh, meticulously restored, was the centerpiece of the holiday display."
11266,sleigh,"Unfortunately, the lack of snow meant the annual sleigh race had to be cancelled."
11267,pout,"She tends to pout when she doesn't get her way, which I find a bit childish."
11267,pout,"He gave a little pout and crossed his arms, clearly unhappy with the decision."
11267,pout,"The child's lower lip began to tremble, and a pout formed as she realized she wouldn't be getting any ice cream."
11267,pout,"Despite the manager's best efforts to mediate, the negotiation ended with the union representative wearing a visible pout, signaling their dissatisfaction."
11267,pout,"Instead of discussing the issue calmly, she just sat there with a dramatic pout, refusing to participate in the conversation."
11268,mackerel,"We grilled mackerel for dinner last night, and it was surprisingly delicious with a squeeze of lemon."
11268,mackerel,"The fisherman hauled in a net full of mackerel, a good catch for the day's work."
11268,mackerel,I'm trying to incorporate more oily fish like mackerel into my diet for the omega-3 benefits.
11268,mackerel,The chef recommended the pan-seared mackerel with a fennel and orange salad as a seasonal specialty.
11268,mackerel,"A strong, fishy odor permeated the air near the docks, likely due to the large shipment of mackerel being unloaded."
11269,nook,She curled up in the window nook with a good book and a cup of tea.
11269,nook,"The antique shop was full of interesting nooks and crannies, each filled with unique treasures."
11269,nook,He found a quiet nook in the library to study for his exams.
11269,nook,Our website has a helpful FAQ nook where you can find answers to common questions.
11269,nook,"The small cafe had a cozy nook in the back, perfect for a private conversation."
11270,purr,The kitten began to purr contentedly as I stroked its soft fur.
11270,purr,"As the vintage car's engine warmed up, it emitted a low, satisfying purr."
11270,purr,She could hear the gentle purr of the refrigerator in the otherwise silent kitchen.
11270,purr,"The therapist encouraged her to find activities that made her 'soul purr,' things that brought her deep joy and satisfaction."
11270,purr,"Wrapped in a warm blanket and listening to the rain, she felt a deep sense of peace purr through her."
11271,condolence,Please accept my sincere condolence for your loss; I can't imagine how difficult this time must be.
11271,condolence,I wanted to express my condolence to the entire team on the passing of Mr. Henderson; he was a valued colleague and a friend to many.
11271,condolence,"She sent a letter of condolence to the bereaved family, expressing her sympathy and offering support."
11271,condolence,My deepest condolence to you and your family on the passing of your grandmother; she was a truly remarkable woman.
11271,condolence,"Words can't express how sorry I am for your loss, please accept my condolence."
11272,bereaved,The bereaved family requested privacy as they grieved their sudden loss.
11272,bereaved,Supporting bereaved parents is a crucial aspect of hospice care.
11272,bereaved,"After the accident, she felt bereaved of not only her husband but also her future."
11272,bereaved,"He joined a support group for the bereaved, hoping to find solace and understanding."
11272,bereaved,Are you going to visit Mrs. Henderson? I heard she's recently bereaved.
11273,quaver ,A slight quaver in her voice betrayed her nervousness as she began her presentation.
11273,quaver ,His hands continued to quaver even after he'd calmed down from the shock.
11273,quaver ,"The high note in the soprano's aria had a beautiful, almost imperceptible quaver, adding to its emotional impact."
11273,quaver ,"""Are you alright?"" he asked, noticing the quaver in her lower lip."
11273,quaver ,The old wooden bridge seemed to quaver under the weight of the passing truck.
11274,lattice,The climbing roses were trained to grow along a decorative lattice on the garden wall.
11274,lattice,Scientists are studying the crystal lattice structure of the new material to understand its unique properties.
11274,lattice,"Sunlight streamed through the lattice window, casting intricate patterns on the floor."
11274,lattice,"We need to replace the old, rotting lattice under the porch with something more durable."
11274,lattice,The security guard carefully examined the magnetic lattice of the ID card to verify its authenticity.
11275,ransack,"The burglars ransacked the apartment, leaving drawers open and valuables scattered everywhere."
11275,ransack,"After the tornado, people returned to find their homes ransacked by the storm's powerful winds."
11275,ransack,"The detective carefully examined the ransacked office, searching for clues about the motive behind the break-in."
11275,ransack,Don't ransack your brain trying to remember her name; it'll come to you eventually.
11275,ransack,The protesters threatened to ransack the government building if their demands were not met.
11276,otter,"We saw an otter playfully swimming in the river, diving down and then popping back up with a fish."
11276,otter,The zookeeper explained that river otters are quite social animals and live in family groups.
11276,otter,"That sleek, dark fur coat looks just like otter fur, but I doubt it's real."
11276,otter,"I've always wanted to see an otter up close, maybe I'll visit the aquarium this weekend."
11276,otter,Conservation efforts are crucial to protect the dwindling otter populations in this region due to habitat loss.
11277,recoil,He recoiled in horror when he saw the gruesome accident.
11277,recoil,"The market seemed to recoil from the initial positive news, leading to a period of uncertainty."
11277,recoil,I recoiled at the thought of having to clean the dirty oven.
11277,recoil,The rifle recoiled sharply against his shoulder after he fired.
11277,recoil,"Many people recoil from the idea of eating insects, despite their potential as a sustainable food source."
11278,hedgehog,"We saw a hedgehog scuttling across the lawn last night, probably looking for insects."
11278,hedgehog,"The children were delighted to find a small, prickly hedgehog hiding under a bush in the garden."
11278,hedgehog,Hedgehog populations are declining in many areas due to habitat loss and pesticide use.
11278,hedgehog,I'm thinking of building a hedgehog house in the backyard to provide them with a safe place to hibernate during the winter.
11278,hedgehog,The wildlife rescue center is currently caring for several injured hedgehogs before releasing them back into the wild.
11279,tempestuous,"Their tempestuous relationship was marked by dramatic highs and lows, often leaving their friends exhausted."
11279,tempestuous,"The ship battled through a tempestuous sea, waves crashing over the deck and threatening to capsize it."
11279,tempestuous,"The artist's tempestuous personality often clashed with gallery owners, making it difficult for him to showcase his work."
11279,tempestuous,"After a tempestuous debate, the committee finally reached a compromise on the proposed regulations."
11279,tempestuous,"The political climate has become increasingly tempestuous in recent months, with accusations and counter-accusations flying from all sides."
11280,ruffle,"The unexpected question seemed to ruffle his feathers, and he hesitated before answering."
11280,ruffle,"I love the way the wind can ruffle the surface of the lake, creating a beautiful shimmering effect."
11280,ruffle,She added a small ruffle to the edge of the skirt for a touch of femininity.
11280,ruffle,Don't let his gruff exterior ruffle you; he's actually a very kind and helpful person.
11280,ruffle,The company's decision to change its pricing structure caused quite a ruffle among its loyal customers.
11281,surly ,The cashier gave me a surly look when I asked her to check the price of an item.
11281,surly ,"Despite my attempts to be friendly, the old man remained surly and uncommunicative."
11281,surly ,His surly attitude was making it difficult for the team to collaborate effectively.
11281,surly ,"After losing the game, the coach gave a surly press conference, barely answering any questions."
11281,surly ,I knew he was in a bad mood when he greeted me with a surly grunt instead of a hello.
11282,scowl,"He shot a scowl at the noisy children, clearly annoyed by their boisterous play."
11282,scowl,A deep scowl etched itself onto her face as she read the negative review of her performance.
11282,scowl,"Instead of answering, Mark just gave a dismissive scowl and turned away."
11282,scowl,The bartender's scowl warned him that he'd had one too many.
11282,scowl,"Despite the sunshine, a permanent scowl seemed to be fixed upon the old man's features."
11283,antic,"The puppy, full of antic energy, tore through the living room, scattering toys everywhere."
11283,antic,"His antic behavior in class was distracting, and the teacher asked him to settle down."
11283,antic,"Despite the seriousness of the situation, a touch of antic humor crept into her voice as she described the mishap."
11283,antic,The comedian's antic performance had the audience roaring with laughter.
11283,antic,"She was in an antic mood, suggesting silly and outlandish plans for the weekend."
11284,scrabble,I could hear the squirrels scrabble at the bird feeder outside my window.
11284,scrabble,We had to scrabble to find enough chairs for all the guests when more people showed up than we expected.
11284,scrabble,"The climbers had to scrabble up the steep rock face, using every handhold they could find."
11284,scrabble,"In the final round of the spelling bee, it was a scrabble to remember the correct spelling of 'onomatopoeia'."
11284,scrabble,"Despite the team's efforts to scrabble back into the game, they ultimately lost by a significant margin."
11285,cot,We set up a cot in the spare room for when my nephew comes to visit.
11285,cot,The summer camp provides each child with a simple cot and a locker for their belongings.
11285,cot,"During the flu outbreak, the hospital had to use cots in the hallways to accommodate all the patients."
11285,cot,"After the earthquake, the community center was transformed into a temporary shelter with rows of cots."
11285,cot,"The small child was tired and cranky, so his mother laid him down on the cot for a nap."
11286,padlock,"We need to buy a new padlock for the garden shed, as the old one rusted shut."
11286,padlock,"The storage unit required a heavy-duty padlock, so I opted for one with a hardened steel shackle."
11286,padlock,"After the break-in, the manager decided to padlock the back entrance every night."
11286,padlock,"For security reasons, please remember to padlock your bicycle to the rack when you're not using it."
11286,padlock,"The old gate creaked ominously, but the sturdy padlock seemed to hold it securely in place."
11287,slacken,"As the car crested the hill, the driver could slacken his grip on the steering wheel a little."
11287,slacken,"After the initial rush of orders, the factory's production rate began to slacken."
11287,slacken,Please slacken the rope a bit; it's too tight around my wrist.
11287,slacken,"The company president warned that if sales did not improve, they would have to slacken their hiring efforts."
11287,slacken,"The rain began to slacken towards evening, allowing us to finally enjoy a walk outside."
11288,gradient,"The gradual gradient of the hill made it a pleasant walk, not too steep."
11288,gradient,"The sunset painted a beautiful gradient of colors across the sky, from fiery orange to deep violet."
11288,gradient,We need to analyze the temperature gradient across the reactor core to ensure stable operation.
11288,gradient,The website design features a subtle gradient in the background to add visual interest without being distracting.
11288,gradient,"There's a steep gradient in the learning curve for this software, so be patient with yourself as you get started."
11289,slither,"The snake began to slither across the sun-baked rocks, disappearing quickly into the tall grass."
11289,slither,I watched the slug slither slowly across the damp pavement after the rain.
11289,slither,He tried to slither out of the uncomfortable conversation by changing the subject.
11289,slither,"With a subtle, almost imperceptible movement, she seemed to slither through the crowd, avoiding any direct contact."
11289,slither,"The oil spill caused the car to slither uncontrollably on the wet road, leading to a minor accident."
11290,clump,A clump of seaweed washed up on the shore after the storm.
11290,clump,"The children gathered in a clump near the playground, excitedly discussing their plans."
11290,clump,I had to cut a clump of matted fur from the dog's back.
11290,clump,The recipe calls for a small clump of fresh herbs to be added to the sauce.
11290,clump,Researchers discovered a dense clump of galaxies billions of light-years away.
11291,snip,"Could you snip off that loose thread on my coat, please?"
11291,snip,The hairdresser gave my bangs a quick snip to even them out.
11291,snip,I'm going to snip some fresh herbs from the garden to add to the soup.
11291,snip,The company announced a snip in its marketing budget due to lower-than-expected sales.
11291,snip,"With a final snip of the ribbon, the mayor officially opened the new community center."
11292,whisker,"The old tomcat had a long, impressive whisker that twitched when he sensed danger."
11292,whisker,He won the game by a whisker; I thought I had him beat for sure.
11292,whisker,"After a week of camping, he definitely needed a shave; he was starting to grow a whisker."
11292,whisker,"The detective noticed a single cat whisker on the victim's jacket, which could be a crucial clue."
11292,whisker,"My grandfather always trimmed his whisker meticulously, keeping it neatly groomed."
11293,snooze,I hit the snooze button three times this morning and almost missed my train.
11293,snooze,"She likes to snooze on the couch after lunch, especially on weekends."
11293,snooze,The meeting was so dull that I had to fight the urge to snooze.
11293,snooze,"After a long day of hiking, all I wanted to do was snooze in my hammock."
11293,snooze,"The alarm offers a 'snooze' function, allowing users a few extra minutes of rest before fully waking."
11294,anteroom,Please wait in the anteroom; the doctor will see you shortly.
11294,anteroom,The bride and groom greeted guests in the anteroom before the reception began.
11294,anteroom,"Before entering the Oval Office, visitors are typically asked to pause in the anteroom for a moment."
11294,anteroom,The anteroom served as a buffer between the bustling conference hall and the quieter meeting space.
11294,anteroom,I left my umbrella in the anteroom by the coat rack so it wouldn't drip on the carpet.
11295,tongs,Could you pass me the tongs? I need to flip these sausages on the grill.
11295,tongs,The chef used tongs to delicately arrange the microgreens on the plate.
11295,tongs,Be careful when using the tongs to remove the hot charcoal from the barbecue.
11295,tongs,"For sanitary reasons, please use the tongs provided to serve yourself from the salad bar."
11295,tongs,The blacksmith used a pair of heavy-duty tongs to hold the red-hot metal as he hammered it into shape.
11296,squat,The hikers had to squat down to pass under the low-hanging branches of the tree.
11296,squat,I try to do at least three sets of ten squats every morning as part of my workout routine.
11296,squat,"Because the abandoned building was a known squat, the police regularly patrolled the area."
11296,squat,"The small village seemed to squat beneath the towering mountains, dwarfed by their imposing presence."
11296,squat,"He had to squat by the campfire to stir the stew, as there were no chairs nearby."
11297,squirt,"The ketchup bottle was nearly empty, and only a small squirt came out when I squeezed it."
11297,squirt,Be careful when you open that can of soda; it might squirt everywhere.
11297,squirt,The mechanic used a special tool to squirt oil into the engine's hard-to-reach parts.
11297,squirt,"As a playful prank, he tried to squirt his friend with a water gun during the picnic."
11297,squirt,"During the experiment, the scientist observed a controlled squirt of liquid through the micro-nozzle."
11298,aviary,"The zoo's aviary was filled with colorful birds from all over the world, creating a vibrant and noisy spectacle."
11298,aviary,We visited a local animal sanctuary that had a large aviary dedicated to rescuing and rehabilitating injured parrots.
11298,aviary,"Building an aviary in the backyard would be a dream, but I'm worried about the upkeep and potential noise complaints from the neighbors."
11298,aviary,The ornithologist carefully documented the behavior of various finch species within the controlled environment of the research aviary.
11298,aviary,"After the hurricane, many exotic birds escaped from the damaged aviary and were spotted in residential areas."
11299,antiseptic,"Before applying the bandage, make sure to clean the wound with an antiseptic to prevent infection."
11299,antiseptic,The hospital staff diligently maintained an antiseptic environment to minimize the risk of post-operative complications.
11299,antiseptic,She always carries antiseptic wipes in her purse for quick cleaning after touching potentially contaminated surfaces.
11299,antiseptic,The doctor recommended using an antiseptic mouthwash after my tooth extraction to promote healing.
11299,antiseptic,"While soap and water are good for general cleaning, an antiseptic is necessary to kill bacteria on a deeper level."
11300,stow,Please stow your luggage in the overhead compartment before takeoff.
11300,stow,Could you help me stow these groceries in the trunk?
11300,stow,The sailors had to stow the sails quickly as the storm approached.
11300,stow,I need to find a place to stow this box; it's too bulky to leave out.
11300,stow,She stowed her anxieties away and focused on the presentation.
11301,ballast,The ship took on ballast to improve its stability in the rough seas.
11301,ballast,"Figuratively speaking, her calm demeanor acted as a ballast, keeping the team grounded during the stressful project."
11301,ballast,We added some rocks as ballast to the hot air balloon to help it descend more quickly.
11301,ballast,"The political party's moderate wing provided a crucial ballast, preventing it from drifting too far to the extremes."
11301,ballast,"In some older fluorescent light fixtures, you'll find a ballast that regulates the current to the bulb."
11302,suffocate,The thick smoke began to suffocate the firefighters as they entered the burning building.
11302,suffocate,I felt like I was going to suffocate in the crowded subway car during rush hour.
11302,suffocate,"Don't overwater your plants, or their roots will suffocate and rot."
11302,suffocate,"He tried to suffocate his anger, but it eventually burst out in a fit of rage."
11302,suffocate,The oppressive atmosphere of the small town seemed to suffocate any ambition or creativity.
11303,convulsion,"The sudden high fever caused the child to go into a violent convulsion, terrifying his parents."
11303,convulsion,The political scandal sent the government into a convulsion of infighting and accusations.
11303,convulsion,"He gripped the table tightly, trying to control the convulsion that threatened to overwhelm him."
11303,convulsion,"Witnessing the seizure, she described it as a frightening convulsion that shook the patient's entire body."
11303,convulsion,"The market experienced a brief convulsion after the unexpected announcement, with stocks plummeting rapidly before recovering slightly."
11304,epilepsy,"After a series of tests, the doctor diagnosed him with epilepsy and prescribed medication to manage his seizures."
11304,epilepsy,"Living with epilepsy can be challenging, but with proper treatment and support, individuals can lead fulfilling lives."
11304,epilepsy,"My neighbor has epilepsy, and she always carries a medical alert bracelet in case she needs assistance during a seizure."
11304,epilepsy,"The research team is investigating new therapies for drug-resistant epilepsy, hoping to improve the quality of life for patients."
11304,epilepsy,"It's important to be aware of the first aid procedures for someone having a seizure caused by epilepsy, such as protecting their head and timing the event."
11305,angler,The dedicated angler spent hours patiently waiting for a bite in the early morning mist.
11305,angler,"My grandfather was a keen angler, and he taught me everything I know about fishing."
11305,angler,The local conservation group is working to protect the river habitat for anglers and other recreational users.
11305,angler,"Despite the heavy rain, several anglers were still out on the pier, hoping to catch some sea bass."
11305,angler,"According to the fishing regulations, each angler is limited to catching only three trout per day."
11306,thrash,"The band started to thrash wildly on stage, much to the delight of the mosh pit."
11306,thrash,"After losing the game, the coach threatened to thrash the team during practice."
11306,thrash,"The hurricane caused the waves to thrash against the shoreline, eroding the beach."
11306,thrash,"I spent hours trying to thrash out a solution to the problem with my colleagues, but we're still stuck."
11306,thrash,The bill was heavily amended and thrashed about in committee before finally being passed by the legislature.
11307,scuffle,"There was a brief scuffle outside the bar after closing time, but security quickly broke it up."
11307,scuffle,I heard a scuffle in the hallway and peeked out to see the cat chasing a dust bunny.
11307,scuffle,The police report described the incident as a minor scuffle involving two intoxicated individuals.
11307,scuffle,"Despite the heated debate, the meeting ended without any actual scuffle or physical violence."
11307,scuffle,"The children had a playful scuffle over the toy, but no one was seriously hurt."
11308,totter,"After a few too many glasses of wine, he began to totter precariously on his feet."
11308,totter,"The old wooden fence seemed to totter in the wind, threatening to collapse at any moment."
11308,totter,"She watched her toddler totter across the room, arms outstretched for balance."
11308,totter,"The company's financial stability began to totter after the scandal broke, causing investors to lose confidence."
11308,totter,"Despite his injuries, the boxer managed to totter back to his corner, determined to finish the fight."
11309,unfurl,"As the ship approached the harbor, they began to unfurl the sails, catching the wind to guide them in."
11309,unfurl,"With a flourish, the magician made a silk scarf unfurl from his empty hand, much to the audience's delight."
11309,unfurl,"The protesters gathered in the square, ready to unfurl their banners and make their voices heard."
11309,unfurl,"I watched the fern unfurl its delicate fronds in the warm, humid air of the greenhouse."
11309,unfurl,"The company plans to unfurl its new marketing campaign next quarter, hoping to boost sales significantly."
11310,deterrence,The country's military buildup is intended as a deterrence against potential aggression from its neighbors.
11310,deterrence,"Hopefully, the increased security measures will act as a strong deterrence to shoplifters."
11310,deterrence,Nuclear deterrence is a complex and controversial strategy for preventing large-scale wars.
11310,deterrence,Do you think that stricter penalties are an effective deterrence for drunk driving?
11310,deterrence,"Despite the risks, the potential rewards weren't enough to provide a real deterrence; he went ahead and took the gamble."
11311,detriment,Skipping breakfast is often to the detriment of your concentration throughout the morning.
11311,detriment,The constant negativity in the office was a real detriment to team morale.
11311,detriment,He argued that the new regulations would be a detriment to small businesses.
11311,detriment,"While the exercise was challenging, it was ultimately to my benefit, not my detriment."
11311,detriment,"Smoking is a serious detriment to your health, increasing your risk of various diseases."
11312,variegated,"The garden was full of variegated hostas, their leaves a beautiful mix of green and white."
11312,variegated,"She admired the variegated patterns in the antique Persian rug, noting the subtle shifts in color."
11312,variegated,"The museum displayed a collection of variegated marbles, each with unique and swirling veins."
11312,variegated,"The plant shop had a wide selection of variegated succulents, adding a touch of visual interest to any windowsill."
11312,variegated,"The chef used variegated peppers in the salsa, creating a dish that was as visually appealing as it was flavorful."
11313,warble,The robin began to warble a cheerful tune from the branch outside my window.
11313,warble,"As the singer warmed up, her voice started to warble slightly before smoothing out into a powerful melody."
11313,warble,"Despite his age, a charming warble still crept into his voice when he told old stories."
11313,warble,"The old recording was damaged, causing the singer's voice to warble and distort."
11313,warble,"I could hear the distant warble of a songbird, hidden deep within the forest canopy."
11314,roost,The chickens always return to the coop to roost at sunset.
11314,roost,"After a long day of hiking, the weary travelers found a sheltered ledge to roost for the night."
11314,roost,The old barn swallows chose to roost under the eaves of the abandoned farmhouse.
11314,roost,He's been known to roost on the couch all weekend watching sports.
11314,roost,"The company president warned against complacency, saying, 'We can't afford to roost on our laurels; we need to keep innovating.'"
11315,infirm,"After years of hard labor, his grandfather became quite infirm, relying heavily on a walking stick."
11315,infirm,The infirm patients in the nursing home require constant care and attention.
11315,infirm,"Despite being infirm, she maintained a sharp wit and a positive outlook on life."
11315,infirm,The insurance policy specifically excluded coverage for pre-existing conditions and care for the infirm.
11315,infirm,I worry about my neighbor; she's become increasingly infirm lately and I haven't seen her leave the house.
11316,wheeze,I could hear the old engine wheeze as it struggled to climb the steep hill.
11316,wheeze,"The doctor listened to my lungs and said he could hear a slight wheeze, suggesting some inflammation."
11316,wheeze,"After running up the stairs, I started to wheeze and had to sit down to catch my breath."
11316,wheeze,"If you start to wheeze or have difficulty breathing, use your inhaler immediately."
11316,wheeze,"The comedian's joke was so bad, it made the audience wheeze with awkward laughter rather than genuine amusement."
11317,whimper,The injured puppy let out a soft whimper as I gently picked it up.
11317,whimper,"Instead of arguing his point, he just started to whimper about how unfair everything was."
11317,whimper,"The company's stock price took another hit, and analysts began to whimper about a potential market correction."
11317,whimper,"Despite the stern lecture, the child only began to whimper, tears welling up in their eyes."
11317,whimper,"I could hear the wind howling outside, making the old house creak and whimper in protest."
11318,mortuary,The funeral director explained that the mortuary was equipped with the latest facilities for embalming and preparation.
11318,mortuary,"After the accident, the body was taken to the county mortuary for identification."
11318,mortuary,She couldn't shake the feeling of unease as she drove past the mortuary late at night.
11318,mortuary,"My uncle works at the mortuary; it's a difficult job, but he finds it rewarding to help families through their grief."
11318,mortuary,The hospital chaplain visited the mortuary to offer prayers for the deceased.
11319,wrest,The two politicians continue to wrest for control of the party's nomination.
11319,wrest,I had to wrest the phone from my toddler before he dropped it in the toilet.
11319,wrest,She had to wrest a confession from him after hours of questioning.
11319,wrest,The company is trying to wrest market share from its competitors by offering lower prices.
11319,wrest,"They had a friendly wrest on the beach, playfully trying to push each other into the water."
11320,hatchet,He used a small hatchet to chop kindling for the campfire.
11320,hatchet,The old-timers said you could split logs all day with that hatchet if you kept it sharp.
11320,hatchet,"After years of feuding, the two families finally decided to bury the hatchet and reconcile."
11320,hatchet,The detective suspected the murder weapon was a hatchet due to the nature of the wounds.
11320,hatchet,She kept a hatchet in her camping gear for clearing brush and building a shelter in emergencies.
11321,daft,"Don't be so daft, of course I remember your birthday!"
11321,daft,He had some daft idea about starting a snail farm in the desert.
11321,daft,"The film was full of daft humor, but surprisingly enjoyable."
11321,daft,It was a daft decision to go hiking in that weather without proper equipment.
11321,daft,"While the proposal seemed daft at first glance, further investigation revealed its potential merits."
11322,wriggle,"The puppy tried to wriggle out of my grasp, eager to chase the butterfly in the garden."
11322,wriggle,I felt a tickle on my arm and saw a small worm wriggle away after I brushed it off.
11322,wriggle,She had to wriggle into the tight space behind the bookshelf to retrieve the lost toy.
11322,wriggle,"Despite his best efforts to wriggle out of the difficult question, the journalist pressed him for a direct answer."
11322,wriggle,"The fish began to wriggle violently as soon as it was pulled from the water, making it difficult to hold onto."
11323,moat,"The old castle was surrounded by a wide moat, now filled with murky water and reeds."
11323,moat,"Figuratively speaking, the company built a 'moat' around their intellectual property through patents and trade secrets to protect their market share."
11323,moat,"Crossing the moat proved to be more challenging than expected, as the makeshift bridge was quite rickety."
11323,moat,"During the medieval festival, they even staged a mock battle, with actors trying to breach the castle's moat and walls."
11323,moat,"To enhance security, the homeowner considered installing a decorative moat around their property, though they ultimately opted for a tall fence instead."
11324,shin,He kicked the soccer ball so hard that he bruised his shin.
11324,shin,I accidentally bumped my shin on the coffee table and now it's throbbing.
11324,shin,The cyclist wore shin guards for extra protection during the race.
11324,shin,She rubbed her shin thoughtfully as she considered the problem.
11324,shin,The doctor examined the patient's shin for any signs of fracture or inflammation.
11325,pike,We saw a large pike lurking near the reeds while we were fishing in the lake.
11325,pike,"The road had a sharp pike after the bend, so be careful driving through there."
11325,pike,"The museum has a collection of antique weapons, including a fearsome-looking pike."
11325,pike,He's been feeling under the weather since the flu season started to pike last week.
11325,pike,The protesters held up signs and brandished makeshift pikes as they marched through the town square.
11326,writhe,"The injured dog began to writhe in pain, its leg twisted at an unnatural angle."
11326,writhe,"He tried to writhe free from the ropes, but they were tied too tightly."
11326,writhe,"The politician attempted to writhe out of answering the difficult question, dodging it with vague statements."
11326,writhe,"Feeling the weight of guilt, she would writhe in bed at night, unable to find peace."
11326,writhe,"The dancer's movements were so fluid and expressive, it seemed as though she could writhe through solid air."
11327,alderman,The alderman promised to address the concerns of the residents regarding the proposed zoning changes at the next town hall meeting.
11327,alderman,"My grandfather served as an alderman for over twenty years, dedicating his life to public service in our community."
11327,alderman,"“I'm not sure I agree with Alderman Thompson's position on the new budget,” she said during the heated debate."
11327,alderman,The local newspaper reported that the alderman was under investigation for alleged misuse of campaign funds.
11327,alderman,"After years of working as a community organizer, she decided to run for alderman to directly influence policy and improve the lives of her neighbors."
11328,adjourn,"The meeting was becoming unproductive, so the chairperson decided to adjourn until the following morning."
11328,adjourn,Let's adjourn to the coffee shop down the street and continue our discussion there.
11328,adjourn,"After a lengthy debate, the committee voted to adjourn the session until next week."
11328,adjourn,The judge announced that court would adjourn for lunch and reconvene at 2 PM.
11328,adjourn,"Seeing as we've covered all the major points on the agenda, I propose we adjourn for today."
11329,functionary,The functionary at the DMV was incredibly unhelpful and seemed determined to make the process as difficult as possible.
11329,functionary,"As a minor functionary in the organization, he had little influence over policy decisions."
11329,functionary,"The bureaucratic functionary insisted on seeing my passport, even though I showed her my driver's license."
11329,functionary,"While he may seem like just another functionary, his behind-the-scenes work is crucial to the smooth operation of the department."
11329,functionary,"The ambassador addressed the assembled functionaries, thanking them for their dedication and service to the embassy."
11330,peddler,"The old peddler walked from door to door, selling trinkets and household goods to the villagers."
11330,peddler,He was considered more of a peddler of rumors than a reliable journalist.
11330,peddler,"The antique shop owner claimed the vase was from a royal collection, but I suspected he was just a peddler trying to inflate the price."
11330,peddler,"Back in the 19th century, you could find peddlers selling everything from patent medicines to fabrics on the streets of major cities."
11330,peddler,The government crackdown aimed to eliminate the peddler of illegal substances operating in the city's underbelly.
11331,appraise,"The jeweler carefully appraised the antique necklace, noting its intricate details and the quality of the gemstones."
11331,appraise,"Before putting the house on the market, we need to appraise its current value to set a competitive asking price."
11331,appraise,The manager will appraise each employee's performance based on their contributions to the project and their adherence to company standards.
11331,appraise,"I asked the art dealer to appraise the painting I inherited from my grandmother, hoping it might be worth something."
11331,appraise,It's important to appraise the risks involved before investing in any new business venture.
11332,stallion,"The rancher was proud of his prize-winning stallion, a magnificent animal with a glossy black coat."
11332,stallion,We had to keep the mares separated from the stallion during the breeding season.
11332,stallion,The children were fascinated by the powerful stallion as it galloped across the field.
11332,stallion,"After a careful examination, the vet confirmed the stallion was in excellent health and ready for competition."
11332,stallion,"Legend has it that the wild stallion roamed the mountains for years, never captured or tamed."
11333,assail,The politician's integrity was assailed by the relentless accusations in the press.
11333,assail,"When I opened the oven, a wave of intense heat assailed my face."
11333,assail,Critics assailed the movie for its predictable plot and poor acting.
11333,assail,"Feeling overwhelmed, she felt like anxieties were constantly assailing her mind."
11333,assail,The enemy forces began to assail the fortress walls with a barrage of arrows.
11334,citadel,"The old town was built around a formidable citadel, offering protection in times of war."
11334,citadel,"Figuratively, the library is considered a citadel of knowledge, preserving important texts and ideas."
11334,citadel,"After the initial assault, the remaining soldiers retreated to the citadel, hoping to hold out until reinforcements arrived."
11334,citadel,"The ancient citadel, perched high on the hill, offered breathtaking views of the surrounding countryside."
11334,citadel,"For many, the family home is a citadel, a place of safety and comfort from the outside world."
11335,promontory,"The old lighthouse stood proudly on the promontory, a beacon for ships navigating the treacherous coastline."
11335,promontory,"From the promontory, we could see the entire bay stretching out before us, shimmering in the afternoon sun."
11335,promontory,"Archaeologists discovered the ruins of an ancient fort built on the promontory, suggesting its strategic importance for controlling the sea lanes."
11335,promontory,"Hiking to the end of the promontory is a bit challenging, but the panoramic views are well worth the effort."
11335,promontory,Let's pack a picnic and watch the sunset from that promontory; it's the perfect spot for a romantic evening.
11336,assay,The geologist sent the rock samples to the lab to assay their mineral content.
11336,assay,"Before the company invests further, they need to assay the potential market for the new product."
11336,assay,Let's assay the situation before making any rash decisions; we need to consider all the angles.
11336,assay,The pharmaceutical company uses sophisticated techniques to assay the drug's efficacy and safety.
11336,assay,Experts will assay the authenticity of the painting to determine its value and historical significance.
11337,fluoride,My dentist recommends I use a toothpaste with fluoride to help prevent cavities.
11337,fluoride,The city council is debating whether to add fluoride to the public water supply.
11337,fluoride,"Some people are concerned about the potential side effects of fluoride, despite its proven benefits for dental health."
11337,fluoride,"Studies show that regular use of fluoride can significantly reduce the risk of tooth decay, especially in children."
11337,fluoride,"Before you start any new dental hygiene routine, talk to your dentist about whether a fluoride treatment is right for you."
11338,parson,The parson delivered a moving sermon on forgiveness and redemption.
11338,parson,Old Man Hemlock was known for arguing with the parson about everything from scripture to the price of grain.
11338,parson,"In many small villages, the parson is not only a spiritual leader but also a pillar of the community."
11338,parson,The historical records showed that Parson Brown had served the parish for over fifty years.
11338,parson,"After the wedding, the parson shook hands with the happy couple and wished them a lifetime of joy."
11339,bandit,The old Western movie featured a daring bandit robbing a stagecoach in broad daylight.
11339,bandit,Local farmers complained that a bandit gang was stealing their livestock and crops.
11339,bandit,My dog is such a little food bandit; he'll snatch anything you drop on the floor.
11339,bandit,The police are still searching for the masked bandit who robbed the First National Bank downtown.
11339,bandit,"Highwaymen, often romanticized as noble bandits, were a real threat to travelers in past centuries."
11340,atone,He wanted to atone for his past mistakes by dedicating his life to public service.
11340,atone,I tried to atone for forgetting her birthday by planning a surprise weekend getaway.
11340,atone,The company issued a public apology and pledged to donate to environmental causes in an attempt to atone for the pollution.
11340,atone,"She felt she had to atone for the lie she told, even though it was years ago."
11340,atone,Is there any way I can atone for disappointing you? I truly didn't mean to.
11341,bequeath,"In her will, she decided to bequeath her antique jewelry collection to her granddaughter."
11341,bequeath,The old master hoped to bequeath his artistic skills to a promising young apprentice.
11341,bequeath,My grandfather wanted to bequeath the family business to someone who would truly value its legacy.
11341,bequeath,The departing CEO wished to bequeath a culture of innovation and collaboration to the company.
11341,bequeath,"Through his generous donations, he sought to bequeath a better future for generations to come."
11342,sundry,"I need to pick up some sundry items at the drugstore, like toothpaste and shampoo."
11342,sundry,"The general store offered a wide array of goods, from farming equipment to sundry household necessities."
11342,sundry,"The invoice listed 'sundry expenses,' which made it difficult to understand exactly what the money was spent on."
11342,sundry,"Among the books and papers on his desk were sundry objects: a paperweight, a dried flower, and a half-eaten apple."
11342,sundry,"For the picnic, we packed sandwiches, fruit, and sundry snacks to keep everyone happy."
11343,curio,"The antique shop was filled with all sorts of curios, from old music boxes to porcelain dolls."
11343,curio,"She picked up a small, glass curio shaped like a swan during her trip to Venice."
11343,curio,My grandmother's china cabinet is filled with curios she's collected over her lifetime.
11343,curio,"He considered the dusty curio on the shelf, wondering about its history and how it ended up in the attic."
11343,curio,The museum's 'Hall of Curiosities' featured a bizarre collection of artifacts and oddities from around the world.
11344,synod,The church is holding a synod next week to discuss important doctrinal issues and future directions.
11344,synod,The decisions made at the synod will likely shape the church's policies for the next decade.
11344,synod,Were you able to follow the live stream of the synod proceedings; it seemed like there was a lot of debate.
11344,synod,"The archbishop addressed the synod, emphasizing the need for unity and collaboration among the different dioceses."
11344,synod,"After the synod concluded, a press release summarized the key resolutions and actions taken by the assembly."
11345,circumscribe,The architect had to circumscribe the design to fit within the historical district's guidelines.
11345,circumscribe,Let's not circumscribe their creativity with too many rules; give them some freedom to experiment.
11345,circumscribe,"The contract clearly circumscribes the employee's responsibilities, leaving no room for ambiguity."
11345,circumscribe,"While I appreciate your enthusiasm, we need to circumscribe our spending to stay within the allocated budget."
11345,circumscribe,"His upbringing was very strict, circumscribing his opportunities and limiting his personal growth."
11346,laity,The church relies heavily on the laity to organize community events and outreach programs.
11346,laity,"Unlike the clergy, the laity are not ordained ministers but are still vital members of the congregation."
11346,laity,"He explained the complex theological concept in simple terms, making it accessible to the laity."
11346,laity,There's a growing movement to empower the laity to take on more leadership roles within the diocese.
11346,laity,The bishop held a special meeting to address concerns raised by the laity regarding the proposed changes to the church's bylaws.
11347,crypt,The family decided to move their loved one's remains from the cemetery to the family crypt.
11347,crypt,The old church had a crypt beneath the altar where bishops were traditionally buried.
11347,crypt,"Exploring the ancient crypt, we discovered faded frescoes and crumbling sarcophagi."
11347,crypt,Legend has it that a secret passage leads from the castle to a hidden crypt in the woods.
11347,crypt,"He spoke in a crypt voice, as if he had just risen from the grave, which sent shivers down my spine."
11348,coddle,"My grandmother used to coddle me when I was sick, making me soup and reading me stories all day."
11348,coddle,"The manager was accused of coddling the star player, letting him get away with things that other team members couldn't."
11348,coddle,"While it's important to nurture children, we shouldn't coddle them to the point where they can't handle any adversity."
11348,coddle,"The professor refused to coddle his students, believing that they needed to learn to think critically and solve problems independently."
11348,coddle,Don't coddle yourself after a setback; learn from your mistakes and keep moving forward.
11349,bashful,He was too bashful to ask her to dance.
11349,bashful,"The bashful kitten hid behind the curtains, peeking out with wide eyes."
11349,bashful,"Despite her success, she remained surprisingly bashful about her accomplishments."
11349,bashful,"In his youth, he was known for being bashful and reserved, but he later blossomed into a confident public speaker."
11349,bashful,The young man gave a bashful smile when complimented on his artwork.
11350,coerce,The bully tried to coerce him into handing over his lunch money.
11350,coerce,Under no circumstances should you coerce someone into making a decision they're not comfortable with.
11350,coerce,The prosecutor argued that the confession was inadmissible because it was coerced from the suspect.
11350,coerce,"Despite the pressure, she refused to be coerced into signing the agreement."
11350,coerce,He felt coerced by his manager to work overtime every weekend.
11351,atheist,"He identifies as an atheist, but he still enjoys attending the annual Christmas Eve dinner with his family."
11351,atheist,"The professor's lecture on philosophy explored the arguments for and against the existence of God, touching on the perspectives of both theists and atheists."
11351,atheist,"Despite growing up in a religious household, she gradually became an atheist after questioning her beliefs for many years."
11351,atheist,"I'm not trying to convert anyone, but it's important to me that people know I'm an atheist and that my decisions are based on reason and evidence."
11351,atheist,"Some argue that a secular society, governed by laws that don't favor any particular religion, is the best way to protect the rights of both religious believers and atheists alike."
11352,sabbath,"Growing up, Sunday was always observed as a day of Sabbath, with no work or errands allowed."
11352,sabbath,"The community strictly adheres to the Sabbath, dedicating the time to prayer and family."
11352,sabbath,"After a long week of stressful deadlines, I treat myself to a personal Sabbath – a day of complete rest and relaxation."
11352,sabbath,"Many businesses in the area are closed on Saturday, in observance of the Jewish Sabbath."
11352,sabbath,He used the Sabbath as an opportunity to reflect on the past week and prepare mentally for the challenges ahead.
11353,conciliate,The mediator tried to conciliate the two parties by suggesting a compromise that addressed both of their concerns.
11353,conciliate,"Hoping to conciliate his angry girlfriend, Mark bought her flowers and apologized sincerely for his mistake."
11353,conciliate,The company offered a bonus to conciliate the employees after the difficult merger.
11353,conciliate,A skilled diplomat can often conciliate even the most hostile nations through careful negotiation and understanding.
11353,conciliate,"To conciliate the voters, the politician promised lower taxes and improved public services."
11354,litigant,The judge warned the pro se litigant to familiarize himself with the rules of evidence before the trial began.
11354,litigant,"As a frequent litigant, she knew the court system inside and out."
11354,litigant,"The settlement offer was rejected, leaving both litigants preparing for a lengthy and expensive court battle."
11354,litigant,He felt overwhelmed by the legal jargon and wished he had hired a lawyer instead of representing himself as a litigant.
11354,litigant,The case was dismissed because the litigant failed to provide sufficient evidence to support their claim.
11355,reparation,The company offered a full apology and promised to make reparations for the damage caused by the oil spill.
11355,reparation,"Germany paid significant reparations after World War I, as dictated by the Treaty of Versailles."
11355,reparation,He worked tirelessly to make reparation to his family after years of neglect.
11355,reparation,The community demanded reparations from the corporation responsible for polluting their water supply.
11355,reparation,Some argue that descendants of enslaved people are owed reparations for the historical injustices their ancestors suffered.
11356,onlooker,The accident happened so fast that the onlooker barely had time to react.
11356,onlooker,"A large crowd of onlookers gathered at the scene of the fire, curious about what was happening."
11356,onlooker,"As an onlooker to their argument, I felt incredibly uncomfortable and decided to leave."
11356,onlooker,"The judge warned the gallery to remain silent, reminding them that they were merely onlookers and not participants in the trial."
11356,onlooker,"Despite being just an onlooker, he felt a pang of guilt for not intervening when he saw the bullying taking place."
11357,congregate,Fans began to congregate outside the stadium hours before the concert started.
11357,congregate,The protesters decided to congregate in the town square to voice their concerns.
11357,congregate,"Birds often congregate near feeders, especially during the winter months."
11357,congregate,We tend to congregate in the kitchen at parties; it's just the warmest and most inviting room.
11357,congregate,"Due to the impending storm, authorities advised residents not to congregate in large groups outdoors."
11358,fuselage,"The emergency landing cracked the fuselage, but thankfully everyone walked away unharmed."
11358,fuselage,Investigators are examining the metal fatigue in the aircraft's fuselage to determine the cause of the accident.
11358,fuselage,The artist painted a vibrant mural along the entire length of the airplane's fuselage.
11358,fuselage,"Before boarding, I noticed a small dent in the fuselage near the wing; I hope it's nothing serious."
11358,fuselage,"Building a model airplane, I found attaching the wings to the fuselage to be the trickiest part."
11359,consecrate,"The church was built on land believed to consecrate the area, making it a sacred place for the community."
11359,consecrate,We will consecrate this day to remembering the sacrifices of those who fought for our freedom.
11359,consecrate,"The artist felt he could consecrate his life to painting, dedicating every waking moment to perfecting his craft."
11359,consecrate,"Before using the new equipment in the lab, the technicians had to consecrate it with a special cleaning solution to ensure it was free of contaminants."
11359,consecrate,"In many cultures, priests consecrate water for use in religious ceremonies."
11360,jubilee,"The Queen's Platinum Jubilee was a huge celebration across the United Kingdom, with street parties and special events planned for months."
11360,jubilee,"Our company is planning a jubilee celebration next year to mark 50 years in business, and we're inviting all our former employees."
11360,jubilee,The local church choir will be performing a special concert as part of the town's silver jubilee festivities.
11360,jubilee,"After 25 years of dedicated service, Professor Davies was awarded a jubilee professorship at the university."
11360,jubilee,Did you see the coverage of the hospital's jubilee fundraising gala? They raised an incredible amount for new equipment.
11361,coercion,The confession was thrown out of court because the judge ruled it was obtained through coercion.
11361,coercion,"Many feel that the company's policy is a form of coercion, forcing employees to work overtime without adequate compensation."
11361,coercion,"He claimed he signed the contract under coercion, alleging that the other party threatened his family."
11361,coercion,No one should be forced into marriage; true love cannot blossom in an environment of coercion.
11361,coercion,"The politician denied accusations of coercion, insisting that all decisions were made voluntarily by the council members."
11362,contravene,The proposed development would contravene several local planning regulations.
11362,contravene,"His actions clearly contravene the company's code of ethics, and he will likely face disciplinary action."
11362,contravene,"I wouldn't want to contravene your wishes, but I really think we should consider a different approach."
11362,contravene,Driving without a valid license contravenes the law and can result in serious penalties.
11362,contravene,"By publishing confidential information, he did contravene the non-disclosure agreement he signed."
11363,assessor,The insurance assessor came to evaluate the damage to my car after the accident.
11363,assessor,"As a certified assessor, she's responsible for grading the students' final projects."
11363,assessor,The property assessor will determine the fair market value of your home for tax purposes.
11363,assessor,We need an independent assessor to mediate the dispute between the company and its employees.
11363,assessor,The quality assurance team hired an external assessor to review their processes and identify areas for improvement.
11364,dally,"Don't dally on the way home, we need to leave for the airport in an hour."
11364,dally,"The professor warned the students not to dally on the introductory concepts, as the course would quickly become more challenging."
11364,dally,"She liked to dally by the riverbank, watching the ducks and enjoying the peaceful atmosphere."
11364,dally,"The negotiations had been dragging on for weeks, and both sides were tired of the other's attempts to dally and delay progress."
11364,dally,"If we dally any longer, we'll miss the train and be stuck here for the night."
11365,ledger,The accountant meticulously updated the ledger with all the day's transactions.
11365,ledger,I need to reconcile the bank statement with the entries in our general ledger.
11365,ledger,"The old ledger, bound in leather, contained records dating back to the 19th century."
11365,ledger,Could you please pull up the sales ledger for the last quarter? I want to analyze the trends.
11365,ledger,"He kept a personal ledger to track his expenses and income, which helped him stay on budget."
11366,drudgery,The daily drudgery of commuting to the city was starting to wear her down.
11366,drudgery,He escaped the drudgery of his factory job by immersing himself in fantasy novels.
11366,drudgery,"Although gardening can be therapeutic, sometimes it feels like pure drudgery, especially when weeding."
11366,drudgery,I wouldn't wish the drudgery of paperwork on anyone; it's a soul-crushing task.
11366,drudgery,"To alleviate the drudgery, the team decided to automate some of the repetitive processes."
11367,contagion,The rapid spread of misinformation online is a form of digital contagion that can have serious consequences.
11367,contagion,"Fear, like any emotion, can be a contagion, quickly spreading through a crowd."
11367,contagion,The doctor warned about the high rate of contagion associated with the new strain of influenza.
11367,contagion,"Despite the quarantine measures, the contagion continued to spread through the city's poorest neighborhoods."
11367,contagion,"His enthusiasm was a contagion; soon, the entire team was motivated and working towards the goal."
11368,demoralize,"The constant criticism from his boss began to demoralize him, making it difficult to focus on his work."
11368,demoralize,"Losing three games in a row really demoralized the team, but the coach tried to keep their spirits up."
11368,demoralize,The sheer scale of the disaster could demoralize even the most experienced relief workers.
11368,demoralize,Don't let one setback demoralize you; keep trying and you'll eventually succeed.
11368,demoralize,"The government's policies, designed to demoralize the opposition, ultimately backfired and strengthened their resolve."
11369,dislodge,The strong winds threatened to dislodge the tiles from the roof.
11369,dislodge,He tried to dislodge the popcorn kernel stuck between his teeth with a toothpick.
11369,dislodge,The protests aimed to dislodge the corrupt government from power.
11369,dislodge,"A sudden jolt dislodged the picture frame from the wall, and it crashed to the floor."
11369,dislodge,The dentist used a special tool to carefully dislodge the impacted wisdom tooth.
11370,scum,"The pond was covered in a layer of green scum, making it look quite uninviting."
11370,scum,He's a real piece of scum; he cheats people out of their money and shows no remorse.
11370,scum,Clean the bathtub regularly to prevent soap scum from building up.
11370,scum,"The political debate quickly devolved into a mudslinging contest, with each candidate slinging accusations and revealing the scum beneath the surface."
11370,scum,"After the flood, a thick layer of oily scum coated everything, making the cleanup incredibly difficult."
11371,sediment,The coffee tasted bitter because of the sediment at the bottom of the pot.
11371,sediment,Geologists study layers of sediment to understand the Earth's history and past environments.
11371,sediment,"After the flood, a thick layer of sediment covered the entire field, making it difficult to cultivate."
11371,sediment,The wine should be decanted carefully to avoid pouring the sediment into the glass.
11371,sediment,Environmental regulations require industries to properly manage and dispose of sediment containing pollutants to prevent water contamination.
11372,sluice,The farmer opened the sluice to irrigate the rice paddies.
11372,sluice,"Heavy rain caused a sluice of mud to flow down the hillside, blocking the road."
11372,sluice,We watched as the engineers adjusted the sluice gates to control the water level in the canal.
11372,sluice,"After a long day of digging, the miner hoped to find gold dust remaining in the sluice box."
11372,sluice,"The dam's sluice was opened to release excess water, preventing it from overflowing during the storm."
11373,dissect,The biology students had to dissect a frog in class to learn about its anatomy.
11373,dissect,Let's dissect this problem and figure out the root cause before we try to fix it.
11373,dissect,The political analyst will dissect the president's speech tonight on the news.
11373,dissect,"I don't want to dissect our relationship, but we need to talk about what's not working."
11373,dissect,"The literary critic proceeded to dissect the novel, analyzing its themes and symbolism in great detail."
11374,sinew,The seasoned butcher expertly trimmed the sinew from the beef before grinding it into hamburger.
11374,sinew,Years of hard labor had turned his arms into ropes of sinew and muscle.
11374,sinew,"The bowstring, made of tightly wound sinew, snapped under the immense pressure."
11374,sinew,"Despite his age, the old man still possessed a surprising amount of sinew in his grip."
11374,sinew,"Figuratively speaking, some argue that tradition is the sinew that holds a community together, providing strength and resilience."
11375,exhortation,The coach's exhortation to play harder in the second half seemed to ignite the team's spirit.
11375,exhortation,"Despite my friend's constant exhortation to quit my job and travel the world, I felt I needed the stability."
11375,exhortation,The sermon was essentially an exhortation to live a more virtuous and compassionate life.
11375,exhortation,"After a brief silence, the union leader delivered a powerful exhortation, urging members to stand strong during the negotiations."
11375,exhortation,Her repeated exhortation to be careful while hiking made me appreciate her concern for my safety.
11376,edify,The speaker hoped his lecture would edify the audience on the complexities of quantum physics.
11376,edify,"I try to read books that both entertain and edify, providing enjoyment as well as intellectual stimulation."
11376,edify,Her experiences traveling through different cultures served to edify her understanding of the world.
11376,edify,"Rather than simply criticize, he offered constructive feedback designed to edify and improve the team's performance."
11376,edify,We attended a workshop intending to edify ourselves on the latest advancements in sustainable technology.
11377,dejected,"After failing the exam for the third time, he sat alone, dejected and silent."
11377,dejected,"The team walked off the field, looking dejected after their crushing defeat."
11377,dejected,She felt dejected when she learned that her application had been rejected.
11377,dejected,Don't look so dejected; there are plenty of other opportunities out there.
11377,dejected,The dejected expression on his face told her everything she needed to know about the meeting.
11378,veterinarian,We rushed our dog to the veterinarian when he started limping badly.
11378,veterinarian,My daughter wants to be a veterinarian when she grows up because she loves animals.
11378,veterinarian,The veterinarian recommended a special diet to help manage my cat's kidney disease.
11378,veterinarian,Finding a good veterinarian who understands exotic animals can be a challenge in this area.
11378,veterinarian,"After graduating from veterinary school, she decided to specialize as an equine veterinarian, focusing on horses."
11379,elucidate,Could you elucidate what you meant by that comment earlier?
11379,elucidate,The professor used a diagram to elucidate the complex chemical process.
11379,elucidate,Let me elucidate my point with a simple analogy.
11379,elucidate,The witness was asked to elucidate the details of the event to the jury.
11379,elucidate,Further research is needed to elucidate the underlying causes of the disease.
11380,rabies,"After being bitten by a stray dog, the health department recommended he get a rabies vaccine as a precautionary measure."
11380,rabies,The veterinarian warned us about the dangers of rabies and stressed the importance of keeping our pets vaccinated.
11380,rabies,"Due to the confirmed case of rabies in the raccoon population, authorities have advised residents to keep their pets indoors."
11380,rabies,"The remote village suffered a tragic outbreak of rabies, highlighting the urgent need for preventative public health measures."
11380,rabies,I'm really worried because the bat that flew into my room last night brushed against my arm; I should probably get checked for rabies.
11381,embezzle,The accountant was arrested after an audit revealed he had been embezzling funds from the company for years.
11381,embezzle,"She claimed she was using the money for medical bills, but it turned out she was embezzling it to fund her gambling addiction."
11381,embezzle,The charity's director was accused of embezzling donations intended for disaster relief.
11381,embezzle,I can't believe he would embezzle from his own family; that's a new low.
11381,embezzle,The investigation is focusing on how the treasurer managed to embezzle such a large sum without anyone noticing.
11382,kickback,The contractor offered a kickback to the city official in exchange for securing the lucrative infrastructure project.
11382,kickback,He lost his job after it was discovered he was accepting kickbacks from suppliers to inflate the company's expenses.
11382,kickback,There's a rumor going around that the manager gets a kickback every time we use their preferred vendor.
11382,kickback,The investigation revealed a complex web of bribery and kickbacks involving several government employees.
11382,kickback,I wouldn't trust that guy; I heard he's involved in some shady deals and probably gets a kickback from somewhere.
11383,enshrine,The museum was built to enshrine the history of the town and its people.
11383,enshrine,We must enshrine the principles of equality and justice in our constitution to ensure a fair society for all.
11383,enshrine,"That summer held such special memories for me, I feel like I've enshrined it in my heart forever."
11383,enshrine,The team's incredible comeback victory will be enshrined in the annals of sports history.
11383,enshrine,The ancient temple was built to enshrine the sacred relics and honor the gods.
11384,goblin,"The children dressed up as goblins and witches for Halloween, eager to collect candy from the neighbors."
11384,goblin,"According to local folklore, mischievous goblins are said to inhabit the dark corners of the old forest."
11384,goblin,"He described the company's aggressive tactics as 'goblin-like,' suggesting they were ruthless and driven by greed."
11384,goblin,The fantasy novel featured a band of heroes battling a horde of snarling goblins deep within the mountain caves.
11384,goblin,"I felt like a goblin, hunched over my computer all night, trying to finish the project before the deadline."
11385,talisman,"He always carried a small, smooth stone in his pocket, believing it to be a talisman that brought him good luck during job interviews."
11385,talisman,"The ancient amulet, believed to be a powerful talisman, was passed down through generations of the family."
11385,talisman,"For the superstitious athlete, his worn-out wristband acted as a talisman, boosting his confidence before every game."
11385,talisman,"Many soldiers wear religious medals as a talisman, hoping for protection in battle."
11385,talisman,"While some dismissed it as mere superstition, she treated the rabbit's foot as a genuine talisman against misfortune."
11386,evict,The landlord threatened to evict them if they didn't pay the rent by the end of the week.
11386,evict,"After months of unpaid rent, the court ordered the tenant to be evicted from the property."
11386,evict,"It's difficult to evict someone, even if they are causing problems, due to tenant protection laws."
11386,evict,The city is working to prevent landlords from unfairly evicting low-income residents.
11386,evict,"If you receive an eviction notice, it's crucial to seek legal advice immediately."
11387,turnpike,"We decided to take the turnpike to save time, even though it meant paying a toll."
11387,turnpike,The accident on the turnpike caused a major traffic delay that lasted for hours.
11387,turnpike,"Growing up near the turnpike, I could always hear the faint hum of traffic in the distance."
11387,turnpike,"For faster delivery, the company ships all its goods via the turnpike system, ensuring quicker transit across the state."
11387,turnpike,The state government is considering raising the toll rates on the turnpike to fund infrastructure improvements.
11388,exorcise,The therapist helped him exorcise the painful memories of his childhood.
11388,exorcise,She tried to exorcise her anxieties by practicing daily meditation.
11388,exorcise,The priest attempted to exorcise the demon from the possessed woman.
11388,exorcise,He hoped that writing about his experiences would help him exorcise the anger he felt toward his former boss.
11388,exorcise,The political party is trying to exorcise the extremist elements from its ranks in an effort to appeal to moderate voters.
11389,malevolent,"The old house on the hill had a malevolent aura, making the children afraid to even walk past it."
11389,malevolent,His malevolent intentions were clear from the cruel smile that spread across his face as he announced the layoffs.
11389,malevolent,"Despite her sweet demeanor, there was a malevolent glint in her eyes that made me uneasy."
11389,malevolent,"The critics described the film as having a malevolent undertone, subtly unsettling the audience with its themes of betrayal and revenge."
11389,malevolent,"It seemed as though a malevolent force was at play, causing a series of unfortunate events to befall the small town."
11390,apparition,Many ghost stories begin with a sudden apparition in a dimly lit room.
11390,apparition,The detective dismissed the witness's claim of seeing an apparition as a product of stress and exhaustion.
11390,apparition,"Was the figure in the mirror a trick of the light, or a genuine apparition from beyond?"
11390,apparition,The sudden apparition of the deer in the headlights caused the driver to swerve unexpectedly.
11390,apparition,Some believe that apparitions are simply manifestations of unresolved emotional energy.
11391,expedite,We need to expedite the shipping process to ensure the package arrives before Friday.
11391,expedite,Could you please expedite the review of this document? It's crucial for the project's progress.
11391,expedite,"To expedite your claim, please provide all the necessary documents as soon as possible."
11391,expedite,The manager promised to expedite my request for a new computer after I explained the urgency.
11391,expedite,Adding extra staff will help us expedite the completion of the project.
11392,embankment,The old stone embankment protected the town from flooding during the rainy season.
11392,embankment,"We sat on the grassy embankment overlooking the river, enjoying the sunset."
11392,embankment,The construction crew reinforced the embankment to prevent further erosion.
11392,embankment,I had to park further up the road because the embankment was too steep to drive down.
11392,embankment,"After the heavy rains, the engineer inspected the embankment for any signs of weakness or structural damage."
11393,extradite,The United States will extradite the suspect to France to face charges of fraud.
11393,extradite,Do you think they'll extradite him back to his home country after he fled to avoid prosecution?
11393,extradite,The treaty outlines the conditions under which the two nations agree to extradite criminals.
11393,extradite,"Despite the compelling evidence, the government refused to extradite the former dictator, citing humanitarian concerns."
11393,extradite,"After a lengthy legal battle, the court ruled to extradite the accused terrorist to stand trial for his alleged crimes."
11394,itinerant,The library hired an itinerant storyteller to perform for the children during the summer reading program.
11394,itinerant,"He lived an itinerant life, traveling from town to town with only a backpack and his guitar."
11394,itinerant,"The itinerant farmworkers followed the harvest, moving north as the crops ripened."
11394,itinerant,"Finding a permanent doctor was difficult in the rural area, so many residents relied on itinerant physicians who visited periodically."
11394,itinerant,"The museum is hosting an exhibit on the lives of itinerant photographers in the early 20th century, showcasing their portraits of everyday people."
11395,squatter,The old abandoned house became a haven for squatters who were looking for shelter from the cold.
11395,squatter,Police were called to the property after neighbors reported seeing squatters moving furniture into the vacant apartment.
11395,squatter,"The legal process to evict squatters can be lengthy and complicated, often requiring a court order."
11395,squatter,"She found out that her grandmother's property had been occupied by squatters for years, making it difficult to reclaim."
11395,squatter,"Despite the 'No Trespassing' signs, the remote cabin was frequently used by squatters during the off-season."
11396,devolution,The devolution of power from the central government to regional assemblies was a key promise of the new administration.
11396,devolution,Some fear that devolution will lead to a fragmented national identity and inconsistent policies across different regions.
11396,devolution,"After years of careful planning, the company experienced a rapid devolution into chaos due to poor leadership and a lack of clear direction."
11396,devolution,"He argued that the proposed changes represented a devolution of responsibility, placing undue burden on local communities."
11396,devolution,"Instead of progress, the situation seemed to be a slow devolution back to the problems we had solved years ago."
11397,foreclose,The bank decided to foreclose on the property after the homeowner missed six consecutive mortgage payments.
11397,foreclose,"If you don't pay your taxes, the government can foreclose on your assets to recover the debt."
11397,foreclose,We need to act quickly to foreclose any possibility of a hostile takeover by the rival company.
11397,foreclose,"Unfortunately, many families are facing the threat of foreclosure due to the current economic downturn."
11397,foreclose,"The judge ruled to foreclose the plaintiff's opportunity to present further evidence, as it was deemed irrelevant to the case."
11398,complainant,The complainant alleged that the company discriminated against her based on her gender.
11398,complainant,"Before the police could proceed, they needed a formal statement from the complainant."
11398,complainant,"As the complainant in the harassment case, she felt nervous about testifying."
11398,complainant,"He was identified as the complainant in the noise dispute, having repeatedly called the authorities."
11398,complainant,The lawyer advised the complainant to gather any evidence that could support their claims.
11399,grid,"The city's power grid was overloaded during the heatwave, causing widespread blackouts."
11399,grid,"I used a grid system to organize my notes for the presentation, making it easier to find specific information."
11399,grid,We followed the hiking trail that was marked on the map with a grid overlay to help us navigate.
11399,grid,Could you please align those images in a neat grid on the webpage so they look more professional?
11399,grid,The architect presented a blueprint showing the building's layout on a detailed grid.
11400,rebuttal,"The lawyer prepared a strong rebuttal to the prosecution's opening statement, addressing each of their key points with counter-evidence."
11400,rebuttal,Her immediate rebuttal to my suggestion was that it was too expensive and time-consuming to implement.
11400,rebuttal,"Despite his passionate argument, he had no convincing rebuttal to the scientific data presented against him."
11400,rebuttal,"After the debate, I felt I didn't have a strong enough rebuttal to her claim about tax cuts, which I now regret."
11400,rebuttal,The editor published my article along with a brief rebuttal from a scholar who disagreed with my interpretation of the historical events.
11401,immunize,We need to immunize all children against measles to prevent outbreaks in the community.
11401,immunize,"The doctor recommended that I immunize myself against the flu every year, especially during flu season."
11401,immunize,Researchers are working to develop a vaccine that will immunize people against certain types of cancer.
11401,immunize,"Before traveling to certain countries, you may need to immunize yourself against diseases like yellow fever."
11401,immunize,"By vaccinating pets, we immunize them against common and potentially deadly illnesses."
11402,mumps,The doctor suspects little Timmy might have the mumps because of the swelling in his cheeks.
11402,mumps,"Before the widespread use of the MMR vaccine, mumps was a common childhood illness."
11402,mumps,"I had the mumps when I was a kid, so I'm immune now."
11402,mumps,Public health officials are monitoring a small outbreak of mumps on the college campus.
11402,mumps,"One of the less common, but potentially serious, complications of mumps is encephalitis."
11403,eviction,The family faced eviction after falling behind on rent due to unexpected medical bills.
11403,eviction,"She fought the eviction notice in court, claiming her landlord hadn't properly maintained the property."
11403,eviction,The news report detailed the increase in evictions following the end of the pandemic-era moratorium.
11403,eviction,"If you don't pay your rent by the end of the month, you'll be facing eviction."
11403,eviction,The community rallied together to help prevent the elderly woman's eviction from her lifelong home.
11404,infringe,Downloading copyrighted movies without permission will infringe on the copyright holder's rights.
11404,infringe,The new building's height might infringe upon the neighbor's right to sunlight.
11404,infringe,I hope my blog post didn't infringe on anyone's personal privacy.
11404,infringe,The company was sued for allegedly infringing a patent with their latest product.
11404,infringe,Be careful not to infringe the terms and conditions of the software license agreement when using the program.
11405,liquidate,The company had to liquidate its assets to pay off its debts after facing bankruptcy.
11405,liquidate,We need to liquidate some of our investments to free up cash for the down payment on the house.
11405,liquidate,"The auctioneer announced they would liquidate the entire estate, including furniture, artwork, and jewelry."
11405,liquidate,"If the business continues to struggle, we might have to liquidate and close down completely, which is a last resort."
11405,liquidate,The court ordered the company to liquidate its holdings in the subsidiary to satisfy the judgment against them.
11406,decrepit,"The decrepit old house creaked and groaned in the wind, a testament to years of neglect."
11406,decrepit,"After years of hard labor, his body felt increasingly decrepit, making even simple tasks a struggle."
11406,decrepit,"The museum displayed a collection of decrepit machinery, relics from a bygone industrial era."
11406,decrepit,"I wouldn't trust that decrepit car to make it across town, let alone on a long road trip."
11406,decrepit,"The once-grand hotel was now a decrepit shell of its former self, awaiting either restoration or demolition."
11407,foundry,"The old foundry, now abandoned, still casts a long shadow over the town's industrial past."
11407,foundry,"My grandfather worked at the local foundry for over thirty years, pouring molten metal into molds."
11407,foundry,The artist plans to visit the foundry to oversee the casting of his bronze sculpture.
11407,foundry,Environmental regulations have forced many foundries to modernize their operations or face closure.
11407,foundry,We need to find a foundry capable of producing high-precision components for our new engine design.
11408,modulate,The therapist taught him techniques to modulate his anger in stressful situations.
11408,modulate,Scientists are exploring ways to modulate the immune system to fight cancer more effectively.
11408,modulate,Could you modulate your voice a little? It's hard to hear you over the background noise.
11408,modulate,The radio signal is modulated to carry information across long distances.
11408,modulate,The company is trying to modulate production to meet the fluctuating demands of the market.
11409,autism,Early diagnosis of autism can significantly improve a child's developmental trajectory through targeted interventions.
11409,autism,"My nephew was recently diagnosed with autism, and we're all learning how to best support him."
11409,autism,"There's a lot of misinformation out there about autism, so it's important to rely on credible sources and scientific research."
11409,autism,The school district offers a variety of programs designed to meet the diverse needs of students with autism.
11409,autism,"While autism presents challenges, it's also associated with unique strengths and perspectives that should be celebrated and nurtured."
11410,polemic,The professor's lecture devolved into a fiery polemic against the current administration's environmental policies.
11410,polemic,Her latest article is less a reasoned argument and more a heated polemic aimed at discrediting her political opponents.
11410,polemic,I'm tired of the constant polemic; can't we just have a civil discussion about the issues?
11410,polemic,"The book is a fascinating read, but be warned: it's a relentless polemic against the dangers of unchecked capitalism."
11410,polemic,He launched into a passionate polemic about the importance of preserving local traditions in the face of globalization.
11411,negate,The heavy rain seemed to negate all our plans for a picnic in the park.
11411,negate,You can't simply negate the evidence presented; it needs to be addressed and explained.
11411,negate,"Adding salt can sometimes negate the sweetness in a dish, creating a more balanced flavor profile."
11411,negate,"His apology didn't negate the hurt he caused, but it was a start."
11411,negate,"To negate the effects of aging on your skin, it's important to stay hydrated and use sunscreen daily."
11412,ratification,The senator is confident about the ratification of the treaty before the end of the year.
11412,ratification,We're still waiting for official ratification of the agreement from all parties involved.
11412,ratification,"After the board's ratification, the new marketing strategy can finally be implemented."
11412,ratification,"Honestly, I'm surprised the ratification process took so long; it seemed like a no-brainer."
11412,ratification,The citizens demanded a referendum to ensure direct ratification of the constitutional amendment.
11413,nullify,The opposing team argued that the referee's incorrect call should nullify the last play of the game.
11413,nullify,"If the contract isn't signed by both parties before Friday, it will effectively nullify our agreement."
11413,nullify,"His confession was obtained under duress, which the judge ruled nullified its admissibility in court."
11413,nullify,I'm afraid your attempt to bribe the official will nullify your chances of getting the permit.
11413,nullify,The new law aims to nullify the effects of the previous discriminatory policies.
11414,bilateral,The president is scheduled to hold a bilateral meeting with the prime minister of Japan to discuss trade relations.
11414,bilateral,Our company has a bilateral agreement with a firm in Germany to share research and development resources.
11414,bilateral,"Although she experienced some hearing loss in her left ear, her hearing was generally bilateral and symmetrical."
11414,bilateral,The doctor recommended bilateral physical therapy to strengthen both of my injured knees.
11414,bilateral,Negotiations broke down when the two countries couldn't agree on the terms of a new bilateral trade deal.
11415,saturation,"The market reached saturation, making it difficult for new businesses to gain a foothold."
11415,saturation,"After a week of constant rain, the ground reached complete saturation and couldn't absorb any more water."
11415,saturation,The artist used a high saturation of color in the painting to create a vibrant and energetic effect.
11415,saturation,We're approaching information saturation with the constant stream of news and social media updates.
11415,saturation,"The news coverage reached saturation point, with every channel reporting on the same story."
11416,outwit,The cunning fox tried to outwit the farmer by sneaking into the henhouse at night.
11416,outwit,She managed to outwit her opponent in the debate with a clever and unexpected argument.
11416,outwit,"Despite their best efforts, the detectives were unable to outwit the master criminal."
11416,outwit,"He thought he could outwit the system, but his fraudulent activities were eventually discovered."
11416,outwit,"With a bit of strategic planning, we can outwit our competitors and gain a larger market share."
11417,sentry,"The sentry stood motionless at the gate, his eyes scanning the perimeter for any signs of trouble."
11417,sentry,"A lone sentry patrolled the castle walls, his footsteps echoing in the night."
11417,sentry,The general ordered the sentry to be extra vigilant after receiving intelligence about a possible attack.
11417,sentry,"As we approached the heavily guarded building, the sentry demanded to see our identification."
11417,sentry,"Figuratively speaking, my conscience acts as a sentry, always reminding me of what's right and wrong."
11418,subterranean,The scientists discovered a vast subterranean network of caves beneath the mountain range.
11418,subterranean,"After the earthquake, we were worried about the integrity of the subterranean pipes and cables."
11418,subterranean,The novel explores the protagonist's descent into a dark and subterranean world of addiction and despair.
11418,subterranean,"Many species of insects and rodents have adapted to living in subterranean environments, completely cut off from sunlight."
11418,subterranean,The city is planning to expand its public transportation system with a new subterranean railway line to alleviate traffic congestion.
11419,mercenary,The company hired a mercenary programmer to quickly fix the critical bug in their software.
11419,mercenary,"He was accused of being a mercenary journalist, only interested in sensationalizing stories for personal gain."
11419,mercenary,"The small nation, lacking a strong military, relied on a force of mercenaries to defend its borders."
11419,mercenary,"I don't trust his motives; he seems like a mercenary individual, always looking for the next opportunity to profit, regardless of who gets hurt."
11419,mercenary,The film tells the story of a group of hardened mercenaries on a dangerous mission behind enemy lines.
11420,overrate,I think critics tend to overrate that director's early work; his later films are much more nuanced.
11420,overrate,Don't overrate the importance of this one meeting; there will be other opportunities.
11420,overrate,"Some people overrate the value of a college degree these days, forgetting the potential of vocational training."
11420,overrate,"While the restaurant is good, I think it's a bit overrated considering the prices and the wait times."
11420,overrate,"Analysts often overrate short-term gains, failing to account for long-term market trends."
11421,throughbred,"The wealthy family only raced thoroughbred horses, believing in their superior speed and lineage."
11421,throughbred,"After years of careful breeding, the ranch finally produced a prize-winning thoroughbred stallion."
11421,throughbred,"She's a thoroughbred athlete, excelling in every sport she tries because of her natural talent and dedication."
11421,throughbred,You can tell by its powerful build and graceful movements that this dog is a thoroughbred German Shepherd.
11421,throughbred,"Despite the high cost, owning a thoroughbred can be incredibly rewarding, especially if you're passionate about equestrian sports."
11422,armpit,"He dabbed at his armpit with a tissue, trying to discreetly deal with the sweat."
11422,armpit,The deodorant promises 48-hour protection against armpit odor.
11422,armpit,"During the yoga pose, she felt a sharp pain in her armpit, indicating a possible muscle strain."
11422,armpit,"Living in the city's armpit district wasn't glamorous, but the rent was cheap."
11422,armpit,"After the marathon, my shirt was soaked and chafing under my armpit."
11423,scruffy,"The stray dog was scruffy and matted, but he had kind eyes."
11423,scruffy,He looked a bit scruffy after camping for a week without a shower.
11423,scruffy,"The antique chair, though scruffy around the edges, had a certain rustic charm."
11423,scruffy,"Despite his scruffy appearance, he was actually a very successful businessman."
11423,scruffy,The editor rejected the manuscript because the formatting was scruffy and unprofessional.
11424,panhandle,"I saw a guy panhandle outside the grocery store this morning, asking for money for food."
11424,panhandle,The city council is discussing new ordinances to address aggressive panhandling in the downtown area.
11424,panhandle,"He had to panhandle for a while after losing his job, just to make enough money for rent."
11424,panhandle,"Some people feel uncomfortable when they are approached by someone trying to panhandle, while others are more willing to help."
11424,panhandle,The senator argued that providing more social services would reduce the need for people to panhandle and improve the overall quality of life in the city.
11425,shifty,I don't trust him; he has a shifty look in his eyes that makes me uneasy.
11425,shifty,"The witness gave a shifty account of the events, changing his story several times during the interrogation."
11425,shifty,Detectives noticed the suspect's shifty behavior as he avoided eye contact and fidgeted nervously.
11425,shifty,"After discovering the missing money, the accountant explained the shifty accounting practices that had been used to hide the embezzlement."
11425,shifty,"Whenever I ask him about his weekend, he gets all shifty and avoids giving me a straight answer; I wonder what he's hiding."
11426,pilfer,The cashier was fired after being caught pilfering money from the register.
11426,pilfer,Construction workers often pilfer small amounts of lumber and nails from the job site for personal projects.
11426,pilfer,"He used to pilfer sweets from the corner shop when he was a kid, but he regrets it now."
11426,pilfer,"During the war, people were desperate and would pilfer anything they could find to survive."
11426,pilfer,The museum installed extra security cameras to prevent visitors from pilfering artifacts.
11427,satchel,She slung her leather satchel over her shoulder and headed out the door for her morning commute.
11427,satchel,The professor carried a worn satchel filled with research papers and well-loved books.
11427,satchel,"He rummaged through his satchel, searching for the missing permission slip his son needed for the field trip."
11427,satchel,"For our hiking trip, I decided to pack a lightweight satchel instead of a bulky backpack."
11427,satchel,"The antique shop had a beautiful collection of vintage satchels, each with its own unique story to tell."
11428,pillage,The Vikings were notorious for their raids where they would pillage coastal villages and steal valuables.
11428,pillage,"After the earthquake, desperate survivors began to pillage abandoned stores for food and supplies."
11428,pillage,The invading army was warned that any soldier caught attempting to pillage civilian homes would face severe punishment.
11428,pillage,The museum director was horrified to discover that thieves had managed to pillage several priceless artifacts during the night.
11428,pillage,"Some argue that the company's aggressive business practices effectively pillage local communities of their resources, leaving them impoverished."
11429,vicinity,I wouldn't recommend swimming in the lake in the vicinity of the old factory; there might be pollution.
11429,vicinity,Is there a good Italian restaurant in the vicinity of the museum?
11429,vicinity,The police are searching the vicinity for the suspect who fled the scene.
11429,vicinity,We decided to cancel the picnic because of the unexpected thunderstorm in our vicinity.
11429,vicinity,"For safety reasons, all unauthorized personnel must remain outside the immediate vicinity of the construction site."
11430,procrastinate,"I know I should start working on my taxes, but I always procrastinate until the last minute."
11430,procrastinate,Stop procrastinating and just make the phone call; it will only take five minutes.
11430,procrastinate,"Due to his tendency to procrastinate, the project was submitted well past the deadline, resulting in a significant penalty."
11430,procrastinate,Don't procrastinate on booking your flight; prices tend to increase as the departure date approaches.
11430,procrastinate,She vowed not to procrastinate any longer and immediately began outlining her research paper.
11431,irksome,Dealing with customer complaints can be an irksome but necessary part of the job.
11431,irksome,The constant buzzing of the mosquito near my ear was incredibly irksome and kept me awake.
11431,irksome,I find it irksome when people talk loudly on their cell phones in public places.
11431,irksome,"Filling out these lengthy application forms is quite irksome, especially when they ask for redundant information."
11431,irksome,His irksome habit of interrupting me mid-sentence made it difficult to have a productive conversation.
11432,proscribe,The new regulations proscribe the use of personal cell phones during working hours to maintain focus and security.
11432,proscribe,Many religions proscribe certain foods or activities during specific holy periods.
11432,proscribe,The university's code of conduct proscribes plagiarism and other forms of academic dishonesty.
11432,proscribe,"While the old law tried to proscribe certain types of music, it proved impossible to truly enforce."
11432,proscribe,"The dictator attempted to proscribe all political opposition, but underground resistance movements quickly formed."
11433,sojourn,Her sojourn in Italy provided her with invaluable insights into Renaissance art and culture.
11433,sojourn,"After a brief sojourn in the city, he longed for the peace and quiet of the countryside."
11433,sojourn,The weary travelers welcomed the inn as a comfortable place for a sojourn.
11433,sojourn,Their unexpected sojourn at my house turned into a delightful week of shared stories and laughter.
11433,sojourn,"During my sojourn abroad, I made it a point to learn the local language and customs."
11434,raze,The old factory was razed to make way for a new shopping mall.
11434,raze,Protesters threatened to raze the government building if their demands were not met.
11434,raze,"After the devastating fire, the owners decided to raze what was left of the structure and rebuild."
11434,raze,The city council voted to raze the condemned housing project in an effort to reduce crime in the area.
11434,raze,The earthquake was so powerful it seemed as if it could raze entire cities to the ground.
11435,dilapidated,"The old mansion stood on the hill, a dilapidated reminder of its former glory, its paint peeling and windows boarded up."
11435,dilapidated,"After years of neglect, the garden shed was in a dilapidated state, barely able to withstand the next strong wind."
11435,dilapidated,"We decided against buying the house; although it had potential, the dilapidated condition meant it would require extensive and costly renovations."
11435,dilapidated,"The abandoned factory was a dilapidated eyesore, a stark contrast to the modern buildings surrounding it."
11435,dilapidated,"Despite its dilapidated appearance, the antique car held a certain charm, hinting at a rich history and a time when craftsmanship was valued."
11436,upmarket,They decided to move to a more upmarket neighborhood after the promotion.
11436,upmarket,"The restaurant is quite upmarket, so be sure to dress appropriately."
11436,upmarket,"While the products are more expensive, the upmarket brand offers superior quality and durability."
11436,upmarket,"I'm not sure that tiny boutique can compete with the larger, upmarket department stores in the city center."
11436,upmarket,He's always had a taste for upmarket wines and gourmet food.
11437,recompense,The company offered a generous severance package as recompense for the unexpected layoffs.
11437,recompense,I hope the insurance company will provide adequate recompense for the damage caused by the storm.
11437,recompense,He felt that no amount of money could truly recompense him for the loss of his family heirloom.
11437,recompense,"As a gesture of goodwill, the restaurant offered us a free meal to recompense us for the long wait."
11437,recompense,"She worked overtime all weekend, so she expects some form of recompense, either in extra pay or time off."
11438,bountiful,"The farmer had a bountiful harvest this year, with more corn and soybeans than he could store."
11438,bountiful,We are grateful for the bountiful support we've received from our donors for this important cause.
11438,bountiful,"The buffet at the wedding was truly bountiful, offering a wide variety of dishes to satisfy every guest."
11438,bountiful,"After a week of rain, the garden was bountiful with colorful flowers and fresh vegetables."
11438,bountiful,The company's bountiful profits allowed them to invest in new research and development projects.
11439,gratuity,The menu clearly states that an 18% gratuity will be added to parties of six or more.
11439,gratuity,Did you remember to leave a gratuity for the bellhop who helped us with our luggage?
11439,gratuity,"While the service was excellent, I felt the automatic gratuity was a bit high considering the overall cost of the meal."
11439,gratuity,Many restaurants are now including a mandatory gratuity to ensure their staff receive a fair wage.
11439,gratuity,"I always try to factor in a generous gratuity when budgeting for a restaurant meal, especially if the service is exceptional."
11440,redress,The company offered a full refund as redress for the faulty product.
11440,redress,He sought redress in court for the damages caused by the accident.
11440,redress,We need to find a way to redress the imbalance of power between the large corporations and small businesses.
11440,redress,"Is there any way to redress this situation, or is the damage irreversible?"
11440,redress,The government implemented new policies to redress historical injustices against marginalized communities.
11441,welter,"After the storm, the beach was a welter of seaweed, driftwood, and plastic debris."
11441,welter,"The journalist found himself in a welter of conflicting information, making it difficult to write a clear and unbiased report."
11441,welter,"She felt a welter of emotions – joy, relief, and lingering sadness – as she watched her daughter graduate."
11441,welter,The company's sudden bankruptcy left the stock market in a welter of uncertainty and panic selling.
11441,welter,"He tried to sort through the welter of paperwork on his desk, but it seemed like an impossible task."
11442,reimburse,The company will reimburse you for all travel expenses incurred during the conference.
11442,reimburse,Could you please submit your receipts so we can reimburse you for the supplies you purchased?
11442,reimburse,I need to reimburse my friend for the movie tickets I borrowed money for last week.
11442,reimburse,Our insurance policy will reimburse up to 80% of the cost of covered medical procedures.
11442,reimburse,"Please let me know the total amount, and I'll reimburse you via bank transfer as soon as possible."
11443,outlay,"The initial outlay for the new business was higher than we anticipated, but we expect a good return on investment."
11443,outlay,"For such a small improvement in performance, the outlay of time and resources just isn't worth it."
11443,outlay,We need to carefully consider the potential return before committing to such a large capital outlay.
11443,outlay,What's the expected outlay for marketing and advertising in the first quarter?
11443,outlay,"Despite the significant outlay on new equipment, our production efficiency has increased dramatically."
11444,flora,The island's unique flora attracts botanists from all over the world.
11444,flora,She's studying the flora of the Amazon rainforest for her doctoral thesis.
11444,flora,The local flora provides a vital food source for many animal species in the area.
11444,flora,We need to consider the impact of the new development on the native flora and fauna.
11444,flora,"The garden center specializes in drought-resistant flora, perfect for our dry climate."
11445,repatriate,"After the war, the government began to repatriate refugees to their home countries."
11445,repatriate,The company decided to repatriate some of its profits earned overseas to invest in domestic projects.
11445,repatriate,Many families are eager to repatriate the remains of their loved ones who died abroad so they can be buried in their homeland.
11445,repatriate,The museum is working to repatriate cultural artifacts that were illegally taken from indigenous communities.
11445,repatriate,"He chose to repatriate to Italy after living and working in the United States for over 20 years, feeling a strong pull to his roots."
11446,quarantine,"After returning from the affected region, they were required to quarantine for two weeks to ensure they didn't develop any symptoms."
11446,quarantine,My cat had to be quarantined at the vet's office because they suspected she had a contagious illness.
11446,quarantine,The government implemented a strict quarantine policy to prevent the spread of the new variant.
11446,quarantine,"To quarantine or not, that is the question; I'm feeling fine, but I don't want to risk exposing anyone."
11446,quarantine,"During the pandemic, many people used their quarantine time to learn new skills or pursue hobbies they had always wanted to try."
11447,repudiate,The company was quick to repudiate the rumors that they were planning mass layoffs.
11447,repudiate,"He tried to repudiate his earlier confession, claiming he was coerced by the police."
11447,repudiate,I repudiate the idea that hard work is no longer valued in society.
11447,repudiate,She decided to repudiate her family's long-held political beliefs and join a different party.
11447,repudiate,The government issued a statement to repudiate the actions of the rogue diplomat.
11448,consignment,"We sent a consignment of handcrafted jewelry to the boutique in Aspen, hoping it would sell well during the ski season."
11448,consignment,"The art gallery operates primarily on consignment, meaning artists are only paid if their work is sold."
11448,consignment,The paperwork for the consignment of goods to the warehouse needs to be completed and submitted by Friday.
11448,consignment,I'm thinking of putting some of my old clothes on consignment at that new vintage shop downtown; it seems like a good way to declutter and make a little extra money.
11448,consignment,"Due to unforeseen circumstances, we are temporarily unable to accept any further consignments of furniture at this time."
11449,futility,He felt the futility of arguing with someone who refused to listen to reason.
11449,futility,"After hours of searching, the futility of finding his lost keys in the crowded stadium became clear."
11449,futility,The environmental group highlighted the futility of individual actions without systemic change to address climate change.
11449,futility,"Despite her best efforts, she couldn't shake the feeling of futility that hung over her after the project's failure."
11449,futility,"Recognizing the futility of further resistance, the general ordered his troops to surrender."
11450,rescind,The university decided to rescind its offer of admission after discovering the applicant had plagiarized their essay.
11450,rescind,"After realizing the policy was causing more harm than good, the company took steps to rescind it immediately."
11450,rescind,I hope they don't rescind my invitation to the party; I was really looking forward to it.
11450,rescind,The judge had no choice but to rescind the previous ruling due to new evidence presented by the defense.
11450,rescind,"Because of his improved behavior, the parole board is considering whether to rescind the conditions of his release."
11451,rummage,I had to rummage through the attic to find my old photo albums.
11451,rummage,"She began to rummage in her purse, searching for her keys."
11451,rummage,"The detective rummaged through the suspect's apartment, looking for any evidence."
11451,rummage,Don't rummage around in that drawer – it's where I keep all my important documents.
11451,rummage,"He rummaged amongst the sale items, hoping to find a bargain."
11452,urn,The ashes of my grandfather are kept in a beautiful ceramic urn on the mantelpiece.
11452,urn,Could you please pour me some more coffee from that urn over there?
11452,urn,The museum curator carefully placed the ancient Greek urn back into its display case.
11452,urn,"We scattered some of the ashes at sea, but kept the rest in the urn to bury near his favorite tree."
11452,urn,The election officials drew names from the urn to determine the order of candidates on the ballot.
11453,toad,The children were fascinated by the warty toad hopping across the garden path.
11453,toad,"I wouldn't want to kiss a toad, even if it meant turning it into a prince."
11453,toad,That slimy toad is the reason I hate going into the basement.
11453,toad,The biologist carefully examined the toad's skin for signs of disease.
11453,toad,"In some cultures, toads are considered symbols of good luck and prosperity."
11454,secrete,The pancreas helps regulate blood sugar by secreting insulin.
11454,secrete,Certain plants secrete a sticky resin to protect themselves from insects.
11454,secrete,I think I'm allergic to something; my eyes are secreting a lot of fluid.
11454,secrete,"The stress was so overwhelming that my body started to secrete stress hormones, making me feel even worse."
11454,secrete,Snails secrete a trail of mucus that helps them move.
11455,sequester,The jury was sequestered for several days during the high-profile trial to prevent outside influence.
11455,sequester,"During the pandemic, many people chose to sequester themselves at home to avoid infection."
11455,sequester,The artist decided to sequester herself in her studio to focus solely on completing her masterpiece.
11455,sequester,Congress may need to sequester funds from certain programs if the budget isn't balanced.
11455,sequester,"After being exposed to someone with the flu, I decided to sequester myself in my room to avoid getting my family sick."
11456,cavern,The explorers discovered a vast cavern filled with stunning rock formations and an underground lake.
11456,cavern,"We huddled in a small cavern, trying to escape the torrential downpour outside."
11456,cavern,"Echoes bounced off the walls of the cavern, amplifying the sound of our footsteps."
11456,cavern,Local legend says a dragon makes its lair in a hidden cavern deep within the mountain.
11456,cavern,"The map indicated a series of caverns, but warned of unstable ceilings and potential cave-ins."
11457,exemplar,The professor held up Einstein's work as an exemplar of theoretical physics.
11457,exemplar,This bakery's chocolate cake is an exemplar of decadent deliciousness; you have to try it!
11457,exemplar,"She is an exemplar of hard work and dedication, consistently exceeding expectations in every project."
11457,exemplar,"The museum acquired a perfectly preserved Roman vase, a rare exemplar of its type."
11457,exemplar,"In his speech, the CEO pointed to the customer service team as an exemplar of the company's commitment to excellence."
11458,slough,"The snake began to slough its skin, leaving behind a translucent layer."
11458,slough,"After a difficult quarter, the company decided to slough off some of its less profitable divisions."
11458,slough,He felt like he needed to slough off the negativity and start fresh.
11458,slough,"The old industrial area had become a slough of despond, filled with abandoned buildings and overgrown weeds."
11458,slough,"Regular exfoliation helps to slough away dead skin cells, revealing a brighter complexion."
11459,dermatologist,"I have a bad rash, so I need to make an appointment with a dermatologist."
11459,dermatologist,My dermatologist recommended a special cream for my eczema.
11459,dermatologist,"For persistent acne, it's best to consult with a dermatologist rather than trying over-the-counter remedies alone."
11459,dermatologist,The dermatologist explained that my skin sensitivity is likely due to a combination of genetics and environmental factors.
11459,dermatologist,"After years of sun exposure, my doctor suggested I see a dermatologist for a full skin check to screen for any potential issues."
11460,sterilize,The hospital staff carefully sterilize all surgical instruments to prevent infection.
11460,sterilize,"Before brewing, I always sterilize my homebrewing equipment to avoid unwanted bacteria growth."
11460,sterilize,She decided to sterilize her cat to prevent unwanted litters.
11460,sterilize,"You should sterilize baby bottles and pacifiers regularly, especially during the first few months."
11460,sterilize,Scientists are exploring ways to sterilize the soil to remove invasive plant species and restore native ecosystems.
11461,subjugate,The invading army sought to subjugate the local population and exploit their resources.
11461,subjugate,He warned against the dangers of allowing technology to subjugate our humanity.
11461,subjugate,"Historically, empires have often attempted to subjugate smaller nations through military force and economic control."
11461,subjugate,"The coach refused to subjugate his players to excessive training, prioritizing their well-being."
11461,subjugate,"She felt subjugated by the restrictive social norms of her community, which limited her personal freedom."
11462,kindred,"We felt a kindred spirit in the new volunteer, as she shared our passion for animal rescue."
11462,kindred,"Although they came from different backgrounds, they discovered a kindred love for classic literature that formed the basis of their friendship."
11462,kindred,"The author's latest novel explores the themes of loss and redemption, resonating with readers who have experienced kindred emotions."
11462,kindred,Finding a kindred soul in a bustling city can be a rare and precious experience.
11462,kindred,"The two organizations, with their kindred goals of environmental conservation, decided to merge their resources and efforts."
11463,sewerage,The city is investing heavily in upgrading its sewerage system to prevent future overflows.
11463,sewerage,Complaints about the smell from the local sewerage plant have increased dramatically this summer.
11463,sewerage,"Before building the new housing development, we need to ensure there's adequate sewerage infrastructure to support the increased population."
11463,sewerage,"He works for the council, primarily dealing with the maintenance and repair of the town's sewerage network."
11463,sewerage,The environmental impact assessment highlighted the potential for untreated sewerage to contaminate the nearby river.
11464,substantiate,The prosecution struggled to substantiate their claims with credible evidence.
11464,substantiate,I need more data to substantiate my hypothesis about the effects of social media on teenagers.
11464,substantiate,Can you substantiate your account of what happened last night? There are some inconsistencies.
11464,substantiate,"Before I approve this expense report, I need receipts to substantiate these charges."
11464,substantiate,"While his story sounds plausible, he hasn't been able to substantiate it with any witnesses or documentation."
11465,sulk,"After losing the game, he went to his room to sulk for the rest of the evening."
11465,sulk,"She tends to sulk instead of communicating her feelings directly, which makes it hard to resolve conflicts."
11465,sulk,"The politician, defeated in the primary, could either sulk in the shadows or rally behind the winning candidate."
11465,sulk,Don't sulk just because I said you couldn't have another cookie; there are plenty of healthy snacks you can choose from.
11465,sulk,"He knew sulking wouldn't solve anything, but he couldn't help feeling resentful after being passed over for the promotion."
11466,brusque,The doctor's bedside manner was rather brusque; he delivered the diagnosis without any apparent empathy.
11466,brusque,"I didn't mean to be so brusque with you earlier, I was just having a really bad day."
11466,brusque,Her brusque reply made it clear she wasn't interested in continuing the conversation.
11466,brusque,"Despite his brusque exterior, he was a kind and generous man at heart."
11466,brusque,The manager's brusque tone during the meeting left many employees feeling demoralized and unheard.
11467,recrimination,The meeting dissolved into a shouting match filled with accusations and recriminations about who was to blame for the project's failure.
11467,recrimination,"After the divorce, the children were caught in the middle of their parents' constant recriminations against each other."
11467,recrimination,"Instead of focusing on solutions, the discussion became a cycle of recrimination, with each side blaming the other for the escalating conflict."
11467,recrimination,I'm tired of the constant recrimination; can't we just move on and try to fix the problem?
11467,recrimination,"The political debate was marred by bitter recriminations over past policy decisions, making it difficult to focus on the current issues."
11468,superimpose,The artist decided to superimpose a geometric pattern over the portrait to create a more modern effect.
11468,superimpose,"In the film, they used special effects to superimpose the actor's face onto a stunt double's body during the dangerous scene."
11468,superimpose,We can superimpose the sales data from the last quarter onto the previous year's graph to easily identify trends.
11468,superimpose,The software allows you to superimpose your company logo onto all the images you export.
11468,superimpose,"During the presentation, I'll superimpose the project timeline over the map of the region so everyone can see the geographical scope."
11469,cactus,I accidentally pricked my finger on a cactus while repotting it.
11469,cactus,The Arizona desert is famous for its towering saguaro cactus.
11469,cactus,"She decorated her apartment with a variety of succulents, including a small barrel cactus."
11469,cactus,Growing a cactus indoors requires plenty of sunlight and infrequent watering.
11469,cactus,"The botanical garden boasts an impressive collection of cacti from around the world, showcasing the diversity of the species."
11470,vindictive,"After being fired unfairly, he became vindictive and started spreading rumors about his former boss."
11470,vindictive,Her vindictive nature led her to sabotage her ex-boyfriend's new relationship.
11470,vindictive,"I try not to be vindictive, but it's hard to forgive someone who has wronged me so deeply."
11470,vindictive,The company's vindictive lawsuit against the whistleblower was seen as an attempt to silence dissent.
11470,vindictive,Don't let your emotions control you; acting out of anger and being vindictive will only make things worse in the long run.
11471,swindle,"He tried to swindle me out of my inheritance, claiming he was a long-lost relative."
11471,swindle,The company was accused of swindling investors with misleading financial reports.
11471,swindle,Don't trust him; I heard he once tried to swindle an old lady out of her life savings.
11471,swindle,She realized she had been swindled when the 'rare' antique she bought turned out to be a cheap imitation.
11471,swindle,The elaborate scam was designed to swindle vulnerable people by promising them unrealistic returns on their investments.
11472,usurp,The ambitious lieutenant tried to usurp command while the captain was away on leave.
11472,usurp,Don't let fear usurp your dreams; you're more capable than you think.
11472,usurp,"The new software update seems to usurp some of the functions of the older programs, making them redundant."
11472,usurp,He accused the board of directors of trying to usurp his authority as CEO.
11472,usurp,The dictator's rise to power began when he decided to usurp the throne by force.
11473,forgery,The art dealer was arrested for selling a blatant forgery of a famous painting.
11473,forgery,Detecting forgery in historical documents requires specialized techniques and knowledge.
11473,forgery,She was devastated to learn that the signature on the birthday card from her estranged father was a forgery.
11473,forgery,The police are investigating the possibility of forgery in connection with the will.
11473,forgery,Don't even think about trying to get away with forgery; the penalties are severe.
11474,vacate,"We need to vacate the premises by noon tomorrow, as the new tenants are scheduled to move in."
11474,vacate,The judge ordered the squatters to vacate the building immediately.
11474,vacate,Please vacate your seats in an orderly fashion once the plane comes to a complete stop at the gate.
11474,vacate,I'm going to vacate my mind for a few minutes and just listen to some relaxing music.
11474,vacate,Did you remember to vacate all of your personal belongings from the hotel room before checking out?
11475,tenancy,The landlord decided to end the tenancy after repeated late payments of rent.
11475,tenancy,Our new tenancy agreement includes a clause about pet ownership.
11475,tenancy,"During her tenancy, she completely renovated the garden, making it a beautiful space."
11475,tenancy,"The length of the tenancy is usually specified in the lease agreement, often for a period of one year."
11475,tenancy,"He secured a long-term tenancy in the building, which gave him peace of mind knowing he wouldn't have to move again soon."
11476,vanquish,The knight vowed to vanquish the dragon and save the princess.
11476,vanquish,"With a final surge of determination, she vanquished her fear of public speaking."
11476,vanquish,"The home team was completely vanquished, losing the game by a wide margin."
11476,vanquish,The politician promised to vanquish poverty and inequality if elected.
11476,vanquish,"Ultimately, love can vanquish even the darkest of hatreds."
11477,mane,"The lion shook its magnificent mane, scattering water droplets everywhere."
11477,mane,"She brushed her horse's thick, black mane until it shone in the sunlight."
11477,mane,"He ran his fingers through his own unruly mane of hair, sighing in frustration."
11477,mane,"The heavy metal guitarist was known for his long, flowing mane and energetic stage presence."
11477,mane,"After a long day at the stable, her clothes were covered in hay and horse mane hair."
11478,wheedle,She tried to wheedle a new phone out of her dad by promising to do all the chores for a month.
11478,wheedle,"Despite his best efforts to wheedle, the librarian wouldn't let him renew the overdue book again."
11478,wheedle,"The cunning fox attempted to wheedle the crow into singing, hoping to snatch the cheese that was in its beak."
11478,wheedle,"After hours of trying to wheedle information from the suspect, the detective finally decided to change tactics."
11478,wheedle,He managed to wheedle his way into the exclusive party by charming the security guard with a fabricated story.
11479,docile,"The sheep were remarkably docile, allowing the children to pet them without any fuss."
11479,docile,"After years of abuse, the once fiery stallion became a docile creature, broken in spirit."
11479,docile,"The company was looking for employees who were docile and willing to follow instructions without question, but they ended up hiring independent thinkers."
11479,docile,"Although he appears docile in meetings, don't underestimate his strategic mind; he's just observing carefully."
11479,docile,"The new training program aims to make the software more docile and user-friendly, requiring less technical expertise."
11480,whitewash,The company was accused of trying to whitewash its environmental record by funding a misleading public relations campaign.
11480,whitewash,"Don't try to whitewash what happened; we need to address the real issues, not gloss over them."
11480,whitewash,The historical drama was criticized for its whitewashing of the protagonist's controversial past.
11480,whitewash,"They attempted to whitewash the graffiti on the wall, but you can still see faint traces of the original artwork."
11480,whitewash,"After the scandal, the politician hired a consultant to help him whitewash his image and regain public trust."
11481,concomitant,Increased stress is often concomitant with major life changes like moving or starting a new job.
11481,concomitant,"The use of this medication may result in certain concomitant side effects, so it's important to discuss them with your doctor."
11481,concomitant,The company's success and its concomitant growth in market share were largely attributed to their innovative marketing strategies.
11481,concomitant,We noticed a concomitant rise in crime rates and unemployment following the factory closure.
11481,concomitant,"She experienced a headache, and concomitant with it, a feeling of nausea."
11482,heretic,"Accused of being a heretic, Galileo faced intense pressure to recant his scientific findings, which contradicted the Church's teachings."
11482,heretic,"In some circles, questioning the dominant economic model is seen as heretical, even if the data suggests it's flawed."
11482,heretic,He was considered a heretic in the art world for daring to paint in a style that completely rejected current trends.
11482,heretic,"You might be labeled a heretic for suggesting we ditch the usual holiday traditions, but sometimes a fresh perspective is needed."
11482,heretic,"The CEO's radical ideas about workplace culture were initially dismissed as heretical, but they ultimately led to increased employee satisfaction and productivity."
11483,abhor,I abhor the feeling of being unprepared for a presentation; it makes me incredibly anxious.
11483,abhor,"Many people abhor the taste of cilantro, claiming it tastes like soap."
11483,abhor,"As a pacifist, he abhorred violence in all its forms and dedicated his life to promoting peace."
11483,abhor,She abhorred the constant negativity and gossip that permeated the office environment.
11483,abhor,"I abhor having to wake up early on the weekends, especially when I have no plans."
11484,swine,"He acted like a complete swine, cutting in line and pushing people out of the way."
11484,swine,The farmer raised swine for pork and bacon on his sprawling property.
11484,swine,I can't believe he cheated on her; what a two-faced swine!
11484,swine,The politician was labeled a swine after the details of his corrupt dealings were exposed.
11484,swine,"Despite the farmer's best efforts, a disease swept through the swine population, decimating his herd."
11485,bronchitis,"After weeks of coughing and feeling run down, the doctor diagnosed me with acute bronchitis."
11485,bronchitis,The persistent cough associated with her chronic bronchitis made it difficult for her to sleep through the night.
11485,bronchitis,My grandfather had to be hospitalized due to a severe case of bronchitis that developed into pneumonia.
11485,bronchitis,"Smoking is a major risk factor for developing bronchitis, so quitting is crucial for long-term respiratory health."
11485,bronchitis,The urgent care physician prescribed an inhaler and advised plenty of rest to help alleviate the symptoms of bronchitis.
11486,ail,"I fear the new regulations will ail small businesses, making it difficult for them to compete."
11486,ail,What seems to ail your dog? He hasn't touched his food all day.
11486,ail,"A lack of funding continues to ail the project, preventing us from meeting our goals."
11486,ail,"If something ails you, don't hesitate to see a doctor; early detection is key."
11486,ail,The team's poor performance seems to ail from a lack of communication and coordination.
11487,affront,His blatant disregard for the rules was an affront to everyone who had followed them diligently.
11487,affront,"I took her comment as a personal affront, especially since it was made in front of my colleagues."
11487,affront,The company's decision to cut benefits felt like an affront to the employees who had dedicated years of service.
11487,affront,To suggest that I was lying is a direct affront to my integrity.
11487,affront,The politician's dismissive attitude towards the victims was seen as an affront to their suffering.
11488,magnate,The real estate magnate built his empire by acquiring undervalued properties and developing them into luxury apartments.
11488,magnate,Local residents worried that the arrival of the media magnate would change the character of their small town.
11488,magnate,"Despite his humble beginnings, he rose to become a shipping magnate, controlling a vast fleet of cargo vessels."
11488,magnate,"Many believe that the tech magnate's philanthropy is merely a way to improve his public image, despite his questionable business practices."
11488,magnate,"The oil magnate's influence extended far beyond the energy sector, impacting political decisions on a global scale."
11489,antagonize,It's never a good idea to antagonize the waiter; they control your food!
11489,antagonize,"He didn't mean to antagonize her, but his insensitive joke clearly did."
11489,antagonize,The politician's inflammatory rhetoric only served to antagonize an already volatile situation.
11489,antagonize,Try not to antagonize your sister while I'm on this call; I need some peace and quiet.
11489,antagonize,The company's decision to cut benefits is likely to antagonize its employees and lead to a strike.
11490,friar,The local friar offered solace and guidance to the grieving family after their loss.
11490,friar,"Historical accounts depict the friar as a learned man, skilled in both scripture and medicine."
11490,friar,"We saw a friar walking through the town square, his simple robes a stark contrast to the modern surroundings."
11490,friar,Legend says that a friar once hid a valuable treasure somewhere on this island.
11490,friar,"In the medieval drama, the friar played the role of a wise counselor, advising the king on matters of morality."
11491,blanch,"To prepare the green beans for the salad, first blanch them quickly in boiling water and then plunge them into ice water to stop the cooking process."
11491,blanch,"The news of the company's bankruptcy filings made him blanch with shock, his face turning pale almost instantly."
11491,blanch,"Before freezing the broccoli, it's best to blanch it for a few minutes to preserve its color and texture."
11491,blanch,"She tried to blanch at his inappropriate joke, hoping to subtly convey her disapproval without causing a scene."
11491,blanch,The chef recommended that we blanch the tomatoes to easily remove their skins before making the sauce.
11492,filth,The apartment was uninhabitable; it was covered in layers of dust and filth.
11492,filth,I can't believe you're willing to watch that reality show; it's nothing but pure filth.
11492,filth,"The investigative journalist exposed the corporate corruption, revealing the moral filth that lay beneath their polished image."
11492,filth,"After the flood, the streets were littered with debris and filth, making it difficult to navigate."
11492,filth,The politician was accused of spreading lies and political filth during the election campaign.
11493,claustrophobia,She couldn't bring herself to ride the subway; her claustrophobia was too severe.
11493,claustrophobia,The thought of being stuck in a crowded elevator triggered his claustrophobia.
11493,claustrophobia,"While some people enjoy escape rooms, those with claustrophobia might find them extremely unpleasant."
11493,claustrophobia,The doctor asked about any history of anxiety or claustrophobia before scheduling the MRI.
11493,claustrophobia,"I've always avoided small, enclosed spaces because I have a touch of claustrophobia."
11494,detest,I absolutely detest having to wake up early on the weekends.
11494,detest,She detests the way he chews his food with his mouth open.
11494,detest,"As a historian, I detest the distortion of facts for political gain."
11494,detest,"Many people detest the feeling of being stuck in traffic, especially during rush hour."
11494,detest,"Despite his outward politeness, he secretly detested his boss's condescending attitude."
11495,foyer,We waited in the grand foyer of the theater before the doors to the auditorium opened.
11495,foyer,The real estate agent pointed out the spacious foyer as a key selling point of the house.
11495,foyer,"Could you leave your umbrella in the foyer, please? I don't want water tracked through the house."
11495,foyer,The conference attendees mingled in the hotel foyer during the coffee break.
11495,foyer,A security guard was stationed in the foyer to check IDs and direct visitors.
11496,eavesdrop,"I didn't mean to eavesdrop, but I couldn't help overhearing your conversation in the hallway."
11496,eavesdrop,The detective had to use sophisticated equipment to eavesdrop on the suspect's phone calls.
11496,eavesdrop,She was caught eavesdropping outside the principal's office and got detention.
11496,eavesdrop,Don't eavesdrop on other people's private conversations; it's rude and disrespectful.
11496,eavesdrop,"He tried to eavesdrop, hoping to learn the surprise party details, but they were too careful."
11497,exchequer,The Chancellor of the Exchequer announced new tax cuts in his budget speech.
11497,exchequer,Funds from the lottery are often directed to the national exchequer to support public services.
11497,exchequer,Depleting the national exchequer through excessive spending could lead to economic instability.
11497,exchequer,"He was accused of embezzling funds from the company's exchequer, leading to a lengthy investigation."
11497,exchequer,The government is hoping that increased tourism revenue will replenish the exchequer after the recent economic downturn.
11498,emissary,The president sent an emissary to negotiate a trade agreement with the neighboring country.
11498,emissary,"As an emissary of goodwill, she traveled the world promoting peace and understanding."
11498,emissary,The company appointed an emissary to handle the delicate negotiations with the striking workers.
11498,emissary,"He acted as an emissary between the warring factions, hoping to broker a ceasefire."
11498,emissary,I'm just an emissary; don't shoot the messenger! I'm only here to deliver the news.
11499,efface,Time can slowly efface even the most vivid memories.
11499,efface,He tried to efface the graffiti from the wall with a power washer.
11499,efface,The dictator attempted to efface all traces of his predecessor from history books and public spaces.
11499,efface,"She wanted to efface herself from the photograph, feeling embarrassed about her appearance."
11499,efface,"With each passing year, the inscription on the tombstone became more and more effaced by the elements."
11500,abominable,"The abominable snowman, or Yeti, is a creature of legend said to inhabit the Himalayan region."
11500,abominable,I thought his behavior at the party was abominable; he was rude to the staff and made a scene.
11500,abominable,"The conditions in the refugee camp were abominable, with limited access to food, water, and medical care."
11500,abominable,"That restaurant's service was abominable – we waited an hour for our food, and when it arrived, it was cold."
11500,abominable,The dictator's abominable human rights record led to international condemnation and sanctions.
11501,slapstick,"The show relies heavily on slapstick, with characters constantly tripping, falling, and getting hit with pies."
11501,slapstick,"While I appreciate clever wordplay, sometimes I just want to watch a good slapstick comedy to unwind."
11501,slapstick,"The director decided to tone down the slapstick in the play, focusing more on the emotional depth of the characters."
11501,slapstick,"Despite being a sophisticated drama, there's a surprising amount of slapstick humor woven into the narrative, providing moments of levity."
11501,slapstick,My grandfather always enjoyed watching old silent films because of their masterful use of slapstick and physical comedy.
11502,hark,Hark! Did you hear that owl hooting in the distance?
11502,hark,"Hark, the herald angels sing, glory to the newborn King!"
11502,hark,Hark at that wind howling; we're definitely in for a storm tonight.
11502,hark,"Before I begin this presentation, hark, and let me tell you a brief anecdote about my inspiration."
11502,hark,"Hark, I think I hear the ice cream truck coming down the street!"
11503,puberty,The doctor explained that the changes she was experiencing were all normal signs of puberty.
11503,puberty,Navigating puberty can be a challenging time for both teenagers and their parents.
11503,puberty,Hormonal changes during puberty can significantly affect mood and behavior.
11503,puberty,Many social and emotional developments coincide with the physical changes of puberty.
11503,puberty,"Research indicates that the average age of onset for puberty is decreasing in some populations, prompting further investigation."
11504,scruple,He had no scruple about lying to get what he wanted.
11504,scruple,"I wouldn't normally do this, but under these circumstances, I have no scruples."
11504,scruple,She seemed to have few scruples when it came to manipulating her friends.
11504,scruple,"Despite his ambition, he still possessed a deep-seated scruple against betraying his colleagues."
11504,scruple,"The company operated with a complete lack of scruple, prioritizing profit over the well-being of its employees."
11505,impel,The desire to protect his family impelled him to accept the dangerous mission.
11505,impel,A strong sense of justice impelled her to speak out against the unfair policy.
11505,impel,Curiosity and a thirst for knowledge impel many people to pursue higher education.
11505,impel,What would impel someone to commit such a senseless act of violence?
11505,impel,The urgent need for medical supplies impelled the organization to launch an immediate fundraising campaign.
11506,diabolic,The villain's diabolic plan involved flooding the city to extort money from the government.
11506,diabolic,"He concocted a diabolic scheme to sabotage his rival's business, fueled by years of resentment."
11506,diabolic,That math problem was diabolic; I spent hours on it and still couldn't find the solution.
11506,diabolic,"The dictator's diabolic cruelty was infamous, marked by widespread torture and oppression."
11506,diabolic,I can't believe she spread such a diabolic rumor about me; it's completely untrue and designed to ruin my reputation.
11507,keynote,The CEO's keynote address focused on the company's commitment to sustainability and innovation.
11507,keynote,Who is giving the keynote at the marketing conference next month?
11507,keynote,"The keynote speaker really set the tone for the entire event, leaving everyone feeling inspired and motivated."
11507,keynote,"Before diving into the workshops, we'll all gather in the main hall for the opening keynote."
11507,keynote,"Her keynote speech, while informative, lacked the energy needed to truly captivate the audience."
11508,oscillate,"The fan's speed seemed to oscillate wildly, going from barely moving to full blast in seconds."
11508,oscillate,My feelings about the new policy oscillate between cautious optimism and deep skepticism.
11508,oscillate,The stock price began to oscillate after the disappointing earnings report was released.
11508,oscillate,"In physics, a pendulum will oscillate back and forth until friction eventually brings it to a stop."
11508,oscillate,"The debate continues to oscillate between the two main arguments, with neither side gaining a clear advantage."
11509,peruse,Please peruse this document carefully before signing.
11509,peruse,I need to peruse the menu before I can decide what to order.
11509,peruse,She spent the afternoon perusing the shelves of the used bookstore.
11509,peruse,He asked me to peruse his draft essay and provide feedback.
11509,peruse,"Before making a final decision, I want to peruse all the available options."
11510,copious,"The professor provided copious notes for the upcoming exam, which was a relief to the students."
11510,copious,"After the heavy rainfall, the river overflowed, leaving copious amounts of mud in its wake."
11510,copious,"She took copious notes during the lecture, filling several pages with detailed information."
11510,copious,"The author's copious research is evident throughout the book, making it a definitive work on the subject."
11510,copious,"He apologized profusely, offering copious reasons for his lateness, though none seemed particularly convincing."
11511,peospectus,"Before you invest, make sure to thoroughly read the company's prospectus to understand the risks involved."
11511,peospectus,The university sent me a prospectus outlining all the available courses and accommodation options.
11511,peospectus,"I glanced through the prospectus, but I need to do more research before deciding which investment fund to choose."
11511,peospectus,Have you seen the prospectus for the new housing development? The floor plans look amazing.
11511,peospectus,"The lawyer advised us to examine the prospectus carefully, paying particular attention to the disclaimers and legal jargon."
11512,chronology,"The museum exhibit presented the artist's work in chronological order, starting with his earliest sketches and ending with his final masterpiece."
11512,chronology,Understanding the chronology of events leading up to the American Civil War is crucial for grasping the complexities of the conflict.
11512,chronology,I'm having trouble following the plot of this book; the author jumps around in time so much that the chronology is completely confusing.
11512,chronology,Could you please provide a chronology of the project's milestones so we can track our progress more effectively?
11512,chronology,"To get a better sense of my family history, I'm trying to piece together a chronology of their lives, starting with my great-grandparents' immigration."
11513,pique,"The unusual painting piqued my interest, and I spent the next hour researching the artist."
11513,pique,Her cryptic comment about a hidden treasure piqued everyone's curiosity at the dinner party.
11513,pique,"Feeling a sense of pique at being overlooked for the promotion, he started looking for other job opportunities."
11513,pique,The travel brochure's stunning photos of the remote island piqued our desire for an adventurous vacation.
11513,pique,"His refusal to explain his sudden departure piqued my suspicions, and I decided to investigate further."
11514,lagoon,"We spent the afternoon kayaking in the calm, turquoise lagoon."
11514,lagoon,"The resort was built right on the edge of the lagoon, offering stunning waterfront views from every room."
11514,lagoon,Scientists are studying the effects of pollution on the delicate ecosystem of the coastal lagoon.
11514,lagoon,Legend has it that a mythical creature lives deep within the dark waters of the lagoon.
11514,lagoon,"After a long day of exploring, we relaxed on the beach and watched the sunset over the still lagoon."
11515,quench,"After a long hike, I needed a large glass of water to quench my thirst."
11515,quench,The company's new marketing campaign failed to quench the public's growing concerns about their environmental impact.
11515,quench,He hoped a good book and a warm cup of tea would quench his boredom on the rainy afternoon.
11515,quench,No amount of money could quench his thirst for power; he always wanted more.
11515,quench,The refreshing rain did little to quench the wildfires raging across the state.
11516,hoarse,"After cheering so loudly at the concert, I woke up with a hoarse voice."
11516,hoarse,"The doctor examined my throat and said it was inflamed, explaining why I was so hoarse."
11516,hoarse,His voice was hoarse with emotion as he delivered the eulogy at the funeral.
11516,hoarse,"She tried to call for help, but her throat was too sore and her voice came out only as a hoarse whisper."
11516,hoarse,The debate moderator's voice grew increasingly hoarse as the candidates continued to interrupt each other.
11517,rasp,The old wooden door let out a dry rasp as I finally managed to push it open.
11517,rasp,"His voice had a slight rasp to it, suggesting he might be coming down with a cold."
11517,rasp,I could hear the rasp of the file as she meticulously shaped the metal.
11517,rasp,"The detective's interrogation was delivered with a low, menacing rasp, intended to intimidate the suspect."
11517,rasp,The sandpaper's rasp against the wood was surprisingly satisfying as I smoothed out the rough edges.
11518,caprice,"Her decision to quit her job seemed like a sudden caprice, considering how much she loved it."
11518,caprice,"The weather in April is often ruled by caprice, shifting from sunshine to rain in a matter of hours."
11518,caprice,I'm worried about investing in that company; their business plan seems driven more by caprice than careful strategy.
11518,caprice,"He bought that expensive sports car on a whim, a testament to his wealthy caprice."
11518,caprice,The director's artistic caprice led to a film that was both innovative and utterly incomprehensible.
11519,repulse,"The smell of rotten eggs began to repulse me, and I had to leave the room."
11519,repulse,Her constant complaining started to repulse even her closest friends.
11519,repulse,"The army managed to repulse the enemy's initial attack, holding their defensive line."
11519,repulse,"I was initially attracted to him, but his arrogance quickly began to repulse me."
11519,repulse,Many viewers were repulsed by the graphic violence depicted in the film.
11520,revel,They will revel in the opportunity to showcase their talents at the annual talent show.
11520,revel,"After the team's unexpected victory, the fans took to the streets to revel in the moment."
11520,revel,"He seemed to revel in the chaos he created, much to the dismay of his colleagues."
11520,revel,"The children revelled in the snow, building snowmen and having snowball fights all afternoon."
11520,revel,The author's prose is so rich and descriptive that you can't help but revel in the beauty of the language.
11521,accolade,She received numerous accolades for her groundbreaking research in cancer treatment.
11521,accolade,"The film festival presented him with the highest accolade, the Golden Palm, for his directorial debut."
11521,accolade,"Despite all the accolades, he remained humble and dedicated to his craft."
11521,accolade,Winning the championship was the ultimate accolade for the team after years of hard work and dedication.
11521,accolade,"The author brushed off the accolades, saying that the real reward was knowing his work resonated with readers."
11522,ruminate,"After the argument, I needed some time alone to ruminate on what I had said and whether I had been fair."
11522,ruminate,"The professor encouraged us to ruminate on the philosophical implications of the novel, rather than just focusing on the plot."
11522,ruminate,"He sat by the window, quietly ruminating about his future and the choices he had to make."
11522,ruminate,"I often ruminate on past mistakes, wishing I could go back and do things differently, but I know dwelling on them isn't helpful."
11522,ruminate,"She tends to ruminate over every detail, which can make it difficult for her to make quick decisions."
11523,admonition,The teacher's admonition to pay attention fell on deaf ears as the students continued to chat amongst themselves.
11523,admonition,"Despite the doctor's admonition to rest, he went back to work too soon and suffered a relapse."
11523,admonition,Her mother's constant admonition about safety finally convinced her to wear a helmet while biking.
11523,admonition,"The judge issued a stern admonition to the defendant, warning him about the consequences of future offenses."
11523,admonition,"Taking his father's admonition to heart, he saved diligently and eventually bought his own house."
11524,seethe ,"He tried to remain calm, but inside he was seething with anger at the unfair accusation."
11524,seethe ,The crowd began to seethe as the concert was delayed for the third time.
11524,seethe ,"She had to bite her tongue and smile, but she was seething over the manager's condescending tone."
11524,seethe ,"Beneath the surface of polite conversation, a deep resentment seemed to seethe between the two families."
11524,seethe ,The city seethed with discontent after the announcement of the new tax increases.
11525,impudent,The student's impudent remark about the teacher's age earned him a detention.
11525,impudent,I couldn't believe his impudent suggestion that I was the one who made the mistake.
11525,impudent,Her impudent behavior towards her elders was completely unacceptable.
11525,impudent,"Despite the risk, the young reporter asked an impudent question, hoping to uncover a scandal."
11525,impudent,It was incredibly impudent of him to interrupt the CEO during her presentation.
11526,rejoinder,"Her sharp rejoinder effectively silenced the heckler, leaving the audience momentarily stunned."
11526,rejoinder,"When asked about the company's declining profits, the CEO offered a lengthy but ultimately unconvincing rejoinder."
11526,rejoinder,"I attempted to apologize for my mistake, but his only rejoinder was a cold, dismissive shrug."
11526,rejoinder,"Following the lawyer's impassioned argument, the judge requested a written rejoinder from the opposing counsel within 48 hours."
11526,rejoinder,"After my dad jokingly accused me of never doing the dishes, my rejoinder was, ""Well, someone has to play video games!"""
11527,tantalize,"The aroma of freshly baked bread wafted through the air, tantalizing my senses and making me incredibly hungry."
11527,tantalize,"The travel brochure, filled with pictures of pristine beaches and exotic food, served only to tantalize us with the vacation we couldn't afford."
11527,tantalize,"He held the winning lottery ticket just out of her reach, a cruel joke meant to tantalize her with the possibility of wealth."
11527,tantalize,"The company's marketing campaign was designed to tantalize potential customers with glimpses of the new product, without revealing too many details."
11527,tantalize,"The prospect of a promotion and a significant raise tantalized her, but she knew she had to work hard and prove herself to earn it."
11528,finery,"She arrived at the gala dripping in finery, adorned with diamonds and a velvet gown."
11528,finery,"Despite the simple setting, the bride's finery, including a delicate lace veil, made her look radiant."
11528,finery,He couldn't understand why anyone would spend so much money on such frivolous finery.
11528,finery,The museum displayed the royal family's collection of antique jewelry and ceremonial finery.
11528,finery,"After years of wearing only practical clothing, she decided to treat herself to some new finery for her birthday."
11529,tranquilize,The zookeeper had to tranquillize the escaped tiger before it could hurt anyone.
11529,tranquilize,I hope the doctor can prescribe something to help tranquillize my anxiety.
11529,tranquilize,They had to tranquillize the deer after it wandered onto the busy highway.
11529,tranquilize,"Before the surgery, they'll give you something to tranquillize you and help you relax."
11529,tranquilize,The park rangers decided to tranquillize and relocate the bear that had been raiding campsites.
11530,delirious,"After running the marathon in sweltering heat, she was delirious with exhaustion and kept repeating nonsensical phrases."
11530,delirious,"The patient became delirious overnight, exhibiting confusion and disorientation, which prompted the doctor to order immediate tests."
11530,delirious,"The band's performance was so electrifying that the crowd was delirious with excitement, chanting their name long after the encore."
11530,delirious,Winning the lottery left him delirious with joy; he couldn't stop laughing and talking about all the things he would buy.
11530,delirious,"Deprived of sleep and proper medication, the prisoner's condition worsened, and he became increasingly delirious and incoherent."
11531,terrestrial,The study focused on the impact of climate change on terrestrial ecosystems.
11531,terrestrial,Are there any terrestrial planets in that newly discovered solar system?
11531,terrestrial,"My interests lie primarily in terrestrial biology, particularly the study of insects and plants."
11531,terrestrial,The transition from aquatic to terrestrial life was a major evolutionary step.
11531,terrestrial,"Unlike some animals, humans are fundamentally terrestrial creatures, adapted to living on land."
11532,whet,The aroma of freshly baked bread is enough to whet my appetite.
11532,whet,Reading about their adventurous travels only served to whet my own desire for exploration.
11532,whet,The company's teaser campaign was designed to whet the public's interest in their upcoming product launch.
11532,whet,A brief summary of the plot can whet the reader's curiosity without giving away too much.
11532,whet,"His insightful comments during the discussion whet my intellectual curiosity, prompting me to research the topic further."
11533,amphibian,The biology class dissected an amphibian to study its unique anatomy and life cycle.
11533,amphibian,"Frogs are a well-known type of amphibian, easily recognized by their jumping ability and croaking sounds."
11533,amphibian,"Due to habitat loss and pollution, many amphibian species are facing extinction, making conservation efforts crucial."
11533,amphibian,"My son is fascinated by amphibians; he wants to learn about every frog, toad, and salamander he can find."
11533,amphibian,"That nature documentary highlighted the remarkable adaptations of amphibians, showcasing how they thrive in both aquatic and terrestrial environments."
11534,fung,"The old professor was a bit of a fung, always cracking dry jokes during lectures."
11534,fung,"Despite his initial reluctance, Mark turned out to be a real fung at the party, getting everyone involved in the games."
11534,fung,I wouldn't describe Sarah as a fung; she's generally quite serious and reserved.
11534,fung,"After a few drinks, even the most uptight people tend to become more fung and relaxed."
11534,fung,The conference organizers aimed to create a fung and engaging atmosphere for all attendees.
11535,ewe,"The farmer carefully guided the ewe into the lambing pen, ensuring she was comfortable."
11535,ewe,We counted over a hundred ewe grazing peacefully in the meadow this morning.
11535,ewe,The shepherd checked the ewe's fleece for signs of disease or parasites.
11535,ewe,"The young girl was delighted to help bottle-feed the orphaned lamb, whose mother, the ewe, had died."
11535,ewe,The breeding program aims to improve the ewe's milk production and lambing rate over the next five years.
11536,fauna,"The documentary highlighted the diverse fauna of the Amazon rainforest, showcasing everything from jaguars to tree frogs."
11536,fauna,Protecting the local flora and fauna is crucial for maintaining the ecological balance of this region.
11536,fauna,"After the forest fire, researchers studied the impact on the area's fauna and how quickly it could recover."
11536,fauna,"When hiking in the mountains, be aware of the local fauna, especially bears and other potentially dangerous animals."
11536,fauna,"The professor's lecture focused on the unique fauna found only on the Galapagos Islands, emphasizing the effects of evolution in isolation."
11537,gill,The marine biologist carefully examined the fish's gill filaments under a microscope to assess its health.
11537,gill,"As the fish struggled in the polluted water, its gills were unable to extract enough oxygen."
11537,gill,"He felt a sudden pain in his left gill, a strange ache he couldn't explain."
11537,gill,"The chef cleaned the fish thoroughly, making sure to remove the gills before cooking it."
11537,gill,"Some amphibians, like axolotls, retain their external gills throughout their adult lives."
11538,leech,The hiker found a leech attached to his leg after wading through the swamp.
11538,leech,Don't be a leech; contribute your fair share to the expenses.
11538,leech,"Historically, leeches were used in medicine to draw blood, though this practice is now largely outdated."
11538,leech,"The politician was accused of being a leech on the public purse, enriching himself at the expense of taxpayers."
11538,leech,"That website is a leech, just scraping content from other sites without providing any original value."
11539,maggot,The fisherman used a maggot as bait to try and catch some trout.
11539,maggot,"Upon closer inspection, we discovered the rotting fruit was infested with maggots."
11539,maggot,"The squirming maggots were a revolting sight, making me lose my appetite immediately."
11539,maggot,Forensic entomologists can estimate the time of death by analyzing the stage of maggot development on a corpse.
11539,maggot,"He joked that the mystery meat in the school cafeteria probably started out as a pile of maggots, which made everyone at the table groan."
11540,membrance,The semi-permeable membrane of the cell allows water to pass through but restricts the movement of larger molecules.
11540,membrance,"He suffered a ruptured eardrum, which meant the tympanic membrane had been damaged."
11540,membrance,The new roofing material incorporates a waterproof membrane to prevent leaks.
11540,membrance,"During the surgery, the doctor carefully separated the delicate membrane surrounding the organ."
11540,membrance,The scientist studied the properties of the membrane to understand how it filters different substances.
11541,muzzle,The dog trainer recommended a soft muzzle for the reactive dog during walks in crowded areas.
11541,muzzle,The government was accused of trying to muzzle the press by restricting access to information.
11541,muzzle,"After the dog bit the mailman, the judge ordered that he be muzzled whenever he was outside his yard."
11541,muzzle,I refuse to muzzle my opinion just to avoid conflict; I believe it's important to speak my mind.
11541,muzzle,The veterinarian carefully placed a muzzle on the horse before examining its injured leg.
11542,plumage,The peacock's vibrant plumage is a dazzling display of iridescent colors.
11542,plumage,Birdwatchers were captivated by the cardinal's bright red plumage against the snowy backdrop.
11542,plumage,"After the molting season, the duck's plumage looked patchy and dull."
11542,plumage,The museum exhibit showcased the elaborate plumage used in traditional headdresses.
11542,plumage,Scientists study bird plumage to understand how coloration affects mating and camouflage.
11543,quail,"He tended to quail before authority figures, especially when they raised their voices."
11543,quail,The hunter flushed a covey of quail from the tall grass.
11543,quail,"Many people enjoy eating quail, but I find it a bit too gamey."
11543,quail,"Despite the pressure, she refused to quail and delivered a powerful speech."
11543,quail,We spotted a family of quail foraging for seeds near the edge of the field.
11544,rump,"The butcher trimmed the rump roast, preparing it for slow cooking."
11544,rump,Only a rump of the original committee remained after the resignations.
11544,rump,She landed awkwardly on her rump after slipping on the ice.
11544,rump,The political party was left with a mere rump of seats in Parliament after the landslide election.
11544,rump,The vet examined the horse's rump for any signs of injury or soreness.
11545,sprite,"The game developers spent weeks perfecting the animation of the main character's sprite, ensuring its movements were fluid and responsive."
11545,sprite,"My daughter dressed up as a garden sprite for the school play, complete with glittery wings and a flower crown."
11545,sprite,"In the old computer games, each character was represented by a simple sprite moving across a static background."
11545,sprite,"While hiking in the forest, I thought I saw a flash of movement out of the corner of my eye, like a sprite darting behind a tree, but it was probably just my imagination."
11545,sprite,The pixel art program allows you to easily create and edit sprites for use in your own indie games.
11546,stag,He went on a stag do in Prague before his wedding.
11546,stag,The wildlife photographer captured a stunning image of a stag silhouetted against the setting sun.
11546,stag,"Traditionally, the stag party is planned by the best man."
11546,stag,I saw a magnificent stag grazing in the meadow this morning; its antlers were enormous.
11546,stag,The debate surrounding stag and hen parties is often whether they are harmless fun or contribute to anti-social behaviour.
11547,tadpole,The children were fascinated by the tadpoles swimming in the shallow pond.
11547,tadpole,Scientists are studying tadpole development to understand the effects of pollution on amphibians.
11547,tadpole,My little brother accidentally scooped up a few tadpoles while playing in the creek.
11547,tadpole,"If you look closely at that puddle, you might see some tadpoles wriggling around."
11547,tadpole,"The aquarium featured a display showing the complete life cycle of a frog, from egg to tadpole to adult."
11548,tentacle,The octopus used its tentacle to reach for the crab hiding under the rock.
11548,tentacle,I felt a shiver as I imagined the monster's tentacle wrapping around my ankle.
11548,tentacle,"The jellyfish's long, trailing tentacles can deliver a painful sting."
11548,tentacle,Scientists are studying how the muscles in a squid's tentacle allow for such complex movements.
11548,tentacle,"Figuratively speaking, the corporation's influence has spread like a tentacle, reaching into every aspect of our lives."
11549,venom,The snake's venom is potent enough to kill a grown man within minutes.
11549,venom,He spat venom at his former business partner during the heated argument.
11549,venom,Researchers are studying the venom of scorpions to develop new pain medications.
11549,venom,"The political cartoon depicted the candidate dripping with venom, highlighting his negative campaign tactics."
11549,venom,"Despite its fearsome reputation, the gila monster's venom is rarely fatal to humans."
11550,affectation,"His sudden adoption of a British accent felt like a ridiculous affectation, especially since he'd never even been to England."
11550,affectation,"The artist's flamboyant clothing and dramatic pronouncements were seen by many as mere affectation, designed to draw attention."
11550,affectation,She dropped the affected drawl she used in social situations once she was back home and comfortable with her family.
11550,affectation,I found his constant name-dropping and feigned interest in obscure topics to be a tiresome affectation.
11550,affectation,"While some saw her elaborate gestures as an affectation, others believed they were a genuine expression of her personality."
11551,cadence,"The speaker's voice rose and fell with a natural cadence, holding the audience's attention."
11551,cadence,"The poem's rhythmic cadence was so soothing, it almost lulled me to sleep."
11551,cadence,"After years of marching, the soldiers moved with a precise and unwavering cadence."
11551,cadence,"We need to establish a regular cadence for our team meetings, perhaps every other Tuesday."
11551,cadence,"As the train slowed, the rhythmic cadence of the wheels on the tracks gradually faded away."
11552,anorexia,The doctor was concerned that her sudden weight loss and obsessive focus on calories were signs of anorexia.
11552,anorexia,Anorexia is a serious eating disorder that requires professional treatment and support.
11552,anorexia,"While the media often portrays anorexia as affecting only young women, it can impact people of all ages and genders."
11552,anorexia,She bravely shared her personal battle with anorexia in hopes of raising awareness and helping others seek help.
11552,anorexia,The research study explored the genetic and environmental factors that may contribute to the development of anorexia nervosa.
11553,antigen,"The rapid test detects the presence of a specific viral antigen, indicating an active infection."
11553,antigen,"Exposure to the antigen triggered an immediate allergic reaction, causing hives and difficulty breathing."
11553,antigen,Researchers are developing a new vaccine that targets a specific antigen on the surface of the cancer cells.
11553,antigen,The lab results showed that the patient's immune system had successfully produced antibodies against the injected antigen.
11553,antigen,Doctors are trying to identify the specific food antigen responsible for the child's persistent digestive issues.
11554,balm,The soft music was a balm to her frayed nerves after a long day at work.
11554,balm,She applied lip balm to soothe her chapped lips before going outside in the cold.
11554,balm,His kind words were a balm to my wounded pride after I failed the exam.
11554,balm,"The organization aims to be a balm for the social ills plaguing the community, offering support and resources to those in need."
11554,balm,"For many, the quiet solitude of nature is a balm for the stresses of modern life."
11555,biceps,He's been hitting the gym hard; look at the size of his biceps!
11555,biceps,The doctor examined my arm and said I had strained my biceps during the tennis match.
11555,biceps,Bodybuilders often focus on developing their biceps and triceps for a more sculpted appearance.
11555,biceps,"I struggled to lift the heavy box, feeling the strain in my biceps and shoulders."
11555,biceps,"During the physical therapy session, we did exercises to strengthen my weakened biceps muscle."
11556,buttock,The doctor examined the patient's buttock for any signs of bruising after the fall.
11556,buttock,"She winced as she sat down, her buttock aching from the long hike."
11556,buttock,"He playfully patted her buttock as she walked past, causing her to giggle."
11556,buttock,The swimsuit's design accentuated the curve of her buttock.
11556,buttock,"During the injection, the nurse swabbed the upper outer quadrant of his buttock with alcohol."
11557,carcinogen,Prolonged exposure to asbestos is a well-known carcinogen and increases the risk of lung cancer.
11557,carcinogen,"The scientist warned that the new chemical compound should be thoroughly tested, as it showed potential to be a carcinogen."
11557,carcinogen,"I'm trying to reduce my intake of processed meats, as many contain nitrates which can be converted into carcinogens in the body."
11557,carcinogen,"Are there any known carcinogens in this cleaning product, or is it safe to use around children and pets?"
11557,carcinogen,The government is implementing stricter regulations on industrial emissions to minimize the release of carcinogens into the environment.
11558,cataract,My grandmother is scheduled for cataract surgery next month to improve her vision.
11558,cataract,The doctor said the cloudiness in his eye was a sign of a developing cataract.
11558,cataract,"Living near the river, we could hear the roar of the cataract after a heavy rainfall."
11558,cataract,"Untreated, a cataract can lead to significant vision loss and even blindness."
11558,cataract,"While many think of cataracts as an age-related condition, certain medical conditions and injuries can also cause them."
11559,cleavage,The actress's low-cut dress revealed a hint of cleavage.
11559,cleavage,Geologists studied the cleavage planes in the rock sample to determine its mineral composition.
11559,cleavage,Some people find the depiction of excessive cleavage in advertising to be objectifying.
11559,cleavage,The engineer noted the potential for cleavage failure in the bridge's support beams.
11559,cleavage,"She chose a modest neckline, avoiding any display of cleavage for the professional event."
11560,colitis,"After experiencing severe abdominal pain and bloody stools, the doctor suspected she might have colitis and ordered a colonoscopy."
11560,colitis,My grandfather has been managing his ulcerative colitis with medication and dietary changes for over a decade.
11560,colitis,"Stress can sometimes exacerbate the symptoms of colitis, so it's important to find healthy coping mechanisms."
11560,colitis,"The specialist explained that there are different types of colitis, each requiring a slightly different treatment approach."
11560,colitis,I'm trying to avoid dairy and gluten because I suspect they might be triggering my colitis flare-ups.
11561,constipation,I've been having some trouble with constipation lately; I think I need to eat more fiber.
11561,constipation,The doctor asked if I was experiencing any symptoms like bloating or constipation.
11561,constipation,Traveling can often lead to constipation due to changes in diet and routine.
11561,constipation,She was prescribed a mild laxative to relieve her constipation.
11561,constipation,Chronic constipation can sometimes be a symptom of a more serious underlying medical condition.
11562,convalescence,"After the surgery, the doctor recommended a period of convalescence at home to fully recover."
11562,convalescence,The old seaside town offered a peaceful atmosphere perfect for convalescence.
11562,convalescence,"His convalescence was slow but steady, and he eventually regained his strength."
11562,convalescence,She spent her convalescence reading novels and enjoying the quiet of her garden.
11562,convalescence,The hospital provides a dedicated convalescence wing for patients transitioning from acute care to home care.
11563,dispensary,My doctor recommended a specific dispensary for the medical marijuana I need.
11563,dispensary,The old town hall was converted into a dispensary and community center.
11563,dispensary,She picked up her prescription at the campus dispensary before heading to class.
11563,dispensary,"With the recent legalization, several new cannabis dispensaries have opened up in the city."
11563,dispensary,The hospital maintains a small dispensary to provide basic medications to patients upon discharge.
11564,esophagus,He felt a burning sensation in his esophagus after drinking the acidic juice.
11564,esophagus,The doctor ordered an endoscopy to examine the lining of her esophagus for any signs of inflammation or ulcers.
11564,esophagus,Food sometimes gets stuck in my esophagus if I don't chew it properly.
11564,esophagus,"Swallowing problems can sometimes be related to issues with the esophagus, such as a narrowing or a muscle spasm."
11564,esophagus,The surgeon removed a small polyp from the patient's esophagus during the procedure.
11565,glucose,The doctor recommended I cut back on sugary drinks to better regulate my glucose levels.
11565,glucose,"During photosynthesis, plants convert sunlight, water, and carbon dioxide into glucose for energy."
11565,glucose,Athletes often consume glucose gels or drinks during endurance events to provide a quick source of energy.
11565,glucose,"The lab results showed a slightly elevated glucose reading, so we'll need to monitor it over the next few weeks."
11565,glucose,Fermentation is a process where microorganisms convert glucose into alcohol or other byproducts.
11566,groin,He pulled a groin muscle during the soccer match and had to be substituted.
11566,groin,The doctor examined my groin area to check for any signs of a hernia.
11566,groin,"After the bike accident, I felt a sharp pain in my groin whenever I tried to walk."
11566,groin,Construction workers built a groin along the beach to prevent further erosion from the sea.
11566,groin,"She experienced some discomfort in her groin after the intense workout, so she decided to take a rest day."
11567,infirmity,"Despite his infirmity, he insisted on walking to the store himself."
11567,infirmity,"The insurance company denied his claim, citing a pre-existing infirmity."
11567,infirmity,Age-related infirmity forced him to retire from his position as CEO.
11567,infirmity,She cared for her mother with patience and love throughout her infirmity.
11567,infirmity,One of the most difficult aspects of aging is coping with the increasing infirmity of the body.
11568,insomnia,"After the stressful week at work, I was plagued by insomnia and couldn't get a decent night's sleep."
11568,insomnia,"She tried counting sheep and listening to white noise, but nothing seemed to help her chronic insomnia."
11568,insomnia,"The doctor suggested that he try some relaxation techniques to combat his insomnia, such as meditation and deep breathing exercises."
11568,insomnia,"""I've been dealing with insomnia for months,"" he confessed, ""and it's starting to affect my performance at work."""
11568,insomnia,"Long-term insomnia can have serious consequences for your health, including increased risk of heart disease and depression."
11569,intoxication,The doctor warned him about the dangers of alcohol intoxication and its long-term effects on his liver.
11569,intoxication,Her initial excitement slowly faded into a state of quiet intoxication as the wine took effect.
11569,intoxication,The police officer administered a breathalyzer test to determine the driver's level of intoxication.
11569,intoxication,The crowd's intoxication with the rock band's performance was palpable; everyone was singing and dancing along.
11569,intoxication,"He blamed his embarrassing behavior at the party on a momentary intoxication, claiming he rarely drinks that much."
11570,ligament,The doctor suspects I tore a ligament in my knee during the soccer game.
11570,ligament,Physical therapy is crucial for rebuilding strength and stability after a ligament injury.
11570,ligament,"The anterior cruciate ligament, or ACL, is one of the most commonly injured ligaments in the knee."
11570,ligament,"Arthroscopic surgery can often be used to repair a damaged ligament, minimizing recovery time."
11570,ligament,Chronic ankle instability can develop if a sprained ligament doesn't heal properly.
11571,lobe,"The doctor examined the patient's ear, noting a slight inflammation in the earlobe."
11571,lobe,She gently tugged on her child's lobe to get their attention in the crowded store.
11571,lobe,Scientists are studying the frontal lobe of the brain to better understand decision-making processes.
11571,lobe,"During the surgery, the surgeon carefully separated the lobes of the patient's lung to remove the tumor."
11571,lobe,The pendant earrings were so heavy that they stretched her earlobes significantly over time.
11572,malady,The doctor struggled to diagnose the mysterious malady affecting the patient's nervous system.
11572,malady,Poverty and malnutrition are social maladies that require comprehensive solutions.
11572,malady,"He complained of a persistent, unidentifiable malady that left him feeling fatigued and weak."
11572,malady,"Is boredom a malady of the modern age, or has it always been with us?"
11572,malady,"Hopefully, advances in medical technology will soon help us eradicate this devastating malady."
11573,node,Each node in the decision tree represents a possible outcome based on the input data.
11573,node,"The doctor palpated my neck, checking for swollen lymph nodes."
11573,node,"In a distributed system, each node is responsible for processing a portion of the overall workload."
11573,node,We need to add another node to the server cluster to handle the increased traffic.
11573,node,The community center serves as a central node for local events and activities.
11574,nostril,"The smell of freshly baked bread wafted up my nostrils, making my stomach rumble."
11574,nostril,"With a disdainful sniff, she flared her nostrils and turned away from the unpleasant odor."
11574,nostril,The doctor used a small instrument to examine the inside of my nostril after I complained about congestion.
11574,nostril,"He had a small, almost imperceptible scar just above his left nostril."
11574,nostril,"As the horse galloped past, I could feel the wind rushing through my hair and the dust stinging my nostrils."
11575,obstetrician,My obstetrician recommended I start taking prenatal vitamins as soon as we decided to try for a baby.
11575,obstetrician,"After a difficult labor, we were so grateful for the skill and care of our obstetrician and the nursing staff."
11575,obstetrician,"Finding a good obstetrician is crucial for a healthy pregnancy and delivery, so do your research and ask for recommendations."
11575,obstetrician,The hospital has a team of experienced obstetricians and neonatologists on call 24/7 to handle any emergencies.
11575,obstetrician,"Dr. Ramirez, a renowned obstetrician specializing in high-risk pregnancies, will be giving a lecture at the medical conference next month."
11576,ointment,I applied a soothing ointment to the burn to relieve the pain.
11576,ointment,The doctor prescribed an antibiotic ointment for the infected cut on my leg.
11576,ointment,"She always keeps a small tin of lip ointment in her purse, especially during the winter months."
11576,ointment,"After researching various treatments, I decided to try a natural herbal ointment for my eczema."
11576,ointment,The museum conservator carefully applied a specialized ointment to the ancient artifact to prevent further deterioration.
11577,ovary,The doctor explained that the cyst on her ovary needed to be monitored closely.
11577,ovary,"During the hysterectomy, the surgeon removed both the uterus and the ovaries."
11577,ovary,"After menopause, the ovaries cease to produce estrogen and progesterone."
11577,ovary,"She was diagnosed with ovarian cancer, which unfortunately had already spread beyond the ovary."
11577,ovary,"The biologist pointed out the prominent ovary in the dissected frog, explaining its role in reproduction."
11578,pelvis,The doctor ordered an X-ray to check for any fractures in my pelvis after the car accident.
11578,pelvis,"During childbirth, the baby must pass through the mother's pelvis, which can sometimes be a tight fit."
11578,pelvis,"The anthropologist studied the skeletal remains, paying close attention to the pelvis to determine the individual's sex and age."
11578,pelvis,"I've been experiencing some lower back pain that radiates down into my pelvis, so I'm going to see a physiotherapist."
11578,pelvis,Strengthening the core muscles can help stabilize the pelvis and improve posture.
11579,physiology,Understanding the physiology of the human body is crucial for any aspiring doctor.
11579,physiology,Her research focuses on the physiology of stress and how it impacts the cardiovascular system.
11579,physiology,"During our biology class, we learned about plant physiology and how they convert sunlight into energy."
11579,physiology,The athlete consulted with a specialist to optimize his training regimen based on his individual physiology.
11579,physiology,"Changes in altitude can significantly affect your physiology, so it's important to acclimatize gradually."
11580,prognosis,"The doctor gave a guarded prognosis, saying the patient's recovery would be slow and difficult."
11580,prognosis,"After reviewing the test results, the specialist offered a more optimistic prognosis than we had initially feared."
11580,prognosis,"Given the severity of the damage, the prognosis for a full recovery is unfortunately not very good."
11580,prognosis,What's the prognosis for the company's stock now that they've announced lower-than-expected earnings?
11580,prognosis,"While the initial prognosis was bleak, with intensive therapy, she has made remarkable progress."
11581,remission,"The doctor was cautiously optimistic, saying her cancer was in remission after the chemotherapy."
11581,remission,"After years of struggling with depression, he's finally experiencing a period of remission and feels like himself again."
11581,remission,"The company offered a brief remission on late fees due to the economic downturn, hoping to ease the burden on its customers."
11581,remission,"We're hopeful that with the new medication, her rheumatoid arthritis will go into remission, allowing her to live a more comfortable life."
11581,remission,"While the symptoms are currently in remission, it's important to continue monitoring the condition for any signs of recurrence."
11582,saliva,The dog's saliva dripped onto the floor as he eagerly watched me prepare his dinner.
11582,saliva,Doctors collected a saliva sample from the patient to test for certain hormones and antibodies.
11582,saliva,"I could feel a lump in my throat and struggled to swallow, my saliva suddenly thick and unmanageable."
11582,saliva,"Before speaking publicly, the nervous speaker took a sip of water to moisten his dry mouth and stimulate saliva production."
11582,saliva,Forensic scientists analyzed the saliva found on the envelope to extract DNA and identify a potential suspect.
11583,serum,The doctor ordered a blood test to analyze the serum for any signs of infection.
11583,serum,I use a vitamin C serum on my face every morning to help brighten my skin and protect it from sun damage.
11583,serum,"The antivenom is derived from horse serum, so the patient needs to be monitored closely for allergic reactions."
11583,serum,Scientists are developing a new serum that could potentially prevent the spread of the disease.
11583,serum,She invested in a high-end hair serum promising to repair split ends and add shine.
11584,tetanus,"Make sure you get a tetanus shot if you step on a rusty nail, as it's a common way to contract the infection."
11584,tetanus,The doctor recommended a tetanus booster since it had been over ten years since my last vaccination.
11584,tetanus,"Tetanus is a serious illness caused by bacteria that enters the body through wounds, so proper wound care is crucial."
11584,tetanus,"Despite widespread vaccination efforts, tetanus remains a threat in areas with limited access to healthcare and sanitation."
11584,tetanus,One of the first things they checked after the accident was whether I was up-to-date on my tetanus immunization.
11585,wart,The doctor said the wart on my finger was harmless and could be frozen off.
11585,wart,He considered the small oversight a wart on an otherwise perfect project.
11585,wart,"Grandma always had a home remedy for getting rid of warts, involving duct tape and apple cider vinegar."
11585,wart,"Despite its warts, the old car still runs reliably and has a lot of character."
11585,wart,"The controversial clause was a significant wart on the proposed legislation, making its passage difficult."
11586,xenophobia,"The politician's rhetoric, filled with veiled threats against immigrants, was clearly designed to stoke xenophobia."
11586,xenophobia,"While globalization offers many benefits, it can also, unfortunately, lead to increased xenophobia in some communities."
11586,xenophobia,The organization works to combat xenophobia by promoting understanding and cultural exchange between different groups.
11586,xenophobia,I'm worried that the recent economic downturn might exacerbate xenophobia and lead to unfair targeting of foreign workers.
11586,xenophobia,"It's important to challenge xenophobia whenever we encounter it, whether it's in casual conversation or in more formal settings."
11587,arousal,The speaker's passionate delivery led to a palpable sense of arousal in the crowd.
11587,arousal,"During the horror movie, the jump scares were designed to maximize arousal and fear."
11587,arousal,Some medications can unfortunately cause a decrease in sexual arousal as a side effect.
11587,arousal,"The psychologist studied the physiological signs of arousal, such as increased heart rate and perspiration, in the participants."
11587,arousal,She found that focusing on her breathing exercises helped her manage her anxiety and prevent the escalation of arousal during stressful situations.
11588,articulation,The speaker's clear articulation of the complex policy issues helped the audience understand the proposed changes.
11588,articulation,"His articulation wasn't the best; he mumbled a lot, making it difficult to follow his train of thought."
11588,articulation,The successful negotiation hinged on the careful articulation of each party's needs and expectations.
11588,articulation,"Yoga helps improve the articulation of your joints, leading to greater flexibility and range of motion."
11588,articulation,"In her closing statement, the lawyer provided a powerful articulation of the defendant's motives, swaying the jury's opinion."
11589,avarice,"The company's avarice led them to cut corners on safety, resulting in a costly accident."
11589,avarice,"Driven by avarice, he betrayed his friends for a share of the stolen treasure."
11589,avarice,Avarice is a dangerous vice that can corrupt even the most well-intentioned individuals.
11589,avarice,It's easy to see how avarice can take over someone when they are constantly chasing money and power.
11589,avarice,"While philanthropy is often lauded, some cynics believe it's merely a facade to mask underlying avarice."
11590,benevolence,"The local church is known for its benevolence, providing food and shelter to those in need."
11590,benevolence,"His unexpected act of benevolence, forgiving the debt, surprised everyone."
11590,benevolence,We rely on the benevolence of our donors to continue providing free educational resources.
11590,benevolence,The queen was celebrated for her benevolence and compassion towards her subjects.
11590,benevolence,"Despite his gruff exterior, a deep-seated benevolence shone through in his actions."
11591,consternation,"The announcement that the company was being sold caused consternation among the employees, who feared for their jobs."
11591,consternation,"Much to my consternation, I discovered I had left my passport at home just as I was about to board the plane."
11591,consternation,"The sudden power outage plunged the city into darkness, causing widespread consternation and confusion."
11591,consternation,"He looked at the test results with consternation, realizing he had completely misunderstood the instructions."
11591,consternation,"When the groom didn't show up at the wedding, a wave of consternation washed over the bride and her family."
11592,discomfiture,"The politician's carefully constructed image suffered a major blow, much to his discomfiture, when the leaked emails surfaced."
11592,discomfiture,She tried to hide her discomfiture when she realized she'd worn mismatched shoes to the important meeting.
11592,discomfiture,"Despite his initial discomfiture at being asked to sing karaoke, he eventually grabbed the microphone and gave it his all."
11592,discomfiture,The sudden power outage during the presentation caused considerable discomfiture among the speakers.
11592,discomfiture,"He watched, with a hint of discomfiture, as his meticulously planned surprise party was revealed prematurely by his talkative neighbor."
11593,elation,"A wave of elation washed over her as she crossed the finish line, realizing she had won the race."
11593,elation,The team felt a surge of elation when they finally closed the deal after months of negotiations.
11593,elation,"Despite the difficult circumstances, a sense of elation filled the air at the graduation ceremony."
11593,elation,He described the elation he felt after receiving the acceptance letter from his dream university.
11593,elation,"After such a long period of uncertainty, the announcement of the new project brought a feeling of collective elation to the entire company."
11594,exasperation,She sighed in exasperation when the printer jammed for the fifth time that day.
11594,exasperation,"His constant humming filled me with exasperation, especially when I was trying to concentrate."
11594,exasperation,"With a tone of exasperation, the teacher asked, ""How many times do I have to explain this concept?"""
11594,exasperation,The customer service representative's calm demeanor masked her growing exasperation with the unreasonable demands.
11594,exasperation,I threw my hands up in exasperation; there was simply no reasoning with him.
11595,fortitude,"The cancer patient faced each day with incredible fortitude, never losing hope despite the pain."
11595,fortitude,"It takes real fortitude to admit when you're wrong, especially in a heated argument."
11595,fortitude,"Despite the constant setbacks, she displayed remarkable fortitude in pursuing her dream of opening a bakery."
11595,fortitude,He admired her fortitude in dealing with the loss of her job and her subsequent financial struggles.
11595,fortitude,The explorers demonstrated extraordinary fortitude as they endured the harsh conditions of the Antarctic expedition.
11596,gusto,"He tucked into the plate of pasta with real gusto, clearly enjoying the meal."
11596,gusto,The children sang their favorite songs with such gusto that the whole neighborhood could hear them.
11596,gusto,"She approached the challenge of learning a new language with gusto, determined to become fluent."
11596,gusto,"Despite the difficult circumstances, the team tackled the project with gusto, working late into the night."
11596,gusto,He described his travel adventures with such gusto that I felt like I was right there with him.
11597,innuendo,"His comments were full of innuendo, suggesting that the project's failure was due to someone's incompetence, though he never named names."
11597,innuendo,"The comedian's routine relied heavily on sexual innuendo, which some audience members found offensive."
11597,innuendo,I didn't appreciate the innuendo in her voice when she asked if I was *really* going to finish all that food.
11597,innuendo,"Although he denied it, the subtle innuendo in his statement made it clear he was accusing her of lying."
11597,innuendo,"The political advertisement was careful not to make any direct accusations, but the innuendo was unmistakable: their opponent was corrupt."
11598,merriment,The air was filled with merriment as the children played games at the birthday party.
11598,merriment,"Despite the somber occasion, a spark of merriment flickered in her eyes as she reminisced about happier times."
11598,merriment,The annual village fair is always a source of great merriment for the locals.
11598,merriment,I could hear the sounds of laughter and merriment coming from the pub down the street.
11598,merriment,The king encouraged an atmosphere of merriment throughout the kingdom during the festival.
11599,mirth,The comedian's witty observations filled the room with mirth and infectious laughter.
11599,mirth,A ripple of mirth spread through the office as someone recounted a funny anecdote from the weekend.
11599,mirth,"Despite the serious tone of the meeting, a flicker of mirth crossed her face when she heard the unexpected joke."
11599,mirth,The children's spontaneous mirth while playing in the park was a welcome sound after a long day.
11599,mirth,"The annual family reunion is always a time of great mirth, with stories and jokes shared late into the night."
11600,peal,The church bells began to peal joyfully as the bride and groom emerged from the chapel.
11600,peal,A peal of thunder startled us awake in the middle of the night.
11600,peal,We could hear the distant peal of laughter coming from the children playing in the park.
11600,peal,The councilor's speech concluded with a resounding peal of applause from the enthusiastic audience.
11600,peal,"The carillon played a beautiful peal to mark the hour, its notes echoing across the town square."
11601,pomp,The coronation was a spectacle of immense pomp and tradition.
11601,pomp,"They wanted a simple wedding, without all the pomp and circumstance."
11601,pomp,"Despite the pomp surrounding the event, I found the speaker's message to be quite hollow."
11601,pomp,"The university graduation was full of pomp, with the procession of faculty in their academic robes."
11601,pomp,He dismissed the award ceremony as just another display of corporate pomp and self-congratulation.
11602,predisposition,"Due to a family history of heart disease, he has a genetic predisposition to high cholesterol."
11602,predisposition,Her natural predisposition for helping others led her to pursue a career in social work.
11602,predisposition,"While I admire his ambition, I have a predisposition to distrust people who are overly eager to please."
11602,predisposition,The study suggests that early childhood experiences can create a predisposition to anxiety later in life.
11602,predisposition,"Although she tried to be objective, the judge couldn't shake his predisposition against the defendant based on the evidence presented."
11603,premonition,"I had a premonition that the flight would be delayed, and sure enough, it was."
11603,premonition,She ignored the premonition of danger and continued down the dark alleyway.
11603,premonition,"Despite his logical mind, he couldn't shake the premonition that something terrible was about to happen."
11603,premonition,The eerie silence before the storm gave her a premonition of the destruction to come.
11603,premonition,"Driven by a strange premonition, he decided to take a different route home, a decision that ultimately saved him from a major traffic accident."
11604,propensity,"He had a propensity for getting into trouble, despite his best intentions."
11604,propensity,The data suggests a propensity for younger voters to support the Green Party.
11604,propensity,My cat has a strange propensity for sleeping in cardboard boxes.
11604,propensity,"Due to her natural propensity for organization, she was quickly promoted to team lead."
11604,propensity,Some people have a genetic propensity towards developing certain allergies.
11605,stupor,"After the accident, he remained in a stupor for several hours, unresponsive to questions and barely moving."
11605,stupor,"The medication left her in a drowsy stupor, making it difficult to concentrate on her work."
11605,stupor,"The news of her sudden loss threw him into a stupor of grief, and he couldn't bring himself to leave the house."
11605,stupor,"He snapped out of his stupor when he heard the baby crying, realizing he had fallen asleep on the couch."
11605,stupor,"The sheer volume of information presented at the conference induced a kind of mental stupor, making it hard to retain anything."
11606,susceptibility,His weakened immune system increased his susceptibility to colds and flu.
11606,susceptibility,The study investigated the genetic factors that contribute to susceptibility to Alzheimer's disease.
11606,susceptibility,"Due to her trusting nature, she has a high susceptibility to scams and manipulation."
11606,susceptibility,Teenagers often exhibit a greater susceptibility to peer pressure than adults.
11606,susceptibility,The old wooden structure showed signs of susceptibility to water damage and rot.
11607,vulgarity,"The comedian's act was funny to some, but others were offended by its blatant vulgarity."
11607,vulgarity,I was shocked by the vulgarity of the graffiti on the school wall.
11607,vulgarity,"While I appreciate artistic expression, there's a line between being edgy and descending into pure vulgarity."
11607,vulgarity,She was asked to leave the party because of her loud and disruptive vulgarity.
11607,vulgarity,"The politician apologized for the vulgarity of his remarks, claiming they were taken out of context."
11608,obituary,I was saddened to read his obituary in the newspaper this morning; he was such a kind man.
11608,obituary,Have you seen the obituary for Mrs. Henderson? The family is requesting donations to the local animal shelter in her memory.
11608,obituary,"The journalist is working on an obituary for the recently deceased Nobel laureate, highlighting his groundbreaking research."
11608,obituary,"Before finalizing the biography, the author meticulously reviewed all available obituaries to ensure factual accuracy about the subject's life."
11608,obituary,"Knowing her days were numbered, she began drafting her own obituary, wanting to control the narrative of her life story."
11609,ode,"The poet composed an ode to his lost love, filled with sorrow and longing."
11609,ode,"She jokingly wrote an ode to her morning coffee, praising its life-giving properties."
11609,ode,"The graduating class presented an ode to their beloved teacher, thanking her for her dedication."
11609,ode,"In his commencement speech, he delivered a heartfelt ode to the power of perseverance and hard work."
11609,ode,"The article was essentially an ode to the city of Paris, highlighting its beauty and charm."
11610,pigment,The artist carefully mixed the pigments to achieve the exact shade of blue he envisioned for the sky.
11610,pigment,The vibrant red pigment in the sunset was caused by Rayleigh scattering of sunlight by atmospheric particles.
11610,pigment,Scientists are studying the unique pigment found in the skin of certain deep-sea fish to understand its light-absorbing properties.
11610,pigment,"My daughter accidentally spilled her watercolor paints, and now there's a stubborn pigment stain on the carpet."
11610,pigment,Adding a touch of brown pigment to the foundation helps it match my skin tone perfectly.
11611,reverie,"Lost in reverie, she didn't notice the train pulling into the station."
11611,reverie,The gentle music lulled him into a pleasant reverie about his childhood.
11611,reverie,"His lecture was often interrupted by moments of reverie, where he would gaze out the window, seemingly lost in thought."
11611,reverie,"Pulling myself out of my reverie, I realized I had missed an important part of the conversation."
11611,reverie,The artist's paintings often depict scenes of wistful reverie and quiet contemplation.
11612,tableau,The museum's wax figures were arranged in a dramatic tableau depicting the signing of the Declaration of Independence.
11612,tableau,"As we walked through the haunted house, each room presented a chilling tableau of ghouls and monsters."
11612,tableau,"The protesters formed a silent tableau in front of the courthouse, holding signs with solemn expressions."
11612,tableau,"The director staged the final scene as a powerful tableau, with the actors frozen in place to emphasize the emotional impact."
11612,tableau,"After the argument, the family sat in a tense tableau of silence, each lost in their own thoughts."
11613,adage,"The old adage, ""Early to bed, early to rise, makes a man healthy, wealthy, and wise,"" still holds some truth, though I rarely follow it."
11613,adage,"Despite its simplicity, the adage ""look before you leap"" is a valuable piece of advice that can prevent many mistakes."
11613,adage,"My grandmother often repeated the adage, ""A penny saved is a penny earned,"" which influenced my frugal spending habits."
11613,adage,"While the adage ""absence makes the heart grow fonder"" is often romanticized, sometimes distance simply weakens a relationship."
11613,adage,"In the business world, the adage ""the customer is always right"" is widely promoted, but in practice, it's often more nuanced than that."
11614,assimilation,The rapid assimilation of immigrants into American culture is a complex and often debated topic.
11614,assimilation,"After moving to Spain, it took him several years for complete assimilation, but now he feels like a local."
11614,assimilation,The company encourages the assimilation of new employees by providing mentorship programs and team-building activities.
11614,assimilation,Cultural assimilation can sometimes lead to the loss of unique traditions and languages.
11614,assimilation,The body's assimilation of nutrients is crucial for maintaining overall health and energy levels.
11615,blasphemy,"To some, questioning the existence of a higher power is considered blasphemy."
11615,blasphemy,"The comedian's jokes were accused of blasphemy by religious groups, leading to protests."
11615,blasphemy,He was charged with blasphemy after publicly defacing religious icons.
11615,blasphemy,"In some countries, the penalty for blasphemy can be severe, even imprisonment."
11615,blasphemy,"I don't want to commit blasphemy, but I think that particular interpretation of the scripture is outdated."
11616,cant,I cant believe how quickly the summer has flown by; it feels like just yesterday we were planning our beach trips.
11616,cant,"He cant attend the meeting tomorrow due to a prior commitment, but he has sent his apologies."
11616,cant,"You cant judge a book by its cover, and you certainly can't judge people based on first impressions."
11616,cant,I cant seem to find my keys anywhere; I've looked in all the usual places.
11616,cant,"She cant help but feel a little disappointed that her application was rejected, despite her qualifications."
11617,cognition,"The stroke severely impacted his cognition, making it difficult for him to remember simple things."
11617,cognition,Regular exercise and a healthy diet can help maintain optimal cognition as we age.
11617,cognition,Researchers are studying the effects of sleep deprivation on cognition and decision-making.
11617,cognition,Her quick wit and sharp cognition made her an excellent debater.
11617,cognition,"Despite the distractions, she was able to focus and use her powers of cognition to solve the complex puzzle."
11618,concordance,"The biblical concordance helped the scholar quickly locate every instance of the word ""faith"" in the Old Testament."
11618,concordance,"To ensure concordance between the two databases, we need to synchronize them nightly."
11618,concordance,"I used a concordance to analyze Shakespeare's plays, which allowed me to identify recurring themes and motifs."
11618,concordance,The legal team is working to establish a clear concordance between the company's policies and current employment law.
11618,concordance,There isn't always a perfect concordance between what people say they believe and how they actually behave.
11619,connotation,"While the word ""cheap"" simply means low in cost, it often carries a negative connotation of poor quality."
11619,connotation,"The politician was careful to choose his words, avoiding any terms with potentially inflammatory connotations."
11619,connotation,"Although both words describe the same action, ""persuade"" has a more positive connotation than ""coerce."""
11619,connotation,"The interior designer understood that colors have different connotations in different cultures, so she researched carefully before making any recommendations."
11619,connotation,"My grandmother refuses to call it a ""mobile home,"" insisting that ""trailer"" has a less desirable connotation."
11620,corollary ,A corollary of the company's increased profits is the ability to invest more in research and development.
11620,corollary ,The closure of the factory had a devastating effect on the town; a direct corollary was the rise in unemployment.
11620,corollary ,"If we accept the premise that all men are created equal, a logical corollary is that everyone deserves equal opportunity."
11620,corollary ,"As a corollary to our agreement, we'll need you to sign a non-disclosure form, protecting our intellectual property."
11620,corollary ,The increased demand for electric vehicles has a clear corollary: a growing need for more charging stations.
11621,demography,The company is studying the demography of the region to understand its potential customer base.
11621,demography,"Changes in demography, such as an aging population, are putting a strain on social security systems."
11621,demography,Professor Davies specializes in demography and teaches a popular course on population trends.
11621,demography,Understanding the demography of the city helped us tailor our public health initiatives to the specific needs of different communities.
11621,demography,"The advertisement campaign was strategically designed to appeal to a specific demographic, taking into account factors such as age, income, and location, all aspects of demography."
11622,dichotomy,The company faces a stark dichotomy: prioritize short-term profits or invest in long-term sustainability.
11622,dichotomy,"There's often a false dichotomy presented between being creative and being analytical; in reality, the two can complement each other."
11622,dichotomy,"He explored the dichotomy of human nature, the constant struggle between good and evil within each individual."
11622,dichotomy,"The political debate often boils down to a simplistic dichotomy of left versus right, ignoring the nuances of individual issues."
11622,dichotomy,I'm tired of the dichotomy that you're either with us or against us; there's plenty of room for nuanced opinions.
11623,dissertation,"After years of research, she finally defended her dissertation and earned her doctorate."
11623,dissertation,"Writing a dissertation is a marathon, not a sprint; you need to pace yourself and break it down into manageable chunks."
11623,dissertation,"He's been so stressed lately, constantly working on his dissertation proposal and trying to secure funding."
11623,dissertation,"My professor said my dissertation topic was interesting, but needed to be narrowed down to a more specific research question."
11623,dissertation,"I'm thinking of pursuing a PhD, but the thought of writing a whole dissertation is quite daunting!"
11624,ellipse,The artist decided to use an ellipse for the shape of the pond in her painting.
11624,ellipse,"When viewed from an angle, a circle appears to be an ellipse."
11624,ellipse,"The Earth's orbit around the sun is not a perfect circle, but rather an ellipse."
11624,ellipse,"In geometry class, we're learning how to calculate the area of an ellipse."
11624,ellipse,"The speaker paused, leaving an ellipse of silence that heightened the anticipation in the room."
11625,fabrication,The reporter was fired after the newspaper discovered the entire story was a fabrication.
11625,fabrication,Her excuse for being late was a complete fabrication; she'd clearly just overslept.
11625,fabrication,The company specializes in the fabrication of custom metal parts for the aerospace industry.
11625,fabrication,Don't believe everything you read online; there's a lot of misinformation and outright fabrication being spread.
11625,fabrication,"The evidence presented against him was weak and based on fabrication, leading to his acquittal."
11626,feasibility,"Before we invest further, we need to conduct a feasibility study to determine if this project is actually viable."
11626,feasibility,The feasibility of building a high-speed rail line between the two cities is currently being debated due to the high cost and environmental concerns.
11626,feasibility,"Considering the limited budget and tight deadline, I question the feasibility of completing the project as planned."
11626,feasibility,"Let's brainstorm some ideas, and then we can discuss the feasibility of each one and decide which approach is most realistic."
11626,feasibility,"The initial report suggested the plan was feasible, but a more detailed analysis revealed several significant challenges."
11627,fission,"Nuclear fission is the process that powers many nuclear reactors, releasing tremendous amounts of energy."
11627,fission,The scientist explained the complex chain reaction of fission to the students.
11627,fission,"He worried about the potential for nuclear proliferation, especially the misuse of fissionable materials."
11627,fission,The team is researching new methods to control the rate of fission in their experimental reactor.
11627,fission,Political fission within the party led to infighting and ultimately weakened their position in the election.
11628,introspection,"After a long day of stressful meetings, I need some time for introspection to process my thoughts and feelings."
11628,introspection,The author's new novel is praised for its deep character development and insightful introspection into the human condition.
11628,introspection,"Before making such a significant life change, it's important to engage in some honest introspection to determine what truly matters to you."
11628,introspection,His period of introspection during his backpacking trip led him to a complete career change.
11628,introspection,"Sometimes, a quiet walk in nature is all I need for some much-needed introspection and self-reflection."
11629,lisp,"The child's lisp was endearing, but his parents were considering speech therapy to correct it."
11629,lisp,I always thought Sean Connery's slight lisp added to his charm as an actor.
11629,lisp,The software developer chose Lisp as the programming language for its powerful symbolic manipulation capabilities.
11629,lisp,"She tried to imitate her friend's lisp as a joke, but it came across as insensitive."
11629,lisp,"Although the politician's lisp was noticeable, it didn't detract from the force of his arguments."
11630,overtone,"His remarks about the company's future had a disturbing overtone of uncertainty, making the employees nervous."
11630,overtone,The painting's subtle use of color added an overtone of melancholy to the scene.
11630,overtone,I detected an overtone of sarcasm in her voice when she said she was 'happy' to help me move.
11630,overtone,"The debate over the new policy had an overtone of political maneuvering, with each side trying to gain an advantage."
11630,overtone,"While the official statement emphasized unity, there was a clear overtone of dissent simmering beneath the surface."
11631,penance,"As penance for breaking the window, he had to mow the lawn every week for a month."
11631,penance,The priest assigned her a penance of reciting the rosary three times.
11631,penance,He felt a deep need for penance after betraying his friend's trust.
11631,penance,Volunteering at the soup kitchen was her way of doing penance for her past mistakes.
11631,penance,The long and arduous journey through the desert felt like a penance for some unknown transgression.
11632,precept,The company operates under the precept that customer satisfaction is the highest priority.
11632,precept,"Following the doctor's precepts for healthy living, she cut out processed foods and started exercising regularly."
11632,precept,One of the core precepts of his philosophy is the importance of individual liberty.
11632,precept,My grandmother lived by the simple precept: treat others as you would like to be treated.
11632,precept,The professor challenged the students to question established precepts and develop their own critical thinking skills.
11633,prerequisite,Having a strong foundation in algebra is a prerequisite for success in calculus.
11633,prerequisite,Did you know that passing the introductory course is a prerequisite before you can register for the advanced seminar?
11633,prerequisite,One prerequisite for being considered for the manager position is at least five years of experience in a leadership role.
11633,prerequisite,"Before we can even begin discussing the project's budget, a feasibility study is a necessary prerequisite."
11633,prerequisite,"While enthusiasm is appreciated, a college degree in a related field is a strict prerequisite for this internship."
11634,solvent,The company is working hard to remain solvent despite the economic downturn.
11634,solvent,Acetone is a good solvent for removing nail polish.
11634,solvent,He used a special solvent to clean the antique painting without damaging it.
11634,solvent,"After years of financial struggle, the business finally became solvent and started making a profit."
11634,solvent,It's crucial to use the right solvent when cleaning electronic components to avoid causing any damage.
11635,synopsis,"Before committing to the entire series, I read a synopsis of the first book to see if I'd enjoy the author's style."
11635,synopsis,"The grant application requires a detailed synopsis of the proposed research project, including methodology and expected outcomes."
11635,synopsis,"Could you give me a brief synopsis of what we discussed at the last meeting, as I wasn't able to attend?"
11635,synopsis,"The film critic provided a concise synopsis of the plot, but cleverly avoided any major spoilers."
11635,synopsis,I found the synopsis on the back of the book so compelling that I bought it immediately.
11636,syntax,The compiler flagged an error because of a syntax mistake in my code.
11636,syntax,"While the program runs, the syntax of the commands you enter must be precise, or it will not understand you."
11636,syntax,"Learning the syntax of a new programming language can be challenging at first, but it becomes easier with practice."
11636,syntax,Professor Davies gave a fascinating lecture on the evolution of English syntax over the past five centuries.
11636,syntax,"Even though the meaning was clear, the awkward syntax of his email made it sound somewhat impolite."
11637,thesaurus,"I used a thesaurus to find a more sophisticated word than ""happy"" for my essay."
11637,thesaurus,Do you know if there's a thesaurus built into this word processing program?
11637,thesaurus,"Before submitting your article, try using a thesaurus to improve the variety of your vocabulary."
11637,thesaurus,He consulted the thesaurus in an attempt to avoid repeating the same adjectives throughout his novel.
11637,thesaurus,"For writers who struggle with finding the right word, a thesaurus can be an invaluable tool."
11638,vector,The scientist used a vector to deliver the gene therapy directly to the affected cells.
11638,vector,"In physics class, we learned how to calculate the resultant vector of two forces acting on an object."
11638,vector,Mosquitoes can act as a vector for diseases like malaria and West Nile virus.
11638,vector,Could you please vector me to the nearest coffee shop on this map?
11638,vector,"The artist created a digital image using vector graphics, allowing it to be scaled without losing quality."
11639,zodiac,She's really into astrology and knows all about the different zodiac signs and their meanings.
11639,zodiac,"According to my zodiac, I should be feeling particularly creative this week, but I haven't had any good ideas yet."
11639,zodiac,"The ancient Egyptians had their own system of celestial symbols, but it's quite different from the Western zodiac we use today."
11639,zodiac,"Many people dismiss the zodiac as pseudoscience, but others find comfort and guidance in its interpretations."
11639,zodiac,"The museum exhibit featured artifacts decorated with symbols from the Chinese zodiac, each representing a different animal and its associated traits."
11640,inception,"The inception of the project was fraught with difficulties, as the team struggled to define its scope."
11640,inception,"I'm not sure about the exact inception date of the company, but I believe it was sometime in the late 90s."
11640,inception,The movie 'Inception' is about planting an idea in someone's mind through their dreams.
11640,inception,"From its inception, the organization aimed to promote sustainable living within the community."
11640,inception,The band's inception came about during a chance encounter at a local music festival.
11641,intrelude,The band played a short instrumental interlude between the two main sets to give the lead singer a break.
11641,intrelude,"After a tense debate, the professor provided a humorous anecdote as an interlude to lighten the mood."
11641,intrelude,"The heavy rain provided a brief interlude in our camping trip, forcing us to stay inside and play cards."
11641,intrelude,The quiet piano interlude in the middle of the symphony was a beautiful contrast to the preceding orchestral piece.
11641,intrelude,"Life is full of challenges, but it's important to cherish the moments of peace and joy as a welcome interlude."
11642,itinerary,"Before we book the flights, can you please share your proposed itinerary with me so I can review it?"
11642,itinerary,"The travel agent provided a detailed itinerary outlining all our flights, hotels, and planned excursions."
11642,itinerary,Our hiking itinerary for the week includes climbing three different peaks in the mountain range.
11642,itinerary,"I'm flexible with the dates, but the itinerary must include a visit to the Louvre Museum."
11642,itinerary,"The CEO approved the business trip, but requested a condensed itinerary focusing only on essential meetings."
11643,solstice,We're planning a bonfire for the summer solstice to celebrate the longest day of the year.
11643,solstice,Ancient cultures often built monuments aligned with the sun's position on the solstices.
11643,solstice,The winter solstice marks the beginning of astronomical winter in the Northern Hemisphere.
11643,solstice,Many people find the solstice a time for reflection and setting intentions for the coming months.
11643,solstice,"The exact date of the solstice can vary slightly each year, so it's best to check an astronomical calendar."
11644,zenith,"Reaching the zenith of his career, the actor decided to take a break and explore other interests."
11644,zenith,"The sun was at its zenith, casting very little shadow as we walked across the desert."
11644,zenith,"Her performance in the play was the zenith of the entire festival, receiving rave reviews from critics."
11644,zenith,"After years of hard work and dedication, he finally reached the zenith of his profession."
11644,zenith,"For many, winning the championship is the zenith of their athletic achievements."
11645,acorn,"The squirrel buried the acorn in the soft earth, preparing for winter."
11645,acorn,My daughter collected a handful of acorns during our walk in the park.
11645,acorn,"The artist used the cap of an acorn to create a tiny, whimsical hat for her miniature sculpture."
11645,acorn,"From a tiny acorn, a mighty oak tree grows, a testament to the power of nature."
11645,acorn,The forest floor was carpeted with fallen leaves and acorns after the autumn storm.
11646,algae,"The pond was covered in a thick layer of green algae, making it unsuitable for swimming."
11646,algae,Scientists are researching algae as a potential source of biofuel.
11646,algae,My aquarium needs cleaning; there's algae growing on the glass.
11646,algae,"The health food store sells spirulina and chlorella, both types of nutrient-rich algae."
11646,algae,"Excessive fertilizer runoff can cause algae blooms in coastal waters, harming marine life."
11647,bromide,"His speech was full of bromides about hard work and perseverance, but offered no concrete solutions."
11647,bromide,Don't give me that bromide about everything happening for a reason; sometimes bad things just happen.
11647,bromide,The motivational speaker's address was nothing but a collection of tired bromides and clichés.
11647,bromide,"To avoid further argument, she offered the bromide, ""Let's just agree to disagree."""
11647,bromide,The politician's promise to lower taxes and improve services simultaneously was dismissed as a well-worn bromide by the opposition party.
11648,chlorine,The strong smell of chlorine filled the air around the swimming pool.
11648,chlorine,"Be careful when mixing cleaning products, as some can react with chlorine to create dangerous fumes."
11648,chlorine,The city's water treatment plant uses chlorine to disinfect the drinking water supply.
11648,chlorine,I need to buy some chlorine tablets to shock the hot tub and kill any bacteria.
11648,chlorine,Prolonged exposure to high concentrations of chlorine can irritate the respiratory system.
11649,combustion,Internal combustion engines are the primary source of power for most cars on the road today.
11649,combustion,The spontaneous combustion of hay can occur if it's stored improperly and becomes too moist.
11649,combustion,Scientists are researching cleaner methods of combustion to reduce greenhouse gas emissions from power plants.
11649,combustion,The fire investigator determined that the cause of the blaze was accidental combustion of flammable materials near a heat source.
11649,combustion,Complete combustion requires a sufficient supply of oxygen to ensure that all fuel is fully burned.
11650,compost,We decided to start a compost bin in the backyard to reduce our food waste and enrich the garden soil.
11650,compost,"The city offers workshops on how to compost effectively, even in small apartments."
11650,compost,"Do you think I should add these grass clippings to the compost, or are they too green?"
11650,compost,"The farmer uses compost as a natural fertilizer for his crops, avoiding the need for chemical additives."
11650,compost,The environmental impact report recommends composting as a key strategy for waste management at the new development.
11651,eddy,The leaves swirled in an eddy near the riverbank before continuing downstream.
11651,eddy,"A small eddy of air formed behind the truck as it sped down the highway, kicking up dust."
11651,eddy,"The current created a dangerous eddy around the submerged rocks, making it difficult for the kayaker to navigate."
11651,eddy,"I got caught in an emotional eddy, feeling overwhelmed by a mix of sadness and frustration."
11651,eddy,"The economist warned that the country was in an economic eddy, with slow growth and uncertain prospects."
11652,fern,The lush green fern added a touch of wilderness to the otherwise sterile office environment.
11652,fern,"I tried to identify the species of fern in the garden, but I'm not very good at botany."
11652,fern,She carefully arranged the cut ferns around the roses in the floral display.
11652,fern,"We hiked through the forest, stepping over fallen logs covered in moss and fern."
11652,fern,The fossil record shows that ferns were among the first plants to colonize land.
11653,foliage,"The autumn foliage in New England is breathtaking, drawing tourists from all over the world."
11653,foliage,We need to trim back the foliage around the windows; it's blocking the sunlight.
11653,foliage,The dense foliage of the rainforest provides shelter for countless species of animals.
11653,foliage,"The artist meticulously painted the vibrant green foliage, capturing the essence of the summer landscape."
11653,foliage,"Although the house was old, the lush foliage in the garden gave it a welcoming and vibrant feel."
11654,lava,"The slow-moving lava gradually engulfed the abandoned village, leaving nothing but ash in its wake."
11654,lava,Scientists collected samples of the cooled lava to analyze its mineral composition and learn more about the volcano's eruption history.
11654,lava,"Be careful walking around the volcanic area; even though it looks solid, there might still be pockets of extremely hot lava just beneath the surface."
11654,lava,The lava lamp in my dorm room is so retro; I love watching the blobs of wax float up and down.
11654,lava,"After the eruption, the hardened lava created a bizarre and beautiful landscape of jagged rocks and solidified flows."
11655,nettle,"The constant criticism began to nettle him, even though he tried to ignore it."
11655,nettle,Be careful walking through the woods; there are nettles growing near the path.
11655,nettle,"His condescending tone started to nettle me, and I had to bite my tongue to avoid an argument."
11655,nettle,"The article in the newspaper really nettled the local politicians, prompting a swift and angry response."
11655,nettle,Don't let their rude comments nettle you; they're just trying to get a rise out of you.
11656,nitrate,The farmer tested the soil for nitrate levels before applying fertilizer.
11656,nitrate,"Eating too much processed meat, which often contains nitrate preservatives, isn't good for your health."
11656,nitrate,The scientist measured the concentration of nitrate in the river water to assess pollution levels.
11656,nitrate,"Some leafy green vegetables naturally contain nitrate, which can be converted to nitrite in the body."
11656,nitrate,The chemistry experiment involved reacting nitric acid with a metal to produce a metal nitrate salt.
11657,oxide,"Iron oxide, commonly known as rust, can weaken the structural integrity of metal bridges."
11657,oxide,The chemist explained how the metal reacted with oxygen to form a stable oxide layer.
11657,oxide,We need to be careful when handling the chemical because it can form a dangerous oxide when exposed to air.
11657,oxide,The catalytic converter in your car uses platinum oxide to reduce harmful emissions.
11657,oxide,The deep red color of the Martian surface is largely due to the presence of iron oxide in the soil.
11658,phosphorus,The match burst into flame because of the phosphorus coating on the striking surface.
11658,phosphorus,Fertilizers often contain phosphorus to promote healthy plant growth.
11658,phosphorus,Scientists are studying how phosphorus levels in the lake are contributing to algae blooms.
11658,phosphorus,"My doctor recommended I eat more foods rich in phosphorus, like nuts and seeds."
11658,phosphorus,"During our chemistry lab, we learned about the different allotropes of phosphorus, including white and red phosphorus."
11659,poppy,"The field was ablaze with color, a vibrant tapestry of red poppies dancing in the breeze."
11659,poppy,"Grandma always added a sprinkle of poppy seeds to her lemon cake, giving it a subtle nutty flavor and a delightful texture."
11659,poppy,"For Remembrance Day, many people wear a poppy to honor those who have died in military service."
11659,poppy,"The artist's painting captured the delicate beauty of a single poppy, its petals almost translucent in the sunlight."
11659,poppy,"I'm thinking of planting some wildflowers this year, and I definitely want to include some poppies for a splash of bright color."
11660,potassium,"Bananas are a well-known source of potassium, which is important for maintaining healthy blood pressure."
11660,potassium,My doctor recommended I take a potassium supplement because my blood tests showed I was deficient.
11660,potassium,The fertilizer used in the garden contains a high percentage of potassium to promote strong root growth.
11660,potassium,"For patients with kidney disease, it's crucial to monitor potassium levels in their diet to avoid complications."
11660,potassium,"After a strenuous workout, I often drink a sports drink to replenish electrolytes like potassium and sodium."
11661,rind,He carefully grated the lemon rind to add a bright citrus flavor to the cake batter.
11661,rind,The rind of that cheese is surprisingly pungent; you might want to scrape it off before serving.
11661,rind,"I accidentally got some orange rind in my smoothie, and now it has a slightly bitter taste."
11661,rind,The candied rind of the citron is a traditional ingredient in many Christmas cakes.
11661,rind,"After enjoying the watermelon, we tossed the rind into the compost bin to decompose."
11662,baloney,That politician's promise to lower taxes while increasing spending is just a bunch of baloney.
11662,baloney,Don't give me that baloney about being too busy; I know you were just watching TV.
11662,baloney,"Honestly, I think the whole story about the haunted house is pure baloney."
11662,baloney,"The company's claim that their product will solve all your problems is utter baloney, in my opinion."
11662,baloney,"He tried to convince me he was working late, but I knew it was baloney because I saw him at the bar."
11663,blemish,The slightest blemish on the apple made it unsellable at the farmer's market.
11663,blemish,Her reputation was without blemish after years of dedicated public service.
11663,blemish,He tried to cover the small blemish on his car with touch-up paint.
11663,blemish,"Despite a few minor blemishes, the antique table was in remarkably good condition."
11663,blemish,That one careless mistake threatened to blemish his otherwise perfect academic record.
11664,crease,Be careful not to crease your new shirt when you pack it in your suitcase.
11664,crease,The tailor pressed the trousers to remove any crease.
11664,crease,A deep crease had formed between his eyebrows as he concentrated on the difficult problem.
11664,crease,She smoothed the crease out of the tablecloth before setting the table for dinner.
11664,crease,The accident left a noticeable crease in the car's fender.
11665,decoy,The hunter used a plastic duck as a decoy to attract real ducks to the pond.
11665,decoy,She set up a fake online profile as a decoy to catch her cheating husband.
11665,decoy,The police used an unmarked car as a decoy to catch speeders on the highway.
11665,decoy,Don't fall for their marketing tactics; it's just a decoy to distract you from the real issues with the product.
11665,decoy,The military operation included a decoy maneuver to draw the enemy's attention away from the main attack force.
11666,delineation,The clear delineation between employee and manager roles is crucial for maintaining a professional work environment.
11666,delineation,The artist's skillful delineation of light and shadow gave the portrait a striking sense of depth.
11666,delineation,The contract requires a precise delineation of responsibilities for each party involved to avoid future disputes.
11666,delineation,I appreciate the author's careful delineation of the character's motivations; it made her actions believable.
11666,delineation,"Without a clear delineation of the property lines, we could end up in a dispute with our neighbors about the fence."
11667,embroidery,"My grandmother's hands, though aged, still create the most exquisite embroidery on her quilts."
11667,embroidery,She added a touch of elegance to the plain curtains with some colorful floral embroidery.
11667,embroidery,"The museum's exhibit showcased a stunning collection of historical textiles, including examples of 18th-century embroidery."
11667,embroidery,I'm thinking of taking a class to learn the basics of embroidery; it looks so relaxing and rewarding.
11667,embroidery,The intricate embroidery on the wedding dress made it a truly unique and unforgettable piece.
11668,fleece,The sheep's fleece was thick and matted after a long winter.
11668,fleece,He tried to fleece me by charging an exorbitant price for a simple repair.
11668,fleece,I bought a cozy fleece blanket to keep warm on chilly evenings.
11668,fleece,The con artist planned to fleece wealthy investors out of their life savings.
11668,fleece,"Before spinning the wool, she carefully cleaned the fleece to remove any dirt or debris."
11669,fluff,"The new pillows are filled with such soft fluff, they're perfect for a comfortable night's sleep."
11669,fluff,"He dismissed the article as pure fluff, lacking any real substance or insightful analysis."
11669,fluff,Could you fluff the cushions on the sofa before the guests arrive?
11669,fluff,Don't get distracted by the introductory fluff; the main point is buried in the third paragraph.
11669,fluff,The kitten was batting at a tiny ball of fluff that had blown in through the window.
11670,froth,"The cappuccino was perfect, with a thick layer of milk froth on top."
11670,froth,He dismissed the politician's speech as empty rhetoric and meaningless froth.
11670,froth,"Waves crashed against the rocks, leaving a trail of white froth on the shore."
11670,froth,"The detergent created a lot of froth, making it difficult to rinse the dishes."
11670,froth,"The debate often devolved into a heated froth of accusations and counter-accusations, obscuring the real issues."
11671,hearsay,"The lawyer objected, arguing that the witness's testimony was based on hearsay and therefore inadmissible."
11671,hearsay,I wouldn't put too much stock in that rumor; it's probably just hearsay someone made up to stir trouble.
11671,hearsay,"According to hearsay, the old house on the corner is haunted, but I've never seen anything myself."
11671,hearsay,"While I understand your concerns, all you've presented is hearsay; we need concrete evidence before we can take action."
11671,hearsay,I can't say for sure because I didn't see it myself; I only heard about it through hearsay.
11672,hem,I need to hem these pants; they're way too long for me.
11672,hem,She decided to hem the dress herself to save money on tailoring.
11672,hem,"He paused, cleared his throat, and seemed to hem and haw before finally answering the question."
11672,hem,The tailor used a blind stitch to hem the delicate silk scarf.
11672,hem,"The protesters began to hem in the government building, making it difficult for anyone to enter or exit."
11673,knell,The factory closure was the death knell for the small town's economy.
11673,knell,Every missed deadline felt like another knell ringing for the project's success.
11673,knell,"Hearing the church bell's mournful knell, she knew someone in the village had passed away."
11673,knell,Many see the rise of streaming services as the knell of traditional movie theaters.
11673,knell,The professor's retirement speech was less a farewell and more a knell for the department's outdated teaching methods.
11674,matrimony,"After a whirlwind romance, they decided to enter into matrimony with a small ceremony."
11674,matrimony,The documentary explored different cultural traditions surrounding matrimony and marriage.
11674,matrimony,"Her parents strongly disapproved of the union, believing she was too young for matrimony."
11674,matrimony,"He joked about his fear of commitment, but deep down, he longed for the stability of matrimony."
11674,matrimony,The legal proceedings following their separation were complicated due to the prenuptial agreement they signed before entering into matrimony.
11675,muck,The children were happily playing in the muck after the rainstorm.
11675,muck,The investigative journalist was determined to dig through the muck and uncover the truth about the scandal.
11675,muck,"After a day of working on the farm, his boots were caked in muck."
11675,muck,Let's not muck about; we have a deadline to meet and need to focus on the task at hand.
11675,muck,"The politician tried to deflect the accusations, hoping the controversy would just fade away into the muck of public opinion."
11676,sabbatical,"After twenty years of teaching, Professor Davies decided to take a sabbatical to research and write a book on Renaissance art."
11676,sabbatical,I'm thinking of applying for a sabbatical next year to travel through Southeast Asia and volunteer with wildlife conservation efforts.
11676,sabbatical,The company offers a paid sabbatical every seven years as a way to prevent employee burnout and encourage fresh perspectives.
11676,sabbatical,"She used her sabbatical to learn a new language and immerse herself in a different culture, which greatly enriched her personal and professional life."
11676,sabbatical,"He's currently on sabbatical, so you'll have to contact his deputy for any urgent matters regarding the project."
11677,smudge,Be careful not to smudge the ink while the printer is still running.
11677,smudge,The child left a smudge of chocolate on the freshly painted wall.
11677,smudge,"I tried to wipe away the smudge on the window, but it only made it worse."
11677,smudge,"The artist deliberately used a smudging technique to create a softer, more dreamlike effect in the portrait."
11677,smudge,"A smudge of mascara under her eye gave her a slightly disheveled, yet intriguing look."
11678,subsistence,"Many families in the rural area rely on subsistence farming, growing just enough food to feed themselves."
11678,subsistence,"The artist lived a life of near subsistence, barely making enough money to cover basic necessities."
11678,subsistence,"For some, collecting rainwater is a matter of subsistence, especially during long periods of drought."
11678,subsistence,The government provided a small subsistence allowance to the refugees to help them get back on their feet.
11678,subsistence,"He supplemented his meager income with odd jobs, but it was still a hard subsistence."
11679,thatch,"The old cottage had a charming roof made of thatch, giving it a rustic feel."
11679,thatch,We need to replace the thatch on the gazebo before the winter rains set in.
11679,thatch,The birds were pulling strands of thatch from the roof to build their nests.
11679,thatch,"Traditionally, many homes in this region were built with walls of wattle and daub and roofs of thatch."
11679,thatch,He dreamed of retiring to a small thatched-roof house by the sea.
11680,ventilation,The stuffy office desperately needs better ventilation; it's hard to concentrate with the stale air.
11680,ventilation,Proper ventilation is crucial in the greenhouse to prevent mold and maintain optimal growing conditions.
11680,ventilation,He installed a new ventilation system in the bathroom to reduce humidity and prevent mildew buildup.
11680,ventilation,"During the fire, firefighters focused on creating ventilation points to release the smoke and heat."
11680,ventilation,"The building inspector cited the restaurant for inadequate ventilation in the kitchen, requiring them to upgrade their exhaust system."
11681,vestige,"After the fire, only a vestige of the building remained, a charred shell against the sky."
11681,vestige,"Despite the company's rebranding efforts, a vestige of its old image still clung to it in the minds of many customers."
11681,vestige,"The old fort was almost completely gone, with only a few stones serving as a vestige of its once-imposing presence."
11681,vestige,"I felt a vestige of guilt for not calling her on her birthday, even though I was incredibly busy."
11681,vestige,"She spoke with barely a vestige of her former accent, having lived abroad for so many years."
11682,wavelength,"Different colors of light have different wavelengths, with red having a longer wavelength than blue."
11682,wavelength,"The radio station broadcasts on a specific wavelength, so you need to tune your receiver to that frequency."
11682,wavelength,We need to choose a laser with a wavelength that is optimal for this particular application.
11682,wavelength,"I'm not sure why, but I just felt like we weren't on the same wavelength during that conversation; we seemed to misunderstand each other."
11682,wavelength,Scientists are studying how changes in atmospheric conditions affect the propagation of electromagnetic radiation at various wavelengths.
11683,accession,The museum celebrated the accession of several rare artifacts to their collection this year.
11683,accession,"With the King's accession to the throne, many hoped for a new era of peace and prosperity."
11683,accession,The country's accession to the European Union was a long and complicated process.
11683,accession,I'm reading a fascinating historical account of Queen Victoria's accession and the political climate at the time.
11683,accession,"After the unexpected resignation of the CEO, the board quickly arranged for the Vice President's accession to the position."
11684,acclamation,"The proposal to build a new park was met with acclamation from the community, who had long desired more green space."
11684,acclamation,"Her acceptance speech was interrupted several times by acclamation, a testament to her popularity and the impact of her work."
11684,acclamation,"Despite some initial reservations, the new policy was eventually approved by acclamation after a thorough discussion and several key amendments."
11684,acclamation,"The performer basked in the acclamation of the audience, their cheers and applause a wave of appreciation for his talent."
11684,acclamation,"After years of dedicated service, she received the lifetime achievement award by acclamation, a well-deserved recognition of her contributions."
11685,acquiescence,"Her silence implied acquiescence to the proposal, though she didn't explicitly agree."
11685,acquiescence,"Despite his initial objections, he eventually gave his acquiescence to the plan, realizing it was the only viable option."
11685,acquiescence,The manager interpreted the team's lack of questions as acquiescence and moved forward with the new policy.
11685,acquiescence,"There was a general feeling of unease in the room, but no one dared voice their dissent, leading to a silent acquiescence to the unfair decision."
11685,acquiescence,"Through subtle pressure and manipulation, they secured the company's acquiescence to the merger terms."
11686,amends,He tried to make amends for his rude behavior by sending her flowers and a heartfelt apology.
11686,amends,The company offered a full refund to customers as amends for the faulty product.
11686,amends,I need to make amends to my sister for forgetting her birthday; I'll take her out to dinner.
11686,amends,The politician promised to work harder to address the community's concerns as amends for his previous inaction.
11686,amends,"After years of estrangement, he sought to make amends with his father before it was too late."
11687,amity,The treaty was signed in a spirit of amity and cooperation between the two nations.
11687,amity,"Despite their political differences, the two leaders maintained a personal amity."
11687,amity,The international conference aimed to foster amity among different cultures and promote understanding.
11687,amity,"She valued the amity she shared with her neighbors, always ready to lend a helping hand."
11687,amity,Let's hope this difficult situation doesn't damage the amity we've built over the years.
11688,brunt ,"Small businesses bore the brunt of the economic downturn, with many forced to close their doors."
11688,brunt ,"The old bridge took the brunt of the storm surge, weakening its foundations significantly."
11688,brunt ,"She took the brunt of the criticism for the failed project, even though others were equally responsible."
11688,brunt ,"If the dam breaks, this town will bear the full brunt of the floodwaters."
11688,brunt ,"He shielded his younger brother, taking the brunt of the bully's attack."
11689,collusion,The investigation revealed no evidence of collusion between the companies to fix prices.
11689,collusion,I suspect there was some collusion going on between the contestants to eliminate the strongest players.
11689,collusion,The prosecutor argued that the defendant's actions amounted to collusion with known criminals.
11689,collusion,"Despite their denials, the leaked emails strongly suggest collusion within the political party to suppress dissenting opinions."
11689,collusion,It's hard to believe the outcome was fair; it feels like there was collusion behind the scenes.
11690,consummation,"The consummation of their business deal took months of negotiations, but the final agreement was mutually beneficial."
11690,consummation,"After years of longing, their wedding day felt like the consummation of a lifelong dream."
11690,consummation,The successful launch of the new product line marked the consummation of the company's strategic planning.
11690,consummation,"For many art lovers, viewing a masterpiece in person is the consummation of their appreciation for the artist's work."
11690,consummation,"The final battle was the consummation of the long and bloody war, bringing a fragile peace to the land."
11691,corroboration,The witness's testimony provided strong corroboration for the victim's account of the events.
11691,corroboration,We need further corroboration from independent sources before we can publish this story.
11691,corroboration,"His alibi lacked any corroboration, raising serious doubts about his whereabouts that night."
11691,corroboration,I'm happy to provide emails and documents as corroboration of my expenses.
11691,corroboration,The archaeologist hoped to find artifacts that would offer corroboration for the historical texts.
11692,crucifixion,The artist's depiction of the crucifixion was incredibly moving and evoked a strong emotional response from viewers.
11692,crucifixion,"Figuratively speaking, the unrelenting criticism felt like a crucifixion of his character and reputation."
11692,crucifixion,Historical accounts detail the brutality of crucifixion as a common form of Roman punishment.
11692,crucifixion,"Growing up, I always saw a crucifix in my grandmother's house, a reminder of the crucifixion of Jesus Christ."
11692,crucifixion,"The political scandal resulted in a public crucifixion of the senator, with his career effectively destroyed."
11693,debit,I noticed a debit on my bank statement for a subscription I thought I'd cancelled.
11693,debit,The bank will debit your account automatically on the 15th of each month for the loan payment.
11693,debit,Could you please debit my credit card for the full amount of the purchase?
11693,debit,"Unfortunately, the debit card reader at the gas station was down, so I had to pay with cash."
11693,debit,We need to carefully review the ledger to ensure all debits and credits are accurately recorded.
11694,delinquency,The city council is trying to address juvenile delinquency by investing in after-school programs and community outreach initiatives.
11694,delinquency,His delinquency in paying rent resulted in an eviction notice from his landlord.
11694,delinquency,A significant rise in delinquency rates among teenagers has prompted a nationwide debate on the role of social media.
11694,delinquency,The loan officer warned him that any further delinquency on his mortgage payments could lead to foreclosure.
11694,delinquency,She attributed her son's delinquency to a combination of peer pressure and a lack of parental supervision.
11695,deliverance,The community prayed for deliverance from the ongoing drought that was devastating their crops.
11695,deliverance,"After years of struggling with addiction, he found deliverance through a supportive recovery program."
11695,deliverance,"She felt a sense of deliverance when the jury announced the not-guilty verdict, finally freeing her from the accusations."
11695,deliverance,The hikers rejoiced at their deliverance from the perilous mountain trail after being lost for two days.
11695,deliverance,We hope that this new policy will bring about the deliverance of our company from the current financial crisis.
11696,furlough,"Due to the economic downturn, the company was forced to furlough a large percentage of its workforce."
11696,furlough,"I'm on furlough for the next two weeks, so I'll be taking some time to relax and recharge."
11696,furlough,The union is negotiating with the company to avoid further furloughs and protect employee jobs.
11696,furlough,Many government employees were placed on furlough during the budget impasse.
11696,furlough,"She was worried about being furloughed, but fortunately, her department was deemed essential."
11697,induction,The new employees attended a full-day induction to learn about the company's policies and procedures.
11697,induction,Scientific induction involves drawing general conclusions from specific observations.
11697,induction,The induction of labor was necessary due to concerns about the baby's health.
11697,induction,"After a week of training, the new recruits are ready for their formal induction into the police force."
11697,induction,The chef uses an induction cooktop because it's more energy-efficient and heats up faster.
11698,mutiny,"The sailors, tired of the captain's harsh rule, were on the verge of mutiny."
11698,mutiny,Rumors of a mutiny aboard the prison ship spread quickly through the port city.
11698,mutiny,"The company's sudden policy changes sparked a quiet mutiny among the employees, many of whom began looking for new jobs."
11698,mutiny,"In the play, the first mate leads a mutiny against the tyrannical captain, seizing control of the ship."
11698,mutiny,"The general successfully quelled the mutiny within his ranks, but the incident revealed deep-seated dissatisfaction."
11699,offshoot,The company's new line of organic products is an offshoot of their commitment to sustainability.
11699,offshoot,That small cafe is an offshoot of the popular bakery downtown.
11699,offshoot,His interest in photography was an offshoot of a childhood fascination with cameras.
11699,offshoot,Urban gardening is an offshoot of the broader movement towards self-sufficiency and local food production.
11699,offshoot,The research project had an unexpected offshoot: the discovery of a new chemical compound.
11700,onus,The onus is on the prosecution to prove the defendant's guilt beyond a reasonable doubt.
11700,onus,I felt the onus of responsibility to make sure the project was completed on time and within budget.
11700,onus,The onus falls on you to explain why you were late to the meeting again.
11700,onus,"While the company offers support, the onus is ultimately on the individual employee to develop their skills."
11700,onus,Don't put the onus on me to decide where we should go for dinner; I'm happy with anything!
11701,passbook,I need to go to the bank and get my passbook updated; it's been a while since I've had any transactions recorded.
11701,passbook,The teller asked for my identification and passbook before processing the withdrawal.
11701,passbook,"Back in the day, before online banking, you had to physically update your passbook to keep track of your savings."
11701,passbook,Could you please confirm the last entry in your passbook matches our records for account verification?
11701,passbook,"Despite the prevalence of digital statements, my grandmother still prefers to keep her passbook meticulously organized."
11702,predponderance,There's a preponderance of evidence suggesting that climate change is accelerating.
11702,predponderance,The committee noticed a preponderance of male applicants for the engineering positions.
11702,predponderance,"Despite the chef's efforts to balance the flavors, there was a preponderance of salt in the soup."
11702,predponderance,"Given the preponderance of negative reviews, I'm hesitant to see that movie."
11702,predponderance,"The town has a preponderance of older residents, which presents unique challenges for local services."
11703,prerogative,"It's the manager's prerogative to decide who gets the promotion, so we'll have to wait and see."
11703,prerogative,"While I appreciate your input, it's my prerogative as the homeowner to choose the paint color."
11703,prerogative,"She felt it was her prerogative to ask personal questions, even though they hadn't known each other long."
11703,prerogative,The CEO exercised his prerogative and overruled the committee's decision on the new marketing campaign.
11703,prerogative,"As a senior member of the team, he took the prerogative of assigning tasks based on everyone's strengths."
11704,proviso,"We can agree to the terms, with the proviso that the delivery date is guaranteed."
11704,proviso,"The funding will be approved, subject to the proviso that the research team submits quarterly progress reports."
11704,proviso,He accepted the job offer with one major proviso: he needed to be able to work remotely at least twice a week.
11704,proviso,"I'm happy to help you move, with the proviso that you buy the pizza afterward."
11704,proviso,The contract includes a proviso stating that either party can terminate the agreement with 30 days' notice.
11705,quorum,We couldn't start the meeting because we didn't have a quorum of board members present.
11705,quorum,The vote was postponed until next week in hopes that a quorum could be achieved.
11705,quorum,"Before we begin, let's confirm that we have a quorum; are enough members in attendance?"
11705,quorum,"Despite several reminders, achieving a quorum for the special session proved difficult, delaying the vote on the new policy."
11705,quorum,The committee chair expressed concern that the low attendance might prevent them from reaching a quorum and thus hinder their ability to conduct official business.
11706,reprieve,The sudden downpour offered a brief reprieve from the oppressive summer heat.
11706,reprieve,"After weeks of intense negotiations, the company received a temporary reprieve from its creditors, allowing them time to restructure their debt."
11706,reprieve,"The governor granted the prisoner a last-minute reprieve, postponing his execution while new evidence was reviewed."
11706,reprieve,"I was so glad for the weekend, it was a much-needed reprieve from the stress of work."
11706,reprieve,"The doctor's report offered a small reprieve; while the illness was serious, it was treatable."
11707,restitution,The court ordered the company to pay restitution to its customers for the misleading advertising campaign.
11707,restitution,"He was hoping for restitution of his stolen property, but the police were unable to recover it."
11707,restitution,"After admitting his mistake, he offered to make restitution for the damage he had caused."
11707,restitution,The victim is entitled to restitution to cover medical expenses and lost wages resulting from the assault.
11707,restitution,"While an apology is appreciated, it doesn't offer true restitution for the pain and suffering they endured."
11708,schism,The political schism within the party grew so wide that it became impossible to pass any legislation.
11708,schism,A deep schism developed between the older and younger members of the church over the direction of the community outreach program.
11708,schism,The philosophical schism between the two professors led to a very heated debate at the conference.
11708,schism,"After years of internal conflict, the company experienced a schism, with a breakaway group forming a new entity."
11708,schism,That argument created a schism in our friendship that I'm not sure we can ever fully repair.
11709,secession,The threat of secession loomed large as tensions between the northern and southern states escalated.
11709,secession,"Following the controversial vote, talks of secession began to circulate within the region."
11709,secession,Historians continue to debate the causes and consequences of the Confederacy's secession from the Union.
11709,secession,"While some argue for the right to self-determination, the government firmly opposes any movement advocating for secession."
11709,secession,The secession of the province would have significant economic and political ramifications for the entire country.
11710,slander,The politician threatened to sue the newspaper for slander after they published false claims about his personal life.
11710,slander,She accused him of slander when he started spreading rumors that she was fired for incompetence.
11710,slander,"He knew that repeating the unsubstantiated allegations would be considered slander, so he kept quiet."
11710,slander,Be careful what you say; you could be accused of slander if you make false and damaging statements about someone's reputation.
11710,slander,"The online forum was rife with slander, as anonymous users felt free to make outrageous claims without fear of consequences."
11711,sortie,"After being cooped up all day, I decided to make a quick sortie to the grocery store for some snacks."
11711,sortie,The besieged troops planned a daring sortie to break through the enemy lines and secure much-needed supplies.
11711,sortie,"Our cat makes a nightly sortie into the garden, usually returning with a small mouse or some leaves."
11711,sortie,The marketing team organized a brief sortie into the city center to distribute promotional flyers.
11711,sortie,"Following the initial reconnaissance, the pilot was ordered to fly a second sortie to gather more detailed intelligence on the target."
11712,stead,"He served me well, always a loyal friend and a steadfast companion, and he was a good man in his stead."
11712,stead,"The old mill stood in good stead, providing power to the town for over a century."
11712,stead,I'll watch the kids in your stead while you go run that errand.
11712,stead,"Despite the initial setbacks, her stead determination ensured the project's ultimate success."
11712,stead,"Instead of complaining, why don't you offer a solution or, in its stead, some constructive criticism?"
11713,stricture,"The company operates under stricture of a non-compete agreement, limiting his ability to start a similar business."
11713,stricture,"The doctor diagnosed a urethral stricture, which would require surgery to correct."
11713,stricture,"While I appreciate the advice, I don't want to feel under the stricture of constant criticism; it's making it hard to focus."
11713,stricture,The new regulations placed a significant stricture on the import of certain agricultural products.
11713,stricture,"Despite the stricture against using personal devices at work, many employees still check their phones during breaks."
11714,tithe,"Historically, farmers were expected to tithe a tenth of their harvest to the church."
11714,tithe,"Even though he wasn't particularly religious, he felt obligated to tithe to the local charity, considering his recent financial windfall."
11714,tithe,The medieval records meticulously documented who paid tithe and how much they contributed.
11714,tithe,"Some debate whether the concept of tithe should be strictly interpreted as ten percent, or whether it can represent any significant contribution."
11714,tithe,She decided to tithe her time by volunteering at the animal shelter every Saturday.
11715,chaff,The farmer used a winnowing fan to separate the wheat from the chaff.
11715,chaff,"Much of what you read online is just chaff, designed to distract you from the real issues."
11715,chaff,"After the debate, it was clear that the candidate's arguments were mostly empty rhetoric and chaff."
11715,chaff,Let's cut through the chaff and get down to the core problem we need to solve.
11715,chaff,"The editor carefully removed the unnecessary details and chaff from the manuscript, leaving only the essential information."
11716,fudge,I'm going to bake some chocolate fudge for the bake sale this weekend.
11716,fudge,The politician seemed to fudge the details of the financial report during the interview.
11716,fudge,Let's not fudge around; we need to address this issue head-on and find a solution.
11716,fudge,"After a long day, all I want is a cup of tea and a big piece of fudge."
11716,fudge,"The numbers don't quite add up, so it looks like someone tried to fudge the data to make the project appear more successful."
11717,galley,"The ship's galley was surprisingly spacious, allowing the cook to prepare meals for the entire crew."
11717,galley,"Before sending the magazine to print, we need to review the final galley proofs for any errors."
11717,galley,"He spent most of his time below deck, working in the cramped galley and dreaming of open water."
11717,galley,I'm starving! Is there anything to eat in the galley?
11717,galley,"The museum displayed a replica of a Roman galley, showcasing its design and use in ancient naval warfare."
11718,pellet,The veterinarian prescribed a daily dose of antibiotic pellets for the sick rabbit.
11718,pellet,He loaded his air rifle with a single pellet before taking aim at the target.
11718,pellet,The chicken feed consisted mainly of grain and small protein pellets.
11718,pellet,"After the hailstorm, the garden was covered in ice pellets that looked like tiny white beads."
11718,pellet,"The scientist carefully analyzed the sediment sample, looking for any unusual pellets or organic matter."
11719,alignment,The company is working to improve the alignment between its marketing and sales departments.
11719,alignment,"Before tightening the bolts, double-check the wheel alignment to prevent uneven tire wear."
11719,alignment,We need to ensure our project goals are in alignment with the overall strategic objectives of the organization.
11719,alignment,"Finding alignment on this issue will be difficult, as both sides have deeply entrenched beliefs."
11719,alignment,The candidate's strong stance on environmental protection is in close alignment with the views of many young voters.
11720,bale,The farmer loaded the bales of hay onto the truck for transport to the barn.
11720,bale,We used a bale of peat moss to improve the soil in the garden.
11720,bale,The charity event featured a hay bale maze for the children to enjoy.
11720,bale,I saw a bale of cotton fall off the back of a truck on the highway.
11720,bale,The artist used compressed paper to create a bale-like sculpture for the exhibition.
11721,brevity,"For the sake of brevity, I'll summarize the key points instead of going through the entire presentation."
11721,brevity,"The editor appreciated the brevity of the report, as it allowed him to quickly grasp the main findings."
11721,brevity,"In a world of endless information, brevity is a virtue."
11721,brevity,"Due to time constraints, brevity is of the essence – please keep your comments concise."
11721,brevity,I admire her writing style; she conveys complex ideas with remarkable brevity and clarity.
11722,crux,The crux of the argument is whether we can afford to implement these changes.
11722,crux,"The crux of the matter, as I see it, is trust; without it, this partnership will never work."
11722,crux,"After hours of debate, we finally got to the crux of the problem: a lack of communication between departments."
11722,crux,The detective believed the stolen alibi was the crux that would solve the case.
11722,crux,"While there were many contributing factors, the crux of his failure was his inability to adapt to the changing market."
11723,dab,She used a cotton swab to dab the antiseptic on the cut.
11723,dab,He tried to dab the sweat from his forehead with a handkerchief.
11723,dab,"With a quick dab of the paintbrush, she added a highlight to the painting."
11723,dab,The chef instructed me to dab a small amount of truffle oil onto the pasta before serving.
11723,dab,"After accidentally spilling coffee on his shirt, he attempted to dab it dry with a napkin."
11724,dissonance,The political candidate's promises created a dissonance between what voters expected and the reality of his actions.
11724,dissonance,"There was a noticeable dissonance in the band's performance, with the brass section playing out of tune with the strings."
11724,dissonance,"Experiencing cognitive dissonance, she struggled to reconcile her belief in fairness with her decision to cheat on the exam."
11724,dissonance,"The bright orange clashed with the muted blues in the room, creating a visual dissonance that was quite jarring."
11724,dissonance,"He felt a deep dissonance between his personal values and the company's unethical business practices, leading him to consider quitting."
11725,doldrums,"After the excitement of the holidays, January always feels like the doldrums."
11725,doldrums,The team's performance has been in the doldrums lately; they really need to find a way to boost morale and get back on track.
11725,doldrums,"Without any new projects to work on, I've been stuck in the doldrums at work, feeling unmotivated and unproductive."
11725,doldrums,"The ship was stuck in the doldrums for days, the sails hanging limp in the still air, testing the patience of the crew."
11725,doldrums,"She tried to shake off the doldrums by taking a long walk in the park, hoping the fresh air would clear her head."
11726,epitome,"For many, Audrey Hepburn remains the epitome of classic Hollywood beauty and grace."
11726,epitome,"That beachfront mansion is the epitome of luxury, complete with a private pool and stunning ocean views."
11726,epitome,"He was the epitome of professionalism, always punctual, prepared, and respectful."
11726,epitome,"The company's new software is the epitome of user-friendliness, making it accessible to even the most tech-averse individuals."
11726,epitome,"In my opinion, that small Italian restaurant is the epitome of comfort food; it's simple, delicious, and satisfying."
11727,forte,Public speaking isn't really my forte; I much prefer working behind the scenes.
11727,forte,"While she's a talented singer, her forte is definitely her songwriting abilities."
11727,forte,"He discovered that his true forte lay in data analysis, leading him to a successful career in the field."
11727,forte,"Gardening has always been my grandmother's forte, her roses are absolutely stunning."
11727,forte,The company's forte is providing innovative solutions to complex environmental challenges.
11728,incongruity,The incongruity of wearing a tuxedo to a casual beach party was immediately apparent.
11728,incongruity,There was a strange incongruity in his cheerful tone when discussing such a somber topic.
11728,incongruity,The modern skyscrapers created a jarring incongruity against the backdrop of the ancient Roman ruins.
11728,incongruity,I laughed at the incongruity of finding a signed baseball in my grandmother's knitting basket.
11728,incongruity,The politician's promises of fiscal responsibility rang hollow given the obvious incongruity with his lavish lifestyle.
11729,mite,I'm not feeling well; I think I might have caught a mite of a cold.
11729,mite,Could you move over a mite? I need to reach the sugar.
11729,mite,The professor detected a mite of sarcasm in the student's response.
11729,mite,"Despite the company's financial difficulties, there's still a mite of hope for a turnaround."
11729,mite,We need to clean the birdcage; I think I saw a red mite on the perch.
11730,naught,All his efforts came to naught when the company declared bankruptcy.
11730,naught,"If you think flattery will get you a promotion, your hopes will come to naught."
11730,naught,"The rescue team's search proved naught, as the missing hiker was later found safe on their own."
11730,naught,"Despite her meticulous planning, her attempt to surprise him came to naught when he arrived home early."
11730,naught,"Without a proper foundation, all your grand designs will amount to naught."
11731,nil,"The final score was two-nil, a disappointing result for the home team."
11731,nil,"Despite searching for hours, the police found nil evidence at the crime scene."
11731,nil,My attempts to convince him otherwise were met with nil success.
11731,nil,"The company reported nil profits for the quarter, citing increased operating costs."
11731,nil,I'm afraid my knowledge of astrophysics is practically nil.
11732,pall,"The heavy rain cast a pall over the picnic, dampening everyone's spirits."
11732,pall,"A pall of smoke hung in the air after the forest fire, making it difficult to breathe."
11732,pall,The news of the company's bankruptcy cast a pall over the entire town.
11732,pall,"Despite the joyous occasion of the wedding, the bride couldn't shake off the pall of sadness caused by her father's recent passing."
11732,pall,The economic downturn threatened to cast a pall over the country's future prosperity.
11733,plethora,The internet offers a plethora of information on virtually any topic imaginable.
11733,plethora,"I had a plethora of options to choose from when deciding where to go on vacation, which made the decision surprisingly difficult."
11733,plethora,"Despite the plethora of evidence suggesting otherwise, he still stubbornly clung to his outdated beliefs."
11733,plethora,"After the software update, users complained about a plethora of bugs and glitches."
11733,plethora,"The farmer's market boasted a plethora of fresh fruits and vegetables, a welcome change from the limited selection at the grocery store."
11734,precedence,"Given the urgency of the situation, safety takes precedence over all other concerns."
11734,precedence,"In this legal case, federal law takes precedence over state law."
11734,precedence,"When scheduling meetings, please give precedence to the client's availability."
11734,precedence,"Due to his seniority, John has precedence in choosing his vacation time."
11734,precedence,The committee decided that addressing the budget deficit should take precedence over funding new projects.
11735,profusion,"The garden was a riot of color, thanks to the profusion of wildflowers that had sprung up after the rain."
11735,profusion,"During the holiday season, there's always a profusion of advertisements trying to grab your attention."
11735,profusion,"The art gallery featured a profusion of styles, from abstract expressionism to classical portraiture."
11735,profusion,"After the company's successful IPO, there was a profusion of celebratory emails and congratulatory messages."
11735,profusion,The chef used a profusion of herbs and spices to create a truly unforgettable dish.
11736,ramification,"Before you make a decision like that, you need to consider all the ramifications it could have on your career."
11736,ramification,The company is still trying to understand the full ramifications of the new environmental regulations.
11736,ramification,"His impulsive actions had serious ramifications, including the loss of several key clients and a damaged reputation."
11736,ramification,"If we proceed with this plan, what are the potential ramifications down the line? We need to do a risk assessment."
11736,ramification,"The political ramifications of the scandal are likely to be felt for years to come, potentially reshaping the entire landscape."
11737,shoal,The fishing boat had to navigate carefully to avoid running aground on the shoal.
11737,shoal,We saw a large shoal of silverfish darting through the coral reef while snorkeling.
11737,shoal,"The charts indicated a dangerous shoal just offshore, so we decided to anchor further out."
11737,shoal,Experts believe the unusual behavior of the shoal of dolphins suggests they were avoiding a predator.
11737,shoal,The sudden shoal in the river made it impossible for the larger barge to continue its journey upstream.
11738,acreage,The developer purchased a large acreage outside of town with plans to build a new housing community.
11738,acreage,"We're looking for a property with significant acreage, ideally enough for horses and a small orchard."
11738,acreage,The farmer decided to rotate his crops to improve the soil quality across his entire acreage.
11738,acreage,"Considering the vast acreage burned in the recent wildfires, the environmental impact is expected to be substantial."
11738,acreage,"The estate, with its extensive acreage and historic manor house, was sold at auction for a record price."
11739,antithesis,"For him, wealth was the antithesis of happiness; he believed that material possessions only brought misery."
11739,antithesis,"Her outgoing personality was the antithesis of his shy and reserved nature, yet they were the best of friends."
11739,antithesis,"This policy, intended to promote equality, has become the antithesis of its original goal, creating even more division."
11739,antithesis,"In the novel, the protagonist's unwavering optimism is presented as the antithesis of the cynical world he inhabits."
11739,antithesis,"To suggest that laziness is the antithesis of hard work is an oversimplification; sometimes, strategic rest is essential for productivity."
11740,aperture,The photographer adjusted the aperture to f/2.8 to create a shallow depth of field and blur the background.
11740,aperture,"Due to the limited aperture of the telescope, we were only able to observe the brightest stars in the galaxy."
11740,aperture,The security guard peered through the small aperture in the door before allowing anyone to enter.
11740,aperture,"To get the best exposure in this low light, you'll need to widen the aperture on your camera."
11740,aperture,"Figuratively speaking, the organization needs to broaden its aperture and be more receptive to new ideas and perspectives."
11741,apex,"Reaching the apex of his career, the CEO decided to step down and pursue his passion for painting."
11741,apex,"The climber finally reached the apex of the mountain, exhausted but exhilarated by the breathtaking view."
11741,apex,"After years of intense training, the athlete was at the apex of his physical condition, ready for the Olympic Games."
11741,apex,The housing market bubble reached its apex in 2007 before the subsequent crash.
11741,apex,"Many believe that the Roman Empire reached its apex during the reign of Emperor Trajan, marked by territorial expansion and economic prosperity."
11742,circumference,We need to calculate the circumference of the circular garden to determine how much fencing to buy.
11742,circumference,The pizza's circumference was much larger than I expected; it barely fit in the box!
11742,circumference,"To find the circumference of the tree trunk, measure around it at chest height with a measuring tape."
11742,circumference,The engineer checked the circumference of the pipe to ensure it met the required specifications.
11742,circumference,"I'm trying to lose weight, so I'm measuring the circumference of my waist every week to track my progress."
11743,confluence,"The city of Pittsburgh is famous for being at the confluence of the Allegheny, Monongahela, and Ohio Rivers."
11743,confluence,The author masterfully explores the confluence of personal experience and historical events in her new novel.
11743,confluence,"Our team's success was a direct result of the confluence of several factors: hard work, good luck, and a supportive management."
11743,confluence,"At the confluence of the hiking trails, we stopped to consult the map and decide which route to take."
11743,confluence,The conference provided a valuable confluence of ideas and perspectives from experts in various fields.
11744,cordon,"Police established a cordon around the bank after the robbery, preventing anyone from entering or leaving the area."
11744,cordon,The protesters tried to break through the cordon of security guards surrounding the building.
11744,cordon,"Due to the potential dangers of the chemical spill, authorities decided to cordon off the entire neighborhood."
11744,cordon,Could you please cordon off this section of the garden with some rope; we just planted some new seedlings.
11744,cordon,"Despite the heavy rain, a large crowd gathered outside the theater, held back only by a thin cordon of velvet rope."
11745,crevice,"The lizard darted into a narrow crevice between the rocks, disappearing from sight."
11745,crevice,"Dust and grime had accumulated in every crevice of the antique furniture, requiring a thorough cleaning."
11745,crevice,She lost her earring; it must have fallen into a crevice in the floorboards.
11745,crevice,"The wind howled through the crevice in the window frame, making a whistling sound."
11745,crevice,Botanists discovered a rare species of fern growing in a shaded crevice on the cliff face.
11746,demarcation,The painted line served as a clear demarcation between the parking spaces.
11746,demarcation,Negotiations stalled over the precise demarcation of the border between the two countries.
11746,demarcation,It's often difficult to establish a firm demarcation between work and personal life when working from home.
11746,demarcation,The different architectural styles provide a visual demarcation of the city's historical periods.
11746,demarcation,"While there's no official demarcation, most people consider the end of summer to be around Labor Day."
11747,fissure,"The earthquake left a deep fissure running through the road, making it impassable."
11747,fissure,A small fissure in the vase revealed that it was more fragile than it appeared.
11747,fissure,Scientists are studying the volcanic fissure to understand the flow of magma beneath the surface.
11747,fissure,The political debate exposed a deep fissure within the party over economic policy.
11747,fissure,"If you don't moisturize properly, the dry winter air can cause painful fissures in your skin, especially on your hands and feet."
11748,gully,"The heavy rain carved a deep gully through the hillside, making it difficult to cross."
11748,gully,We lost the golf ball in the gully near the seventh hole; it's practically a bottomless pit.
11748,gully,The farmer built a small dam across the gully to collect rainwater for irrigation.
11748,gully,"After years of erosion, the small stream had transformed into a significant gully, threatening the stability of the road."
11748,gully,"The children loved playing in the shallow gully behind the house, pretending it was a hidden canyon."
11749,inlet,The small inlet provided a sheltered harbor for the fishing boats during the storm.
11749,inlet,"We kayaked up the narrow inlet, hoping to spot some wildlife along the shore."
11749,inlet,The plans for the new resort include dredging the inlet to allow larger yachts to dock.
11749,inlet,"According to the map, there's a hidden beach just beyond that inlet, but it's only accessible by boat."
11749,inlet,"The salt marsh is fed by a tidal inlet, creating a rich ecosystem for various bird species."
11750,juxtaposition,The juxtaposition of modern architecture and historic cobblestone streets created a unique and captivating atmosphere in the old town.
11750,juxtaposition,Seeing the wealthy celebrity standing next to the homeless man highlighted the stark juxtaposition of privilege and poverty in our society.
11750,juxtaposition,"The artist used juxtaposition to create a powerful statement, placing images of war and peace side-by-side to provoke thought."
11750,juxtaposition,I found the juxtaposition of his cheerful demeanor and the somber topic of conversation quite unsettling.
11750,juxtaposition,"The film's success relied heavily on the clever juxtaposition of humor and tragedy, keeping the audience engaged and emotionally invested."
11751,locus,"The park became the locus of community activity during the summer months, with concerts and festivals happening every weekend."
11751,locus,Researchers are trying to pinpoint the specific locus on the chromosome that's responsible for this genetic mutation.
11751,locus,"For many, the family dinner table remains the primary locus of meaningful conversation and connection."
11751,locus,"The old town square was once the locus of all political and commercial activity, but now it's mostly just a tourist attraction."
11751,locus,"In this novel, the protagonist's childhood home serves as a locus of both comfort and trauma, constantly shaping her present actions."
11752,longitude,"The ship's captain carefully plotted their position, noting both latitude and longitude to ensure they stayed on course."
11752,longitude,"To find the exact location of the buried treasure, you'll need the precise coordinates, including the longitude reading from the old map."
11752,longitude,"Greenwich, England, is designated as the prime meridian, representing 0 degrees longitude and serving as the reference point for measuring distances east and west."
11752,longitude,I'm trying to understand how jet lag works; does traveling across lines of longitude affect our body clocks more than traveling across lines of latitude?
11752,longitude,"The software allows you to filter seismic data based on geographical coordinates, specifying a range of latitudes and longitudes to focus your analysis."
11753,precipice,The company stood on the precipice of bankruptcy after a series of poor investments.
11753,precipice,"After their argument, their relationship felt like it was teetering on the precipice of collapse."
11753,precipice,We reached the precipice of the cliff and gazed down at the breathtaking view of the ocean.
11753,precipice,The country is on the precipice of war if diplomatic efforts fail.
11753,precipice,"He pulled her back from the precipice, both literally and figuratively, saving her from a dangerous fall and a difficult situation."
11754,rut,The old wagon wheels had carved deep ruts into the dirt road.
11754,rut,"I felt like I was stuck in a rut at work, doing the same tasks day after day."
11754,rut,"After the heavy rain, the field was crisscrossed with muddy ruts."
11754,rut,She tried to break out of her exercise rut by joining a new hiking group.
11754,rut,"The investigation stalled when detectives hit a rut, lacking any new leads or evidence."
11755,squalor,"The abandoned building was a testament to urban decay, its rooms filled with filth and squalor."
11755,squalor,"After the flood, they were living in squalor, with no clean water or proper sanitation."
11755,squalor,"She grew up in relative squalor, but always maintained a sense of dignity and hope."
11755,squalor,"The journalist's report exposed the squalor of the refugee camp, highlighting the urgent need for aid."
11755,squalor,I couldn't believe anyone could live in such squalor; the stench alone was unbearable.
11756,stratum,"The archaeological dig revealed a new stratum of Roman settlement, indicating a longer occupation than previously thought."
11756,stratum,His accent suggested he came from a different social stratum than the rest of us in the book club.
11756,stratum,Each stratum of rock in the Grand Canyon tells a story of millions of years of geological change.
11756,stratum,"The company's management structure is organized into several layers, with each stratum having its own responsibilities and authority."
11756,stratum,"To understand the complex political situation, you need to analyze each stratum of society and their respective interests."
11757,tether,The astronaut was careful to tether himself to the spacecraft before exiting.
11757,tether,"I felt like I was on a short tether, unable to explore my interests fully because of my demanding job."
11757,tether,"The company's success is closely tethered to the price of oil, making it vulnerable to market fluctuations."
11757,tether,We used a long tether to allow the dog to roam freely in the yard without escaping.
11757,tether,"Despite their differences, a strong sense of loyalty still tethers them together as a family."
11758,topography,"The island's varied topography, ranging from sandy beaches to volcanic peaks, makes it a popular tourist destination."
11758,topography,"Before building the new housing development, the engineers carefully studied the topography of the land to minimize potential erosion."
11758,topography,"Hiking in the mountains, we were constantly challenged by the rugged topography and steep inclines."
11758,topography,The military strategists needed detailed maps showing the topography of the battlefield to plan their attack effectively.
11758,topography,I'm fascinated by how the topography of a region influences its climate and agricultural practices.
11759,tropic,"Many exotic fruits, like mangoes and papayas, thrive in the tropic climate."
11759,tropic,The cruise line offered a special package deal to several islands in the tropic zone.
11759,tropic,"Having grown up in the tropic, I'm not used to cold weather and find it difficult to adjust."
11759,tropic,The Tropic of Cancer marks the northern boundary of the Earth's tropic region.
11759,tropic,Researchers are studying the effects of climate change on coral reefs in the tropic oceans.
11760,whirlpool,The small boat was sucked into a sudden whirlpool and capsized within seconds.
11760,whirlpool,I felt like my thoughts were caught in a whirlpool of anxiety as the deadline approached.
11760,whirlpool,Local legends say that a monstrous creature lives at the bottom of the whirlpool in the river.
11760,whirlpool,The powerful whirlpool in the washing machine effectively cleaned the heavily soiled clothes.
11760,whirlpool,Navigating those complex legal documents felt like being trapped in a frustrating whirlpool of jargon and fine print.
11761,aggregation,The website uses data aggregation to compile news stories from various sources.
11761,aggregation,This week's sales figures represent an aggregation of individual store performances across the region.
11761,aggregation,"We're seeing an aggregation of protesters near the city hall, which is causing traffic delays."
11761,aggregation,The study involved the aggregation of survey responses to identify common trends in consumer behavior.
11761,aggregation,"Before drawing any conclusions, let's analyze the aggregation of all available evidence."
11762,chum,"We've been chums since elementary school, always getting into some kind of trouble together."
11762,chum,"The fishermen used chum to attract sharks to their boat, a controversial but effective technique."
11762,chum,"Despite their political differences, they remained good chums and often met for a game of golf."
11762,chum,I ran into my old chum from university at the grocery store yesterday; it was great to catch up.
11762,chum,"In the novel, the protagonist's loyal chum helps him navigate the treacherous world of espionage."
11763,clairvoyant,"Some people believe a clairvoyant can see future events, but I remain skeptical."
11763,clairvoyant,"The detective consulted a known clairvoyant, hoping she could provide clues about the missing person's location."
11763,clairvoyant,"While I don't think she's genuinely clairvoyant, Maria has an uncanny knack for predicting office gossip."
11763,clairvoyant,The novel features a young woman who discovers she is clairvoyant and must learn to control her powers.
11763,clairvoyant,"Despite his claims of being clairvoyant, his predictions were consistently vague and inaccurate."
11764,constellation,"Looking up at the night sky, we could clearly see the constellation Orion with its prominent belt."
11764,constellation,"The arrangement of stores in the new shopping center resembled a constellation, with a central plaza connecting various wings."
11764,constellation,"Her business ventures represented a constellation of diverse interests, ranging from technology startups to sustainable agriculture."
11764,constellation,Astronomers use powerful telescopes to study the formation and evolution of constellations far beyond our solar system.
11764,constellation,"The constellation of factors contributing to the company's success included innovative product design, effective marketing, and strong customer service."
11765,gentile,"In ancient times, the term 'gentile' was often used by Jewish people to refer to anyone who wasn't Jewish."
11765,gentile,The missionary dedicated his life to spreading the gospel among the gentile populations of the Pacific islands.
11765,gentile,"My grandmother, a devout Jew, always referred to our non-Jewish neighbors as 'gentiles,' though without any malice."
11765,gentile,The historical context of the passage suggests that the author is contrasting the responsibilities of Jewish and gentile converts to Christianity.
11765,gentile,"Some scholars argue that early Christian communities actively sought to include gentiles, challenging traditional religious boundaries."
11766,hermit,"After his business failed, he became a hermit, retreating to a small cabin in the woods and avoiding all contact with his former colleagues."
11766,hermit,"The local legend spoke of a hermit living deep within the mountains, rumored to possess ancient knowledge and mystical powers."
11766,hermit,"She wondered if she was becoming a hermit, preferring the company of her books and cat to socializing with friends."
11766,hermit,"The historian researched the lives of early Christian hermits, who sought spiritual enlightenment through solitude and prayer."
11766,hermit,"Despite the rumors, he wasn't a true hermit; he occasionally came into town for supplies and even struck up a conversation with the shopkeeper."
11767,manipulator,He's such a manipulator; he always knows exactly what to say to get people to do what he wants.
11767,manipulator,The software includes a powerful data manipulator that allows users to easily transform and analyze large datasets.
11767,manipulator,"I realized I was being a manipulator, trying to guilt my friend into helping me move."
11767,manipulator,"She accused him of being a manipulator, claiming he only befriended her to gain access to her connections."
11767,manipulator,"Political analysts often describe certain leaders as skilled manipulators of public opinion, using carefully crafted messages to sway voters."
11768,recluse,"After his wife's death, he became a recluse, rarely leaving his house or speaking to anyone."
11768,recluse,"The author, known for being a recluse, granted only one interview in his entire career."
11768,recluse,"She admired the hermit's peaceful existence, though she knew she could never be a complete recluse."
11768,recluse,"While he enjoyed his solitude, he wasn't a complete recluse; he still went grocery shopping once a week."
11768,recluse,The old mansion on the hill was rumored to be inhabited by a wealthy recluse who had cut himself off from society decades ago.
11769,stenographert,The court stenographer meticulously recorded every word spoken during the trial.
11769,stenographert,"My grandmother worked as a stenographer for a large law firm in the 1950s, a job that required incredible speed and accuracy."
11769,stenographert,"Before audio recording became commonplace, a stenographer was essential for documenting meetings and depositions."
11769,stenographert,Hiring a skilled stenographer is crucial for accurately capturing the nuances of complex legal proceedings.
11769,stenographert,"While stenography isn't as widely used as it once was, some professions still value the expertise of a trained stenographer."
11770,anvil,"The blacksmith struck the hot metal repeatedly on the anvil, shaping it with skillful blows."
11770,anvil,"Figuratively speaking, the constant criticism was an anvil tied to his dreams, weighing him down."
11770,anvil,The cartoon featured a classic scene where a character was flattened by a falling anvil.
11770,anvil,"Archaeologists unearthed an ancient anvil at the excavation site, providing clues about the village's metalworking history."
11770,anvil,"The heavy, solid anvil sat firmly on its stand, ready for another day of shaping metal."
11771,barrow,The gardener used a barrow to move the heavy bags of compost around the yard.
11771,barrow,"Archaeologists carefully excavated the ancient barrow, hoping to uncover artifacts buried with the chieftain."
11771,barrow,"After a long day of digging, he leaned wearily on the handles of his barrow."
11771,barrow,"The estate agent pointed out the prominent barrow on the hill, mentioning its historical significance to prospective buyers."
11771,barrow,We need to get a barrow to transport all these rocks from the construction site to the back of the garden.
11772,bridle,She had to bridle her anger when the customer started yelling at her for a mistake that wasn't her fault.
11772,bridle,The company needs to bridle its spending if it wants to stay afloat during the economic downturn.
11772,bridle,He felt a bridle of resentment rising within him as he watched his colleague get promoted.
11772,bridle,"The rider adjusted the bridle, ensuring it fit comfortably before mounting the horse."
11772,bridle,"While I appreciate your enthusiasm, you need to bridle your impulses and think things through before acting."
11773,bunk,"That whole story about him being a war hero is just a bunch of bunk; I knew him in college, and he never even left the country."
11773,bunk,Don't listen to those self-help gurus; most of their advice is pure bunk designed to sell books.
11773,bunk,I think the politician's promises to lower taxes and increase spending simultaneously are complete bunk.
11773,bunk,"The professor dismissed the conspiracy theory as utter bunk, citing a lack of credible evidence."
11773,bunk,I'm calling bunk on your excuse for being late; you've used the 'traffic' one too many times!
11774,canopy,"The dense canopy of the rainforest blocked out most of the sunlight, creating a dim and humid environment below."
11774,canopy,"We sat under the colorful fabric canopy, enjoying the shade and a cool breeze."
11774,canopy,Scientists are studying the effects of deforestation on the rainforest canopy and its biodiversity.
11774,canopy,"The wedding reception was held outdoors, with a beautiful white canopy providing shelter from the unpredictable weather."
11774,canopy,"From the air, you could see the vast green canopy stretching for miles across the Amazon basin."
11775,carousel,"The children squealed with delight as the carousel started to spin, its brightly painted horses bobbing up and down."
11775,carousel,"Our website features a product carousel on the homepage, showcasing our latest arrivals."
11775,carousel,"After a long day of meetings, a ride on the carousel at the park felt surprisingly therapeutic."
11775,carousel,"The museum's exhibition included a fascinating carousel of historical photographs, each telling a story of the city's past."
11775,carousel,"I felt like I was on a carousel of emotions, going up and down with every piece of news I received."
11776,cistern,The old farmhouse relied on a cistern to collect rainwater for drinking and washing.
11776,cistern,"During the drought, we had to carefully monitor the water level in the cistern to conserve our supply."
11776,cistern,"The archaeological dig uncovered an ancient cistern, providing valuable clues about the city's water management system."
11776,cistern,He checked the cistern's float valve to make sure it was functioning properly and preventing overflow.
11776,cistern,"Before connecting the new irrigation system, we need to ensure the cistern is thoroughly cleaned and free of debris."
11777,confetti,"As the clock struck midnight, a burst of confetti rained down on the jubilant crowd."
11777,confetti,"The children were delighted to throw confetti at the birthday party, making a colorful mess."
11777,confetti,I'm still finding bits of confetti in my hair from the wedding last weekend.
11777,confetti,The parade route was covered in a thick layer of discarded streamers and confetti.
11777,confetti,"The company's stock price soared, and the celebratory atmosphere felt like a shower of virtual confetti."
11778,coop,"The chickens scratched around happily in their coop, pecking at the ground for stray seeds."
11778,coop,"After rescuing the injured bird, we fashioned a makeshift coop out of cardboard and wire."
11778,coop,Local farmers often coop their livestock at night to protect them from predators like foxes and coyotes.
11778,coop,Several families decided to coop together to purchase a larger plot of land for a community garden.
11778,coop,The police were able to coop the suspect in a nearby building after a lengthy chase through the city streets.
11779,graphite,The artist used a soft graphite pencil to create subtle shading in the portrait.
11779,graphite,I need to buy more graphite leads for my mechanical pencil; I keep running out during exams.
11779,graphite,The factory produces high-quality graphite electrodes used in the steelmaking process.
11779,graphite,Scientists are exploring the use of graphite in new battery technologies due to its excellent conductivity.
11779,graphite,"Did you know that graphite and diamond are both made of carbon, but their structures give them vastly different properties?"
11780,harrow,The farmer used a harrow to break up the clumps of soil in the field after plowing.
11780,harrow,"Watching the news about the war was a harrow experience, filled with images of destruction and suffering."
11780,harrow,The politician's relentless attacks on his opponent were designed to harrow him and damage his reputation.
11780,harrow,"She tried to harrow the ground before planting the seeds, but the earth was too hard and dry."
11780,harrow,"The memories of that tragic accident continue to harrow him, even after all these years."
11781,kiln,"The potter carefully loaded the unfired clay pots into the kiln, making sure they weren't touching."
11781,kiln,"After the firing process in the kiln, the bricks were finally ready to be used for construction."
11781,kiln,The ancient Roman villa had its own kiln for producing roof tiles and pottery.
11781,kiln,"We're thinking of investing in a new, more efficient kiln to reduce our energy costs at the ceramics studio."
11781,kiln,"The high temperature inside the kiln vitrified the clay, making it durable and waterproof."
11782,molding,The carpenter carefully installed the decorative molding around the ceiling to add a touch of elegance to the room.
11782,molding,"She spent hours molding the clay into a beautiful sculpture, patiently shaping each detail."
11782,molding,"The experience had a significant impact on him, molding his character and influencing his future decisions."
11782,molding,We need to replace the water-damaged molding around the baseboards in the bathroom before it causes further problems.
11782,molding,The educational program focuses on molding young minds into responsible and productive citizens.
11783,projectile,"The medieval catapult launched the projectile with surprising force, sending it soaring over the castle walls."
11783,projectile,Please be careful when using the potato cannon; any object can become a dangerous projectile if launched with enough velocity.
11783,projectile,Investigators are analyzing the trajectory of the projectile to determine the shooter's location.
11783,projectile,"During the science demonstration, we observed how air resistance affected the distance traveled by different projectiles."
11783,projectile,The crowd scattered as the protestors began throwing projectiles at the police.
11784,rotor,The helicopter couldn't take off because there was a problem with the main rotor.
11784,rotor,Wind turbines use a large rotor to convert wind energy into electricity.
11784,rotor,"Before approaching the aircraft, make sure the rotor blades have completely stopped spinning."
11784,rotor,"The engineer inspected the rotor of the generator, looking for any signs of wear and tear."
11784,rotor,"My drone crashed because one of the rotors malfunctioned mid-flight, causing it to become unstable."
11785,rudder,The captain skillfully used the rudder to navigate the ship through the narrow channel.
11785,rudder,"Without a functioning rudder, the sailboat was impossible to steer and drifted aimlessly."
11785,rudder,"Figuratively speaking, education can act as a rudder, guiding young people towards a fulfilling future."
11785,rudder,The small kayak was surprisingly responsive; even slight adjustments to the rudder made a noticeable difference in its direction.
11785,rudder,"After the storm damaged the rudder, the crew had to improvise a temporary solution to regain control of the vessel."
11786,sieve,She used a sieve to separate the flour from the lumps before baking the cake.
11786,sieve,"The government needs to put policies in place that act as a sieve, carefully filtering out harmful content online."
11786,sieve,We need a finer sieve if we want to remove all the sand from the gravel.
11786,sieve,"His arguments didn't hold up under scrutiny; they were full of holes, like trying to hold water in a sieve."
11786,sieve,"The archaeologist carefully used a sieve to sift through the dirt, hoping to find small artifacts."
11787,spire,"The cathedral's spire, piercing the morning mist, was a magnificent sight."
11787,spire,"From the hilltop, we could see the golden spire of the town hall glinting in the sunlight."
11787,spire,The architect's design included a delicate spire that would serve as a focal point for the entire building.
11787,spire,"As we drove into the city, the first thing we noticed was the cluster of church spires against the skyline."
11787,spire,"The old church, with its crumbling stone and leaning spire, had a certain haunting beauty."
11788,thimble,"She carefully pushed the needle through the fabric, using her thimble to protect her finger."
11788,thimble,"I found a tiny silver thimble in my grandmother's sewing box, a relic from a bygone era."
11788,thimble,"He collected antique sewing tools, including a rare porcelain thimble painted with floral designs."
11788,thimble,"After pricking her finger one too many times, she finally decided to invest in a good quality thimble."
11788,thimble,"Figuratively speaking, the amount of progress we've made on this project is just a thimble-full compared to the work that remains."
11789,trident,"The statue of Neptune brandished a golden trident, towering over the city square."
11789,trident,"He carved a small trident out of wood as a gift for his son, who loved mythology."
11789,trident,"The waves crashed against the shore, their foamy peaks resembling the tines of a trident."
11789,trident,"During the Halloween parade, she dressed as a sea goddess, complete with a shimmering gown and a plastic trident."
11789,trident,"The logo for the submarine company featured a stylized trident, symbolizing their connection to the ocean depths."
11790,upholstery,The antique sofa needed new upholstery after years of wear and tear.
11790,upholstery,"We chose a durable, stain-resistant upholstery fabric for the dining room chairs."
11790,upholstery,"The car's original upholstery was ripped and faded, so I decided to get it reupholstered."
11790,upholstery,"Considering the cost of new furniture, it might be more economical to simply replace the upholstery on our existing pieces."
11790,upholstery,The interior designer recommended a velvet upholstery to give the living room a more luxurious feel.
11791,vane,"The weather vane on top of the barn spun wildly in the strong wind, indicating a change in direction."
11791,vane,He adjusted the vane on the pump to ensure it was drawing water efficiently from the well.
11791,vane,"The political winds are shifting, and Senator Thompson is acting as a vane, changing his stance to follow popular opinion."
11791,vane,"Looking up, I could see the intricate design of the copper vane atop the church steeple, gleaming in the sunlight."
11791,vane,The engineer explained that the guide vane's purpose was to direct the flow of air into the turbine blades.
11792,vat,The brewery uses a large stainless steel vat to ferment their beer.
11792,vat,Have you included the VAT in the final price of the product?
11792,vat,The dye is mixed in a large vat before being applied to the fabric.
11792,vat,I need to check the VAT return before submitting it to the tax office.
11792,vat,"They accidentally spilled a whole vat of tomato sauce, creating a huge mess in the factory."
11793,adjunct,She worked as an adjunct professor at the university while finishing her dissertation.
11793,adjunct,"The new software is a useful adjunct to our existing accounting system, making data entry much faster."
11793,adjunct,"In addition to medication, physical therapy can be an important adjunct to treating chronic pain."
11793,adjunct,"My main job is in marketing, but I also do some freelance writing as an adjunct income stream."
11793,adjunct,"This report focuses on the core issues, but several appendices serve as an adjunct providing further details."
11794,ancillary,The website provides ancillary information about the company's history and mission.
11794,ancillary,"We need to purchase ancillary equipment, such as cables and connectors, to complete the setup."
11794,ancillary,"The therapist suggested some ancillary techniques, like meditation, to help manage my anxiety."
11794,ancillary,"Although the main focus is on sales, ancillary services like customer support are also important for success."
11794,ancillary,"The hospital provides ancillary care, including physical therapy and nutritional counseling, to support patients' recovery."
11795,auxiliary,"The hospital relies heavily on its auxiliary staff, especially during peak seasons."
11795,auxiliary,We hired an auxiliary generator to provide power in case of a blackout.
11795,auxiliary,The police department has an auxiliary unit of volunteer officers who assist with traffic control and community events.
11795,auxiliary,"In English grammar, 'do' and 'have' can function as auxiliary verbs to form questions and tenses."
11795,auxiliary,The sailing club has an auxiliary motor on their sailboats for navigating in calm waters or emergencies.
11796,diagonal,"The robber made a diagonal dash across the store, hoping to evade the security cameras."
11796,diagonal,"To get a better view of the parade, we stood on the diagonal across the street."
11796,diagonal,The architect suggested adding a diagonal support beam to reinforce the roof.
11796,diagonal,"In chess, the queen can move any number of squares diagonally, making her a powerful piece."
11796,diagonal,"If you draw a diagonal line from one corner of the rectangle to the opposite corner, you create two right triangles."
11797,discrete,"The data was collected at discrete intervals throughout the experiment, rather than continuously."
11797,discrete,"Each item in the assembly line is handled as a discrete unit, ensuring quality control at every stage."
11797,discrete,"He offered a few discrete words of encouragement, careful not to draw too much attention to the situation."
11797,discrete,"Unlike a dimmer switch, this volume control only offers a few discrete settings: low, medium, and high."
11797,discrete,"While the overall trend is upward, we can observe several discrete jumps in sales figures over the past year."
11798,divergent,"The two paths started off together, but soon became divergent, leading to completely different destinations."
11798,divergent,"Their opinions on the new company policy were divergent, causing a heated debate during the meeting."
11798,divergent,"Although they share a common ancestor, humans and chimpanzees followed divergent evolutionary paths millions of years ago."
11798,divergent,"The artist's work became increasingly divergent from traditional styles, embracing more abstract and experimental techniques."
11798,divergent,"Having divergent interests, it was difficult for them to find activities they both enjoyed doing together."
11799,incongruous,His formal attire felt incongruous at the casual beach party.
11799,incongruous,The comedian's somber tone was incongruous with the lighthearted nature of the show.
11799,incongruous,The modern glass skyscraper looked incongruous amidst the historic brick buildings of the old town.
11799,incongruous,I found it incongruous that he preached about saving money but always bought the most expensive gadgets.
11799,incongruous,Her cheerful demeanor seemed incongruous with the sad news she had just received.
11800,lateral,"Instead of trying to solve the problem head-on, let's try a more lateral approach and see if we can find a workaround."
11800,lateral,"The company decided to make a lateral move, transferring her to a different department with similar responsibilities."
11800,lateral,"During the football game, the quarterback made a quick lateral pass to avoid being sacked."
11800,lateral,The architect incorporated lateral bracing into the building's design to improve its resistance to strong winds.
11800,lateral,My doctor suggested some lateral exercises to strengthen the muscles on the sides of my core.
11801,miscellaneous,"The drawer contained a miscellaneous assortment of tools, buttons, and old photographs."
11801,miscellaneous,Please deposit any miscellaneous trash in the receptacle by the exit.
11801,miscellaneous,"The agenda included a section for miscellaneous business, allowing time for topics not previously specified."
11801,miscellaneous,"I picked up a few miscellaneous items at the grocery store, like batteries and a magazine."
11801,miscellaneous,"Her responsibilities at the office were quite miscellaneous, ranging from answering phones to managing social media."
11802,oblique,"The politician's response to the reporter's question was rather oblique, avoiding a direct answer."
11802,oblique,"He made an oblique reference to their past relationship, leaving everyone wondering what he meant."
11802,oblique,The light coming through the window cast an oblique shadow across the room.
11802,oblique,"Instead of directly criticizing her work, he offered oblique suggestions for improvement."
11802,oblique,"She has a talent for humor that's often oblique and subtle, making you think before you laugh."
11803,ostensible,"The ostensible reason for his visit was to discuss the contract, but I suspect he had ulterior motives."
11803,ostensible,"While the ostensible purpose of the meeting was a team-building exercise, it felt more like a thinly veiled performance review."
11803,ostensible,"Her ostensible job title was 'Assistant Manager,' but in reality, she was doing the work of three people."
11803,ostensible,The company's ostensible commitment to sustainability is undermined by their continued investment in fossil fuels.
11803,ostensible,"He accepted the award with ostensible humility, but everyone knew he was secretly thrilled."
11804,perpendicular,"The supporting beam is perpendicular to the main structure, providing crucial stability."
11804,perpendicular,"Make sure the fence posts are perfectly perpendicular to the ground, or the fence will lean."
11804,perpendicular,"In Euclidean geometry, two lines are perpendicular if they intersect at a right angle."
11804,perpendicular,"The street I live on runs perpendicular to Main Street, so it's easy to find."
11804,perpendicular,The architect specified that the countertops should be installed perpendicular to the kitchen island.
11805,piecemeal,"The company addressed the security vulnerabilities in a piecemeal fashion, fixing the most critical issues first."
11805,piecemeal,"Instead of tackling the entire project at once, we decided to approach it piecemeal, breaking it down into smaller, more manageable tasks."
11805,piecemeal,"The evidence presented at the trial was piecemeal and circumstantial, making it difficult to reach a definitive conclusion."
11805,piecemeal,"The renovation was done piecemeal over several years, as we could only afford to do one room at a time."
11805,piecemeal,"He learned French piecemeal, picking up phrases and vocabulary from movies and conversations rather than through formal instruction."
11806,plumb,The builder used a plumb bob to ensure the wall was perfectly plumb.
11806,plumb,I need to plumb the new sink in the bathroom this weekend.
11806,plumb,The investigation will plumb the depths of the scandal to uncover the truth.
11806,plumb,"After a long day, I just want to plumb the depths of a good book and relax."
11806,plumb,Make sure that picture frame is plumb before you hammer the nail in.
11807,cryptic,The old map was covered in cryptic symbols that no one could decipher.
11807,cryptic,His cryptic response to my question made me think he was hiding something.
11807,cryptic,The professor's lecture on quantum physics was so cryptic that most of the students were completely lost.
11807,cryptic,"After the accident, she only spoke in cryptic phrases, making it difficult to understand what she remembered."
11807,cryptic,"I found a cryptic note in my grandmother's attic, but I have no idea what it means."
11808,dialectic,"The negotiation process became a complex dialectic, with each side pushing and pulling to reach a mutually agreeable conclusion."
11808,dialectic,Her understanding of the issue evolved through a constant dialectic between theory and practical experience.
11808,dialectic,"The professor encouraged a dialectic approach in the classroom, fostering critical thinking and debate among the students."
11808,dialectic,It's a dialectic: you need to understand the existing rules before you can effectively break them.
11808,dialectic,"The film explores the dialectic between nature and technology, questioning their compatibility and conflict."
11809,ecclesiastical,"The old town is known for its impressive ecclesiastical architecture, especially the cathedral."
11809,ecclesiastical,"Professor Davies specializes in ecclesiastical history, focusing on the role of the church in medieval society."
11809,ecclesiastical,The debate centered on whether the government should interfere in ecclesiastical matters.
11809,ecclesiastical,He decided to leave his secular job and pursue a career in ecclesiastical service.
11809,ecclesiastical,The stained-glass windows depicted various ecclesiastical figures and scenes from the Bible.
11810,esoteric,The professor's lecture on quantum entanglement was so esoteric that only a handful of students understood it.
11810,esoteric,He has an esoteric collection of vintage film cameras that he meticulously maintains.
11810,esoteric,The book club decided to switch genres because everyone found the last novel too esoteric and difficult to follow.
11810,esoteric,Understanding the nuances of that particular programming language requires esoteric knowledge that most developers don't possess.
11810,esoteric,"Her paintings are filled with esoteric symbolism, drawing inspiration from ancient mythology and personal experiences."
11811,interdisciplinary,"The project requires an interdisciplinary approach, drawing on expertise from engineering, biology, and computer science."
11811,interdisciplinary,"Her research is highly interdisciplinary, bridging the gap between sociology and environmental studies."
11811,interdisciplinary,"We're offering an interdisciplinary course that explores the connections between art, history, and philosophy."
11811,interdisciplinary,"To truly understand climate change, you need an interdisciplinary perspective that incorporates economics, politics, and environmental science."
11811,interdisciplinary,The university is promoting interdisciplinary collaboration to foster innovation and solve complex global challenges.
11812,lucid,"The medication helped clear his head, and he was finally able to give a lucid account of what happened that night."
11812,lucid,"Even though she was exhausted, her explanation of the complex legal issue was surprisingly lucid."
11812,lucid,"After the surgery, he was still groggy, but there were moments when he seemed perfectly lucid and aware."
11812,lucid,The professor's lectures are always so lucid; he has a way of making even the most difficult concepts easy to understand.
11812,lucid,"Despite suffering from dementia, my grandfather still has lucid moments where he remembers events from his past with incredible clarity."
11813,monastic,"The remote cabin offered a monastic existence, far from the distractions of modern life."
11813,monastic,"His daily routine was almost monastic in its simplicity: wake, pray, work, eat, sleep."
11813,monastic,"She found solace in the quiet, monastic atmosphere of the library, surrounded by ancient texts."
11813,monastic,"After a period of intense partying, he decided to adopt a more monastic lifestyle, focusing on meditation and self-reflection."
11813,monastic,The architecture of the monastery reflected the monastic values of humility and devotion.
11814,moot,"Whether or not he intended to cause harm is now moot, as the damage is already done."
11814,moot,The committee decided that further discussion on the proposal was moot since funding had been withdrawn.
11814,moot,The question of who was responsible for the error became moot after the system was upgraded and the problem disappeared.
11814,moot,"Since the judge dismissed the case, the defendant's appeal became moot."
11814,moot,It's moot to argue about which route is faster now; we're already halfway there!
11815,omnipotent,"If I were omnipotent for a day, I would solve world hunger and ensure everyone had access to clean water."
11815,omnipotent,"The ancient Greeks attributed omnipotent powers to Zeus, their king of the gods."
11815,omnipotent,"While some believe in an omnipotent and all-knowing God, others find the concept difficult to reconcile with the existence of suffering."
11815,omnipotent,She felt a sense of omnipotent control over her project after weeks of meticulous planning and preparation.
11815,omnipotent,"The author's narrative voice adopts an almost omnipotent perspective, revealing the thoughts and feelings of every character."
11816,omniscient,"The narrator in the story adopted an omniscient point of view, revealing the thoughts and feelings of every character."
11816,omniscient,"If I were omniscient, I'd know exactly what to say to make things better."
11816,omniscient,"While some religions ascribe omniscient qualities to their deity, others have different views on the scope of divine knowledge."
11816,omniscient,It's impossible for any human to be truly omniscient; we all have gaps in our understanding.
11816,omniscient,"The author's attempt to create an omniscient character fell flat, as the character seemed to know too much without any logical explanation."
11817,pedantic,"He was being pedantic, correcting my grammar even though everyone understood what I meant."
11817,pedantic,"The professor's pedantic lectures, filled with minute details and obscure historical footnotes, bored most of the students."
11817,pedantic,"While accuracy is important, being overly pedantic can stifle creativity and open discussion."
11817,pedantic,Don't be so pedantic; the minor error doesn't change the overall conclusion of the report.
11817,pedantic,"She apologized for sounding pedantic, but felt it was important to clarify the exact meaning of the term in this context."
11818,polyglot,"The international conference attracted a polyglot crowd, with attendees conversing in a multitude of languages."
11818,polyglot,"As a polyglot, she found it easy to navigate the diverse cultural landscape of the city."
11818,polyglot,"The company is seeking a polyglot software engineer with experience in Python, Java, and C++."
11818,polyglot,"Being a polyglot is a valuable asset in today's globalized world, opening doors to new opportunities and perspectives."
11818,polyglot,"He modestly described himself as a 'budding polyglot,' despite already being fluent in four languages."
11819,ponderous,The professor's lecture was so ponderous that half the class had fallen asleep before he even reached his main point.
11819,ponderous,"He lifted the ponderous tome with a grunt, its weight a testament to its age and importance."
11819,ponderous,"After weeks of deliberation, the committee finally released their ponderous report, filled with jargon and complex recommendations."
11819,ponderous,"The old car, with its ponderous engine and outdated design, struggled to climb the steep hill."
11819,ponderous,"Sometimes, I find myself getting bogged down in ponderous thoughts, overanalyzing situations that probably don't matter that much."
11820,schematic,"The engineer provided a schematic of the circuit board, detailing the placement of each component."
11820,schematic,"Before we start building, let's review the schematic to make sure everyone understands the layout."
11820,schematic,"Although complex, the system's operation becomes clear once you study the schematic representation."
11820,schematic,"The artist used a schematic approach, breaking down the landscape into basic geometric shapes before adding detail."
11820,schematic,Can you send me the schematic for the wiring? I'm having trouble troubleshooting the connection.
11821,semantic,The argument hinged on a subtle semantic difference between the words 'permit' and 'require'.
11821,semantic,"While the code compiled without errors, its semantic meaning was unclear and difficult to debug."
11821,semantic,"I understand the words you're saying, but the semantic content just isn't registering with me; I'm completely lost."
11821,semantic,"In computational linguistics, semantic analysis plays a crucial role in understanding the meaning of text and enabling machine translation."
11821,semantic,"Although the painting is visually striking, it lacks any real semantic depth; it's just pretty colors without a message."
11822,abdominal,She complained of severe abdominal pain and was rushed to the emergency room.
11822,abdominal,Core exercises are essential for strengthening your abdominal muscles.
11822,abdominal,The doctor palpated my abdominal area to check for any tenderness or abnormalities.
11822,abdominal,"After the surgery, he was instructed to avoid any strenuous activity that could strain his abdominal incision."
11822,abdominal,"During the yoga class, we focused on breathing techniques to engage the abdominal muscles and improve core stability."
11823,callous,"It might sound callous, but I'm not really concerned about his financial problems; he made his own choices."
11823,callous,The CEO's callous disregard for the employees' well-being during the company restructuring led to widespread resentment.
11823,callous,Only a truly callous person could ignore the suffering of those affected by the natural disaster.
11823,callous,"Her callous remark about his weight, delivered in front of everyone, was incredibly hurtful."
11823,callous,"The judge was criticized for his seemingly callous sentencing, which many felt was disproportionate to the crime."
11824,disheveled,"After the long hike, we all looked a bit disheveled, with mud-splattered clothes and tangled hair."
11824,disheveled,"The detective's disheveled appearance, complete with a rumpled suit and five o'clock shadow, suggested he'd been working on the case all night."
11824,disheveled,"Despite her disheveled state after the accident, she insisted on checking on the other driver first."
11824,disheveled,"He rushed into the meeting, looking rather disheveled and apologizing for being late, explaining he'd had a flat tire."
11824,disheveled,"The disheveled garden, overgrown with weeds and scattered with fallen leaves, was a stark contrast to the meticulously manicured lawn next door."
11825,distal,The distal end of the radius articulates with the carpal bones in the wrist.
11825,distal,"When assessing peripheral neuropathy, doctors often test sensation in the distal extremities, like the toes and fingers."
11825,distal,"Compared to the proximal humerus fracture, a distal humerus fracture can be more challenging to treat surgically."
11825,distal,"During laparoscopic surgery, the surgeon carefully manipulated the distal end of the instrument to avoid damaging surrounding tissues."
11825,distal,"The pain seemed to originate in my shoulder, but I was also experiencing referred pain in the distal part of my arm, near the elbow."
11826,equestrain,The equestrian team practiced diligently in preparation for the regional championships.
11826,equestrain,"She has a natural talent for equestrian sports, particularly dressage."
11826,equestrain,The park offers miles of equestrian trails for horseback riding enthusiasts.
11826,equestrain,My daughter is taking equestrian lessons; she dreams of one day owning her own horse.
11826,equestrain,The historical society is hosting an equestrian demonstration to showcase traditional riding techniques.
11827,flabby,"After weeks of inactivity, his muscles felt flabby and weak."
11827,flabby,The editor felt the novel's plot was flabby and needed to be tightened up.
11827,flabby,I'm trying to tone my flabby arms by doing more weightlifting.
11827,flabby,The politician's flabby promises failed to convince the voters.
11827,flabby,The once crisp lettuce had become flabby and wilted in the refrigerator.
11828,gaunt,"After weeks of illness, he looked gaunt and frail."
11828,gaunt,The gaunt silhouette of the abandoned factory against the stormy sky was quite unsettling.
11828,gaunt,She noticed the gaunt expression on his face and immediately asked if he was feeling alright.
11828,gaunt,"The prisoners of war emerged from the camp, their faces gaunt and their bodies emaciated."
11828,gaunt,Years of hardship had left the old miner with a gaunt face and calloused hands.
11829,inert,The noble gases are chemically inert and rarely form compounds.
11829,inert,"After the surgery, he felt completely inert, unable to move or even speak."
11829,inert,"The proposed solution remained inert, failing to address the core issues of the problem."
11829,inert,We need a catalyst to activate this inert material and initiate the reaction.
11829,inert,"Despite repeated attempts to engage him in the conversation, he remained inert and unresponsive."
11830,kienetic,The kinetic energy of the speeding bullet was enough to shatter the thick glass.
11830,kienetic,"We studied the kinetic theory of gases in chemistry, which explains how molecular motion relates to temperature and pressure."
11830,kienetic,"Her dance performance was a whirlwind of kinetic energy, leaving the audience breathless."
11830,kienetic,"The sculpture was designed to be kinetic, with moving parts that responded to the wind."
11830,kienetic,Understanding the kinetic chain is crucial for athletes to prevent injuries and optimize performance.
11831,lethargic,"After a week of fighting off the flu, I still feel incredibly lethargic and have trouble getting out of bed."
11831,lethargic,The humid weather always makes me feel lethargic and unmotivated to exercise.
11831,lethargic,The doctor suspects the patient's lethargic behavior might be a side effect of the new medication.
11831,lethargic,"He was usually energetic, but lately he's been quite lethargic, just sitting around and watching TV all day."
11831,lethargic,The company's lethargic response to the crisis damaged its reputation and led to a significant loss of customers.
11832,listless,"After being cooped up inside for days with a cold, the children were listless and uninterested in playing."
11832,listless,"The humid weather made everyone feel listless, and the afternoon meeting dragged on interminably."
11832,listless,"He had been feeling listless for weeks, a symptom that his doctor attributed to seasonal affective disorder."
11832,listless,The team's listless performance in the first half led to a stern talking-to from the coach during halftime.
11832,listless,"Despite the beautiful scenery, she remained listless and withdrawn, unable to shake off her sadness."
11833,lusty,"The lumberjack had a lusty appetite, devouring a stack of pancakes before heading out to the woods."
11833,lusty,"The choir sang a lusty rendition of the Christmas carol, filling the church with joyous sound."
11833,lusty,"After weeks of being cooped up inside, the children gave a lusty cheer when they finally reached the playground."
11833,lusty,"He was known for his lusty laugh, which could be heard across the entire office."
11833,lusty,"The novel portrayed a lusty and vibrant historical period, full of passion and intrigue."
11834,pathological,His pathological lying made it impossible to trust anything he said.
11834,pathological,"The doctor suspected a pathological cause for the patient's fatigue, so he ordered more tests."
11834,pathological,"She had a pathological need to be the center of attention, constantly interrupting conversations and seeking validation."
11834,pathological,The university's pathological bureaucracy made even simple tasks like registering for classes a nightmare.
11834,pathological,"Some argue that extreme consumerism has become a pathological obsession in modern society, driven by advertising and social pressures."
11835,prostrate,"After running the marathon, he was so exhausted that he lay prostrate on the grass, unable to move."
11835,prostrate,"The villagers prostrated themselves before the king, begging for mercy."
11835,prostrate,"The illness left her feeling weak and prostrate, confined to her bed for days."
11835,prostrate,"The company's reputation was left prostrate after the scandal broke, taking years to recover."
11835,prostrate,"Figuratively speaking, the news of the merger left the smaller company prostrate, as they knew they couldn't compete."
11836,ruddy,"After a morning spent hiking in the brisk mountain air, his cheeks had a healthy, ruddy glow."
11836,ruddy,"The old farmer, with his ruddy complexion and weathered hands, looked every bit the part of a man who worked the land."
11836,ruddy,"She splashed some cold water on her face, hoping to reduce the ruddy flush that had appeared after her embarrassing blunder."
11836,ruddy,"Despite his age, he still had a ruddy complexion, suggesting a robust constitution and a life well-lived."
11836,ruddy,"The bartender, a burly man with a ruddy nose, poured him another whiskey."
11837,sedentary,My doctor warned me that my sedentary lifestyle was contributing to my high blood pressure.
11837,sedentary,"Since retiring, he's become quite sedentary, spending most of his days watching television."
11837,sedentary,The study found a strong correlation between sedentary behavior and an increased risk of heart disease.
11837,sedentary,I'm trying to incorporate more physical activity into my day to combat the effects of my sedentary job.
11837,sedentary,"Compared to their nomadic ancestors, modern humans lead relatively sedentary lives."
11838,stocky,"The stocky bulldog waddled happily down the street, its tail wagging furiously."
11838,stocky,"Despite his stocky build, the rugby player was surprisingly agile and quick on his feet."
11838,stocky,"The detective described the suspect as stocky, with broad shoulders and a shaved head."
11838,stocky,"Compared to her slender sister, Sarah was always considered stocky, but she was incredibly strong and healthy."
11838,stocky,"The old oak tree had a stocky trunk, a testament to its age and resilience against the elements."
11839,abhorrent,I find the idea of eating insects completely abhorrent.
11839,abhorrent,"Animal cruelty is abhorrent to most people, regardless of their cultural background."
11839,abhorrent,The politician's blatant disregard for the truth was utterly abhorrent.
11839,abhorrent,His abhorrent behavior at the party resulted in him being banned from future events.
11839,abhorrent,"The thought of betraying a friend is abhorrent to me, I could never do it."
11840,acrid,"The acrid smell of burnt popcorn filled the entire office, forcing everyone to open the windows."
11840,acrid,An acrid taste lingered in my mouth after accidentally swallowing some of the cleaning solution.
11840,acrid,The air hung thick and heavy with the acrid smoke from the nearby forest fires.
11840,acrid,Her acrid tone suggested a deep-seated resentment that she had been harboring for years.
11840,acrid,"The chemical factory released an acrid plume of smoke, causing residents to complain of burning eyes and respiratory irritation."
11841,averse,"I'm not normally averse to trying new foods, but I draw the line at insects."
11841,averse,The company is risk-averse and prefers to stick to tried-and-true strategies rather than investing in innovative but unproven technologies.
11841,averse,"While I enjoy spending time outdoors, I'm quite averse to mosquitoes and other biting insects."
11841,averse,"He claimed to be averse to gossip, but he was always the first to know all the latest rumors."
11841,averse,"Many people are averse to public speaking, finding it a nerve-wracking experience."
11842,deafening,The roar of the crowd was deafening as the home team scored the winning goal.
11842,deafening,I had to cover my ears because the construction site next door was producing a deafening racket.
11842,deafening,The silence that followed the deafening explosion was almost as unsettling.
11842,deafening,"Despite the deafening music, I could still hear snippets of their conversation."
11842,deafening,The alarm clock's deafening ring jolted me awake from a deep sleep.
11843,deplorable,The deplorable state of the school's facilities is hindering the students' learning environment.
11843,deplorable,I find his constant negativity and complaining absolutely deplorable; it's exhausting to be around.
11843,deplorable,"The committee condemned the company's deplorable labor practices, demanding immediate reforms."
11843,deplorable,"Honestly, the traffic downtown has been deplorable lately; I've been late to every meeting this week."
11843,deplorable,"The conditions in the refugee camp were truly deplorable, with a lack of basic necessities and widespread disease."
11844,derisive,The comedian's derisive jokes about politicians drew both laughter and boos from the audience.
11844,derisive,Her derisive snort made it clear she didn't believe a word he was saying.
11844,derisive,"Despite his derisive comments about her cooking, she secretly enjoyed his teasing."
11844,derisive,The company's derisive treatment of its employees led to a significant drop in morale and productivity.
11844,derisive,"He offered a derisive wave as he drove away, signaling his contempt for the entire situation."
11845,derogatory,The comedian's derogatory remarks about immigrants sparked widespread outrage and calls for a boycott.
11845,derogatory,I refuse to engage in a conversation where people are making derogatory comments about others' appearances.
11845,derogatory,"The manager was reprimanded for using derogatory language towards his employees, creating a hostile work environment."
11845,derogatory,"Although meant as a joke, his comment about her age felt derogatory and left her feeling uncomfortable."
11845,derogatory,The article was criticized for perpetuating harmful stereotypes and using derogatory terms to describe marginalized communities.
11846,despondent,"After losing the championship game, the team was utterly despondent and couldn't bring themselves to celebrate their accomplishments."
11846,despondent,The constant rejection letters left her feeling despondent about her chances of finding a job in her field.
11846,despondent,He became despondent when he realized the severity of the environmental damage and the lack of immediate action.
11846,despondent,"Don't be so despondent, things will get better; let's focus on what we can control and find a solution together."
11846,despondent,"The prolonged illness of her mother left her in a despondent state, and she struggled to find joy in everyday activities."
11847,diffident,"Despite her obvious talent, Sarah remained diffident about sharing her writing with others."
11847,diffident,"He was a diffident young man, always hesitant to speak up in meetings, even when he had valuable insights."
11847,diffident,The candidate's diffident demeanor during the debate made it difficult to assess his confidence in his own policies.
11847,diffident,"Don't be so diffident; you have a lot to offer, so speak your mind and let your ideas be heard!"
11847,diffident,"Although he had practiced the speech countless times, he still felt a little diffident as he approached the podium."
11848,downcast,"After failing the exam, he looked downcast and avoided talking to anyone."
11848,downcast,The news of the factory closure left the entire town feeling downcast and uncertain about the future.
11848,downcast,"Despite her initial enthusiasm, the constant criticism left her feeling downcast and unmotivated."
11848,downcast,I could tell by her downcast eyes that something was troubling her.
11848,downcast,The team's downcast mood was palpable after their unexpected defeat in the championship game.
11849,effervescent,The comedian's effervescent personality kept the audience laughing throughout the entire show.
11849,effervescent,"She added an effervescent tablet to her water, creating a fizzy and refreshing drink."
11849,effervescent,"His effervescent enthusiasm for the project was contagious, motivating the entire team."
11849,effervescent,"The atmosphere at the party was effervescent, filled with laughter and lively conversation."
11849,effervescent,"Champagne is known for its effervescent bubbles, which add to its celebratory appeal."
11850,facetious,I hope you didn't take my comment seriously; it was meant to be facetious.
11850,facetious,His facetious remarks at the funeral were completely inappropriate and deeply offended many people.
11850,facetious,"The comedian's facetious tone made light of serious political issues, which some found amusing while others considered disrespectful."
11850,facetious,"When I asked if he'd finished the report, he gave me a facetious answer about having rewritten it in Klingon."
11850,facetious,"Let's try to have a serious discussion without any facetious comments, okay?"
11851,fastidious,My aunt is incredibly fastidious about her house; everything has to be perfectly clean and in its place.
11851,fastidious,"The chef was known for being fastidious in his selection of ingredients, only choosing the freshest and highest quality produce."
11851,fastidious,"He was a fastidious dresser, always impeccably groomed and wearing perfectly coordinated outfits."
11851,fastidious,"While some might find her fastidious nature annoying, her attention to detail always ensured the project was completed flawlessly."
11851,fastidious,"The editor was fastidious in his proofreading, catching even the smallest typographical errors before publication."
11852,ignoble,"He resorted to ignoble tactics, spreading rumors and lies to undermine his opponent."
11852,ignoble,"It was an ignoble end for such a celebrated athlete, caught cheating after years of success."
11852,ignoble,The king's ignoble decision to prioritize personal wealth over the needs of his people sparked a rebellion.
11852,ignoble,I refuse to engage in such ignoble behavior; my integrity is more important than winning at any cost.
11852,ignoble,"Despite the pressure, she refused to compromise her values and participate in the company's ignoble scheme."
11853,impassive,"The defendant remained impassive throughout the reading of the verdict, showing no visible emotion."
11853,impassive,"Despite my impassioned plea, her face remained impassive, making it impossible to gauge her reaction."
11853,impassive,"He tried to read her mind, but her impassive expression gave nothing away."
11853,impassive,"The guard stood impassive, a silent sentinel at the entrance to the palace."
11853,impassive,"Even when the comedian told his best joke, the audience member remained impassive, prompting the comedian to move on to the next bit."
11854,inadvertent,I apologize for the inadvertent deletion of your files; I'm restoring them from the backup now.
11854,inadvertent,The comedian's inadvertent remark about the politician caused a minor uproar on social media.
11854,inadvertent,"During the meeting, she made an inadvertent slip of the tongue, revealing details about the upcoming merger."
11854,inadvertent,"He claimed his failure to report the income was inadvertent, but the IRS wasn't convinced."
11854,inadvertent,The spill was entirely inadvertent; I didn't see the glass on the edge of the table.
11855,insipid,"The soup was incredibly insipid, lacking any real flavor or seasoning."
11855,insipid,I found the movie to be quite insipid; the plot was predictable and the characters were underdeveloped.
11855,insipid,"After a week of eating bland hospital food, even a simple sandwich tasted amazing compared to the insipid meals I'd been enduring."
11855,insipid,His insipid conversation skills made him a difficult person to engage with at parties.
11855,insipid,"The critic described the novel as an insipid attempt at social commentary, devoid of any originality or insight."
11856,jovial,"Santa Claus is often depicted as a jovial, round man with a hearty laugh."
11856,jovial,The jovial atmosphere at the company picnic made everyone feel relaxed and happy.
11856,jovial,"Despite the stressful situation, the manager maintained a jovial demeanor to keep the team morale high."
11856,jovial,"He was a jovial fellow, always ready with a joke and a friendly pat on the back."
11856,jovial,"After a few drinks, the already cheerful group became even more jovial, singing songs and telling stories."
11857,languid,"The cat stretched in a languid manner, completely unbothered by the commotion around it."
11857,languid,A languid afternoon by the pool was exactly what she needed to de-stress after a hectic week at work.
11857,languid,The dancer's languid movements conveyed a sense of sorrow and resignation.
11857,languid,"He adopted a languid tone, as if the topic at hand was of little consequence, even though it was crucial."
11857,languid,The oppressive heat of the summer day induced a feeling of languid exhaustion in everyone.
11858,lenient,"The judge was lenient with the first-time offender, giving him community service instead of jail time."
11858,lenient,My parents were always more lenient with my younger brother than they were with me.
11858,lenient,"Professor Thompson is known for being quite lenient with deadlines, but don't take advantage of his kindness."
11858,lenient,"Although the company has a strict policy, the manager was lenient and allowed me to work from home because I wasn't feeling well."
11858,lenient,"We're trying to be lenient with the new employee as they learn the ropes, but they need to start showing improvement soon."
11859,nonchalant,"He tried to appear nonchalant as he walked past his ex, but his flushed cheeks betrayed him."
11859,nonchalant,"Despite the immense pressure, she delivered her presentation with a nonchalant air, as if it were the easiest thing in the world."
11859,nonchalant,"When I asked him about the missing cookies, he gave a nonchalant shrug and said, ""I have no idea."""
11859,nonchalant,"The seasoned detective approached the crime scene with a nonchalant demeanor, carefully observing every detail without appearing overly concerned."
11859,nonchalant,Her nonchalant response to the job offer surprised everyone; we expected her to be much more excited.
11860,nondescript,"The suspect drove a nondescript sedan, making it difficult for witnesses to recall any specific details."
11860,nondescript,The building was so nondescript that I walked right past it twice before realizing it was the correct address.
11860,nondescript,"He preferred to wear nondescript clothing, hoping to blend in with the crowd and avoid unwanted attention."
11860,nondescript,"The detective searched the nondescript apartment for clues, but found nothing that stood out."
11860,nondescript,"Despite its nondescript appearance, the little cafe served the most amazing pastries in town."
11861,pensive,"After receiving the disappointing news, she grew quiet and pensive, staring out the window for a long time."
11861,pensive,"The professor paused, his brow furrowed in a pensive expression, before answering the student's complex question."
11861,pensive,"He sat by the lake, in a pensive mood, contemplating the choices he had made in his life."
11861,pensive,"The artist often retreats to the mountains when he needs to be alone and pensive, searching for inspiration."
11861,pensive,"Seeing the old photograph made her pensive, reminding her of happier times long past."
11862,petulant,The child crossed his arms and gave a petulant sigh when his mother refused to buy him the candy.
11862,petulant,"His petulant behavior at the meeting, marked by eye-rolling and sarcastic comments, was unprofessional and disruptive."
11862,petulant,"She had a petulant expression on her face, as if the world was constantly conspiring against her."
11862,petulant,"Despite his age, he sometimes acted like a petulant teenager, slamming doors and refusing to talk when he didn't get his way."
11862,petulant,"The actress's petulant outburst on set, fueled by a minor costume malfunction, delayed filming for hours."
11863,plaintive,The plaintive cry of the seagull echoed across the empty beach.
11863,plaintive,Her plaintive voice on the phone made me realize how much she missed her family.
11863,plaintive,"The dog let out a plaintive whine, begging for a bite of my sandwich."
11863,plaintive,The old woman's plaintive song told a story of lost love and hardship.
11863,plaintive,"Despite his tough exterior, a plaintive note crept into his voice as he described his childhood."
11864,porous,"The terracotta pot is quite porous, so it dries out quickly in the sun."
11864,porous,"Because the sandstone is porous, water easily seeps through it, leading to erosion."
11864,porous,The security around the event was surprisingly porous; I could have walked right in.
11864,porous,We need to use a sealant on the concrete to prevent water damage since it's naturally quite porous.
11864,porous,"The artist used a porous paper to create a watercolor effect with soft, diffused edges."
11865,prosaic,"While she dreamed of a whirlwind romance, her reality was far more prosaic: a series of awkward coffee dates and unanswered texts."
11865,prosaic,"The architect rejected the initial design, deeming it too prosaic and lacking in imagination; he wanted something truly innovative."
11865,prosaic,"He found his job increasingly prosaic, the daily routine of paperwork and meetings draining his passion and creativity."
11865,prosaic,"Despite my best efforts, the poem turned out rather prosaic, failing to capture the depth of emotion I was trying to convey."
11865,prosaic,"Let's skip the prosaic details and get right to the exciting part of the story, shall we?"
11866,pungent,The pungent aroma of garlic filled the entire kitchen as my mother prepared dinner.
11866,pungent,"The cheese had a pungent odor that some found off-putting, but others considered a sign of its mature flavor."
11866,pungent,The political cartoon made a pungent commentary on the current state of affairs.
11866,pungent,We had to open the windows after using that cleaning product; the fumes were extremely pungent.
11866,pungent,"The chef added a pungent spice blend to the marinade, giving the meat a unique and powerful taste."
11867,rapt,"The children were rapt, their eyes glued to the magician as he pulled a rabbit from his hat."
11867,rapt,"She listened, rapt, as he described his adventures in the Amazon rainforest."
11867,rapt,"The audience was completely rapt by the soprano's performance, hanging on every note."
11867,rapt,He was so rapt in his work that he didn't even notice the phone ringing.
11867,rapt,"We watched, rapt with anticipation, as the final seconds of the game ticked away."
11868,repellent,I sprayed myself with insect repellent before going hiking in the woods.
11868,repellent,His rude and arrogant behavior was repellent to everyone he met.
11868,repellent,The store sells a wide variety of animal repellent products to keep deer out of your garden.
11868,repellent,"The smell of the old fish was absolutely repellent, making it impossible to stay in the kitchen."
11868,repellent,The government's proposed policy on immigration was deeply repellent to many human rights advocates.
11869,squeamish,"I'm a bit squeamish when it comes to needles, so I always look away during blood draws."
11869,squeamish,"He's too squeamish to watch horror movies, preferring comedies and dramas instead."
11869,squeamish,The documentary about animal slaughter was difficult to watch; even those who weren't usually squeamish found it disturbing.
11869,squeamish,"Despite her medical training, she remained squeamish about certain surgical procedures, particularly those involving the brain."
11869,squeamish,"Some people are squeamish about discussing personal finances, finding it an uncomfortable and private topic."
11870,vociferous,The crowd grew vociferous in their disapproval as the referee made the controversial call.
11870,vociferous,"She was a vociferous advocate for animal rights, always speaking out against any form of cruelty."
11870,vociferous,"Despite the evidence against him, he remained vociferous in his claims of innocence."
11870,vociferous,"The residents were vociferous in their opposition to the proposed highway expansion, fearing increased noise and pollution."
11870,vociferous,"While some attendees remained silent, a vociferous minority dominated the town hall meeting with their passionate arguments."
11871,voluptuous,"The artist sculpted a voluptuous figure, capturing the beauty of the female form."
11871,voluptuous,"She chose a dress that accentuated her voluptuous curves, making her feel confident and radiant."
11871,voluptuous,"While some prefer a slender build, others are drawn to a more voluptuous physique."
11871,voluptuous,"The novel described the heroine as having a voluptuous voice, rich and full of emotion."
11871,voluptuous,He admired the voluptuous blooms of the peony bushes in the garden.
11872,airtight,"To keep the cookies fresh, store them in an airtight container."
11872,airtight,"The prosecution presented an airtight case, leaving the jury with no reasonable doubt."
11872,airtight,We need to find an airtight solution to prevent any further leaks in the plumbing system.
11872,airtight,The astronaut's suit must be completely airtight to protect them from the vacuum of space.
11872,airtight,"For long-term storage, vacuum-sealing the meat in airtight bags is recommended."
11873,caustic,"Her caustic wit made her a feared debater, but also alienated many potential allies."
11873,caustic,The cleaner was far too caustic and burned a hole in the fabric.
11873,caustic,"He delivered a caustic critique of the company's new marketing strategy, leaving no room for interpretation."
11873,caustic,Try not to be so caustic; your comments are hurtful even if you don't mean them to be.
11873,caustic,The political cartoon was a caustic commentary on the current administration's policies.
11874,chaste,The heroine in the novel was portrayed as a chaste and virtuous young woman.
11874,chaste,"Although they were deeply in love, they maintained a chaste relationship until their wedding night."
11874,chaste,The antique sculpture depicted a chaste scene from Greek mythology.
11874,chaste,He admired her chaste beauty and her unwavering commitment to her values.
11874,chaste,"While the movie was entertaining, some viewers found the depiction of love to be overly chaste and unrealistic."
11875,concave,"The astronomer explained that the shape of the lens was concave, which helped focus the distant starlight."
11875,concave,The sculptor carefully shaped the clay to create a concave curve in the figure's back.
11875,concave,I tripped because the sidewalk had a concave dip where the tree roots had grown underneath.
11875,concave,"The inside of the bowl is concave, making it perfect for holding soup or cereal."
11875,concave,He designed the new stadium with a concave roof to improve acoustics and provide better shelter from the rain.
11876,derelict,The derelict building stood as a stark reminder of the town's economic decline.
11876,derelict,He was derelict in his duty as a lifeguard and failed to notice the swimmer in distress.
11876,derelict,"The old car, now derelict and overgrown with weeds, had been sitting in the field for years."
11876,derelict,"After the factory closed, the surrounding neighborhood slowly became derelict and unsafe."
11876,derelict,The captain was found derelict of his responsibilities when the ship ran aground.
11877,earthen,"The archeologists carefully brushed away the dirt, revealing an earthen pot dating back centuries."
11877,earthen,"The villagers still use an earthen oven to bake their bread, giving it a unique, smoky flavor."
11877,earthen,"We sat on the earthen bank of the river, watching the sunset paint the sky with vibrant colors."
11877,earthen,"The architect incorporated earthen materials into the building's design, creating a structure that blended seamlessly with the surrounding landscape."
11877,earthen,"After the heavy rain, the earthen path became muddy and difficult to navigate."
11878,fluffy,"The kitten was so fluffy, I couldn't resist picking it up and giving it a cuddle."
11878,fluffy,She wore a fluffy pink sweater that looked incredibly comfortable on the chilly autumn day.
11878,fluffy,"The chef whipped the cream until it was light and fluffy, perfect for topping the chocolate cake."
11878,fluffy,"Despite its fluffy appearance, the Samoyed is a working dog breed with a surprisingly strong build."
11878,fluffy,"The clouds were so fluffy and white, they looked like giant cotton balls floating across the clear blue sky."
11879,futive,The fugitive escaped from custody after a daring nighttime breakout.
11879,futive,"Despite the extensive search, the fugitive remained elusive, prompting authorities to widen their investigation."
11879,futive,"Knowing his past actions made him a fugitive, he decided to assume a new identity and start over in a different country."
11879,futive,"The news report detailed the crimes committed by the fugitive, emphasizing the danger he posed to the public."
11879,futive,"After years of living as a fugitive, he finally surrendered to the authorities, hoping for a reduced sentence."
11880,grubby,The toddler's grubby hands left fingerprints all over the freshly cleaned windows.
11880,grubby,"He found an old, grubby coin under the floorboards while renovating the house."
11880,grubby,"Despite her best efforts, the mechanic's overalls always looked grubby by the end of the day."
11880,grubby,"The antique book was fascinating, but its grubby cover made me wonder where it had been."
11880,grubby,"After a long hike, we were all hot, tired, and covered in grubby clothes."
11881,hackneyed,The plot of that movie was so hackneyed; it felt like I'd seen it a hundred times before.
11881,hackneyed,"I tried to write a love poem, but all the phrases sounded so hackneyed and cliché."
11881,hackneyed,"The politician's speech was full of hackneyed phrases and empty promises, offering nothing new to the debate."
11881,hackneyed,Let's try to come up with a more original idea; I'm tired of hearing the same hackneyed solutions being proposed.
11881,hackneyed,"While the sentiment was genuine, the artist's use of hackneyed imagery detracted from the overall impact of the painting."
11882,homogeneous,"The cookie dough was perfectly homogeneous, ensuring each cookie baked evenly."
11882,homogeneous,"The population of the island is remarkably homogeneous, with little ethnic diversity."
11882,homogeneous,"For the experiment to be valid, we need a homogeneous sample of participants with similar backgrounds and experiences."
11882,homogeneous,"While some appreciate the homogeneous nature of the community, others find it lacking in vibrancy and cultural exchange."
11882,homogeneous,"The paint needs to be thoroughly mixed until it achieves a homogeneous consistency; otherwise, you'll see streaks on the wall."
11883,humdrum,"After years in the same position, the job had become a humdrum routine."
11883,humdrum,She longed to escape the humdrum existence of her small town and experience the excitement of the city.
11883,humdrum,"The committee meeting was predictably humdrum, with the same issues being discussed as always."
11883,humdrum,"To break up the humdrum of daily life, we decided to take a spontaneous weekend trip."
11883,humdrum,"He found solace in his hobby, a creative outlet that offered an escape from the humdrum realities of his work."
11884,immaculate,"Her white dress was immaculate, not a single speck of dirt on it despite the muddy conditions."
11884,immaculate,"The surgeon's sterile technique was immaculate, minimizing the risk of infection."
11884,immaculate,"He kept his vintage car in immaculate condition, polishing it every weekend."
11884,immaculate,"Despite the chaotic nature of his work, his desk was always surprisingly immaculate."
11884,immaculate,The museum curator praised the immaculate preservation of the ancient artifact.
11885,impervious,"The old castle walls were virtually impervious to cannon fire, having withstood centuries of attacks."
11885,impervious,"He seemed impervious to criticism, never reacting to even the harshest comments about his work."
11885,impervious,"Wearing a thick wetsuit makes you almost impervious to the cold water, allowing you to stay submerged for longer."
11885,impervious,"Despite the constant rain, the tent remained impervious, keeping us dry and comfortable throughout the night."
11885,impervious,"The company claimed their new coating was impervious to scratches, but early tests proved otherwise."
11886,incandescent,"The stage was bathed in the warm, incandescent glow of the spotlights."
11886,incandescent,"Although incandescent bulbs are less energy-efficient than LEDs, many people prefer their soft, natural light."
11886,incandescent,"Her anger was incandescent, radiating outwards and silencing everyone in the room."
11886,incandescent,The artist captured the incandescent beauty of the sunset in her vibrant painting.
11886,incandescent,"We replaced the old, unreliable incandescent lamp with a brighter, more modern fluorescent fixture."
11887,inscrutable,"The detective found the suspect's motives inscrutable, making it difficult to build a case against him."
11887,inscrutable,"My grandmother's expression was inscrutable as she listened to my story, leaving me unsure if she approved or disapproved."
11887,inscrutable,The ancient artifact was covered in inscrutable symbols that no one could decipher.
11887,inscrutable,"Despite my best efforts, the cat remained an inscrutable creature, its behavior driven by unknown desires."
11887,inscrutable,"He stared out the window with an inscrutable gaze, lost in thoughts that were clearly far away."
11888,intangible,"The company's success is due to many intangible factors, such as employee morale and a strong company culture."
11888,intangible,"While the financial benefits were attractive, the intangible rewards of working for a non-profit, like making a difference in the community, were more important to her."
11888,intangible,Brand loyalty is an intangible asset that can be difficult to quantify but is incredibly valuable to a business.
11888,intangible,It's hard to put a price on those intangible things like peace of mind or the feeling of security.
11888,intangible,The value of mentorship lies in the intangible knowledge and guidance passed down from experienced professionals.
11889,legible,"The doctor's handwriting was barely legible, making it difficult to understand the prescription."
11889,legible,Please ensure your application form is filled out neatly and is easily legible to avoid any processing delays.
11889,legible,"Although the painting was old, the inscription on the back was still surprisingly legible."
11889,legible,I had to rewrite the note because my initial attempt wasn't very legible in the dim light.
11889,legible,"Is this document legible enough for you to read, or should I increase the font size?"
11890,lithe,"The dancer's lithe movements captivated the audience, her body seeming to defy gravity."
11890,lithe,"Despite his age, the yoga instructor remained surprisingly lithe and flexible."
11890,lithe,She moved with a lithe grace that made her stand out in the crowded room.
11890,lithe,"The cat, lithe and silent, stalked its prey through the tall grass."
11890,lithe,"Years of training had made her body incredibly lithe, allowing her to perform complex acrobatic maneuvers with ease."
11891,menial,"Even though she had a PhD, she started at the company doing menial tasks like filing and making coffee."
11891,menial,"He felt the job was beneath him, complaining that all he was asked to do was menial labor."
11891,menial,I don't mind doing the menial work if it means I can eventually work on more interesting projects.
11891,menial,The report highlighted the exploitation of immigrant workers who were often relegated to menial and low-paying jobs.
11891,menial,"While some find cleaning therapeutic, I consider it a menial chore that I try to avoid at all costs."
11892,ostentatious,Her ostentatious diamond ring drew gasps from everyone at the party; it was clearly meant to impress.
11892,ostentatious,"The rapper's ostentatious display of wealth, from the gold chains to the luxury cars, felt a bit over the top."
11892,ostentatious,"While I appreciate good design, the architect's ostentatious use of rare materials seemed wasteful and unnecessary."
11892,ostentatious,"He tried to appear humble, but his ostentatious name-dropping betrayed his desire for recognition."
11892,ostentatious,"I find that kind of ostentatious generosity, where people donate large sums publicly to gain attention, a little distasteful."
11893,peppery,The arugula salad had a surprisingly peppery bite to it.
11893,peppery,"He added a generous pinch of black pepper, making the sauce quite peppery."
11893,peppery,The wine has a peppery finish that complements the grilled steak perfectly.
11893,peppery,"I don't usually enjoy spicy food, but this peppery stew is warming and delicious on a cold day."
11893,peppery,"According to the chef, the secret ingredient in his signature dish is a rare, intensely peppery variety of peppercorn from Madagascar."
11894,privy,"I wasn't privy to the details of their argument, so I can't really comment on who was right."
11894,privy,"As a member of the board, she was privy to confidential financial information."
11894,privy,He seemed to be privy to some inside joke that the rest of us didn't understand.
11894,privy,"Unless you're a direct relative, you won't be privy to the reading of the will."
11894,privy,"I'm not privy to that information, so you'll have to ask someone in management."
11895,promiscuous,"I don't want to be judgmental, but her promiscuous behavior is starting to worry her friends and family."
11895,promiscuous,"In some circles, the term 'promiscuous' is used as a derogatory label to shame individuals for their sexual choices."
11895,promiscuous,The research suggests that certain species of insects exhibit promiscuous mating habits to increase genetic diversity.
11895,promiscuous,"He defended his lifestyle, arguing that as long as everyone involved was consenting and practicing safe sex, his promiscuous relationships were nobody else's business."
11895,promiscuous,The novel explores the social consequences of a woman defying societal expectations and embracing a promiscuous lifestyle in 19th-century Europe.
11896,replete,"The buffet table was replete with every imaginable delicacy, from fresh seafood to decadent desserts."
11896,replete,"After a long day of hiking, we returned to the cabin, our minds replete with the beauty of the mountains."
11896,replete,"The museum's collection is replete with artifacts from ancient civilizations, offering a fascinating glimpse into the past."
11896,replete,"Her research paper was replete with detailed data and insightful analysis, earning her high praise from her professor."
11896,replete,"The novel is replete with symbolism and allegory, inviting readers to delve deeper into its meaning."
11897,salient,The most salient feature of the new phone is its improved camera.
11897,salient,She made a salient point about the need for better communication within the team.
11897,salient,"Despite the minor issues, the salient benefits of the software outweigh the drawbacks."
11897,salient,What are the most salient differences between these two proposals?
11897,salient,The politician focused on the salient issues of the economy and healthcare during the debate.
11898,sodden,"After being caught in the downpour, my jeans were sodden and heavy."
11898,sodden,"The sodden newspaper was practically unreadable, the ink smeared across the pages."
11898,sodden,"We tried to start a fire, but the sodden wood just wouldn't catch."
11898,sodden,"Despite the rain gear, my socks were sodden by the end of the hike, making my feet incredibly uncomfortable."
11898,sodden,"The floodwaters left the carpets sodden and ruined, requiring professional cleaning and potentially replacement."
11899,soggy,The cereal was left out overnight and now it's all soggy and unappetizing.
11899,soggy,"I forgot to bring an umbrella, and now my socks are completely soggy."
11899,soggy,The garden was so soggy after the heavy rain that it was impossible to walk through without sinking into the mud.
11899,soggy,The reviewer criticized the restaurant's pizza for having a soggy crust due to excessive sauce.
11899,soggy,"Despite my best efforts to dry them, the flyers I was handing out became soggy in the downpour, making them difficult to distribute."
11900,squrious,"The detective dismissed the anonymous tip as spurious, given its lack of credible evidence and obvious biases."
11900,squrious,"Her claim that she won the lottery seemed spurious to me, especially since she's always trying to scam people."
11900,squrious,"The website was flagged for containing spurious information about medical treatments, potentially endangering those who relied on it."
11900,squrious,"After a careful examination of the documents, the auditor determined that several of the financial transactions were spurious and needed further investigation."
11900,squrious,Don't be fooled by those online ads promising instant wealth; most of them are spurious and designed to steal your personal information.
11901,stealthy,"The cat moved with a stealthy grace, stalking its prey in the tall grass."
11901,stealthy,He made a stealthy attempt to grab the last cookie from the jar when he thought no one was looking.
11901,stealthy,The government employed stealthy surveillance techniques to monitor potential threats to national security.
11901,stealthy,"Despite his stealthy approach, the guard dog immediately sensed his presence and began to bark."
11901,stealthy,We need a more stealthy marketing strategy to reach our target demographic without alerting the competition.
11902,stuffy,The air in the conference room was so stuffy that I started to get a headache.
11902,stuffy,"He comes across as a bit stuffy, but he's actually quite fun once you get to know him."
11902,stuffy,"I couldn't stand the stuffy atmosphere of the formal dinner, so I excused myself early."
11902,stuffy,"This old house gets incredibly stuffy in the summer, even with the windows open."
11902,stuffy,"My nose is so stuffy from this cold, I can barely breathe."
11903,threadbare,"The old teddy bear, once fluffy and bright, was now threadbare from years of being cuddled."
11903,threadbare,"The professor's tweed jacket was undeniably threadbare, but he wore it with a certain academic pride."
11903,threadbare,"After years of overuse, the arguments against the proposal had become threadbare and unconvincing."
11903,threadbare,"She donated her threadbare clothes to the charity shop, hoping someone in need could still find some use for them."
11903,threadbare,"The carpet in the hallway was threadbare in several places, a clear sign that it needed to be replaced."
11904,trite,"The politician's speech was full of trite phrases about hope and change, offering no real solutions."
11904,trite,"I know it sounds trite, but I really do believe that everything happens for a reason."
11904,trite,The movie's plot was so trite and predictable that I could guess the ending within the first fifteen minutes.
11904,trite,"He offered the trite apology, 'I'm sorry if I offended you,' which didn't sound sincere at all."
11904,trite,"While the sentiment was appreciated, the sympathy card contained such trite expressions of grief that it felt impersonal."
11905,ungainly,"The newborn giraffe, all legs and neck, took a few ungainly steps before collapsing back onto the straw."
11905,ungainly,"He made an ungainly attempt to catch the football, tripping over his own feet and landing in a heap."
11905,ungainly,"The antique cabinet was beautiful, but its ungainly size made it impossible to fit through the doorway."
11905,ungainly,"Despite her initial ungainly movements, the dancer quickly found her rhythm and captivated the audience."
11905,ungainly,"Navigating the crowded market with a large backpack proved to be an ungainly experience, constantly bumping into people and stalls."
11906,unkempt,"After camping for a week, the children returned home with unkempt hair and dirty clothes."
11906,unkempt,His unkempt appearance and disheveled beard suggested he hadn't slept well in days.
11906,unkempt,"The garden, once meticulously planned, had become unkempt and overgrown with weeds."
11906,unkempt,"Despite her wealth, she often dressed in unkempt clothing, seemingly unconcerned with appearances."
11906,unkempt,"The abandoned building stood as a stark reminder of neglect, its unkempt facade a testament to years of decay."
11907,unscathed,"Despite the intense media scrutiny, the CEO emerged from the scandal relatively unscathed."
11907,unscathed,I can't believe he walked away from that car accident completely unscathed; it's a miracle!
11907,unscathed,"The antique vase survived the earthquake unscathed, much to the owner's relief."
11907,unscathed,"Although the company faced significant challenges during the recession, its reputation remained largely unscathed."
11907,unscathed,"She navigated the treacherous political landscape of the office unscathed, earning the respect of her colleagues."
11908,urbane,His urbane wit and charming demeanor made him a popular guest at any social gathering.
11908,urbane,"The magazine is known for its urbane perspective on art, fashion, and culture."
11908,urbane,"Despite growing up in a small town, he possessed an urbane sophistication that impressed everyone he met."
11908,urbane,"She appreciated his urbane taste in music and literature, finding him a stimulating conversationalist."
11908,urbane,The ambassador's urbane diplomacy helped to ease tensions between the two nations.
11909,venomous,"The venomous snake slithered across the desert sand, a danger to any who crossed its path."
11909,venomous,"After their argument, her words felt venomous, filled with a spite I hadn't heard before."
11909,venomous,Scientists are studying the venomous compounds of the Gila monster to potentially develop new medicines.
11909,venomous,Be careful when hiking in that area; it's known to be home to several venomous spiders.
11909,venomous,His venomous criticism of her performance was unwarranted and completely demoralizing.
11910,antecedent,The word 'he' in the sentence 'John said he was tired' has 'John' as its antecedent.
11910,antecedent,"Before making a decision, it's important to understand the historical antecedents that led to the current situation."
11910,antecedent,Her fear of heights had a clear antecedent: a childhood incident where she almost fell from a tree.
11910,antecedent,The research team is investigating the genetic antecedents of this rare disease.
11910,antecedent,"Given the suspect's known violent antecedents, the judge denied bail."
11911,binary,"Computers operate using a binary system, representing all data as 0s and 1s."
11911,binary,"The question seemed binary: either you're with us, or you're against us."
11911,binary,"In digital photography, the image information is stored in binary code."
11911,binary,"I'm not sure about the details, but it involves converting text into binary for data storage."
11911,binary,"The debate often gets framed in binary terms, ignoring the nuances and complexities of the issue."
11912,binocular,He used his binocular to get a better view of the birds in the distance.
11912,binocular,Don't forget to pack your binocular for the whale watching tour; you won't want to miss anything.
11912,binocular,"The security guard scanned the perimeter with a powerful binocular, searching for any signs of trespassers."
11912,binocular,"Through the binocular, the climbers appeared much closer to the summit than they actually were."
11912,binocular,A good quality binocular is essential for any serious birder or wildlife enthusiast.
11913,embryonic,"The project is still in its embryonic stage, so we don't have many concrete details to share yet."
11913,embryonic,Researchers are exploring the potential of embryonic stem cells to regenerate damaged tissues.
11913,embryonic,"Her business plan was embryonic, needing significant development before it could attract investors."
11913,embryonic,"The movement for social change was embryonic at first, but it quickly gained momentum."
11913,embryonic,"While the idea is interesting, it's currently just an embryonic concept that requires further investigation and refinement."
11914,ephemeral,"The beauty of the cherry blossoms is ephemeral, lasting only a few weeks each spring."
11914,ephemeral,"Online trends are often ephemeral, quickly fading from popularity as new ones emerge."
11914,ephemeral,Life is ephemeral; we should cherish every moment and make the most of our time.
11914,ephemeral,The artist sought to capture the ephemeral quality of light in her watercolor paintings.
11914,ephemeral,"Despite its ephemeral nature, the impact of that single conversation changed the course of my life."
11915,exorbitant,"The hotel charged an exorbitant price for a bottle of water, it was highway robbery!"
11915,exorbitant,"I wanted to buy the designer handbag, but the price tag was exorbitant, so I decided to look elsewhere."
11915,exorbitant,"The lawyer's fees were exorbitant, especially considering the case was so simple."
11915,exorbitant,"During the festival, vendors often charge exorbitant prices for food and souvenirs, taking advantage of the tourists."
11915,exorbitant,We had to abandon the project because the cost of materials had become exorbitant due to supply chain issues.
11916,extemporaneous,The comedian's extemporaneous jokes were much funnier than his prepared material.
11916,extemporaneous,"I hadn't prepared a speech, so my remarks were completely extemporaneous."
11916,extemporaneous,"While the presentation was well-rehearsed, the Q&A session was entirely extemporaneous, forcing the speakers to think on their feet."
11916,extemporaneous,"Despite his nervousness, his extemporaneous response to the reporter's question was surprisingly eloquent."
11916,extemporaneous,"Instead of reading from a script, the professor delivered an extemporaneous lecture, allowing for a more engaging and interactive discussion with the students."
11917,fitful,"After a fitful night of sleep, she woke up feeling even more exhausted than before she went to bed."
11917,fitful,"The old dog's breathing was fitful and shallow, worrying his owners."
11917,fitful,"The project experienced fitful progress, with periods of intense activity followed by long stretches of inactivity."
11917,fitful,"He tried to concentrate on his book, but the fitful sunlight streaming through the trees kept distracting him."
11917,fitful,"Despite his best efforts to stay calm, his attempts at meditation were fitful and inconsistent."
11918,immemorial,"The tradition of gathering around the bonfire on Midsummer's Eve is immemorial, passed down through countless generations."
11918,immemorial,Local legend says that the ancient oak in the village square has stood there since time immemorial.
11918,immemorial,"For them, the sacredness of the land was immemorial, predating any written records or ownership claims."
11918,immemorial,"The practice of storytelling around the hearth is an immemorial custom in many cultures, connecting us to our ancestors."
11918,immemorial,"It seems like the feud between those two families has been going on since time immemorial, and no one remembers how it even started."
11919,impetuous,Her impetuous decision to quit her job without a backup plan left her scrambling to make ends meet.
11919,impetuous,"The young knight, impetuous and eager to prove himself, charged ahead of the main army and found himself surrounded."
11919,impetuous,I regretted my impetuous reply to his email; I should have taken some time to cool down before responding.
11919,impetuous,"Don't be so impetuous! Think before you act, or you'll likely make a mistake."
11919,impetuous,"His impetuous nature often led him to make grand, sweeping statements that he couldn't possibly fulfill."
11920,irrevocable,"The judge's decision was irrevocable, meaning there was no possibility of appeal."
11920,irrevocable,"Once you submit your application, the changes are irrevocable, so be sure to double-check everything."
11920,irrevocable,He made an irrevocable promise to his dying mother that he would take care of his younger siblings.
11920,irrevocable,"That mistake had an irrevocable impact on his career, and he never quite recovered."
11920,irrevocable,"Signing the contract meant we had made an irrevocable commitment to the project, whether we liked it or not."
11921,posthumous,"The artist only achieved fame posthumously, after his paintings were discovered in an attic."
11921,posthumous,Her father received a posthumous award for his bravery and dedication to the fire department.
11921,posthumous,"The author's unfinished manuscript was published posthumously, much to the delight of her fans."
11921,posthumous,It's a shame that he didn't live to see his invention become so successful; it was a posthumous triumph.
11921,posthumous,There's been some debate about whether the composer would have approved of the posthumous arrangement of his work.
11922,primordial,The artist sought to capture the primordial energy of nature in his abstract paintings.
11922,primordial,"Deep within the cave, the air felt heavy with a primordial stillness, as if time itself had stopped."
11922,primordial,"Our fears, some psychologists argue, are rooted in primordial instincts for survival."
11922,primordial,The researcher studied the early Earth's atmosphere to understand the primordial conditions that allowed life to emerge.
11922,primordial,"Before the intervention of humans, the Amazon rainforest was a landscape of raw, primordial beauty."
11923,rudimentary,"His knowledge of French was only rudimentary, just enough to order a croissant."
11923,rudimentary,"The survival shelter they built was rudimentary, but it offered protection from the wind and rain."
11923,rudimentary,"Even with my rudimentary understanding of coding, I could see the potential flaws in the program's design."
11923,rudimentary,The course provides a rudimentary introduction to accounting principles before moving on to more complex topics.
11923,rudimentary,"While the initial design was rudimentary, it served as a solid foundation for the final, sophisticated product."
11924,tardy,"The bus was unusually tardy this morning, making me late for work."
11924,tardy,"If you're tardy to class three times, it will affect your participation grade."
11924,tardy,I apologize for being tardy to the meeting; I encountered unexpected traffic.
11924,tardy,She received a tardy slip because she overslept and missed the first few minutes of homeroom.
11924,tardy,The company president sent a memo reminding employees to be punctual and avoid being tardy.
11925,transitory,"The joy of winning felt amazing, but I knew it was a transitory feeling and wouldn't last forever."
11925,transitory,"Life is full of transitory moments, so it's important to appreciate the present."
11925,transitory,"The exhibit focused on the ephemeral nature of art, highlighting its transitory existence."
11925,transitory,Her anger was transitory; she was usually a very calm and collected person.
11925,transitory,"We're looking for a more permanent solution, not a transitory fix that will only address the problem temporarily."
11926,agile,The agile software development team was able to quickly adapt to changing client requirements.
11926,agile,"Despite his age, the yoga instructor remained remarkably agile and flexible."
11926,agile,We need an agile marketing strategy that can respond to emerging trends in real-time.
11926,agile,The squirrel was incredibly agile as it leaped from branch to branch in the old oak tree.
11926,agile,"To be successful in this fast-paced industry, companies need to be agile and innovative."
11927,amenable,The manager seemed amenable to our suggestion of flexible working hours.
11927,amenable,"I'm usually amenable to trying new restaurants, but I'm not sure about that one."
11927,amenable,"While the initial proposal was rejected, the committee is amenable to considering revisions."
11927,amenable,Are you amenable to meeting next week to discuss the project in more detail?
11927,amenable,"He's generally quite amenable, so I doubt you'll have any trouble convincing him."
11928,blithe,She walked along the beach with a blithe disregard for the gathering storm clouds.
11928,blithe,"Despite the bad news, he maintained a blithe optimism that was both admirable and slightly unsettling."
11928,blithe,The play's blithe spirit and witty dialogue made it a delightful evening at the theater.
11928,blithe,"He gave a blithe wave as he drove off, unaware of the trouble he was leaving behind."
11928,blithe,"With a blithe attitude, she shrugged off the criticism and continued pursuing her dreams."
11929,circumspect,"Given the company's recent financial troubles, investors are understandably circumspect about buying their stock."
11929,circumspect,"After being scammed online, she's become much more circumspect about sharing personal information."
11929,circumspect,It's wise to be circumspect when discussing sensitive political topics with people you don't know well.
11929,circumspect,"The detective was circumspect in his questioning, careful not to reveal too much of what he already knew."
11929,circumspect,"He approached the negotiation with a circumspect attitude, aware that the other party had a reputation for being difficult."
11930,compliant,The software is fully compliant with all current data privacy regulations.
11930,compliant,"He was a compliant child, always willing to help his parents with chores."
11930,compliant,"To receive the grant, you must ensure your project remains compliant with the funding guidelines."
11930,compliant,"Despite his initial reluctance, he eventually became compliant with the doctor's orders and started taking his medication."
11930,compliant,The manager appreciated having a compliant team that followed procedures and met deadlines.
11931,demure,"Despite her flamboyant style on stage, in person she was surprisingly demure and soft-spoken."
11931,demure,"The portrait depicted a young woman with a demure smile and downcast eyes, radiating innocence."
11931,demure,He found her demure demeanor and quiet intelligence far more appealing than the boisterousness of the other women at the party.
11931,demure,"While some might see her demure attitude as shyness, I think it's a sign of her thoughtful nature."
11931,demure,"The actress played the role of a demure Victorian lady, a stark contrast to her previous roles as a rebellious teenager."
11932,discerning,"She has a discerning eye for detail, which makes her an excellent editor."
11932,discerning,Only the most discerning customers appreciate the subtle nuances of this rare vintage wine.
11932,discerning,"He's a discerning traveler, always seeking authentic experiences rather than tourist traps."
11932,discerning,The art critic's discerning analysis of the painting revealed layers of meaning I hadn't noticed before.
11932,discerning,Finding a truly discerning leader who prioritizes ethics over profit is becoming increasingly difficult.
11933,fussy,My toddler is incredibly fussy about what he eats; he'll only eat chicken nuggets and plain pasta.
11933,fussy,"The editor was quite fussy about the formatting, insisting on specific fonts and margins."
11933,fussy,"Don't be so fussy! It's just a small scratch, it'll buff right out."
11933,fussy,"She's a bit fussy when it comes to hotels, always demanding a room with a view and impeccable service."
11933,fussy,"The baby was fussy all afternoon, refusing to nap and crying for seemingly no reason."
11934,gullible,He's so gullible; he believes everything he reads on the internet.
11934,gullible,Don't be so gullible! That email promising you millions is obviously a scam.
11934,gullible,"The con artist preyed on elderly, gullible people, stealing their life savings."
11934,gullible,The politician's empty promises appealed to a surprisingly gullible electorate.
11934,gullible,"Perhaps I was too gullible in trusting him, but I genuinely believed his intentions were good."
11935,impertinent,I hope I wasn't being impertinent when I asked about your salary; I was just curious.
11935,impertinent,The student was sent to the principal's office for making impertinent remarks to the teacher.
11935,impertinent,Her impertinent questions about my personal life made me uncomfortable.
11935,impertinent,"Despite his youth, he had the impertinent audacity to challenge the CEO's decisions during the meeting."
11935,impertinent,It would be impertinent of me to offer advice when I know so little about the situation.
11936,incredulous,He gave me an incredulous look when I told him I'd won the lottery.
11936,incredulous,The detective listened to the suspect's alibi with an incredulous expression.
11936,incredulous,"When she claimed to have seen a UFO, we were all incredulous."
11936,incredulous,I was incredulous at the sheer amount of paperwork required to file the claim.
11936,incredulous,"Despite the evidence, some people remain incredulous about the moon landing."
11937,indolent,"His indolent approach to work frustrated his colleagues, who often had to pick up his slack."
11937,indolent,"The humid summer air made everyone feel indolent, preferring naps to outdoor activities."
11937,indolent,"Despite his intelligence, his indolent nature prevented him from achieving his full potential."
11937,indolent,"She scolded her cat for being indolent, lying in the sun all day instead of catching mice."
11937,indolent,The professor warned the students that an indolent attitude toward their studies would result in failing grades.
11938,infallible,No one is infallible; we all make mistakes from time to time.
11938,infallible,"The software's marketing claimed it was an infallible solution to all our problems, but it crashed within the first hour of use."
11938,infallible,"While the professor is highly respected in his field, even he admits that his theories are not infallible."
11938,infallible,"Despite his meticulous planning, the general knew that his strategy wasn't infallible and prepared for contingencies."
11938,infallible,"The ancient philosophers believed in an infallible, all-knowing deity, but modern science challenges that view."
11939,inquisitive,The inquisitive toddler kept opening every cupboard in the kitchen.
11939,inquisitive,Her inquisitive nature led her to a career in investigative journalism.
11939,inquisitive,"He asked a lot of questions, but he was just being inquisitive, not rude."
11939,inquisitive,The scientist's inquisitive mind constantly sought to unravel the mysteries of the universe.
11939,inquisitive,"During the interview, the panel appreciated the candidate's inquisitive approach to problem-solving."
11940,insolent,The student was sent to the principal's office for his insolent remarks to the teacher.
11940,insolent,I couldn't believe the insolent tone she took with her mother; it was incredibly disrespectful.
11940,insolent,His insolent behavior at the dinner party made him unwelcome at future gatherings.
11940,insolent,"Despite being warned, he continued to make insolent gestures towards the security guard, eventually leading to his removal from the premises."
11940,insolent,The manager fired the new employee after just one week due to his consistently insolent attitude and refusal to follow instructions.
11941,insular,"Growing up in a small, rural town can sometimes lead to an insular worldview, as exposure to different cultures is limited."
11941,insular,"The professor criticized the department's insular approach to research, arguing that they needed to collaborate more with other disciplines."
11941,insular,"He was accused of being insular and out of touch, unwilling to listen to opinions that differed from his own."
11941,insular,"Despite living in a bustling city, she remained quite insular, rarely venturing outside her apartment or interacting with her neighbors."
11941,insular,The company's insular corporate culture made it difficult for new ideas and innovation to thrive.
11942,judicious,Investing in a diversified portfolio is a judicious way to manage risk.
11942,judicious,She made a judicious decision to save a portion of her salary each month.
11942,judicious,"The lawyer offered judicious advice, guiding his client towards a fair settlement."
11942,judicious,It would be more judicious to wait for the sales before buying a new television.
11942,judicious,The committee members praised his judicious handling of the sensitive negotiations.
11943,obtrusive,"The security cameras, while necessary, felt rather obtrusive in the otherwise charming cafe."
11943,obtrusive,"I tried to subtly suggest he lower the volume, but I didn't want to be obtrusive."
11943,obtrusive,"The bright yellow paint was a bit obtrusive, clashing with the natural colors of the surrounding landscape."
11943,obtrusive,The constant notifications from that app became so obtrusive that I finally had to uninstall it.
11943,obtrusive,"In an effort to avoid being obtrusive, the research team collected data passively, observing behaviors without directly interacting with the subjects."
11944,overbearing,His overbearing personality often made it difficult for others to contribute their ideas during team meetings.
11944,overbearing,"I tried to offer some advice, but her mother was so overbearing that she wouldn't let me get a word in edgewise."
11944,overbearing,The company director's overbearing management style stifled creativity and led to high employee turnover.
11944,overbearing,"She found her new boss to be incredibly overbearing, constantly micromanaging every aspect of her work."
11944,overbearing,"While he meant well, his overbearing concern for my well-being sometimes felt suffocating."
11945,pert,She had a pert nose and a mischievous grin that suggested she was always up to something.
11945,pert,"The reporter asked a pert question about the CEO's salary, which made him visibly uncomfortable."
11945,pert,"Despite the serious nature of the meeting, she offered a pert remark that lightened the mood."
11945,pert,He admired her pert independence and refusal to conform to societal expectations.
11945,pert,"The little robin perched on the branch, giving its head a pert tilt as it surveyed the garden."
11946,pompous,"His pompous pronouncements on art history, despite his lack of formal training, irritated everyone in the gallery."
11946,pompous,I couldn't stand the pompous way he described his own accomplishments; it was so self-absorbed.
11946,pompous,"The mayor's pompous speech, filled with empty promises, did little to reassure the anxious citizens."
11946,pompous,She found the professor's pompous lecturing style tiresome; he seemed more interested in showing off his knowledge than teaching.
11946,pompous,Don't be so pompous; nobody likes a know-it-all who always has to be right.
11947,primordial,The artist sought to capture the primordial energy of nature in his abstract paintings.
11947,primordial,"Deep within the cave, the air felt heavy with a primordial stillness, as if time itself had stopped."
11947,primordial,"Our fears, some psychologists argue, are rooted in primordial instincts for survival."
11947,primordial,The researcher studied the early Earth's atmosphere to understand the primordial conditions that allowed life to emerge.
11947,primordial,"Before the intervention of humans, the Amazon rainforest was a landscape of raw, primordial beauty."
11948,sagacious,The CEO's sagacious decision to invest in renewable energy proved beneficial for the company's long-term sustainability.
11948,sagacious,"My grandmother, with her years of experience, always offers sagacious advice on matters of the heart."
11948,sagacious,"He nodded slowly, considering her words with a sagacious expression, as if weighing the truth of her statement."
11948,sagacious,It was a sagacious move on her part to sell the stock before the market crashed.
11948,sagacious,Only a truly sagacious leader could navigate the complexities of international diplomacy with such grace and skill.
11949,servile,The employee's servile attitude towards the boss made everyone else uncomfortable.
11949,servile,"He adopted a servile tone, agreeing with everything she said even when it was clearly wrong."
11949,servile,"The political cartoon depicted the king surrounded by servile advisors, all eager to please him."
11949,servile,I refuse to be servile to anyone; I value my independence and the right to express my own opinions.
11949,servile,"While respect is important, there's a fine line between being polite and being servile."
11950,slovenly,"His slovenly appearance at the job interview immediately disqualified him, despite his impressive resume."
11950,slovenly,I can't stand working with someone so slovenly; their desk is always a complete disaster.
11950,slovenly,"The editor rejected the manuscript, citing its slovenly writing and numerous grammatical errors."
11950,slovenly,"After a week of camping, we all looked rather slovenly and were eager for a hot shower."
11950,slovenly,"While he's brilliant, his slovenly habits, like leaving dirty dishes everywhere, drive his roommates crazy."
11951,spruce,He decided to spruce up his resume before applying for the new job.
11951,spruce,"The town square looked festive with the large, decorated spruce tree in the center."
11951,spruce,We need to spruce up the living room before the guests arrive; maybe add some fresh flowers.
11951,spruce,The architect chose spruce for the framing of the house due to its strength and affordability.
11951,spruce,"After a long day hiking, nothing beats the fresh, clean scent of spruce needles underfoot."
11952,thrifty,My grandmother was incredibly thrifty; she reused everything and never wasted a scrap.
11952,thrifty,Being thrifty doesn't mean being cheap; it means being wise with your money and resources.
11952,thrifty,The company implemented several thrifty measures to cut costs and improve profitability.
11952,thrifty,He's a thrifty shopper and always looks for the best deals and discounts before making a purchase.
11952,thrifty,"Although she's wealthy, she remains thrifty in her personal life, preferring to invest her money wisely rather than spend it frivolously."
11953,truant,The school principal warned parents that repeated truant behavior would result in disciplinary action.
11953,truant,"Instead of attending class, the truant teenagers were spotted at the local arcade."
11953,truant,"He played truant from work that day, claiming to be sick, but his boss suspected otherwise."
11953,truant,"My dog, being the truant he is, escaped from the yard again this morning!"
11953,truant,The social worker is investigating why so many children in the neighborhood are truant.
11954,uncouth,"His uncouth table manners, like eating with his mouth open, were a constant source of embarrassment to his wife."
11954,uncouth,I found his uncouth jokes about the deceased to be completely inappropriate for a funeral.
11954,uncouth,"Despite his wealth, he remained an uncouth individual with little regard for social etiquette."
11954,uncouth,The reporter's uncouth questioning of the grieving family drew criticism from viewers.
11954,uncouth,"She couldn't believe how uncouth her date was, especially when he started picking his teeth at the dinner table."
11955,valiant,"The valiant knight charged into battle, his sword raised high."
11955,valiant,"Despite facing overwhelming odds, the team made a valiant effort to win the game."
11955,valiant,"She gave a valiant attempt to fix the broken computer, even though she had no experience with electronics."
11955,valiant,It was a valiant but ultimately unsuccessful struggle to save the old community center from demolition.
11955,valiant,"I think it's valiant of you to stand up for what you believe in, even when it's unpopular."
11956,virle,"I've never heard the word ""virle"" used before; are you sure you're spelling it correctly?"
11956,virle,"Could you please clarify the meaning of ""virle""? I'm not familiar with that term in this context."
11956,virle,"Perhaps ""virle"" is a technical term specific to a certain field, as it doesn't seem to be in common usage."
11956,virle,"My online dictionary doesn't recognize ""virle""; could it be a regional dialect or a misspelling?"
11956,virle,"Given that ""virle"" is not a recognized word in standard English, could you provide more information about its origin or intended meaning?"
11957,vivacious,"Her vivacious personality made her the life of the party, always ready with a joke or a lively story."
11957,vivacious,"Despite her age, Grandma still possesses a vivacious spirit and a contagious enthusiasm for life."
11957,vivacious,"The actress gave a vivacious performance, captivating the audience with her energy and charisma."
11957,vivacious,I admire her vivacious approach to problem-solving; she never lets setbacks dampen her creativity.
11957,vivacious,"He was drawn to her vivacious nature and quick wit, finding her company both stimulating and enjoyable."
11958,abject,"After losing all his savings in the stock market crash, he lived in abject poverty, struggling to find food and shelter."
11958,abject,"The team played with abject indifference, showing no passion or effort during the game, which infuriated the coach and the fans."
11958,abject,Her apology was abject and heartfelt; she truly regretted the pain she had caused.
11958,abject,"The refugees lived in abject conditions, with limited access to clean water, sanitation, and medical care."
11958,abject,"The dictator's regime forced its citizens into a state of abject submission, crushing any form of dissent with brutal force."
11959,agrarian,"The country's economy is largely agrarian, with most of the population involved in farming."
11959,agrarian,"His family's agrarian roots ran deep, stretching back generations of farmers and land owners."
11959,agrarian,The shift from an agrarian society to an industrial one brought about significant social and economic changes.
11959,agrarian,She studied the history of agrarian reform movements and their impact on land distribution.
11959,agrarian,We visited a living history museum that recreated agrarian life in the 18th century.
11960,eagalitarian,The professor fostered an egalitarian learning environment where all students felt comfortable sharing their ideas.
11960,eagalitarian,"While the company claimed to be egalitarian, in reality, promotions were often based on personal connections rather than merit."
11960,eagalitarian,My friend group has an egalitarian approach to decision-making; everyone's opinion is valued equally.
11960,eagalitarian,"The commune was founded on egalitarian principles, with shared resources and responsibilities for all members."
11960,eagalitarian,"Achieving a truly egalitarian society is a complex and ongoing process, requiring constant vigilance against systemic inequalities."
11961,expedient,"Lying might seem expedient in the short term, but it often leads to bigger problems later on."
11961,expedient,"While not ideal, taking the back roads proved to be the most expedient way to avoid the traffic jam."
11961,expedient,The manager made the expedient decision to cut staff salaries in order to save the company from bankruptcy.
11961,expedient,"It's often expedient to agree with your boss, but sometimes you need to stand your ground."
11961,expedient,"For the sake of a quick resolution, the committee chose the most expedient solution, even though it wasn't the best long-term strategy."
11962,ineligible,"Because he failed to meet the residency requirements, John was deemed ineligible to run for mayor."
11962,ineligible,"Unfortunately, due to your criminal record, you are ineligible for this security clearance."
11962,ineligible,I'm afraid you're ineligible for a refund since you're outside of the 30-day return window.
11962,ineligible,She was found to be ineligible for the scholarship because her family's income exceeded the limit.
11962,ineligible,"If you don't submit all the necessary paperwork, you'll become ineligible for unemployment benefits."
11963,onerous,The task of cleaning out the attic was proving to be more onerous than I had anticipated.
11963,onerous,The new regulations placed an onerous burden on small businesses.
11963,onerous,Dealing with the insurance company after the accident was an incredibly onerous process.
11963,onerous,He found the responsibilities of being a caregiver increasingly onerous as his mother's health declined.
11963,onerous,"While I appreciate the opportunity, the contract's terms and conditions are far too onerous for me to accept."
11964,prodigal,"After years of prodigal spending, he found himself deeply in debt and struggling to make ends meet."
11964,prodigal,"The foundation accused the charity's former director of prodigal use of funds, alleging that donations were spent on lavish parties and unnecessary travel."
11964,prodigal,"She regretted her prodigal youth, wishing she had saved more money instead of constantly buying designer clothes."
11964,prodigal,"He was welcomed back with open arms, like the prodigal son returning home after a long absence."
11964,prodigal,"While some admired his generosity, others considered him prodigal, always giving away more than he could reasonably afford."
11965,untenable,The company's initial position on the environmental regulations quickly became untenable under public scrutiny.
11965,untenable,"After several key witnesses contradicted his alibi, his defense became untenable in court."
11965,untenable,Living in that tiny apartment with three roommates was becoming untenable; I desperately needed more space.
11965,untenable,"The CEO's claim that the company was profitable was untenable, given the massive losses reported in the financial statements."
11965,untenable,"Maintaining this level of secrecy is untenable in the long run; eventually, the truth will come out."
11966,vested,"As a board member, she has a vested interest in seeing the company succeed."
11966,vested,The employees felt they had a vested right to their jobs after so many years of service.
11966,vested,I don't have a vested opinion on the matter; you can choose whichever option you prefer.
11966,vested,He became fully vested in the retirement plan after working at the company for five years.
11966,vested,"The community has a vested stake in the development of the new park, as it will directly impact their quality of life."
11967,arable,"The valley floor was once a vast, arable plain, perfect for growing wheat and barley."
11967,arable,"Due to increasing desertification, the amount of arable land is shrinking rapidly across the region."
11967,arable,They invested heavily in irrigation systems to make the marginal land more arable.
11967,arable,"My grandfather always said, 'Good soil is the foundation of a good life,' emphasizing the importance of arable farmland."
11967,arable,The government is implementing new policies to protect arable land from being converted into housing developments.
11968,bovine,"The farmer's bovine herd grazed peacefully in the lush, green pasture."
11968,bovine,His bovine expression suggested he didn't understand the complex instructions.
11968,bovine,The museum's collection included several antique tools used for managing bovine animals.
11968,bovine,I found the lecture on agricultural techniques rather bovine; it was slow and uninspired.
11968,bovine,"Despite the pressure, she remained calm and patient, displaying a remarkable bovine composure."
11969,succulent,"The succulent roast chicken was a hit at Sunday dinner, with everyone praising its juicy tenderness."
11969,succulent,"I'm trying to create a low-maintenance garden, so I'm planning to plant mostly succulents and drought-resistant grasses."
11969,succulent,That strawberry looks so succulent; I can't wait to take a bite!
11969,succulent,"The botanist explained that succulents store water in their leaves and stems, allowing them to thrive in arid environments."
11969,succulent,"After a long hike in the desert, even the prickly pear cactus seemed to offer a succulent promise of hydration."
11970,sultry,"The sultry summer air hung heavy, making even a short walk feel exhausting."
11970,sultry,Her sultry voice and confident gaze captivated everyone in the room.
11970,sultry,"The film noir actress projected a sultry image, drawing viewers into her web of secrets."
11970,sultry,"After a week of rain, the weather turned sultry, hinting at an approaching thunderstorm."
11970,sultry,"He found her sultry perfume intoxicating, a mix of jasmine and something vaguely spicy."
11971,cursory,"The detective gave the crime scene a cursory glance, but he knew he'd have to examine it more thoroughly later."
11971,cursory,"I only had time for a cursory read of the report, so I might have missed some of the finer details."
11971,cursory,She gave a cursory nod to her neighbor as she hurried to catch the bus.
11971,cursory,"The editor rejected the manuscript after a cursory review, stating that it lacked originality."
11971,cursory,Don't just give the instructions a cursory look; make sure you understand each step before you start building the furniture.
11972,foolproof,"The recipe promised a foolproof method for baking sourdough bread, but mine still came out flat."
11972,foolproof,We need a foolproof system for backing up our data so we don't lose any important information.
11972,foolproof,"This new software is supposed to be foolproof, even my grandmother can use it without any problems."
11972,foolproof,"To make the process foolproof, I've created a step-by-step guide with pictures."
11972,foolproof,"Despite our best efforts to make the security system foolproof, hackers still managed to breach it."
11973,gratuitous,"The movie was entertaining, but the violence felt gratuitous and unnecessary to the plot."
11973,gratuitous,"I thought his comment about her weight was completely gratuitous and frankly, quite rude."
11973,gratuitous,"The editor removed the gratuitous details from the article, making it more concise and impactful."
11973,gratuitous,There's no need for gratuitous displays of affection; let's just focus on getting the job done.
11973,gratuitous,"While some might see it as artistic expression, I found the nudity in the play to be gratuitous and distracting."
11974,illustrious,"The university boasts an illustrious history, attracting students from all over the world."
11974,illustrious,She comes from an illustrious family of artists and musicians.
11974,illustrious,"Despite his later struggles, his early career was quite illustrious, marked by numerous awards and accolades."
11974,illustrious,We are honored to have such an illustrious guest speaker at our conference this year.
11974,illustrious,The small town takes pride in being the birthplace of several illustrious figures in the field of science.
11975,immaterial,Whether he agrees with the proposal or not is immaterial at this point; the decision has already been made.
11975,immaterial,"The exact cost is immaterial to me, as long as the project gets completed on time."
11975,immaterial,Don't worry about the small details; they're immaterial to the overall success of the presentation.
11975,immaterial,The witness's testimony was ruled immaterial to the case and was therefore dismissed by the judge.
11975,immaterial,"To me, social status is completely immaterial when it comes to choosing friends; I value personality and character above all else."
11976,insurmountable,"The task seemed insurmountable at first, but with a dedicated team and a clear strategy, we managed to complete it successfully."
11976,insurmountable,"Facing an insurmountable mountain of debt, the family was forced to declare bankruptcy."
11976,insurmountable,Many believed the language barrier would be an insurmountable obstacle to her integration into the new country.
11976,insurmountable,"Despite the challenges, nothing is insurmountable if you have the determination and support of your loved ones."
11976,insurmountable,"The evidence against him appeared insurmountable, leading the jury to a swift guilty verdict."
11977,irredeemable,His constant lying and betrayal made him seem irredeemable in her eyes.
11977,irredeemable,"After years of neglecting his health, the damage to his lungs was deemed irredeemable by the doctors."
11977,irredeemable,"The politician's racist remarks were considered irredeemable by many voters, effectively ending his campaign."
11977,irredeemable,"Despite his efforts to apologize, the damage he caused to the company's reputation was irredeemable."
11977,irredeemable,"I know he's made mistakes, but I don't believe anyone is truly irredeemable; everyone deserves a chance at redemption."
11978,laudable,The company's laudable efforts to reduce its carbon footprint were recognized with an environmental award.
11978,laudable,"While the idea was laudable in theory, its practical implementation proved to be incredibly difficult."
11978,laudable,"It's laudable that you're volunteering your time to help the less fortunate, especially during the holidays."
11978,laudable,"Her dedication to her patients, often going above and beyond, is truly laudable and deserves recognition."
11978,laudable,"Although he ultimately failed, his attempt to climb Mount Everest without oxygen was a laudable display of courage and determination."
11979,omnivorous,"Raccoons are omnivorous creatures, happily eating everything from berries to insects."
11979,omnivorous,"As an omnivorous species, humans have a significant impact on global ecosystems due to our diverse dietary needs."
11979,omnivorous,"While some cats might nibble on grass occasionally, they are primarily carnivorous, unlike dogs who are more omnivorous."
11979,omnivorous,"My doctor recommended I focus on a more plant-based diet, though I'm not ready to give up being omnivorous completely."
11979,omnivorous,The article discussed how the shift towards omnivorous diets in early hominids may have contributed to brain development.
11980,optimal,"After running several simulations, we determined that a temperature of 25 degrees Celsius was optimal for cell growth."
11980,optimal,"For optimal performance, you should defragment your hard drive at least once a month."
11980,optimal,Finding the optimal balance between work and personal life is a constant struggle for many people.
11980,optimal,The consultant suggested a new marketing strategy designed to achieve optimal brand awareness within the target demographic.
11980,optimal,What's the optimal time to plant these tomato seeds to ensure a good harvest?
11981,optimum,The gardener adjusted the soil pH to achieve the optimum conditions for growing blueberries.
11981,optimum,We need to find the optimum balance between cost and performance for this project.
11981,optimum,"After several adjustments, the sound engineer found the optimum microphone placement for recording the orchestra."
11981,optimum,"For optimum fuel efficiency, try to maintain a steady speed on the highway."
11981,optimum,The study aimed to determine the optimum dosage of the medication for the treatment of the disease.
11982,perfunctory,"The clerk gave a perfunctory nod, barely making eye contact before moving on to the next customer."
11982,perfunctory,"His apology felt perfunctory, as if he were only saying the words because he had to, not because he was truly sorry."
11982,perfunctory,"She asked about my day, but it was a perfunctory inquiry; she didn't really seem interested in the answer."
11982,perfunctory,"The security guard performed a perfunctory search of my bag, quickly glancing inside without thoroughly checking its contents."
11982,perfunctory,"After years of marriage, their goodnight kiss had become a perfunctory ritual, devoid of any real passion."
11983,plenary,The conference will conclude with a plenary session featuring a keynote speaker on sustainable development.
11983,plenary,We need to hold a plenary meeting to discuss the budget cuts and decide on a course of action.
11983,plenary,"After the workshops, everyone gathered for the plenary, where the key findings were presented."
11983,plenary,The president has plenary power to veto legislation passed by Congress.
11983,plenary,The board delegated plenary authority to the CEO to handle the emergency situation.
11984,residual,"After the flood, there was a significant amount of residual mud and debris covering the streets."
11984,residual,"Even after cleaning the pan, there was a slight residual smell of garlic."
11984,residual,The company decided to sell off its residual assets after the merger.
11984,residual,The doctor explained that the patient might experience some residual pain for a few weeks following the surgery.
11984,residual,"Despite our best efforts, there's always going to be some residual risk involved in this type of investment."
11985,specious,"The politician's specious arguments sounded good at first, but quickly fell apart under scrutiny."
11985,specious,"He presented a specious claim that he was working when, in reality, he was at the beach."
11985,specious,"The lawyer attempted to distract the jury with a specious line of reasoning, hoping they wouldn't notice the lack of evidence."
11985,specious,"While the offer seemed generous, closer inspection revealed it to be a specious attempt to gain access to our client list."
11985,specious,Don't be fooled by their specious promises; they have a history of not following through.
11986,stupendous,The view from the mountaintop was stupendous; you could see for miles in every direction.
11986,stupendous,We thought the concert was stupendous – the band played all their best hits and the energy was electric.
11986,stupendous,The charity gala raised a stupendous amount of money for cancer research.
11986,stupendous,"Her performance in the lead role was simply stupendous, earning her a standing ovation."
11986,stupendous,"After years of hard work, they achieved stupendous success with their new invention."
11987,succinct,Please be succinct in your presentation; we only have 15 minutes for questions.
11987,succinct,The editor asked me to make my writing more succinct and to the point.
11987,succinct,"In a tweet, it's important to be succinct to get your message across effectively."
11987,succinct,"He gave a succinct summary of the meeting, highlighting the key decisions made."
11987,succinct,"For the sake of clarity, let's try to keep our explanations succinct and avoid unnecessary jargon."
11988,undue,The company was accused of exerting undue influence on the local council regarding the zoning application.
11988,undue,"I don't want to put undue pressure on you, but we really need this report by Friday."
11988,undue,"The judge dismissed the appeal, stating that the prosecution had not demonstrated any undue prejudice against the defendant."
11988,undue,"While I appreciate your concern, I think you're giving this situation undue attention; it's really not that serious."
11988,undue,The investigation found no evidence of undue favoritism in the awarding of the contract.
11989,unequivacal,"The company issued an unequivocal apology for the data breach, promising to take immediate steps to prevent future incidents."
11989,unequivacal,Her answer was unequivocal: she would not be attending the conference under any circumstances.
11989,unequivacal,The evidence presented in court provided unequivocal proof of the defendant's guilt.
11989,unequivacal,"When I asked him if he was happy with his new job, he gave me an unequivocal 'yes!' with a big smile."
11989,unequivacal,The doctor's recommendation was unequivocal – he needed surgery as soon as possible.
11990,unscrupulous,The unscrupulous salesman sold me a car that was clearly unsafe.
11990,unscrupulous,I wouldn't trust him with a dime; he's known for his unscrupulous business practices.
11990,unscrupulous,The newspaper exposed the company's unscrupulous methods of avoiding taxes.
11990,unscrupulous,"She refused to participate in the deal, knowing it was based on unscrupulous dealings."
11990,unscrupulous,"He gained his wealth through unscrupulous means, exploiting vulnerable people for his own gain."
11991,vehement,"She was vehement in her denial of the accusations, insisting she had nothing to do with the missing documents."
11991,vehement,"The protestors were vehement in their opposition to the new highway, chanting slogans and blocking traffic."
11991,vehement,"He delivered a vehement speech against the proposed budget cuts, arguing they would devastate essential services."
11991,vehement,"Despite the evidence, he remained vehement that he was innocent, refusing to consider any plea bargain."
11991,vehement,"“No, absolutely not!” she replied, her voice vehement with disapproval."
11992,wanton,"The vandals engaged in wanton destruction, smashing windows and spray-painting graffiti across the entire building."
11992,wanton,His wanton disregard for the safety regulations ultimately led to a serious accident on the construction site.
11992,wanton,She accused him of wanton cruelty for abandoning the injured animal on the side of the road.
11992,wanton,The general was criticized for the wanton use of force against civilian populations during the conflict.
11992,wanton,It seemed a bit wanton to buy a brand new sports car when her old one was still perfectly functional.
11993,wont,"He is wont to exaggerate his accomplishments, so take his stories with a grain of salt."
11993,wont,"She's wont to arrive late, so don't expect her to be on time for the meeting."
11993,wont,The old dog is wont to sleep by the fireplace all day long.
11993,wont,"City dwellers are wont to complain about the noise, but they love the convenience."
11993,wont,"I am not wont to disagree with you, but in this instance, I must express my reservations."
11994,abreast,"To stay competitive, it's crucial to keep abreast of the latest technological advancements in the industry."
11994,abreast,"The two cyclists rode abreast for a while, enjoying the scenery and chatting easily."
11994,abreast,She made sure to keep abreast of all the developments in the case by reading the daily news reports.
11994,abreast,"The soldiers marched abreast, their movements perfectly synchronized."
11994,abreast,Let's get everyone abreast of the situation before we make any further decisions.
11995,afield,"The discussion started about local politics, but soon wandered afield into national issues."
11995,afield,"Our dog ran afield during the walk, chasing after a squirrel in the nearby woods."
11995,afield,The company decided to branch afield and invest in renewable energy sources.
11995,afield,"The search party spread afield, hoping to cover more ground and find the missing hiker."
11995,afield,"While researching the history of the town, I stumbled afield and discovered fascinating details about its early settlers."
11996,aft,The captain ordered the crew to move the supplies aft to balance the ship.
11996,aft,We enjoyed the sunset from the aft deck of the ferry.
11996,aft,The engine room is located aft of the passenger cabins.
11996,aft,"Looking aft, you could see the wake stretching out behind the boat for miles."
11996,aft,"During the storm, the waves crashed over the stern, making it difficult to stay aft."
11997,astern,"The tugboat remained astern, ready to assist the larger vessel with docking."
11997,astern,"Looking astern, we could see the coastline slowly disappearing into the distance."
11997,astern,He ordered the helmsman to keep the buoy directly astern to maintain the correct course.
11997,astern,"With the wind astern, the sailboat picked up considerable speed."
11997,astern,Make sure to check astern before backing out of the driveway; there might be children playing.
11998,asunder,"The explosion ripped the old building asunder, leaving nothing but rubble."
11998,asunder,The team's unity was torn asunder by internal conflicts and accusations.
11998,asunder,The judge warned that any further disruption would tear the court asunder.
11998,asunder,"The ancient scroll, weakened by time, crumbled asunder at my touch."
11998,asunder,Their relationship was slowly pulled asunder by distance and a lack of communication.
11999,therein,"The contract outlines the terms of the agreement, and any violations therein will result in penalties."
11999,therein,"The old house had a mysterious history, with rumors of hidden passages and forgotten treasures hidden therein."
11999,therein,"I found a beautiful antique box, and tucked away therein was a collection of old photographs."
11999,therein,"The recipe calls for a specific blend of spices; be sure to measure them carefully, as the flavor lies therein."
11999,therein,"The report details the company's financial performance, and the key challenges faced therein."
12000,afoot,"With the police investigation afoot, everyone in the neighborhood is on edge."
12000,afoot,I suspect there's a conspiracy afoot to undermine the company's new strategy.
12000,afoot,"Now that summer is afoot, the beaches are starting to get crowded."
12000,afoot,"There's mischief afoot, I can tell by the way the kids are giggling in the other room."
12000,afoot,"Plans are afoot to renovate the old town hall, but funding is still an issue."
