number,word,example
6001.0,symposium,"The university is hosting a symposium on climate change next month, featuring experts from around the world."
6001.0,symposium,She presented her research at the international symposium on artificial intelligence.
6001.0,symposium,Attendance at the symposium is mandatory for all graduate students in the biology department.
6001.0,symposium,"After the symposium, the speakers gathered for an informal discussion and networking session."
6001.0,symposium,"The organizers are still finalizing the program for the symposium, but it promises to be a stimulating and informative event."
6002.0,broaden,Traveling to different countries can significantly broaden your perspective on life and other cultures.
6002.0,broaden,The company is offering training programs to broaden the skills of its employees in emerging technologies.
6002.0,broaden,Reading widely across different genres is a great way to broaden your vocabulary and improve your writing.
6002.0,broaden,She decided to take an online course to broaden her knowledge of marketing and social media strategies.
6002.0,broaden,Volunteering in the community helped him broaden his understanding of the challenges faced by vulnerable populations.
6003.0,ecology,The proposed development threatens the delicate ecology of the coastal wetlands.
6003.0,ecology,Understanding the principles of ecology is crucial for effective conservation efforts.
6003.0,ecology,She's studying the ecology of urban pigeons and their adaptation to city life.
6003.0,ecology,The professor's lecture focused on the complex interplay of organisms and their environment within a specific ecology.
6003.0,ecology,Changes in climate are having a profound impact on the ecology of coral reefs worldwide.
6004.0,circulate,The rumors about the company's bankruptcy began to circulate quickly after the CEO's resignation.
6004.0,circulate,Please circulate this memo to all department heads by the end of the day.
6004.0,circulate,Blood needs to circulate properly to ensure that all organs receive enough oxygen.
6004.0,circulate,I'm going to circulate at the party and try to meet some new people.
6004.0,circulate,The library decided to circulate the rare books only to researchers with special permission.
6005.0,corpse,The police discovered the corpse hidden in the trunk of the abandoned car.
6005.0,corpse,"A vulture circled overhead, a grim reminder of the decaying corpse lying in the desert sun."
6005.0,corpse,"The smell was unmistakable; even from a distance, we knew we were approaching a corpse."
6005.0,corpse,"After the battle, the field was littered with corpses, a testament to the brutal fighting."
6005.0,corpse,"The coroner carefully examined the corpse, searching for clues to determine the cause of death."
6006.0,marsh,"The old dirt road wound through the marsh, making the drive slow and bumpy."
6006.0,marsh,"We saw a great blue heron standing motionless in the marsh, patiently waiting to catch a fish."
6006.0,marsh,Developers are facing strong opposition to their plans to build a new shopping center on the edge of the marsh.
6006.0,marsh,The air hung thick and heavy with the earthy smell of decaying vegetation in the marsh.
6006.0,marsh,"After getting lost in the woods, they were relieved to finally emerge onto the open, grassy edge of the marsh."
6007.0,fingerprint,"The detective dusted the doorknob for fingerprints, hoping to find a match to the suspect."
6007.0,fingerprint,"Each person has a unique fingerprint, making it a reliable method of identification."
6007.0,fingerprint,Modern technology allows us to unlock our phones using our fingerprint instead of a password.
6007.0,fingerprint,"The artist left a fingerprint in the wet paint, a subtle mark of their presence."
6007.0,fingerprint,"His distinctive musical style is like a fingerprint, instantly recognizable to anyone familiar with his work."
6008.0,coincide,"My vacation dates happen to coincide with a major music festival, so I'm expecting big crowds."
6008.0,coincide,The release of the new software is scheduled to coincide with the industry conference.
6008.0,coincide,"It's rare that our schedules coincide, but when they do, we always make time to catch up."
6008.0,coincide,The increase in sales seems to coincide with the start of the new advertising campaign.
6008.0,coincide,"If the timings coincide, we could attend both the morning workshop and the afternoon presentation."
6009.0,plumber,We had to call a plumber because the kitchen sink was completely clogged.
6009.0,plumber,The plumber recommended replacing the old pipes to prevent future leaks.
6009.0,plumber,My uncle used to be a plumber before he retired and moved to Florida.
6009.0,plumber,"Finding a good, reliable plumber can be difficult, especially on short notice."
6009.0,plumber,She's training to be a plumber and is currently an apprentice with a local company.
6010.0,comprise,The committee will comprise representatives from various departments within the company.
6010.0,comprise,"Our solar system comprises the Sun, planets, moons, asteroids, and comets."
6010.0,comprise,"This textbook comprises ten chapters, each covering a different aspect of the subject."
6010.0,comprise,"The final grade will comprise 50% exam scores, 30% homework, and 20% class participation."
6010.0,comprise,"A balanced diet should comprise a variety of fruits, vegetables, and lean proteins."
6011.0,dictation,The teacher gave us a dictation exercise to improve our spelling and listening skills.
6011.0,dictation,Taking notes during the lecture felt more like dictation than actual learning.
6011.0,dictation,My grandmother used to give me dictation from classic novels to help me learn proper grammar.
6011.0,dictation,The legal secretary's primary job was to take dictation and transcribe it accurately.
6011.0,dictation,"Despite advances in technology, some doctors still prefer using dictation to record their patient notes."
6012.0,amazement,She stared at the magician in utter amazement as he made the rabbit disappear.
6012.0,amazement,"To my amazement, the old car started right up after sitting in the garage for twenty years."
6012.0,amazement,The crowd gasped in amazement as the tightrope walker completed the crossing without a safety net.
6012.0,amazement,"He looked at the final bill with amazement, unable to believe how much the repairs had cost."
6012.0,amazement,The sheer size of the ancient redwood forest filled her with a sense of awe and amazement.
6013.0,contradict,"His actions often contradict his words, making it hard to trust him."
6013.0,contradict,The witness's testimony seemed to contradict the evidence found at the crime scene.
6013.0,contradict,"I hate to contradict you, but I believe the meeting is actually scheduled for next Tuesday."
6013.0,contradict,"The new data appears to contradict the previously accepted theory, forcing scientists to re-evaluate their assumptions."
6013.0,contradict,Don't contradict me in front of the clients; we can discuss our disagreements later in private.
6014.0,hypothesis,"Based on the initial observations, we developed a hypothesis that the new fertilizer would increase crop yield by at least 20%."
6014.0,hypothesis,The student's science fair project involved testing the hypothesis that exposure to blue light affects plant growth.
6014.0,hypothesis,"While the data seems to support our hypothesis, further research is needed to confirm the findings."
6014.0,hypothesis,"My initial hypothesis about why the computer was crashing turned out to be incorrect; it was a software conflict, not a hardware issue."
6014.0,hypothesis,"Let's start with the working hypothesis that the missing file was accidentally deleted, and then investigate from there."
6015.0,cripple,The sudden loss of their main client threatened to cripple the small business.
6015.0,cripple,A bad fall during the hike could cripple his chances of finishing the race.
6015.0,cripple,The government's new policies are designed to cripple the power of the unions.
6015.0,cripple,Fear and anxiety can cripple your ability to make rational decisions.
6015.0,cripple,"Although the accident left him with a limp, it didn't cripple his spirit or his determination to live a full life."
6016.0,lieutenant,"The lieutenant briefed the squad on their upcoming mission, emphasizing the importance of teamwork."
6016.0,lieutenant,"Having served with distinction, she was promoted to lieutenant after graduating top of her class at the academy."
6016.0,lieutenant,"Lieutenant Dan, a character from the movie Forrest Gump, became an iconic figure in popular culture."
6016.0,lieutenant,"The captain relied heavily on his lieutenant's judgment, especially during stressful situations on the battlefield."
6016.0,lieutenant,"Before the mayor arrived, the lieutenant governor addressed the crowd, outlining the state's plans for economic development."
6017.0,wheelchair,"After the accident, she needed a wheelchair to get around."
6017.0,wheelchair,"The museum is fully accessible, with ramps and wheelchair-friendly restrooms."
6017.0,wheelchair,He skillfully navigated the crowded market in his electric wheelchair.
6017.0,wheelchair,"My grandfather uses a wheelchair, but he still enjoys going to the park every day."
6017.0,wheelchair,"We need to raise money to buy a new, lighter wheelchair for the athlete."
6018.0,locomotive,"The museum has a beautifully restored steam locomotive on display, allowing visitors to step inside and imagine a bygone era of rail travel."
6018.0,locomotive,The sound of the locomotive's horn echoed through the valley as it approached the crossing.
6018.0,locomotive,Modern electric locomotives are much more energy-efficient than their diesel counterparts.
6018.0,locomotive,"The train pulled into the station, its locomotive hissing steam and ready for a crew change."
6018.0,locomotive,"He dreamed of being an engineer, spending his days in the cab of a powerful locomotive, transporting goods across the country."
6019.0,deafen,The explosion was so loud it threatened to deafen everyone nearby.
6019.0,deafen,I had to cover my ears; the band's amplified music was starting to deafen me.
6019.0,deafen,The constant construction noise outside my apartment window is enough to deafen a person.
6019.0,deafen,"Don't stand too close to the speakers, or you'll deafen yourself."
6019.0,deafen,The air raid siren's piercing wail seemed designed to deafen anyone who didn't take cover immediately.
6020.0,optimism,"Despite the setbacks, her unwavering optimism kept the team motivated to finish the project."
6020.0,optimism,A healthy dose of optimism can make even the most challenging situations feel manageable.
6020.0,optimism,"While realism is important, I think a little optimism about the future is necessary for personal growth."
6020.0,optimism,"His natural optimism was infectious, making everyone around him feel more positive."
6020.0,optimism,"The economic forecast is uncertain, but there's still room for optimism if we focus on innovation."
6021.0,doom,"The impending storm clouds filled the sky, adding a sense of doom to the already gloomy afternoon."
6021.0,doom,"Despite the doctor's grim prognosis, she refused to accept a feeling of doom and remained optimistic about her recovery."
6021.0,doom,His financial advisor warned that continuing to spend at that rate would spell doom for his retirement savings.
6021.0,doom,"The abandoned factory stood as a stark reminder of economic doom, a testament to the town's decline."
6021.0,doom,The latest climate change report paints a picture of potential environmental doom if drastic action isn't taken soon.
6022.0,bankruptcy,"The company's aggressive expansion led to unsustainable debt and, ultimately, bankruptcy."
6022.0,bankruptcy,"After the housing market crash, many families faced foreclosure and bankruptcy."
6022.0,bankruptcy,"He tried to avoid bankruptcy by selling off his assets, but it was too late."
6022.0,bankruptcy,"Filing for bankruptcy can provide a fresh start, but it also significantly damages your credit score."
6022.0,bankruptcy,The small business owner was devastated when the economic downturn forced him into bankruptcy.
6023.0,cylinder,The mechanic replaced the worn-out brake cylinder in my car.
6023.0,cylinder,We needed a hollow cylinder of a specific diameter for the experimental apparatus.
6023.0,cylinder,The art project involved painting several cardboard cylinders to resemble skyscrapers.
6023.0,cylinder,"The oxygen tank is a heavy steel cylinder, so be careful when moving it."
6023.0,cylinder,Engineers calculated the volume of the cylinder to determine the engine's displacement.
6024.0,enhance,The new lighting system will significantly enhance the ambiance of the restaurant.
6024.0,enhance,Regular exercise can enhance your overall health and well-being.
6024.0,enhance,Adding a pinch of salt can enhance the flavor of the tomato sauce.
6024.0,enhance,We used special effects to enhance the realism of the action scenes in the movie.
6024.0,enhance,Taking a public speaking course can enhance your communication skills and boost your confidence.
6025.0,enrich,Travel can enrich your life by exposing you to different cultures and perspectives.
6025.0,enrich,Adding herbs and spices can enrich the flavor of a simple dish.
6025.0,enrich,The museum's new exhibit aims to enrich the public's understanding of ancient civilizations.
6025.0,enrich,Volunteering at the local animal shelter is a great way to enrich your community and make a positive impact.
6025.0,enrich,Reading widely and engaging in intellectual discussions can significantly enrich your vocabulary and knowledge base.
6026.0,expertise,Her expertise in data analysis was crucial to the success of the project.
6026.0,expertise,We need to consult with someone who has expertise in antique furniture restoration.
6026.0,expertise,The company hired a consultant to provide expertise on improving their supply chain management.
6026.0,expertise,"Although he was enthusiastic, he lacked the necessary expertise to handle such a complex negotiation."
6026.0,expertise,Dr. Ramirez's expertise in cardiology is highly respected throughout the medical community.
6027.0,intensive,The patient required intensive care after the surgery to monitor his vital signs closely.
6027.0,intensive,She enrolled in an intensive Spanish course to become fluent before her study abroad program.
6027.0,intensive,The company launched an intensive marketing campaign to promote their new product line.
6027.0,intensive,Farmers are using intensive farming methods to maximize crop yields on limited land.
6027.0,intensive,The detectives conducted an intensive investigation to solve the complex murder case.
6028.0,smog,"The thick smog hung over the city, making it difficult to see the skyscrapers in the distance."
6028.0,smog,Doctors are warning residents to stay indoors due to the high smog levels predicted for tomorrow.
6028.0,smog,Driving is especially dangerous in heavy smog because visibility is severely reduced.
6028.0,smog,The government is implementing new regulations to combat the smog that plagues the industrial areas.
6028.0,smog,"You can almost taste the smog in the air on days like this, it's so thick with pollutants."
6029.0,envelop,"A thick fog began to envelop the coastline, making it difficult to see the ships at sea."
6029.0,envelop,"The detective needed to carefully open the envelope, ensuring he didn't damage the evidence inside."
6029.0,envelop,"As she stepped onto the stage, a wave of nervousness seemed to envelop her completely."
6029.0,envelop,"The warmth of the blanket seemed to envelop him, creating a feeling of comfort and security on the cold night."
6029.0,envelop,"The company's financial troubles began to envelop its smaller divisions, threatening their survival."
6030.0,soloist,The orchestra featured a renowned violinist as the soloist for the Tchaikovsky concerto.
6030.0,soloist,"She decided to pursue a career as a soloist, leaving the band to focus on her own music."
6030.0,soloist,"He's a talented soloist, but he also enjoys collaborating with other musicians in smaller ensembles."
6030.0,soloist,The choir director selected her to be the soprano soloist for the upcoming performance of Handel's Messiah.
6030.0,soloist,"Despite his nerves, the young trumpeter delivered a stunning solo, proving he was a gifted soloist."
6031.0,expressive,Her expressive eyes conveyed a depth of emotion that words couldn't capture.
6031.0,expressive,The dancer's expressive movements told a story of love and loss.
6031.0,expressive,"Even though he's usually quiet, his paintings are incredibly expressive and full of life."
6031.0,expressive,The comedian used expressive gestures and facial expressions to enhance his jokes.
6031.0,expressive,Writing a letter is a more expressive way to communicate than sending a quick text message.
6032.0,excel,She hopes to excel in her chosen field of medicine after years of dedicated study.
6032.0,excel,"Despite the challenges, he managed to excel in mathematics and physics, becoming a top student."
6032.0,excel,The company's new marketing strategy helped them excel in a competitive market.
6032.0,excel,"To excel in customer service, you need empathy and excellent communication skills."
6032.0,excel,"He didn't always excel academically, but he truly excelled at sports, becoming a star athlete."
6033.0,plaster,"After the fall, she needed a plaster cast on her arm to help the bone heal properly."
6033.0,plaster,He used plaster to patch up the hole in the wall before painting.
6033.0,plaster,The walls of the old house were covered in ornate plaster moldings.
6033.0,plaster,The news report was plastered all over the front pages of the newspapers.
6033.0,plaster,I accidentally got some plaster dust in my eye while renovating the bathroom.
6034.0,flake,I noticed a flake of dandruff on your shoulder.
6034.0,flake,He's such a flake; he always cancels plans at the last minute.
6034.0,flake,The paint is starting to flake off the old wooden fence.
6034.0,flake,She added a pinch of red pepper flake to give the sauce some heat.
6034.0,flake,"During the winter, I love watching the snow flake gently down from the sky."
6035.0,lavatory,"Excuse me, could you please direct me to the nearest lavatory?"
6035.0,lavatory,"The sign above the door simply read 'Lavatory' in elegant, gold lettering."
6035.0,lavatory,"After a long car ride, the first thing I needed was to find a lavatory to freshen up."
6035.0,lavatory,"During the intermission, there was quite a queue for the lavatory."
6035.0,lavatory,"The airplane's lavatory was surprisingly small, making it difficult to maneuver inside."
6036.0,madly,She was madly in love with him from the moment they met.
6036.0,madly,The crowd cheered madly as the home team scored the winning goal.
6036.0,madly,He worked madly to finish the project before the deadline.
6036.0,madly,"The dog barked madly at the mailman, much to his annoyance."
6036.0,madly,I was searching madly for my keys this morning and almost missed my train.
6037.0,flap,"The bird began to flap its wings furiously, trying to escape the cat."
6037.0,flap,I could hear the loose shutter flap against the side of the house in the wind.
6037.0,flap,Don't get in a flap about it; we have plenty of time to finish the project.
6037.0,flap,"He reached into his bag and pulled out a map, unfolding the large flap to reveal the detailed street grid."
6037.0,flap,"The tent's entrance flap was zipped halfway open, letting in a sliver of light."
6038.0,thunderstorm,"The power went out during the thunderstorm last night, so we had to light candles."
6038.0,thunderstorm,We decided to postpone the picnic because the forecast predicted a severe thunderstorm.
6038.0,thunderstorm,I love watching the lightning flash across the sky during a summer thunderstorm.
6038.0,thunderstorm,The dog is terrified of thunderstorms and hides under the bed until it's over.
6038.0,thunderstorm,"Despite the initial thunderstorm, the sun came out later in the afternoon, making for a beautiful day."
6039.0,flush,He felt a flush of embarrassment creep up his neck when he realized he'd called her by the wrong name.
6039.0,flush,Remember to flush the toilet after you use it.
6039.0,flush,The poker player tried to hide his flush of excitement when he drew a royal flush.
6039.0,flush,We need to flush the old coolant out of the radiator before adding new antifreeze.
6039.0,flush,The door should sit flush with the wall when it's properly installed.
6040.0,indignation,Her voice was filled with indignation as she described the unfair treatment she'd received at work.
6040.0,indignation,The article sparked widespread indignation among animal rights activists.
6040.0,indignation,"He stormed out of the meeting, muttering under his breath with barely suppressed indignation."
6040.0,indignation,"Despite his indignation, he tried to remain calm and present his case logically."
6040.0,indignation,The townspeople expressed their indignation at the proposed factory construction near the protected wetlands.
6041.0,heighten,The security measures were heightened after the bomb threat.
6041.0,heighten,The dramatic music was used to heighten the tension in the scene.
6041.0,heighten,His recent success did nothing to heighten his already considerable ego.
6041.0,heighten,The aroma of freshly baked bread will heighten your appetite.
6041.0,heighten,Living in a new country can heighten your awareness of cultural differences.
6042.0,contradiction,"There's a clear contradiction between his words and his actions; he says he cares about the environment, but he drives a gas-guzzling SUV."
6042.0,contradiction,The historian pointed out the inherent contradiction in the king's claim to rule by divine right while simultaneously demanding absolute obedience from the church.
6042.0,contradiction,Isn't it a contradiction to call yourself a vegetarian but still eat fish?
6042.0,contradiction,"The politician's statement was full of contradiction, making it difficult to understand his actual stance on the issue."
6042.0,contradiction,"The paradox seemed like a contradiction at first, but after further analysis, we realized it contained a deeper truth."
6043.0,hush,A sudden hush fell over the crowd as the bride walked down the aisle.
6043.0,hush,"""Hush now,"" she whispered, gently rocking the baby to sleep."
6043.0,hush,Let's keep this project under hush until we're ready to announce it publicly.
6043.0,hush,"The teacher tried to hush the noisy students, but they wouldn't listen."
6043.0,hush,A hush descended upon the forest as the first snowflakes began to fall.
6044.0,lecturer,The lecturer recommended several books for further reading on the topic of astrophysics.
6044.0,lecturer,"After graduating with her PhD, she hopes to become a lecturer at a prestigious university."
6044.0,lecturer,I found the lecturer's explanation of quantum mechanics surprisingly clear and concise.
6044.0,lecturer,"He was a popular lecturer, known for his engaging style and ability to connect with students."
6044.0,lecturer,The visiting lecturer from Oxford gave a fascinating talk on the history of the English language.
6045.0,illuminate,"The streetlights illuminate the path, making it safe to walk at night."
6045.0,illuminate,Could you illuminate the key issues in this report so we can focus our discussion?
6045.0,illuminate,A single spotlight was used to illuminate the statue during the ceremony.
6045.0,illuminate,"The professor's lecture seemed to illuminate a complex topic, making it much easier to understand."
6045.0,illuminate,New evidence came to light that helped to illuminate the circumstances surrounding the accident.
6046.0,wintertime,We always enjoy hot chocolate by the fire during wintertime.
6046.0,wintertime,The ski resort is especially busy during the wintertime months.
6046.0,wintertime,Many animals hibernate to conserve energy during the harsh wintertime.
6046.0,wintertime,She finds it hard to stay motivated to exercise during wintertime.
6046.0,wintertime,The short days and long nights of wintertime can sometimes affect my mood.
6047.0,prevailing,"Despite the initial setbacks, a sense of optimism is prevailing among the team members."
6047.0,prevailing,The prevailing wind made it difficult to sail close to the shore.
6047.0,prevailing,The prevailing opinion at the meeting was that we should postpone the project until next year.
6047.0,prevailing,"Although there are some dissenting voices, the prevailing view is that climate change requires immediate action."
6047.0,prevailing,We need to understand the prevailing economic conditions before making any major investment decisions.
6048.0,incorporate,The company plans to incorporate new sustainable practices into its manufacturing process.
6048.0,incorporate,This software allows you to easily incorporate images and videos into your presentations.
6048.0,incorporate,We need to incorporate your feedback into the final design before submitting it to the client.
6048.0,incorporate,The recipe incorporates a blend of spices to create a rich and complex flavor.
6048.0,incorporate,The artist decided to incorporate elements of nature into his abstract paintings.
6049.0,raid,The police conducted a raid on the gambling den early this morning.
6049.0,raid,I had to raid the refrigerator for a midnight snack because I was so hungry.
6049.0,raid,The Vikings were known to raid coastal villages for resources and slaves.
6049.0,raid,Environmental activists staged a raid on the company headquarters to protest their polluting practices.
6049.0,raid,"After the successful heist, the thieves split the raid's loot among themselves."
6050.0,metropolitan,The new art museum has become a major attraction in the metropolitan area.
6050.0,metropolitan,She decided to move from the countryside to a more metropolitan city to pursue her career in fashion.
6050.0,metropolitan,Our company is planning to expand its services to several other metropolitan centers across the country.
6050.0,metropolitan,Living in a metropolitan environment offers access to a wide variety of cultural events and diverse cuisines.
6050.0,metropolitan,"Despite the higher cost of living, many people are drawn to the vibrant and dynamic atmosphere of metropolitan life."
6051.0,intensify,"As the deadline approached, the pressure to finish the project began to intensify."
6051.0,intensify,The chef decided to intensify the flavor of the sauce by adding more herbs and spices.
6051.0,intensify,The ongoing drought is expected to intensify the risk of wildfires in the region.
6051.0,intensify,His feelings for her began to intensify after spending more time together.
6051.0,intensify,The police are working to intensify their efforts to find the missing child.
6052.0,intake,The doctor recommended I increase my water intake to help prevent dehydration.
6052.0,intake,The company is limiting its intake of new employees due to the current economic downturn.
6052.0,intake,Our daily calorie intake should be balanced with our level of physical activity.
6052.0,intake,The air filter significantly improved the intake of fresh air into the building.
6052.0,intake,"Before starting the experiment, we carefully measured the exact intake of reactants into the reactor."
6053.0,lengthen,"To lengthen the skirt, she added a frill of lace to the hem."
6053.0,lengthen,The company decided to lengthen the project deadline to allow for more thorough testing.
6053.0,lengthen,Regular stretching can help to lengthen your muscles and improve flexibility.
6053.0,lengthen,The days begin to lengthen noticeably after the winter solstice.
6053.0,lengthen,We need to lengthen the rope if we want to reach the other side of the ravine.
6054.0,rehabilitation,"After his knee surgery, he spent several weeks in rehabilitation to regain his strength and mobility."
6054.0,rehabilitation,The wildlife center focuses on the rehabilitation of injured birds and mammals before releasing them back into the wild.
6054.0,rehabilitation,"Drug rehabilitation is a long and challenging process, but it can lead to a healthier and more fulfilling life."
6054.0,rehabilitation,The prison system is implementing new rehabilitation programs aimed at reducing recidivism rates.
6054.0,rehabilitation,She's been working hard in physical therapy as part of her rehabilitation following the car accident.
6055.0,cane,My grandfather uses a cane to help him walk after his hip surgery.
6055.0,cane,"The antique shop had a beautiful collection of walking canes, some with ornate silver handles."
6055.0,cane,"I saw a woman walking her dog down the street, swinging her cane rhythmically."
6055.0,cane,"He threatened to cane the misbehaving students, although thankfully, he never actually did."
6055.0,cane,The farmer used a cane to guide the cows into the barn.
6056.0,lessen,Taking deep breaths can often lessen the feeling of anxiety during a stressful situation.
6056.0,lessen,The new regulations are intended to lessen the environmental impact of the factory's operations.
6056.0,lessen,Regular exercise and a healthy diet can lessen your risk of developing heart disease.
6056.0,lessen,The company implemented new safety protocols to lessen the chances of workplace accidents.
6056.0,lessen,I hope this medicine will lessen the pain in my back so I can finally get a good night's sleep.
6057.0,bruise,I fell off my bike yesterday and now I have a nasty bruise on my knee.
6057.0,bruise,"The doctor examined the child carefully, noting a small bruise on her arm."
6057.0,bruise,"After the soccer game, my shins were covered in bruises from all the tackles."
6057.0,bruise,"She tried to cover up the bruise on her face with makeup, but it was still slightly visible."
6057.0,bruise,He accidentally bumped into the doorframe and ended up with a painful bruise on his forehead.
6058.0,recollection,"My recollection of that evening is hazy, but I do remember laughing a lot."
6058.0,recollection,"To the best of my recollection, I locked the door before leaving the house."
6058.0,recollection,His book is filled with vivid recollections of his childhood in rural Ireland.
6058.0,recollection,"After the accident, she had no recollection of what had happened in the moments leading up to it."
6058.0,recollection,"I have a vague recollection of seeing that movie when I was very young, but I can't remember the plot."
6059.0,debut,The young singer is set to make her debut on the national stage next month.
6059.0,debut,The company's new electric car will debut at the Geneva Motor Show in March.
6059.0,debut,"Her directorial debut was a critical and commercial success, earning her several awards."
6059.0,debut,"After years of training, he's finally ready to make his professional boxing debut."
6059.0,debut,"The band's debut album quickly climbed the charts, exceeding all expectations."
6060.0,temporarily,The museum is temporarily closed for renovations and will reopen next month.
6060.0,temporarily,I'm temporarily staying with my sister while I look for a new apartment.
6060.0,temporarily,The website may be temporarily unavailable due to scheduled maintenance.
6060.0,temporarily,Please excuse the mess; we've temporarily moved the furniture to paint the living room.
6060.0,temporarily,"The CEO will be temporarily stepping down due to a medical leave, with the CFO taking over her responsibilities."
6061.0,lighten,Could you lighten the mood by telling a joke?
6061.0,lighten,I need to lighten my suitcase before going to the airport; it's too heavy.
6061.0,lighten,The new curtains really lighten up the living room.
6061.0,lighten,They decided to lighten the company's workload by hiring more employees.
6061.0,lighten,"Perhaps a new coat of paint will lighten the appearance of the old, dark furniture."
6062.0,nationalize,The government decided to nationalize the failing railway system in an effort to save jobs and improve service.
6062.0,nationalize,"After the revolution, the new regime moved quickly to nationalize all foreign-owned oil companies."
6062.0,nationalize,There's been a lot of debate about whether the government should nationalize the healthcare industry.
6062.0,nationalize,The threat of nationalization has caused investors to become wary of investing in the country's mining sector.
6062.0,nationalize,Some economists argue that nationalizing key industries can lead to greater efficiency and lower prices for consumers.
6063.0,miner,My grandfather was a coal miner in West Virginia for over 30 years.
6063.0,miner,The news reported on the trapped miners and the rescue efforts underway.
6063.0,miner,"He invested his savings in Bitcoin, hoping to profit from the cryptocurrency miner rewards."
6063.0,miner,The town's economy suffered greatly after the local copper miner closed down.
6063.0,miner,The environmental impact of the gold miner's operations is a major concern for the local community.
6064.0,preface,"In his preface, the author explains the motivations behind writing the book and the challenges he faced."
6064.0,preface,The professor used a brief preface to the lecture to outline the key concepts they would be covering that day.
6064.0,preface,"Before we begin the meeting, I'd like to preface my remarks by saying that I'm still gathering information on this topic."
6064.0,preface,The editor suggested adding a preface to provide context for readers unfamiliar with the historical period.
6064.0,preface,"As a preface to the main course, we'll be serving a light salad with a vinaigrette dressing."
6065.0,precede,A formal apology should precede any attempt to reconcile.
6065.0,precede,"The band's earlier, punk-influenced albums precede their more recent, experimental work."
6065.0,precede,Please ensure that all safety precautions precede the start of the experiment.
6065.0,precede,A period of heavy rain will precede the arrival of the cold front.
6065.0,precede,"The opening act will precede the main performance, so be sure to arrive on time."
6066.0,appendix,The author included a detailed statistical analysis in the appendix of the research paper.
6066.0,appendix,"I'm experiencing severe abdominal pain; the doctor suspects it might be appendicitis, an inflammation of the appendix."
6066.0,appendix,Please refer to the appendix at the end of the manual for troubleshooting tips and detailed specifications.
6066.0,appendix,"The appendix of the book contains supplementary materials, such as maps and genealogical charts, that provide additional context."
6066.0,appendix,"During the surgery, they discovered that my appendix had already ruptured, leading to a more complicated procedure."
6067.0,pulse,I could feel the pulse of the music through the floorboards as the band played.
6067.0,pulse,The doctor checked my pulse and blood pressure during the routine physical exam.
6067.0,pulse,There was a definite pulse of excitement in the crowd as the game went into overtime.
6067.0,pulse,"The city has a vibrant pulse, with something always happening, day or night."
6067.0,pulse,"After running the marathon, it took a while for my pulse to return to normal."
6068.0,quicken,The approaching deadline seemed to quicken the pace of work in the office.
6068.0,quicken,A walk in the cool morning air can quicken your senses and make you feel more alert.
6068.0,quicken,Hearing the good news about her promotion made her heart quicken with excitement.
6068.0,quicken,Adding lemon juice to the sauce will quicken the cooking time and brighten the flavor.
6068.0,quicken,The sight of her old friend walking towards her made her footsteps quicken as she rushed to greet them.
6069.0,apprehension,She felt a sense of apprehension as she walked alone down the dark street.
6069.0,apprehension,"Despite his confident demeanor, there was a hint of apprehension in his voice when he spoke about the upcoming surgery."
6069.0,apprehension,The students waited with apprehension for the results of the final exam.
6069.0,apprehension,The company's sudden announcement of layoffs caused widespread apprehension among its employees.
6069.0,apprehension,"I understand your apprehension about investing in the stock market, given the current economic climate."
6070.0,fig,"My grandmother always had a fig tree in her backyard, and we would eat the ripe fruit straight from the branches."
6070.0,fig,"The recipe calls for dried figs, but I only have fresh ones; I wonder if I can substitute them."
6070.0,fig,"He didn't give a fig about the consequences of his actions, which frustrated everyone involved."
6070.0,fig,"We ordered a cheese board with grapes, nuts, and a delicious fig jam as an appetizer."
6070.0,fig,"After a long hike, we sat under the shade of a large fig tree to rest and enjoy the view."
6071.0,ripen,The tomatoes on the vine will ripen in the warm summer sun.
6071.0,ripen,"We need to pick the peaches soon, before they ripen and fall from the tree."
6071.0,ripen,The cheese needs a few more weeks in the cellar to fully ripen.
6071.0,ripen,"As the relationship began to ripen, they started discussing their future together."
6071.0,ripen,The artist's talent began to ripen after years of dedicated practice and experimentation.
6072.0,goldfish,The little boy was mesmerized by the goldfish swimming in its bowl.
6072.0,goldfish,"We won a goldfish at the county fair, but I'm not sure we're ready for the responsibility."
6072.0,goldfish,"My daughter's goldfish, Finny, seems to enjoy watching us eat dinner."
6072.0,goldfish,She sprinkled some goldfish crackers on her salad for a salty crunch.
6072.0,goldfish,"The pet store had a beautiful selection of goldfish, from common to fancy varieties."
6073.0,rot,The old wooden fence began to rot after years of exposure to the rain and sun.
6073.0,rot,"If you don't refrigerate the strawberries, they will quickly rot and become unusable."
6073.0,rot,The corruption within the government started to rot the entire system from the inside out.
6073.0,rot,He felt a creeping rot of despair settle into his soul after losing his job.
6073.0,rot,"The dentist warned me that if I didn't brush my teeth regularly, the sugar would cause them to rot."
6074.0,distributer,Our company is looking for a reliable distributor to help us expand our product reach in the European market.
6074.0,distributer,The local distributor for that brand of coffee beans always has the freshest stock.
6074.0,distributer,We had a falling out with our previous distributor due to their poor handling of customer service issues.
6074.0,distributer,"As a distributor, they specialize in supplying restaurants with high-quality kitchen equipment."
6074.0,distributer,"Before signing the contract, we need to carefully review the distributor's responsibilities and performance metrics."
6075.0,simplify,"The software update aims to simplify the user interface, making it more intuitive for new users."
6075.0,simplify,"To simplify the recipe, I used pre-made pie crust instead of making it from scratch."
6075.0,simplify,"Let's try to simplify the problem by breaking it down into smaller, more manageable steps."
6075.0,simplify,The lawyer helped us simplify the complex legal jargon in the contract so we could understand it better.
6075.0,simplify,"Sometimes, you need to simplify your life by getting rid of unnecessary possessions and commitments."
6076.0,merchandise,The store was having a sale on all of its summer merchandise.
6076.0,merchandise,We need to order more merchandise for the upcoming concert tour.
6076.0,merchandise,Counterfeit merchandise is a serious problem for many luxury brands.
6076.0,merchandise,She carefully arranged the merchandise in the display window to attract customers.
6076.0,merchandise,The company decided to expand its online presence to sell merchandise directly to consumers.
6077.0,metropolis,The bright lights and bustling streets of the metropolis never fail to energize me.
6077.0,metropolis,"After growing up in a small town, moving to the metropolis was a huge culture shock."
6077.0,metropolis,The artist found inspiration in the architectural grandeur and diverse population of the metropolis.
6077.0,metropolis,"Despite the high cost of living, many people are drawn to the opportunities that the metropolis offers."
6077.0,metropolis,"The old factory stood in stark contrast to the modern skyscrapers surrounding it, a relic of the metropolis's industrial past."
6078.0,situate,"The hotel is situated right on the beach, offering stunning ocean views."
6078.0,situate,We need to situate this new policy within the context of the company's long-term goals.
6078.0,situate,The company decided to situate its new headquarters in Silicon Valley to be closer to the tech industry.
6078.0,situate,It's important to situate yourself strategically in the job market by developing in-demand skills.
6078.0,situate,"The ancient ruins are situated on a hilltop, providing a natural defensive advantage."
6079.0,dose,The doctor prescribed a low dose of the medication to start with and see how I react.
6079.0,dose,I think I need another dose of caffeine to get through this afternoon.
6079.0,dose,She received a massive dose of radiation during the accident.
6079.0,dose,"A daily dose of vitamin D is important, especially during the winter months."
6079.0,dose,His comedy show was a refreshing dose of humor after a long and stressful day.
6080.0,sooth,The gentle music seemed to sooth her frayed nerves after a long day at work.
6080.0,sooth,He tried to sooth the crying baby by rocking her gently in his arms.
6080.0,sooth,The doctor prescribed a calming tea to sooth my sore throat.
6080.0,sooth,"Knowing that I had done my best, I tried to sooth my conscience despite the less-than-ideal outcome."
6080.0,sooth,She hoped a warm bath would sooth her aching muscles after the marathon.
6081.0,bowel,The doctor asked me about my bowel movements to help diagnose my stomach pain.
6081.0,bowel,Eating more fiber can help regulate your bowel function and prevent constipation.
6081.0,bowel,"He suffered from irritable bowel syndrome, which caused him frequent discomfort."
6081.0,bowel,The surgery involved removing a section of his bowel due to the presence of cancerous cells.
6081.0,bowel,"She felt a sharp pain in her lower abdomen, leading her to suspect a bowel obstruction."
6082.0,subscription,I canceled my magazine subscription because I wasn't reading it anymore.
6082.0,subscription,The streaming service offers a free trial period before your subscription begins.
6082.0,subscription,"Our gym membership is structured as a monthly subscription, automatically renewed unless you cancel."
6082.0,subscription,"To access the premium features of the app, you'll need to purchase a subscription."
6082.0,subscription,"They are offering a discounted subscription rate for students, making it more affordable."
6083.0,surpass,The company's profits this quarter are expected to surpass all previous records.
6083.0,surpass,Her dedication and skill allowed her to surpass even her own expectations in the marathon.
6083.0,surpass,The new model of the car aims to surpass its predecessor in terms of fuel efficiency and performance.
6083.0,surpass,"He trained relentlessly, determined to surpass his rival and win the championship."
6083.0,surpass,The beauty of the sunset seemed to surpass anything I had ever witnessed before.
6084.0,scandalous,The politician's affair was considered scandalous and led to his resignation.
6084.0,scandalous,It's scandalous that the company is exploiting its workers with such low wages and no benefits.
6084.0,scandalous,The newspaper published a scandalous exposé about the celebrity's secret life.
6084.0,scandalous,I find it scandalous that people are still denying climate change despite overwhelming scientific evidence.
6084.0,scandalous,Her scandalous behavior at the party was the talk of the town for weeks afterward.
6085.0,symbolize,The dove is often used to symbolize peace and tranquility.
6085.0,symbolize,"For many, the flag continues to symbolize freedom and national pride."
6085.0,symbolize,The wedding rings symbolize the couple's commitment and eternal love for each other.
6085.0,symbolize,The company's new logo is meant to symbolize innovation and forward-thinking.
6085.0,symbolize,"In the novel, the recurring image of the river seems to symbolize the passage of time and the cyclical nature of life."
6086.0,telecommunications,The rapid advancement of telecommunications has made global communication easier than ever before.
6086.0,telecommunications,"Our company relies heavily on telecommunications infrastructure for its daily operations, including phone systems and internet access."
6086.0,telecommunications,The government is investing heavily in improving telecommunications networks in rural areas to bridge the digital divide.
6086.0,telecommunications,She works as an engineer specializing in the design and maintenance of telecommunications equipment.
6086.0,telecommunications,"Due to the storm, there were widespread disruptions in telecommunications services across the region, leaving many without phone or internet access."
6087.0,storehouse,"The library is a storehouse of knowledge, containing countless books and articles on every subject imaginable."
6087.0,storehouse,"My grandmother's attic was a storehouse of family memories, filled with old photographs, letters, and forgotten treasures."
6087.0,storehouse,"The human brain is an incredible storehouse of information, constantly learning and adapting to new experiences."
6087.0,storehouse,"This website serves as a storehouse of information about local history, providing access to historical documents and photographs."
6087.0,storehouse,"The company's data center acts as a storehouse for all of its critical business information, ensuring its security and accessibility."
6088.0,thaw,I need to thaw the chicken before I can start cooking dinner.
6088.0,thaw,The snow will begin to thaw as soon as the sun comes out.
6088.0,thaw,"After being frozen for months, the river finally began to thaw in the spring."
6088.0,thaw,Let's thaw out by the fireplace after being out in the cold for so long.
6088.0,thaw,Relations between the two countries began to thaw after years of tension.
6089.0,thicken,I need to thicken this sauce before I serve it with the pasta.
6089.0,thicken,"The fog began to thicken as the sun went down, making it difficult to see the road."
6089.0,thicken,Adding cornstarch will quickly thicken the gravy.
6089.0,thicken,His voice seemed to thicken with emotion as he spoke about his childhood.
6089.0,thicken,The plot of the movie started to thicken when they discovered the secret message.
6090.0,lighthouse,"The old lighthouse stood proudly on the cliff, warning ships of the treacherous rocks below."
6090.0,lighthouse,We could see the beam of the lighthouse sweeping across the water every few seconds.
6090.0,lighthouse,My dream is to one day live in a lighthouse and write a novel inspired by the sea.
6090.0,lighthouse,The town's historical society is raising funds to restore the lighthouse to its former glory.
6090.0,lighthouse,"Navigating through the dense fog, the captain relied heavily on the lighthouse's signal to guide the ship safely into the harbor."
6091.0,stationery,"I need to buy some stationery, like pens and notebooks, for the start of the new school year."
6091.0,stationery,"The company provides all employees with stationery, including letterhead and envelopes, for official correspondence."
6091.0,stationery,"She has a beautiful collection of vintage stationery, including antique pens and handcrafted paper."
6091.0,stationery,We ordered the wedding invitations from a local stationery shop that specializes in custom designs.
6091.0,stationery,"Don't forget to pack some stationery in your suitcase, such as a notepad and pen, for taking notes during the conference."
6092.0,thrive,Plants thrive in a sunny environment with well-drained soil.
6092.0,thrive,Small businesses can thrive if they adapt to the changing needs of their customers.
6092.0,thrive,"After overcoming several obstacles, the local arts community began to thrive."
6092.0,thrive,"Children thrive when they feel safe, loved, and supported by their families."
6092.0,thrive,"Despite the economic downturn, the tech industry continues to thrive in certain sectors."
6093.0,gardening,My grandmother spends most of her retirement gardening in her backyard.
6093.0,gardening,I find gardening to be a very relaxing and rewarding hobby.
6093.0,gardening,The community center is offering a free gardening workshop next weekend.
6093.0,gardening,She's taking a break from her demanding job to focus on gardening and other outdoor activities.
6093.0,gardening,"The local nursery provides everything you need for gardening, from seeds to tools and expert advice."
6094.0,update,I need to update my address with the bank as I recently moved.
6094.0,update,The software company released an update to fix several bugs in the previous version.
6094.0,update,Can you give me an update on the progress of the marketing campaign?
6094.0,update,He promised to update us on the situation as soon as he had more information.
6094.0,update,Don't forget to update your antivirus software regularly to protect your computer from threats.
6095.0,wither,The flowers began to wither in the vase after a week without water.
6095.0,wither,Her hopes started to wither when she received the rejection letter.
6095.0,wither,The harsh sun caused the leaves on the young sapling to wither and turn brown.
6095.0,wither,"Without proper funding, the arts program will slowly wither away and eventually disappear."
6095.0,wither,His confidence seemed to wither under the intense scrutiny of the media.
6096.0,chancellor,The university's chancellor announced a new initiative to promote student mental health.
6096.0,chancellor,Angela Merkel served as the Chancellor of Germany for sixteen years.
6096.0,chancellor,The chancellor of the exchequer is responsible for managing the UK's finances.
6096.0,chancellor,He hoped his donation would impress the chancellor and secure his son's admission to the prestigious school.
6096.0,chancellor,"After a series of scandals, calls for the chancellor's resignation grew louder."
6097.0,affirm,The witness will affirm that she saw the defendant at the scene of the crime.
6097.0,affirm,"I can affirm the report's findings, as they align with my own research."
6097.0,affirm,She nodded to affirm her agreement with the proposed plan.
6097.0,affirm,"Despite the doubts, he continued to affirm his belief in their potential."
6097.0,affirm,The judge will affirm or reverse the lower court's decision after reviewing the case.
6098.0,continuation,The continuation of the project depends on securing additional funding by the end of the month.
6098.0,continuation,"Despite the initial setbacks, the continuation of their relationship seemed inevitable."
6098.0,continuation,"This novel is a direct continuation of the author's previous work, picking up right where it left off."
6098.0,continuation,The city council voted in favor of the continuation of the current recycling program.
6098.0,continuation,"For the continuation of the warranty, you must register your product online within 30 days of purchase."
6099.0,drastic,"The company had to take drastic measures to avoid bankruptcy, including laying off a large portion of its workforce."
6099.0,drastic,Cutting out all sugar at once might be too drastic of a change; try reducing your intake gradually instead.
6099.0,drastic,"If the pollution levels continue to rise, we may need to consider drastic solutions like banning private vehicles from the city center."
6099.0,drastic,The doctor recommended a more moderate approach before resorting to drastic surgery.
6099.0,drastic,"After failing the exam twice, he realized he needed to make drastic changes to his study habits."
6100.0,anonymous,The activist group decided to remain anonymous to protect themselves from potential retaliation.
6100.0,anonymous,An anonymous donor contributed a large sum of money to the local animal shelter.
6100.0,anonymous,You can report suspicious activity to the police anonymously through their online tip line.
6100.0,anonymous,"The website allows users to post reviews of restaurants, but many choose to do so anonymously."
6100.0,anonymous,"She received an anonymous letter containing disturbing threats, which she immediately reported to the authorities."
6101.0,allege,The newspaper article will allege that the mayor misused public funds.
6101.0,allege,Several witnesses allege they saw the suspect fleeing the scene of the crime.
6101.0,allege,"While the company denies any wrongdoing, consumers allege they were misled by the advertisement."
6101.0,allege,The plaintiff will allege negligence on the part of the hospital in causing her injury.
6101.0,allege,It is important to remember that these are just allegations; nothing has been proven in court.
6102.0,commissioner,The police commissioner announced a new initiative to combat rising crime rates in the city.
6102.0,commissioner,Commissioner Miller will be leading the investigation into the alleged ethical violations.
6102.0,commissioner,"Before approving the project, the environmental commissioner requested a thorough impact assessment."
6102.0,commissioner,We need to contact the housing commissioner to address the complaints about the lack of affordable housing options.
6102.0,commissioner,The mayor appointed a special commissioner to oversee the city's bicentennial celebrations.
6103.0,conspiracy,The documentary explored the details of the conspiracy surrounding the assassination of JFK.
6103.0,conspiracy,"I don't believe in every conspiracy theory I hear, but some of them are quite intriguing."
6103.0,conspiracy,The whistleblower exposed a complex conspiracy within the corporation to defraud investors.
6103.0,conspiracy,"After the accident, rumors of a conspiracy quickly spread throughout the small town."
6103.0,conspiracy,He was convicted of conspiracy to commit fraud and sentenced to five years in prison.
6104.0,arrogant,His arrogant attitude made it difficult to work with him on the project.
6104.0,arrogant,She came across as arrogant because she kept interrupting everyone and boasting about her accomplishments.
6104.0,arrogant,I found his arrogant dismissal of my idea to be incredibly rude and unprofessional.
6104.0,arrogant,"Despite his talent, he lost opportunities because his arrogant demeanor rubbed people the wrong way."
6104.0,arrogant,The team's arrogant overconfidence led to their unexpected defeat in the championship game.
6105.0,deceitful,"His deceitful tactics in business eventually caught up with him, ruining his reputation."
6105.0,deceitful,I felt betrayed when I discovered her deceitful nature and the lies she had been telling me.
6105.0,deceitful,"The politician's deceitful promises were designed to win votes, but few people believed him."
6105.0,deceitful,Don't trust everything you read online; much of it is deliberately deceitful and misleading.
6105.0,deceitful,"She gave a deceitful smile, but I could see the anger simmering beneath the surface."
6106.0,arouse,The speaker's passionate words aroused the crowd's enthusiasm for the cause.
6106.0,arouse,The smell of freshly baked bread began to arouse my appetite.
6106.0,arouse,His sudden departure aroused suspicion among his colleagues.
6106.0,arouse,The historical documentary aimed to arouse interest in the city's rich past.
6106.0,arouse,The graphic nature of the film was intended to arouse strong emotions in the audience.
6107.0,fury,The customer unleashed his fury on the poor cashier after discovering the double charge.
6107.0,fury,"Her silence only fueled his fury, making him even more determined to argue."
6107.0,fury,A wave of fury washed over him as he read the insulting email.
6107.0,fury,"The storm raged with a terrifying fury, tearing down trees and power lines."
6107.0,fury,"Consumed by fury, she ripped the photograph into shreds."
6108.0,creditor,"The company filed for bankruptcy, leaving many creditors unpaid."
6108.0,creditor,"As a creditor, the bank has a right to seize the property if the loan isn't repaid."
6108.0,creditor,She worried about becoming a creditor if she lent her friend too much money.
6108.0,creditor,The small business owner carefully reviewed the payment terms with each new creditor.
6108.0,creditor,"Before investing, it's crucial to understand the company's debt and its obligations to its creditors."
6109.0,pedestrain,"The city is implementing new traffic laws to improve pedestrian safety, especially near schools."
6109.0,pedestrain,A pedestrian was struck by a car while crossing the street against a red light.
6109.0,pedestrain,"This part of town is very pedestrian-friendly, with wide sidewalks and plenty of benches."
6109.0,pedestrain,"The bridge is open to both vehicular and pedestrian traffic, offering stunning views of the river."
6109.0,pedestrain,"Despite the heavy rain, there were still a few brave pedestrians hurrying along the sidewalk with their umbrellas."
6110.0,beware,"Beware of the dog; he looks friendly, but he bites."
6110.0,beware,"Hikers, beware of sudden weather changes in the mountains."
6110.0,beware,Beware of scams that promise quick riches with little effort.
6110.0,beware,"When purchasing online, beware of websites that don't have secure payment options."
6110.0,beware,Beware of driving under the influence of alcohol or drugs.
6111.0,pathway,The scenic pathway through the woods led us to a breathtaking waterfall.
6111.0,pathway,Scientists are researching new drug therapies that target specific metabolic pathways in cancer cells.
6111.0,pathway,"To improve my chances of getting promoted, I need to create a clear career pathway within the company."
6111.0,pathway,"The pathway to success in this industry requires hard work, dedication, and a bit of luck."
6111.0,pathway,Construction crews are widening the pathway along the riverfront to accommodate more pedestrians and cyclists.
6112.0,tram,"The tram was packed this morning, making it difficult to get on."
6112.0,tram,"We decided to take the tram to the city center instead of driving, to avoid the traffic."
6112.0,tram,Do you know how often the tram runs on Sundays?
6112.0,tram,She missed her stop because she was distracted looking out the tram window.
6112.0,tram,The old tram tracks are being replaced with a more modern system.
6113.0,chatter,The monkeys in the zoo began to chatter excitedly as feeding time approached.
6113.0,chatter,I could hear the incessant chatter of the students in the hallway outside my classroom.
6113.0,chatter,"Despite the serious topic, a nervous chatter filled the meeting room as everyone waited for the presentation to begin."
6113.0,chatter,My teeth began to chatter from the cold as I waited for the bus in the snow.
6113.0,chatter,Don't pay attention to the chatter online; focus on what you know to be true.
6114.0,idol,"As a child, my older sister was my idol, and I wanted to be just like her."
6114.0,idol,The pop star is considered an idol to millions of teenagers around the world.
6114.0,idol,The ancient tribes often worshipped idols made of wood and stone.
6114.0,idol,He regrets putting his boss on such a high pedestal; he now realizes his idol has many flaws.
6114.0,idol,"Many argue that our society places too much emphasis on celebrity culture, turning famous people into false idols."
6115.0,clarify,Could you please clarify what you meant by 'as soon as possible'? What's the deadline?
6115.0,clarify,"The instructions were a bit confusing, so the teacher had to clarify the steps for the experiment."
6115.0,clarify,"Before we proceed, let me clarify that this project is entirely voluntary."
6115.0,clarify,"To clarify my position on the matter, I believe we need more data before making a decision."
6115.0,clarify,I hope this email helps clarify any confusion regarding the upcoming changes to the policy.
6116.0,constitutional,The president's actions are being challenged in court on constitutional grounds.
6116.0,constitutional,"Debates raged about whether the new law was constitutional, with both sides presenting compelling arguments."
6116.0,constitutional,The right to free speech is a constitutional guarantee in many countries.
6116.0,constitutional,"She is a constitutional scholar, specializing in the interpretation of the First Amendment."
6116.0,constitutional,The country underwent a constitutional reform to modernize its government structure.
6117.0,dean,The dean of the engineering school announced a new scholarship program for underprivileged students.
6117.0,dean,You'll need to get approval from the dean's office if you want to change your major after the deadline.
6117.0,dean,"As a senior faculty member, Professor Thompson is being considered for the position of dean."
6117.0,dean,The students organized a protest to voice their concerns directly to the dean about the proposed tuition increase.
6117.0,dean,"Dean Miller gave an inspiring speech at the graduation ceremony, encouraging students to pursue their passions."
6118.0,commend,I commend her for her bravery in speaking out against the company's unethical practices.
6118.0,commend,The committee would like to commend the research team for their groundbreaking work in cancer treatment.
6118.0,commend,"While I disagree with his methods, I must commend his dedication to the cause."
6118.0,commend,The general commended the soldiers' valor and discipline during the difficult mission.
6118.0,commend,"We commend you to the care of the medical staff, who will ensure you receive the best possible treatment."
6119.0,superb,"The chef prepared a superb meal, exceeding all of our expectations."
6119.0,superb,"The actress gave a superb performance, captivating the entire audience."
6119.0,superb,"The scenery on our hiking trip was superb, with breathtaking views at every turn."
6119.0,superb,"After a week of rain, the weather today is superb; I think I'll go for a walk."
6119.0,superb,The customer service I received was superb; the representative was very helpful and efficient.
6120.0,thesis,The central thesis of her argument was that social media negatively impacts political discourse.
6120.0,thesis,"Before starting my research paper, I need to formulate a clear thesis statement that guides my investigation."
6120.0,thesis,His master's thesis explored the effects of climate change on local ecosystems.
6120.0,thesis,"The professor challenged the student's thesis, prompting a lively debate about the validity of the research."
6120.0,thesis,"While the evidence presented was compelling, it didn't entirely support the author's initial thesis."
6121.0,predecessor,The new CEO is working hard to improve upon the strategies of her predecessor.
6121.0,predecessor,"This model of car is a significant upgrade from its predecessor, offering better fuel efficiency and safety features."
6121.0,predecessor,The historian meticulously researched the lives of the kings and queens and their predecessors to understand the dynamics of the kingdom.
6121.0,predecessor,"My predecessor in this role left some very large shoes to fill, but I'm confident I can meet the challenge."
6121.0,predecessor,"The software company's latest operating system is designed to be more user-friendly than its predecessor, which was often criticized for its complexity."
6122.0,concede,"After reviewing the data, I had to concede that their marketing strategy was more effective."
6122.0,concede,"Although I disagree with his methods, I concede that he gets results."
6122.0,concede,She refused to concede defeat until the very last vote was counted.
6122.0,concede,He was forced to concede the point when presented with irrefutable evidence.
6122.0,concede,"Even though I was initially skeptical, I'll concede that this new software has significantly improved our workflow."
6123.0,statistical,The study used statistical analysis to determine if there was a significant correlation between exercise and mental health.
6123.0,statistical,"While anecdotes can be compelling, we need statistical evidence to support widespread implementation of the new policy."
6123.0,statistical,My professor emphasized the importance of understanding statistical significance when interpreting research findings.
6123.0,statistical,"He has a strong background in mathematics and statistical modeling, making him a valuable asset to the research team."
6123.0,statistical,The news report presented statistical data showing a significant increase in unemployment rates over the past year.
6124.0,falsefood,"The detective knew the suspect's alibi was falsefood, a carefully constructed story with no basis in reality."
6124.0,falsefood,Don't let their promises fool you; it's likely all falsefood designed to get you to invest.
6124.0,falsefood,The politician was accused of spreading falsefood about his opponent in a desperate attempt to sway voters.
6124.0,falsefood,"Her constant flattery felt like falsefood, and I suspected she was only trying to get something from me."
6124.0,falsefood,"The company's marketing campaign was filled with falsefood, exaggerating the product's capabilities to attract more customers."
6125.0,confer,The manager wanted to confer with the team before making a final decision on the project proposal.
6125.0,confer,I need to confer with my lawyer before signing any legal documents.
6125.0,confer,The university will confer an honorary degree upon the renowned scientist at the graduation ceremony.
6125.0,confer,Let's confer for a few minutes to discuss the best strategy for approaching this client.
6125.0,confer,The committee will confer this afternoon to decide which candidate is most qualified for the position.
6126.0,treasurer,The treasurer presented a detailed financial report at the annual meeting.
6126.0,treasurer,Our club is looking for a new treasurer with experience in managing budgets and handling finances.
6126.0,treasurer,Please submit your reimbursement requests to the treasurer by the end of the month.
6126.0,treasurer,"As treasurer, she was responsible for overseeing all fundraising activities and ensuring the organization's financial stability."
6126.0,treasurer,"He served as the treasurer for the local charity for over a decade, dedicating countless hours to its success."
6127.0,fiscal,"The company's fiscal year ends in June, so they're currently preparing their annual report."
6127.0,fiscal,The government's fiscal policy is aimed at reducing the national debt over the next decade.
6127.0,fiscal,We need to be more fiscally responsible and cut unnecessary spending from our budget.
6127.0,fiscal,The city council is debating the allocation of funds for various projects as part of the annual fiscal review.
6127.0,fiscal,"Due to the economic downturn, many businesses are facing significant fiscal challenges this year."
6128.0,confide,I felt I could confide in her because she always seemed so understanding.
6128.0,confide,"He didn't confide his financial troubles in anyone, not even his family."
6128.0,confide,She confided to me that she was planning to quit her job and travel the world.
6128.0,confide,It takes time to build the trust necessary for someone to confide their deepest fears.
6128.0,confide,Please know that anything you confide in me will remain strictly confidential.
6129.0,weary,"After a long day of hiking, I felt weary and just wanted to collapse in bed."
6129.0,weary,The constant negativity made me weary of listening to the news.
6129.0,weary,Weary travelers waited patiently for the delayed train to finally arrive.
6129.0,weary,"He gave a weary sigh, knowing he had to start the difficult task all over again."
6129.0,weary,"The weary old dog slowly climbed the stairs, his joints aching with every step."
6130.0,dissatisfied,The customer was dissatisfied with the poor service and demanded a refund.
6130.0,dissatisfied,I felt dissatisfied after the meeting because none of my concerns were addressed.
6130.0,dissatisfied,"Despite the high price, many users are dissatisfied with the new software's performance."
6130.0,dissatisfied,She was dissatisfied with her current job and started looking for new opportunities.
6130.0,dissatisfied,"The coach was dissatisfied with the team's lack of effort during the game, despite their eventual win."
6131.0,pastor,Our pastor gave a moving sermon about forgiveness and compassion last Sunday.
6131.0,pastor,The pastor of the local church is organizing a community food drive to help families in need.
6131.0,pastor,"After struggling with a difficult decision, I sought guidance from my pastor, who offered valuable advice."
6131.0,pastor,Many people admire the pastor's dedication to serving the congregation and the wider community.
6131.0,pastor,The church council is meeting with the pastor to discuss plans for the upcoming building renovation project.
6132.0,console,"I tried to console her after she failed the exam, but she was inconsolable."
6132.0,console,He bought a new gaming console to keep himself entertained during the lockdown.
6132.0,console,The psychologist's role is to console patients and help them process their emotions.
6132.0,console,"Sometimes, all you need is a good friend to console you when you're feeling down."
6132.0,console,"The ship's captain stood at the console, carefully monitoring the radar during the storm."
6133.0,sorrowful,The sorrowful expression on her face told a story of deep loss.
6133.0,sorrowful,He wrote a sorrowful poem about the fleeting nature of youth and beauty.
6133.0,sorrowful,The news of the accident cast a sorrowful pall over the entire community.
6133.0,sorrowful,"With a sorrowful sigh, she packed away her late husband's belongings."
6133.0,sorrowful,"Despite the sorrowful circumstances, they found strength in each other's presence."
6134.0,formulate,The committee needs to formulate a clear plan of action before the next meeting.
6134.0,formulate,Scientists are working to formulate a new drug that will effectively combat the virus.
6134.0,formulate,"Before presenting your argument, take some time to formulate your thoughts into a coherent structure."
6134.0,formulate,The company struggled to formulate a marketing strategy that would appeal to a younger demographic.
6134.0,formulate,It's important to formulate realistic goals for yourself so you can track your progress and stay motivated.
6135.0,amendment,The senator proposed an amendment to the bill that would limit its scope.
6135.0,amendment,"After much debate, the amendment to the constitution was finally ratified by the states."
6135.0,amendment,The homeowner's association bylaws are undergoing an amendment to allow for smaller pets.
6135.0,amendment,"He suggested an amendment to the contract, clarifying the payment schedule."
6135.0,amendment,The software company released an amendment to their privacy policy following the data breach.
6136.0,grumble,He began to grumble about the cold weather as soon as he stepped outside.
6136.0,grumble,"The old dog would grumble softly in his sleep, probably dreaming of chasing squirrels."
6136.0,grumble,"Despite the extra workload, she didn't grumble once; she just got on with it."
6136.0,grumble,"A few students grumbled about the early start time, but most were happy to be there."
6136.0,grumble,"If you have a complaint, please state it clearly instead of just grumbling under your breath."
6137.0,annoyance,The constant buzzing of the mosquito was a major annoyance while I was trying to sleep.
6137.0,annoyance,I felt a surge of annoyance when I realized I had left my wallet at home.
6137.0,annoyance,Her habit of interrupting me mid-sentence is a constant source of annoyance.
6137.0,annoyance,"Despite the minor annoyance of the long line, the concert was fantastic."
6137.0,annoyance,"He tried to hide his annoyance at the slow-moving traffic, but his clenched fists betrayed him."
6138.0,utensil,Could you please put the clean utensils away in the drawer?
6138.0,utensil,"Each camper should bring their own eating utensil, such as a fork or spoon, to the picnic."
6138.0,utensil,The archaeologist carefully brushed away the dirt to reveal an ancient cooking utensil.
6138.0,utensil,I accidentally threw the plastic utensil in the recycling bin instead of the trash.
6138.0,utensil,"For the potluck, remember to bring a serving utensil along with your dish to help people serve themselves."
6139.0,disciple,"He was a devoted disciple of the renowned philosopher, spending years studying his teachings."
6139.0,disciple,"The young artist is considered a disciple of the abstract expressionist movement, drawing inspiration from its bold techniques."
6139.0,disciple,Becoming a disciple requires commitment and a willingness to learn from experienced practitioners.
6139.0,disciple,She gathered a small group of disciples who were eager to learn her unique approach to meditation.
6139.0,disciple,"Despite the scandal, many remained loyal disciples, continuing to support the guru's controversial views."
6140.0,implore,I implore you to reconsider your decision; it could have serious consequences.
6140.0,implore,"Seeing the desperation in his eyes, I implore you to help him if you can."
6140.0,implore,She implored her son to be careful while driving in the snowstorm.
6140.0,implore,The animal rights activists implore the government to ban cruel testing practices.
6140.0,implore,We implore all citizens to donate blood and help save lives.
6141.0,doctrine,The company operates under the doctrine of prioritizing customer satisfaction above all else.
6141.0,doctrine,He challenged the long-held doctrine that economic growth always benefits everyone.
6141.0,doctrine,"Although the political doctrine seemed appealing on paper, its implementation proved to be difficult."
6141.0,doctrine,"She was raised according to a strict religious doctrine, which shaped her worldview."
6141.0,doctrine,The military doctrine emphasized rapid deployment and overwhelming force.
6142.0,persuasive,Her persuasive arguments convinced the jury to acquit the defendant.
6142.0,persuasive,The advertisement used persuasive language to encourage consumers to buy the new product.
6142.0,persuasive,He gave a persuasive speech about the importance of environmental conservation.
6142.0,persuasive,"Although I didn't initially agree, her persuasive reasoning changed my mind."
6142.0,persuasive,"The salesperson was incredibly persuasive, and I ended up buying something I didn't really need."
6143.0,induce,The doctor decided to induce labor because the baby was overdue.
6143.0,induce,Nothing could induce him to change his mind; he was incredibly stubborn.
6143.0,induce,The advertisement aimed to induce customers to buy the new product.
6143.0,induce,Drinking too much alcohol can induce nausea and vomiting.
6143.0,induce,The researchers tried to induce a positive mood in the participants by showing them funny videos.
6144.0,trustee,"As a trustee of the estate, she is responsible for managing the assets wisely for the beneficiaries."
6144.0,trustee,The board of trustees voted to approve the new budget for the university.
6144.0,trustee,He was named a trustee of the museum due to his extensive knowledge of art history and his philanthropic contributions.
6144.0,trustee,The will stipulated that a neutral third party would act as trustee until the children reached the age of majority.
6144.0,trustee,"We need someone we can trust implicitly to be the trustee of this fund, someone with impeccable integrity."
6145.0,manifest,"Her anxiety started to manifest as physical symptoms, like headaches and stomach problems."
6145.0,manifest,The community's desire for a new park will manifest in increased fundraising efforts and volunteer hours.
6145.0,manifest,The artist's passion for nature clearly manifests itself in her vibrant landscape paintings.
6145.0,manifest,"If you truly believe in your goals, you can manifest them into reality through hard work and dedication."
6145.0,manifest,"Unfortunately, the disease can manifest differently in each patient, making diagnosis challenging."
6146.0,dissatisfaction,There was a general air of dissatisfaction after the company announced it would be cutting bonuses this year.
6146.0,dissatisfaction,Her dissatisfaction with the outdated software led her to research and propose a new system.
6146.0,dissatisfaction,"Despite the positive reviews, I felt a deep dissatisfaction with the film's ending; it just didn't feel conclusive."
6146.0,dissatisfaction,The customer service representative tried to address the customer's dissatisfaction by offering a full refund.
6146.0,dissatisfaction,Growing dissatisfaction with the government's policies fueled widespread protests throughout the country.
6147.0,unskilled,The factory relies heavily on unskilled labor for its assembly line work.
6147.0,unskilled,Many argue that technological advancements are eliminating the need for unskilled workers.
6147.0,unskilled,"He started out as an unskilled laborer, but through hard work and dedication, he climbed the corporate ladder."
6147.0,unskilled,"Although the job doesn't require any specific training, it's not exactly unskilled; it demands focus and attention to detail."
6147.0,unskilled,She worried about finding a job because she felt she only had unskilled experience in retail.
6148.0,eccentric,My neighbor is an eccentric old man who wears a top hat while gardening.
6148.0,eccentric,The artist was known for his eccentric style and unusual subject matter.
6148.0,eccentric,"Despite his eccentric behavior, he was actually a brilliant scientist."
6148.0,eccentric,Her eccentric aunt always gives the most interesting and unexpected gifts.
6148.0,eccentric,"Some people considered him eccentric, but I found his ideas refreshing and innovative."
6149.0,unpredictable,"The weather in the mountains is notoriously unpredictable, so be sure to pack for all conditions."
6149.0,unpredictable,"Her reaction to the news was unpredictable; we couldn't tell if she was happy, sad, or angry."
6149.0,unpredictable,Investing in cryptocurrency can be quite unpredictable due to the volatile nature of the market.
6149.0,unpredictable,"The plot of the novel took an unpredictable turn in the final chapter, completely surprising the readers."
6149.0,unpredictable,"His behavior became increasingly unpredictable after the accident, making it difficult for his family to cope."
6150.0,perplex,"The sudden change in plans perplexed me, as I wasn't sure how to proceed."
6150.0,perplex,He was perplexed by the cryptic message and spent hours trying to decipher its meaning.
6150.0,perplex,The complex mathematical equation continued to perplex even the most experienced scientists.
6150.0,perplex,Her contradictory statements perplexed the jury and made it difficult to determine the truth.
6150.0,perplex,"I was perplexed when I couldn't find my keys, even though I was sure I had just placed them on the table."
6151.0,profess,"He would often profess his undying love for her, but his actions told a different story."
6151.0,profess,"Although she didn't profess to be an expert, she had a solid understanding of the subject."
6151.0,profess,"The company doesn't profess to have all the answers, but they are committed to finding solutions."
6151.0,profess,"Many politicians profess to care about the working class, but their policies often contradict this."
6151.0,profess,"I don't profess to know what the future holds, but I remain optimistic."
6152.0,supportive,My family has always been incredibly supportive of my dream to become a doctor.
6152.0,supportive,A supportive work environment is crucial for employee well-being and productivity.
6152.0,supportive,"She was very supportive when I was going through a difficult time, always offering a listening ear and helpful advice."
6152.0,supportive,"The local community is highly supportive of the arts, with many people attending performances and donating to arts organizations."
6152.0,supportive,"He played a supportive role in the project, helping with research and providing valuable insights to the team."
6153.0,civic,The mayor emphasized the importance of civic engagement in his speech.
6153.0,civic,Volunteering at the local soup kitchen is a great way to fulfill your civic duty.
6153.0,civic,The new park was funded by a combination of private donations and civic grants.
6153.0,civic,She received an award for her outstanding civic leadership and commitment to the community.
6153.0,civic,"Our school encourages students to participate in civic activities, such as town hall meetings and community clean-ups."
6154.0,reconcile,"After years of estrangement, they finally decided to reconcile their differences and rebuild their relationship."
6154.0,reconcile,The accountant worked diligently to reconcile the bank statement with the company's internal records.
6154.0,reconcile,It can be difficult to reconcile your personal beliefs with the demands of your profession.
6154.0,reconcile,The mediator helped the two parties reconcile their conflicting viewpoints and reach a compromise.
6154.0,reconcile,I'm trying to reconcile my desire to travel with my need to save money for a down payment on a house.
6155.0,foe,The two rival companies have been bitter foes in the tech industry for decades.
6155.0,foe,"Despite their political differences, they found common ground and decided to work together instead of remaining foes."
6155.0,foe,"He knew that admitting his mistake would make him vulnerable to his foes, but he chose honesty anyway."
6155.0,foe,"The superhero confronted his arch-foe in a final, climactic battle to save the city."
6155.0,foe,"She had to overcome her inner demons, her greatest foe, to achieve true peace."
6156.0,rouse,The loud music from the street began to rouse me from my afternoon nap.
6156.0,rouse,His impassioned speech was meant to rouse the crowd to action.
6156.0,rouse,Nothing could rouse him from his depression after the loss.
6156.0,rouse,"I tried to rouse her excitement about the trip, but she remained indifferent."
6156.0,rouse,The smell of coffee is usually enough to rouse me in the morning.
6157.0,folklore,The local folklore tells a tale of a mischievous water spirit who lives in the nearby lake.
6157.0,folklore,Her research focused on the intersection of Irish folklore and early Christian beliefs.
6157.0,folklore,Many of the superstitions we hold today have their roots in ancient folklore and traditions.
6157.0,folklore,"The museum's exhibit on regional folklore attracted visitors from all over the country, eager to learn about local legends."
6157.0,folklore,"While some of the stories are undoubtedly embellished, there's often a grain of truth to be found in folklore."
6158.0,slant,The afternoon sun cast a long slant across the dusty road.
6158.0,slant,"The journalist's article had a clear political slant, favoring one candidate over the others."
6158.0,slant,He adjusted the picture frame to correct the slight slant.
6158.0,slant,"Depending on your perspective, you can put a positive or negative slant on the same situation."
6158.0,slant,The roof has a steep slant to allow snow to slide off easily.
6159.0,botanical,The museum's botanical garden is renowned for its collection of rare orchids.
6159.0,botanical,She has a strong interest in botanical illustration and hopes to publish her own book one day.
6159.0,botanical,We visited the local apothecary to find botanical remedies for our colds.
6159.0,botanical,The artist used botanical dyes to create a range of vibrant colors for her textile designs.
6159.0,botanical,Research suggests that botanical extracts may play a significant role in developing new cancer treatments.
6160.0,sensational,The new restaurant downtown is getting sensational reviews; everyone is raving about the food and atmosphere.
6160.0,sensational,"The newspaper ran a sensational headline that exaggerated the details of the accident, causing unnecessary panic."
6160.0,sensational,Her performance in the play was sensational; she completely captivated the audience with her emotional range.
6160.0,sensational,"After months of hard work, the team achieved a sensational victory, breaking all previous records."
6160.0,sensational,"The media coverage of the trial was quite sensational, focusing more on the drama than the facts."
6161.0,testify,The witness agreed to testify under oath about what he saw that night.
6161.0,testify,I can testify to the quality of their work; they always deliver on time and within budget.
6161.0,testify,Several experts will testify on the effects of climate change during the Senate hearing.
6161.0,testify,"She refused to testify against her brother, even though she knew he was involved."
6161.0,testify,These documents testify to the company's long history of financial success.
6162.0,commuter,"The train was delayed again, making life even more difficult for the weary commuter."
6162.0,commuter,"As a daily commuter, she always brings a book to occupy her time on the subway."
6162.0,commuter,"Traffic is especially heavy during rush hour, with thousands of commuters trying to get home."
6162.0,commuter,The city is trying to encourage more people to cycle to work to reduce the number of car commuters.
6162.0,commuter,My neighbor is a commuter who works in the city but prefers living in the quieter suburbs.
6163.0,bulletin,The company posted a bulletin announcing the office holiday party on the break room wall.
6163.0,bulletin,Did you see the latest bulletin from the university about the changes to the registration process?
6163.0,bulletin,I'll check the community bulletin board at the grocery store for local job postings.
6163.0,bulletin,The weather bulletin warned of heavy thunderstorms and potential flooding in the area.
6163.0,bulletin,Our church publishes a weekly bulletin with upcoming events and announcements.
6164.0,blink,I didn't even blink when he told me he was quitting his job; I knew he was unhappy.
6164.0,blink,The bright flash of the camera made her blink momentarily.
6164.0,blink,"If you stare at a screen for too long, you might forget to blink and your eyes will feel dry."
6164.0,blink,"He drove with such intensity that he didn't blink once, his focus unwavering."
6164.0,blink,"The whole ordeal was over in the blink of an eye, leaving me completely stunned."
6165.0,disbelief,"She stared at the winning lottery ticket in disbelief, unable to comprehend her sudden fortune."
6165.0,disbelief,His explanation for the missing money was met with murmurs of disbelief from everyone in the room.
6165.0,disbelief,"Despite the overwhelming evidence, some people still cling to their disbelief in climate change."
6165.0,disbelief,I shook my head in disbelief as I watched him attempt to juggle flaming torches.
6165.0,disbelief,The news of his sudden resignation was received with shock and disbelief by his colleagues.
6166.0,chime,I love to hear the gentle chime of the wind chimes on my porch.
6166.0,chime,Did you hear the grandfather clock chime the hour?
6166.0,chime,"The church bells chime every Sunday morning, calling the community to worship."
6166.0,chime,"The waitress heard the chime of the bell above the door, signaling a new customer had arrived."
6166.0,chime,"Her laughter had a bright, cheerful chime to it, like tiny bells ringing."
6167.0,brunch,Let's go for brunch this Sunday; I'm craving eggs Benedict.
6167.0,brunch,"We're having a potluck brunch at my place next weekend, so bring your favorite dish."
6167.0,brunch,"After sleeping in late, we decided to skip breakfast and just have brunch."
6167.0,brunch,The hotel offers a complimentary brunch buffet every morning until 11 am.
6167.0,brunch,I love catching up with friends over brunch – it's a relaxing way to spend a Saturday.
6168.0,chuckle,He read the comic strip and let out a soft chuckle.
6168.0,chuckle,My grandfather would chuckle to himself as he remembered stories from his youth.
6168.0,chuckle,The comedian's self-deprecating humor caused the audience to chuckle appreciatively.
6168.0,chuckle,Seeing the dog chase its tail made her chuckle out loud.
6168.0,chuckle,"Despite the serious tone of the meeting, I couldn't help but chuckle when he made that unexpected joke."
6169.0,bridegroom,The bridegroom nervously adjusted his tie as he waited for the bride to walk down the aisle.
6169.0,bridegroom,"After the ceremony, the bridegroom swept his new wife into his arms for a celebratory kiss."
6169.0,bridegroom,The best man's speech poked fun at the bridegroom's embarrassing college days.
6169.0,bridegroom,The wedding photographer captured a candid shot of the bridegroom laughing with his groomsmen.
6169.0,bridegroom,"The families of the bride and bridegroom mingled happily during the reception, celebrating the joyous occasion."
6170.0,witty,Her witty remarks kept the entire table laughing throughout dinner.
6170.0,witty,The comedian's witty observations about modern life resonated with the audience.
6170.0,witty,He's known for his witty comebacks and clever puns.
6170.0,witty,"Despite the serious topic, she managed to inject a few witty anecdotes to lighten the mood."
6170.0,witty,"The play was well-written, with witty dialogue and engaging characters."
6171.0,hoof,"The horse pawed at the ground, its hoof striking the dry earth with a dull thud."
6171.0,hoof,The farrier carefully trimmed the horse's hoof to ensure proper balance and prevent injury.
6171.0,hoof,We could hear the rhythmic clatter of hooves on the cobblestone street as the carriage approached.
6171.0,hoof,"The deer bounded gracefully through the forest, its delicate hooves barely disturbing the fallen leaves."
6171.0,hoof,"After a long day of riding, it's important to clean the mud and debris from your horse's hoof."
6172.0,clatter,The stack of plates began to clatter as the waiter rushed through the busy restaurant.
6172.0,clatter,I could hear the clatter of the train as it approached the station.
6172.0,clatter,Don't mind the clatter; I'm just doing the dishes.
6172.0,clatter,The old typewriter made a tremendous clatter with each keystroke.
6172.0,clatter,A sudden gust of wind caused the loose metal roofing to clatter loudly against the building.
6173.0,desolate,"The abandoned farmhouse stood desolate against the stormy sky, a testament to forgotten dreams."
6173.0,desolate,"After her husband's death, she felt utterly desolate and alone in the world."
6173.0,desolate,"The hikers were warned to avoid the desolate stretch of desert, where water was scarce and the sun unrelenting."
6173.0,desolate,"The factory closing left the small town desolate, with many residents unemployed and businesses struggling."
6173.0,desolate,"He wandered through the desolate streets, haunted by the memories of what had been."
6174.0,curly,She has beautiful curly hair that bounces when she walks.
6174.0,curly,The poodle is a popular dog breed known for its curly fur.
6174.0,curly,"I tried to straighten my curly fries, but they just sprung right back into shape."
6174.0,curly,He drew a curly line across the page to separate the sections of his drawing.
6174.0,curly,The old iron gate had a curly design with leaves and vines intertwined.
6175.0,clutch,She had to clutch her purse tightly as she walked through the crowded market.
6175.0,clutch,The race car driver expertly used the clutch to shift gears and maintain speed.
6175.0,clutch,"In a moment of panic, he clutched at the railing to keep from falling."
6175.0,clutch,"The losing team was in a clutch situation, needing a touchdown in the final seconds."
6175.0,clutch,He felt a painful clutch in his chest and knew he needed to see a doctor immediately.
6176.0,bouquet,She carried a beautiful bouquet of roses down the aisle.
6176.0,bouquet,"The florist carefully arranged the bouquet to include lilies, carnations, and baby's breath."
6176.0,bouquet,He presented her with a bouquet of wildflowers he had picked from the meadow.
6176.0,bouquet,The wine had a complex bouquet of fruity and earthy aromas.
6176.0,bouquet,"After the performance, the prima ballerina was showered with bouquets from adoring fans."
6177.0,serpent,The ancient temple was adorned with carvings of serpents and mythical creatures.
6177.0,serpent,"He moved with the grace of a serpent, effortlessly weaving through the crowded room."
6177.0,serpent,The hiker was startled to see a large serpent slithering across the trail.
6177.0,serpent,"In some cultures, the serpent is a symbol of healing and transformation."
6177.0,serpent,The villain's plan was as cunning and deceptive as a serpent's strike.
6178.0,coil,"The snake began to coil around the branch, its movements slow and deliberate."
6178.0,coil,I need to buy a new coil of rope for my camping trip.
6178.0,coil,The electrician had to replace the faulty heating coil in the oven.
6178.0,coil,She carefully wound the yarn into a neat coil to prevent it from tangling.
6178.0,coil,The metal spring started to coil tighter and tighter as I turned the handle.
6179.0,bough,The old oak tree's bough creaked ominously in the strong wind.
6179.0,bough,"A robin perched on a low-hanging bough, singing its morning song."
6179.0,bough,We hung the tire swing from a sturdy bough of the maple tree in our backyard.
6179.0,bough,"Snowflakes clung delicately to the bough of the pine tree, creating a winter wonderland scene."
6179.0,bough,He reached up and snapped off a bough from the willow tree to use as a makeshift fishing rod.
6180.0,hound,"The paparazzi continued to hound the celebrity couple, desperate for a scandalous photo."
6180.0,hound,I felt like I was being hounded by debt collectors after losing my job.
6180.0,hound,"The detective decided to hound every lead, no matter how insignificant it seemed, in order to solve the complex case."
6180.0,hound,My little brother would hound me constantly to play video games with him.
6180.0,hound,The persistent cough continued to hound him for weeks after he recovered from the flu.
6181.0,devour,The hungry lion began to devour its prey within minutes.
6181.0,devour,"After a long day of hiking, I was ready to devour a huge pizza."
6181.0,devour,"She loves to devour mystery novels, often finishing one in a single sitting."
6181.0,devour,The flames quickly began to devour the old wooden building.
6181.0,devour,He would devour every bit of information he could find on the subject.
6182.0,hare,"The hare darted across the field, narrowly escaping the fox's grasp."
6182.0,hare,"We saw a hare sitting perfectly still in the meadow, blending in with the tall grass."
6182.0,hare,The farmer complained that hares were eating his young crops.
6182.0,hare,"According to the fable, the tortoise beat the hare in a race due to the hare's overconfidence."
6182.0,hare,"The dog loves to chase rabbits and hares, though he rarely catches them."
6183.0,appliance,The new stainless steel appliance suite really modernized the kitchen.
6183.0,appliance,"Before you leave, please make sure all appliances are switched off to conserve energy."
6183.0,appliance,He's a qualified technician who specializes in repairing large household appliances.
6183.0,appliance,"The landlord is responsible for maintaining the major appliances, like the refrigerator and oven."
6183.0,appliance,"This small kitchen appliance, a multi-cooker, can pressure cook, slow cook, and even air fry."
6184.0,dicate,The company's policy seems to dictate every aspect of our work lives.
6184.0,dicate,Don't let fear dictate your decisions; consider all the possibilities.
6184.0,dicate,The teacher will dictate a short paragraph for the students to practice their transcription skills.
6184.0,dicate,"While I appreciate your input, I won't let anyone dictate how I raise my children."
6184.0,dicate,The popularity of the app seems to dictate its continued development and updates.
6185.0,elevate,The company decided to elevate John to the position of Senior Manager after his outstanding performance.
6185.0,elevate,"To elevate the flavor of the soup, add a pinch of salt and a squeeze of lemon juice."
6185.0,elevate,The artist used lighting techniques to elevate the ordinary scene into something truly captivating.
6185.0,elevate,We need to elevate the discussion beyond personal attacks and focus on the actual issues.
6185.0,elevate,Regular exercise and a healthy diet can significantly elevate your mood and energy levels.
6186.0,dome,The city's planetarium features a massive dome where they project images of the night sky.
6186.0,dome,"After the earthquake, engineers inspected the stadium's dome to ensure its structural integrity."
6186.0,dome,He carefully placed the glass dome over the delicate miniature garden to protect it from dust.
6186.0,dome,The Capitol building is easily recognizable by its impressive dome.
6186.0,dome,We sought shelter from the sudden downpour under the temporary dome erected for the outdoor concert.
6187.0,embrace,We should embrace new technologies to improve efficiency in the workplace.
6187.0,embrace,"Despite his initial reluctance, he eventually learned to embrace the challenges of his new role."
6187.0,embrace,The community decided to embrace a more sustainable lifestyle by reducing their carbon footprint.
6187.0,embrace,"I try to embrace every opportunity that comes my way, even if it seems a little scary at first."
6187.0,embrace,The artist's work sought to embrace the beauty and imperfections of the natural world.
6188.0,sweetie,"Don't worry, sweetie, everything will be alright."
6188.0,sweetie,"Could you grab me a glass of water, sweetie?"
6188.0,sweetie,"Sweetie, that dress looks absolutely gorgeous on you!"
6188.0,sweetie,"I'm running to the store, sweetie, do you need anything?"
6188.0,sweetie,"Oh, sweetie, I'm so sorry to hear about your bad day."
6189.0,mansion,"After winning the lottery, they moved out of their cramped apartment and bought a sprawling mansion overlooking the ocean."
6189.0,mansion,"The old mansion on the hill was rumored to be haunted, and no one dared to go near it after dark."
6189.0,mansion,"The real estate agent described the property as a 'fixer-upper,' but in reality, it was a dilapidated mansion in desperate need of repair."
6189.0,mansion,"The charity gala was held at a lavish mansion, complete with a grand ballroom and meticulously manicured gardens."
6189.0,mansion,"Despite his immense wealth, he preferred to live in a modest home rather than a sprawling, ostentatious mansion."
6190.0,tedious,Filling out these tax forms is incredibly tedious; I wish there were a simpler way.
6190.0,tedious,The lecture was so tedious that I struggled to stay awake.
6190.0,tedious,He found the task of sorting the files alphabetically to be quite tedious and time-consuming.
6190.0,tedious,"After a while, the constant repetition of the same exercises became tedious, and I lost motivation."
6190.0,tedious,"Although necessary, proofreading my own writing can sometimes be a tedious but important part of the editing process."
6191.0,campaigner,"As a tireless campaigner for animal rights, she dedicated her life to rescuing abused animals and advocating for stricter laws."
6191.0,campaigner,The local campaigner organized a community meeting to discuss the proposed development and its potential impact on the neighborhood.
6191.0,campaigner,"He started as a grassroots campaigner, but his passionate speeches quickly gained national attention."
6191.0,campaigner,"Despite facing numerous setbacks, the environmental campaigner remained determined to protect the endangered forest from logging."
6191.0,campaigner,The veteran campaigner advised the younger activists on effective strategies for mobilizing public support and influencing policy makers.
6192.0,flip,I need to flip the laundry over to the dryer before it gets wrinkled.
6192.0,flip,He decided to flip his investment property for a quick profit.
6192.0,flip,"She nervously began to flip through the pages of the magazine, avoiding eye contact."
6192.0,flip,"With a flick of his wrist, the magician made the coin flip into the air."
6192.0,flip,Don't flip out! We can figure out a solution to this problem together.
6193.0,handout,The professor gave us a handout with all the key formulas for the exam.
6193.0,handout,I picked up a handout at the conference booth describing their new software features.
6193.0,handout,"Before the presentation, please make sure everyone receives a handout outlining the agenda."
6193.0,handout,"Instead of taking detailed notes, just listen and refer to the handout later."
6193.0,handout,Are you looking for the job application form? It's the last handout on the table near the entrance.
6194.0,outing,The company organized a team-building outing to the local amusement park.
6194.0,outing,"We're planning a family outing to the beach next weekend, weather permitting."
6194.0,outing,"After a stressful week at work, a quiet evening outing to the cinema was just what I needed."
6194.0,outing,The politician's unexpected outing with the controversial lobbyist raised many eyebrows.
6194.0,outing,The birdwatching club scheduled an outing to the wetlands to observe migratory species.
6195.0,gargle,The doctor told me to gargle with warm salt water three times a day to soothe my sore throat.
6195.0,gargle,"After accidentally swallowing some pool water, I felt the need to gargle to get rid of the chlorine taste."
6195.0,gargle,She learned to gargle properly by tilting her head back and making a bubbling sound in her throat.
6195.0,gargle,"He grabbed the mouthwash and started to gargle loudly, much to the annoyance of his roommate."
6195.0,gargle,"For singers, it's often recommended to gargle with apple cider vinegar to clear the vocal cords."
6196.0,detergent,I need to buy some more laundry detergent; we're almost out.
6196.0,detergent,This stain is really stubborn; I might need to try using a stronger detergent.
6196.0,detergent,"Be careful not to use too much detergent in the dishwasher, or you'll end up with soapy dishes."
6196.0,detergent,The cleaning crew uses a special detergent designed to disinfect and sanitize the hospital floors.
6196.0,detergent,Many people are switching to eco-friendly detergents to reduce their impact on the environment.
6197.0,giggle,The children couldn't help but giggle when the clown's nose fell off.
6197.0,giggle,"Sarah tried to maintain a serious face during the presentation, but she couldn't suppress a nervous giggle."
6197.0,giggle,"His silly jokes always manage to elicit a giggle from her, no matter how bad they are."
6197.0,giggle,"Hearing the inside joke, the friends exchanged knowing glances and a quiet giggle."
6197.0,giggle,"Even though it was a serious situation, the absurdity of it all made her giggle uncontrollably."
6198.0,superstition,Many people dismiss the idea of Friday the 13th as just a silly superstition.
6198.0,superstition,"I don't believe in superstition, but I still knock on wood sometimes."
6198.0,superstition,"The old woman warned us against walking under ladders, calling it a dangerous superstition."
6198.0,superstition,Breaking a mirror is considered a bad luck superstition in several cultures.
6198.0,superstition,"Despite scientific advancements, superstition continues to influence decision-making in various parts of the world."
6199.0,groom,He spends a lot of time in the mornings to groom his hair and make sure he looks presentable.
6199.0,groom,The horse needs to be groomed regularly to keep its coat healthy and shiny.
6199.0,groom,The hotel offers a package where they groom your dog while you enjoy your stay.
6199.0,groom,It's important to groom your child to be a responsible and respectful member of society.
6199.0,groom,The candidate tried to groom his image by appearing on several talk shows and emphasizing his humble beginnings.
6200.0,horseshoe,The blacksmith expertly hammered the red-hot horseshoe into the perfect shape for the horse's hoof.
6200.0,horseshoe,"We found an old horseshoe in the field, and my grandfather said it would bring us good luck if we hung it above the doorway."
6200.0,horseshoe,"The horseshoe crab scuttled sideways along the sandy beach, leaving a strange trail in its wake."
6200.0,horseshoe,"He was participating in a horseshoe tournament at the county fair, hoping to win the coveted blue ribbon."
6200.0,horseshoe,"After a long day of riding, she carefully removed the horse's tack and checked each horseshoe for any signs of wear or looseness."
6201.0,brute,The brute force of the storm ripped the roof off the old barn.
6201.0,brute,"He tried to open the stubborn jar with brute strength, but it wouldn't budge."
6201.0,brute,The detective suspected the crime was committed by someone with a brute personality.
6201.0,brute,"Sometimes, a brute-force algorithm, though inefficient, is the only way to solve a complex problem."
6201.0,brute,"Despite his size, he wasn't a brute; he was actually quite gentle and kind."
6202.0,growl,The dog let out a low growl when the stranger approached the house.
6202.0,growl,"My stomach began to growl loudly during the silent exam, making me incredibly embarrassed."
6202.0,growl,He could hear the distant growl of thunder as the storm rolled in.
6202.0,growl,"Frustrated with the slow service, she muttered a growl under her breath."
6202.0,growl,The old engine gave a deep growl before finally sputtering to a stop.
6203.0,chick,"My neighbor's hen just hatched a clutch of eggs, and now she has a bunch of tiny chicks running around the yard."
6203.0,chick,"That chick at the coffee shop always remembers my order, she's super friendly."
6203.0,chick,I'm not really into chick flicks; I prefer action movies with lots of explosions.
6203.0,chick,The farmer carefully fed the chicks a special starter feed to ensure they grew strong and healthy.
6203.0,chick,"Don't be such a chick; just try the roller coaster, it's not that scary!"
6204.0,hatch,We waited anxiously for the eggs to hatch in the incubator.
6204.0,hatch,The detective began to hatch a plan to catch the thief red-handed.
6204.0,hatch,"After the success of their first product, they started to hatch new ideas for expansion."
6204.0,hatch,A new generation of political leaders is beginning to hatch from the grassroots movements.
6204.0,hatch,"The mother bird carefully guarded her nest, waiting for her chicks to hatch."
6205.0,haul,The movers had to haul the heavy piano up three flights of stairs.
6205.0,haul,We managed to haul in a decent catch of fish during our deep-sea fishing trip.
6205.0,haul,"After a successful shopping spree, I had to haul all the bags back to the car."
6205.0,haul,The truck driver was paid extra to haul hazardous materials across state lines.
6205.0,haul,"It's quite a haul from our house to the nearest grocery store, so we usually drive."
6206.0,lifeboat,The crew immediately lowered the lifeboat when the ship began to list dangerously.
6206.0,lifeboat,"During the safety drill, passengers were shown how to properly board a lifeboat in case of an emergency."
6206.0,lifeboat,The small fishing boat served as a lifeboat for the sailors whose yacht had capsized in the storm.
6206.0,lifeboat,"Inspecting the lifeboats is a crucial part of the pre-voyage checklist, ensuring they are seaworthy and stocked with supplies."
6206.0,lifeboat,"He felt like he was in a lifeboat, clinging to the hope that rescuers would arrive before the storm overwhelmed him."
6207.0,ashore,"After the shipwreck, the survivors struggled to swim ashore to the deserted island."
6207.0,ashore,The captain ordered the crew to go ashore for some much-needed rest and relaxation.
6207.0,ashore,"We watched as the small boat slowly made its way ashore, carrying supplies for the researchers."
6207.0,ashore,The strong current made it difficult for the kayaker to paddle ashore.
6207.0,ashore,The old lighthouse keeper often walked ashore to buy groceries in the nearby village.
6208.0,thicket,"The deer disappeared into the thicket, its white tail flashing between the branches."
6208.0,thicket,We had to push our way through a dense thicket of thorns and brambles to reach the hidden clearing.
6208.0,thicket,"The old house was surrounded by a wild thicket of overgrown bushes and trees, making it almost invisible from the road."
6208.0,thicket,I lost my keys somewhere in that thicket of weeds near the garden fence.
6208.0,thicket,"The soldiers used the thicket as cover, hoping to ambush the enemy patrol as they passed."
6209.0,hiss,The cat let out a hiss when the dog got too close to its food bowl.
6209.0,hiss,I could hear the radiator hiss as the steam circulated through the pipes.
6209.0,hiss,The crowd began to hiss at the villain during the final scene of the play.
6209.0,hiss,"When I accidentally touched the hot pan, I heard a sizzle and a hiss as the water evaporated."
6209.0,hiss,He gave a low hiss of frustration when he realized he'd forgotten his keys.
6210.0,barricade,Protesters began to barricade the streets with overturned trash cans and construction debris.
6210.0,barricade,"After the storm warning, residents rushed to barricade their windows with plywood."
6210.0,barricade,The police used a riot shield to barricade themselves from the incoming projectiles.
6210.0,barricade,We had to barricade the door with furniture to keep the bear out of the cabin.
6210.0,barricade,The soldiers were ordered to barricade the bridge to prevent the enemy from advancing further.
6211.0,hurl,"Enraged, he picked up the vase and hurled it against the wall."
6211.0,hurl,The pitcher reared back and hurled the baseball towards home plate with incredible speed.
6211.0,hurl,"During the protest, some demonstrators began to hurl insults and even rocks at the police."
6211.0,hurl,The storm was so fierce that it seemed to hurl the rain against the windows with unrelenting force.
6211.0,hurl,She had a sharp tongue and could hurl a cutting remark that would leave you speechless.
6212.0,riot,The concert ended in a near riot as fans rushed the stage.
6212.0,riot,"After the controversial verdict was announced, a riot broke out downtown."
6212.0,riot,The police used tear gas to try and quell the riot.
6212.0,riot,The prison riot resulted in several injuries and significant damage to the facility.
6212.0,riot,He was arrested for inciting a riot with his inflammatory speech.
6213.0,jockey,"The jockey expertly guided the horse through the crowded field, maintaining a steady pace."
6213.0,jockey,Several politicians are already jockeying for position in anticipation of the upcoming election.
6213.0,jockey,She had to jockey for space on the crowded subway during rush hour.
6213.0,jockey,"Despite his small stature, he dreamed of becoming a famous jockey and winning the Kentucky Derby."
6213.0,jockey,The companies are jockeying for market share by offering competitive pricing and innovative features.
6214.0,lash,The sailor had to lash the cargo to the deck to prevent it from shifting during the storm.
6214.0,lash,"With a swipe of mascara, she tried to make her eyelashes look longer and more defined, hoping to enhance her natural beauty."
6214.0,lash,"The wind began to lash against the windows, signaling the arrival of a powerful thunderstorm."
6214.0,lash,He felt the sting of betrayal lash across his heart when he discovered his friend's deceit.
6214.0,lash,"The coach didn't hesitate to lash out at the team after their disappointing performance, demanding more effort and dedication."
6215.0,avail,"We tried to persuade him, but to no avail; he refused to listen."
6215.0,avail,I will avail myself of the opportunity to attend the conference next month.
6215.0,avail,You should avail yourself of the free coffee and pastries in the lobby.
6215.0,avail,"Despite our best efforts, the medicine did not avail in curing his illness."
6215.0,avail,"If you need assistance, please avail yourself of the resources provided on the company website."
6216.0,splendor,The royal palace was decorated with breathtaking splendor for the coronation ceremony.
6216.0,splendor,"We admired the natural splendor of the Grand Canyon as the sun set, painting the rocks in vibrant colors."
6216.0,splendor,"Despite its age, the old theater retained a certain faded splendor, hinting at its glorious past."
6216.0,splendor,"The wedding reception was a display of pure splendor, from the floral arrangements to the exquisitely catered meal."
6216.0,splendor,"She remembered her grandmother's stories of a time when life was simpler, yet filled with a different kind of splendor found in community and tradition."
6217.0,maple,The vibrant red leaves of the maple tree signaled the arrival of autumn.
6217.0,maple,We tapped the maple trees in our backyard last spring and made our own syrup.
6217.0,maple,I love the taste of maple bacon in the morning.
6217.0,maple,"The street was lined with maple trees, providing ample shade during the summer heat."
6217.0,maple,The furniture maker used maple wood to create a beautiful and durable dining table.
6218.0,linger,The smell of freshly baked bread seemed to linger in the air long after I left the bakery.
6218.0,linger,"We didn't want to linger at the party too late, as we had an early start the next morning."
6218.0,linger,A sense of unease began to linger after watching the suspenseful movie.
6218.0,linger,"The memory of our summer vacation continues to linger, bringing a smile to my face whenever I think about it."
6218.0,linger,"If you have any questions, please don't linger around my desk; just send me an email."
6219.0,usage,The museum curator explained the historical usage of the artifact and how it was used in daily life.
6219.0,usage,I'm unsure about the correct usage of 'affect' versus 'effect' in this sentence; could you help me?
6219.0,usage,The software company monitors the usage of its application to identify potential bugs and improve performance.
6219.0,usage,Proper usage of the safety equipment is mandatory for all employees working in the factory.
6219.0,usage,"This dictionary provides detailed information on the different usages of each word, including idiomatic expressions and regional variations."
6220.0,bracket,The architect designed a decorative bracket to support the overhanging balcony.
6220.0,bracket,"I've moved into a higher tax bracket this year, so I need to review my finances."
6220.0,bracket,Could you please bracket the relevant section of the document so I know which part to focus on?
6220.0,bracket,The team is hoping to advance further in the tournament bracket and reach the finals.
6220.0,bracket,"He added a parenthetical comment, carefully placed within brackets, to clarify his original statement."
6221.0,misplace,"I tend to misplace my keys when I'm in a hurry, so I try to put them in the same spot every time I come home."
6221.0,misplace,She's always misplacing her glasses and then spends half an hour looking for them.
6221.0,misplace,Please be careful not to misplace any of the important documents I gave you; we'll need them for the meeting.
6221.0,misplace,"He apologized for the delay, explaining that he had misplaced the file and had to reconstruct it."
6221.0,misplace,"Don't worry, it's common to misplace things when you're traveling; just retrace your steps and you'll probably find it."
6222.0,pave,The city plans to pave the entire length of Elm Street next summer.
6222.0,pave,His success in the industry helped pave the way for other minority entrepreneurs.
6222.0,pave,"Heavy rains washed away the gravel, so we need to pave that section of the driveway."
6222.0,pave,We used interlocking bricks to pave a small patio in the backyard.
6222.0,pave,Negotiations with the union will pave the road to a new contract.
6223.0,coastal,The coastal breeze carried the scent of salt and seaweed.
6223.0,coastal,Many people choose to retire in coastal towns for their beautiful scenery and relaxed atmosphere.
6223.0,coastal,"We took a scenic drive along the coastal highway, stopping at several viewpoints to admire the ocean."
6223.0,coastal,The coastal erosion is threatening homes built too close to the cliffs.
6223.0,coastal,Scientists are studying the impact of climate change on coastal ecosystems and marine life.
6224.0,pluck,She had the pluck to stand up to her boss and demand a raise.
6224.0,pluck,He carefully began to pluck the stray feathers from the roasted chicken.
6224.0,pluck,The farmer used a special machine to pluck the cotton from the bolls.
6224.0,pluck,"Despite the team's losing streak, they showed a lot of pluck in their final game."
6224.0,pluck,"I tried to pluck up the courage to ask her out, but I chickened out at the last minute."
6225.0,watering,The watering can is empty; I need to refill it before I can finish the garden.
6225.0,watering,"He was watering the plants on the balcony, enjoying the quiet morning air."
6225.0,watering,My eyes started watering from the strong onion I was chopping.
6225.0,watering,The farmer uses an automated watering system to ensure his crops get enough moisture.
6225.0,watering,Watering down the soup made it less flavorful and satisfying.
6226.0,wanderer,"The old lighthouse keeper was a wanderer at heart, always dreaming of faraway lands."
6226.0,wanderer,"She described herself as a wanderer, never staying in one place for very long."
6226.0,wanderer,"The wanderer, weary from his travels, finally found a welcoming inn for the night."
6226.0,wanderer,Local legends speak of a ghostly wanderer who roams the moors on stormy nights.
6226.0,wanderer,"He envied the freedom of the wanderer, unburdened by possessions or responsibilities."
6227.0,reappear,"After being lost for several weeks, my cat suddenly reappeared on the front porch, looking thin but otherwise unharmed."
6227.0,reappear,"The actor, who had taken a break from Hollywood, is rumored to reappear in the next installment of the popular superhero franchise."
6227.0,reappear,"As the fog lifted, the distant mountains began to reappear, their peaks dusted with fresh snow."
6227.0,reappear,"I thought I had deleted the file, but it seemed to reappear in my downloads folder after I restarted the computer."
6227.0,reappear,"The rare bird, thought to be extinct in the region, has begun to reappear in small numbers, offering a glimmer of hope for its survival."
6228.0,shabby,"The old hotel, once grand, now looked rather shabby with its peeling paint and overgrown garden."
6228.0,shabby,"He wore a shabby coat that had clearly seen better days, but he carried himself with an air of confidence."
6228.0,shabby,"The antique furniture, though beautiful in design, was in rather shabby condition and needed restoration."
6228.0,shabby,"After years of neglect, the once vibrant neighborhood had become shabby and run-down."
6228.0,shabby,"She felt a pang of sadness as she looked at her childhood teddy bear, now missing an eye and covered in shabby fur."
6229.0,lapse,"There was a brief lapse in concentration, and I missed the crucial play."
6229.0,lapse,"After years of sobriety, he suffered a lapse and started drinking again."
6229.0,lapse,The company blamed the data breach on a security lapse in their system.
6229.0,lapse,I had a momentary lapse of memory and couldn't recall her name.
6229.0,lapse,"Due to a lapse in communication, the shipment was delayed."
6230.0,recite,The students were asked to recite a poem from memory for their English class.
6230.0,recite,"Every year, my grandfather would recite the same story about his childhood on the farm."
6230.0,recite,"During the ceremony, the bride and groom will recite their vows to each other."
6230.0,recite,"Before each game, the team would gather in a circle to recite their motto, hoping for good luck."
6230.0,recite,"I can still recite the alphabet song, even though it's been decades since I learned it."
6231.0,gull,"The tourists scattered breadcrumbs on the beach, attracting a flock of gulls."
6231.0,gull,"He felt like a gullible fool, easily swayed by the salesman's empty promises."
6231.0,gull,The cry of the gull echoed across the harbor as the fishing boats returned.
6231.0,gull,The old fisherman tossed scraps of fish to the ever-present gulls circling his boat.
6231.0,gull,"She watched the gull soar effortlessly above the waves, its wings catching the sunlight."
6232.0,rustle,I could hear the leaves rustle in the autumn breeze outside my window.
6232.0,rustle,"The thief tried to rustle cattle from the ranch, but the dogs alerted the owner."
6232.0,rustle,Did you hear a rustle in the bushes? It might be a deer.
6232.0,rustle,"She packed her lunch in a brown paper bag, and I could hear it rustle as she walked."
6232.0,rustle,The actress's silk dress made a soft rustle as she moved across the stage.
6233.0,footpath,The footpath leading to the waterfall was quite muddy after the rain.
6233.0,footpath,"We followed the winding footpath through the forest, enjoying the peace and quiet."
6233.0,footpath,Cyclists are asked to dismount and walk their bikes on this narrow footpath.
6233.0,footpath,The local council is planning to improve the footpath network to encourage more walking and cycling.
6233.0,footpath,"Be careful, the footpath is uneven in places, so watch your step."
6234.0,shriek,The audience let out a collective shriek when the masked figure appeared on stage.
6234.0,shriek,She heard a high-pitched shriek coming from the backyard and rushed outside to investigate.
6234.0,shriek,The rusty gate hinge gave a terrible shriek as he pushed it open.
6234.0,shriek,"He tried to surprise her with a puppy, but instead of a squeal of delight, she let out a shriek of terror, thinking it was a rat."
6234.0,shriek,The tires let out a piercing shriek as the car slammed on its brakes to avoid hitting the deer.
6235.0,illumination,"The city's illumination at night was breathtaking, with skyscrapers glowing against the dark sky."
6235.0,illumination,The artist used dramatic lighting to achieve a sense of spiritual illumination in the painting.
6235.0,illumination,Reading classic literature can provide moments of intellectual illumination and a deeper understanding of the human condition.
6235.0,illumination,"The museum's new exhibit features an interactive display that explores the history of illumination, from candles to LEDs."
6235.0,illumination,"Despite the power outage, the emergency generator provided sufficient illumination for us to safely navigate the building."
6236.0,shrug,"When I asked him about the missing money, he just gave me a shrug and said he didn't know anything."
6236.0,shrug,"I don't know why she's angry, but I guess I'll just shrug it off and hope she gets over it."
6236.0,shrug,"He offered me a choice between chocolate and vanilla ice cream, and I replied with a shrug, saying I wasn't really in the mood for either."
6236.0,shrug,"Seeing the long line at the movie theater, she gave a little shrug and suggested we try a different activity."
6236.0,shrug,"Despite my best efforts, the project failed, and my boss simply responded with a shrug and told me to move on to the next task."
6237.0,abandonment,The sudden abandonment of the project left the team in disarray and unsure of what to do next.
6237.0,abandonment,He struggled with feelings of abandonment after his father left when he was a child.
6237.0,abandonment,"The old factory stood as a stark reminder of economic abandonment, its windows broken and walls crumbling."
6237.0,abandonment,"Animal shelters are overflowing with pets due to abandonment, especially after the holiday season."
6237.0,abandonment,The judge ruled that the couple's neglect and abandonment of their child warranted the termination of their parental rights.
6238.0,antarctic,The Antarctic Treaty System ensures peaceful cooperation and scientific research on the continent.
6238.0,antarctic,She dreamed of one day traveling to Antarctica to see the penguins and icebergs.
6238.0,antarctic,Scientists are closely monitoring the Antarctic ice sheet for signs of accelerated melting due to climate change.
6238.0,antarctic,The harsh Antarctic climate makes it a challenging but rewarding environment for researchers studying extreme conditions.
6238.0,antarctic,We watched a documentary about the Antarctic exploration efforts of early 20th-century adventurers.
6239.0,sip,"She took a slow sip of her coffee, savoring the rich aroma."
6239.0,sip,He offered her a sip of his lemonade on the hot afternoon.
6239.0,sip,"Before answering the question, he paused to sip his water thoughtfully."
6239.0,sip,I burned my tongue when I took a hasty sip of the hot soup.
6239.0,sip,"The baby took a few tentative sips from the bottle, then turned away."
6240.0,sherry,My grandmother always enjoys a small glass of sherry before dinner.
6240.0,sherry,The recipe calls for a splash of dry sherry to deglaze the pan and add depth of flavor.
6240.0,sherry,"We offered our guests a choice of wine, port, or sherry with dessert."
6240.0,sherry,"After a long day of gardening, a sip of sweet sherry was just what I needed to relax."
6240.0,sherry,"He preferred a chilled fino sherry as an aperitif, finding it more refreshing than heavier wines."
6241.0,horoscope,"I don't usually believe in horoscopes, but mine was surprisingly accurate this week."
6241.0,horoscope,She checks her horoscope every morning to see what the day might bring.
6241.0,horoscope,Do you think people's personalities are actually influenced by their zodiac sign and horoscope?
6241.0,horoscope,He dismissed the job offer after his horoscope warned him against making major decisions this month.
6241.0,horoscope,"The magazine features a detailed horoscope section, covering everything from love to career advice."
6242.0,plump,"The plump robin hopped across the snowy lawn, searching for worms."
6242.0,plump,"After a few weeks of rest and good food, the stray cat began to look plump and healthy."
6242.0,plump,"She preferred plump, juicy tomatoes for her salads, rather than the watery ones from the supermarket."
6242.0,plump,"The baker carefully arranged the plump, freshly baked croissants in the display case."
6242.0,plump,"My grandmother always pinched my cheeks and said I was getting plump, but I think she just meant I was growing up."
6243.0,slumber,"The village lay in peaceful slumber, undisturbed by the sounds of the city."
6243.0,slumber,"After a long day of hiking, I quickly fell into a deep slumber."
6243.0,slumber,"The old house seemed to be in a perpetual slumber, waiting for someone to breathe life back into it."
6243.0,slumber,He hoped a short slumber would refresh him before the important meeting.
6243.0,slumber,Disturbing a bear in its winter slumber can be extremely dangerous.
6244.0,trap,"The police set a trap for the bank robbers, hoping to catch them in the act."
6244.0,trap,I felt like I was trapped in a dead-end job with no opportunities for advancement.
6244.0,trap,That catchy song is a real earworm; it's a trap that gets stuck in your head all day.
6244.0,trap,Be careful not to fall into the trap of thinking you can skip studying and still pass the exam.
6244.0,trap,The hikers were warned about animal traps along the trail and advised to stay on marked paths.
6245.0,snore,I couldn't sleep last night because my husband started to snore loudly after midnight.
6245.0,snore,Did you hear anyone snore during the movie? I think someone in the back row was asleep.
6245.0,snore,My grandfather used to snore so powerfully that the whole house would shake.
6245.0,snore,The doctor suggested I get a sleep study to find out why I snore so much.
6245.0,snore,"After a long day of hiking, I was exhausted and fell asleep immediately, but I hope I didn't snore too much and disturb my tentmates."
6246.0,lorry,The lorry driver had to make an emergency stop when a deer ran into the road.
6246.0,lorry,We need to hire a lorry to transport all the furniture to our new house.
6246.0,lorry,"The accident on the motorway involved a car and a large lorry, causing significant delays."
6246.0,lorry,I saw a lorry carrying a load of timber heading towards the sawmill.
6246.0,lorry,"The bridge has a weight restriction, so the lorry will have to take a different route."
6247.0,splash,"The kids made a huge splash in the pool, soaking everyone nearby."
6247.0,splash,"Could you add a splash of milk to my coffee, please?"
6247.0,splash,The news of the scandal made a big splash in the media.
6247.0,splash,"I heard a splash outside and ran to the window, thinking someone had fallen into the lake."
6247.0,splash,He used a vibrant red to splash some color onto the otherwise dull painting.
6248.0,stout,The stout wooden door held firm against the strong winds.
6248.0,stout,He was a stout man with a booming laugh and a friendly demeanor.
6248.0,stout,We needed a stout rope to pull the car out of the mud.
6248.0,stout,"She ordered a pint of stout at the pub, enjoying its rich, dark flavor."
6248.0,stout,"Despite her stout build, she was surprisingly agile on the dance floor."
6249.0,squash,I'm planning to squash some tomatoes from the garden to make homemade pasta sauce this weekend.
6249.0,squash,Let's play a game of squash at the recreation center after work; I need to blow off some steam.
6249.0,squash,"The movers accidentally tried to squash the box labeled 'fragile,' but luckily, nothing inside was broken."
6249.0,squash,"Heavy rain threatened to squash the delicate seedlings in the vegetable garden, so I covered them with plastic."
6249.0,squash,The company tried to squash the negative publicity surrounding the product recall by issuing a public apology and offering refunds.
6250.0,parsley,I garnished the roasted chicken with a sprig of fresh parsley.
6250.0,parsley,Could you pick up some parsley at the grocery store? I'm out of it.
6250.0,parsley,"The chef finely chopped the parsley to add a bright, herbaceous flavor to the sauce."
6250.0,parsley,"For a simple salad dressing, whisk together olive oil, lemon juice, garlic, and freshly chopped parsley."
6250.0,parsley,My grandmother always added a generous handful of parsley to her homemade vegetable soup.
6251.0,stab,He tried to stab me with a rusty kitchen knife during the argument.
6251.0,stab,The doctor will likely need to stab the needle in several times to find a good vein.
6251.0,stab,"Figuratively, the politician felt like his own party members were trying to stab him in the back."
6251.0,stab,She used a small knife to stab holes in the top of the pie crust before baking it.
6251.0,stab,"The sudden pain in his side felt like someone had tried to stab him, but it turned out to be just a muscle spasm."
6252.0,spear,The fisherman used a spear to catch the flounder in the shallow water.
6252.0,spear,He practiced throwing the spear at a target in the field.
6252.0,spear,Our history lesson covered how early humans used spears for hunting large animals.
6252.0,spear,The security guard held a spear-like weapon as he patrolled the perimeter.
6252.0,spear,"She carefully selected asparagus spears from the farmer's market, choosing the ones that looked the freshest."
6253.0,tumble,"I watched the little girl tumble down the grassy hill, laughing all the way."
6253.0,tumble,The old books threatened to tumble off the overflowing shelf.
6253.0,tumble,"After a few shots, his words began to tumble out in a drunken ramble."
6253.0,tumble,The company's stock price began to tumble after the negative earnings report.
6253.0,tumble,She felt her carefully constructed plans for the future begin to tumble around her.
6254.0,exhausting,Running a marathon in this heat was absolutely exhausting.
6254.0,exhausting,Taking care of two toddlers all day can be surprisingly exhausting.
6254.0,exhausting,The constant meetings and deadlines at work are incredibly exhausting.
6254.0,exhausting,"Even though I love to travel, packing and unpacking is always so exhausting."
6254.0,exhausting,Trying to navigate the bureaucracy to get my permit approved was an exhausting ordeal.
6255.0,sleeper,"That old Volvo is a real sleeper; it looks unassuming, but it's incredibly fast."
6255.0,sleeper,"The movie was a sleeper hit, quietly gaining popularity through word-of-mouth."
6255.0,sleeper,"He was a sleeper agent, living a normal life for years before being activated."
6255.0,sleeper,"I spent the entire train ride in the sleeper car, so I arrived feeling refreshed."
6255.0,sleeper,This year's fantasy football sleeper pick might just win you the championship.
6256.0,vibrate,"I could feel my phone vibrate in my pocket, signaling an incoming call."
6256.0,vibrate,The whole room seemed to vibrate with the bass from the loud music.
6256.0,vibrate,Hummingbirds' wings vibrate so rapidly that they create a buzzing sound.
6256.0,vibrate,"If you hold the tuning fork, you'll feel it vibrate."
6256.0,vibrate,"The washing machine started to vibrate violently during the spin cycle, so I had to turn it off."
6257.0,creek,"We spent the afternoon hiking along the creek, enjoying the shade of the trees."
6257.0,creek,The old mill was powered by a water wheel that drew its energy from the rushing creek.
6257.0,creek,My dog loves to splash and play in the shallow water of the creek behind our house.
6257.0,creek,"After the heavy rain, the creek overflowed its banks and flooded the lower part of the field."
6257.0,creek,"I heard a strange noise coming from the creek bed last night, so I'm going to investigate in the morning."
6258.0,wring,She tried to wring the water out of her soaked dress after getting caught in the rain.
6258.0,wring,He felt like he wanted to wring the neck of the person who kept making loud noises during the movie.
6258.0,wring,The company is trying to wring every last drop of profit out of its aging product line.
6258.0,wring,"After the argument, she felt emotionally wrung out and exhausted."
6258.0,wring,Don't wring your hands over it; there's nothing more we can do now.
6259.0,zip,"Could you zip up my dress for me, please?"
6259.0,zip,I need to zip through these emails before the meeting starts.
6259.0,zip,The package arrived in a plastic bag with a zip closure.
6259.0,zip,He told me to zip my lip when I started to reveal the surprise.
6259.0,zip,Let's zip over to the coffee shop; I need a caffeine boost.
6260.0,takeout,Let's get takeout tonight; I'm too tired to cook.
6260.0,takeout,The new Thai place down the street does a brisk takeout business.
6260.0,takeout,We ordered takeout from our favorite Italian restaurant and had a picnic in the park.
6260.0,takeout,"I usually bring my own lunch to work, but sometimes I treat myself to takeout."
6260.0,takeout,Don't forget to grab the takeout menus from the drawer before you leave.
6261.0,administer,The nurse will administer the vaccine in your upper arm.
6261.0,administer,It is the school principal's responsibility to administer discipline fairly.
6261.0,administer,The government needs to administer resources more effectively to combat poverty.
6261.0,administer,The lawyer helped administer his client's estate after his passing.
6261.0,administer,Volunteers will administer the survey to gather data on local opinions.
6262.0,geology,Her interest in rocks and minerals led her to pursue a degree in geology.
6262.0,geology,"The professor's lecture on plate tectonics was fascinating, especially the part about how it relates to geology."
6262.0,geology,"Before building the bridge, the engineers consulted with experts in geology to assess the stability of the ground."
6262.0,geology,"Coastal erosion is a significant problem in this area, and studying the geology of the coastline is crucial to finding solutions."
6262.0,geology,"My uncle works for an oil company, and his job involves applying principles of geology to locate potential drilling sites."
6263.0,forum,The online forum is a great place to ask questions about gardening and get advice from experienced growers.
6263.0,forum,Our company hosted a forum to discuss the new healthcare policy with all employees.
6263.0,forum,The university student government provides a forum for students to voice their concerns to the administration.
6263.0,forum,I found a helpful forum thread that explained how to fix the error on my computer.
6263.0,forum,The international conference served as a forum for scientists to share their latest research findings.
6264.0,glacier,The melting glacier carved a deep valley as it retreated up the mountain.
6264.0,glacier,Scientists are closely monitoring the glacier's movement to assess the impact of climate change.
6264.0,glacier,We hiked to the edge of the glacier and were amazed by its sheer size and icy blue color.
6264.0,glacier,The small town relied on the glacier's meltwater for its drinking water supply.
6264.0,glacier,The documentary showed the devastating effects of the glacier's disappearance on the local ecosystem.
6265.0,adorn,Strings of twinkling lights adorned the town square during the holiday season.
6265.0,adorn,The bride chose to adorn her simple white dress with a delicate pearl necklace.
6265.0,adorn,"Ancient carvings adorned the walls of the Egyptian tomb, telling stories of pharaohs and gods."
6265.0,adorn,"Ivy climbed the old stone building, adorning it with a blanket of green."
6265.0,adorn,He decided to adorn his new apartment with colorful posters and unique pieces of art.
6266.0,altar,The ancient Mayans built impressive altars to appease their gods with sacrifices.
6266.0,altar,She left flowers at the altar in memory of her late husband.
6266.0,altar,"Despite their families' objections, they decided to meet at the altar and get married."
6266.0,altar,The priest carefully arranged the candles and sacred objects on the altar before the service began.
6266.0,altar,"He felt like he was being led to the altar, pressured into making a commitment he wasn't ready for."
6267.0,exquisite,The museum displayed an exquisite collection of Ming dynasty porcelain.
6267.0,exquisite,"She wore an exquisite dress to the gala, shimmering under the lights."
6267.0,exquisite,"The chef prepared an exquisite meal, each dish a perfect balance of flavors."
6267.0,exquisite,The intricate details of the hand-carved wooden sculpture were truly exquisite.
6267.0,exquisite,Listening to the orchestra play that piece was an exquisite experience.
6268.0,carving,The intricate carving on the wooden door depicted scenes from local folklore.
6268.0,carving,He spent hours carving a small wooden bird as a gift for his daughter.
6268.0,carving,"Ice carving is a popular art form at winter festivals, showcasing incredible skill and creativity."
6268.0,carving,"The archaeologist carefully brushed away the dirt, revealing a delicate carving on the ancient stone tablet."
6268.0,carving,"For Thanksgiving, my grandfather always takes pride in carving the turkey at the dinner table."
6269.0,presumably,"She didn't answer her phone, so presumably she's still at work."
6269.0,presumably,"The train is running on time, so presumably we'll arrive in London by 3 PM."
6269.0,presumably,"He's been studying for weeks, so presumably he's well-prepared for the exam."
6269.0,presumably,"Presumably, given the lack of response, they are not interested in our offer."
6269.0,presumably,"The restaurant is closed on Mondays, so presumably it will be open tomorrow."
6270.0,amend,The committee voted to amend the proposal before submitting it to the board.
6270.0,amend,We need to amend our travel plans due to the unexpected weather conditions.
6270.0,amend,The author decided to amend the final chapter of her novel to provide a more satisfying conclusion.
6270.0,amend,Congress has the power to amend the Constitution through a specific process.
6270.0,amend,Could you please amend the report to include the latest sales figures?
6271.0,forthcoming,"The company was not forthcoming with details about the product recall, leaving many customers frustrated."
6271.0,forthcoming,I appreciate you being so forthcoming about your past mistakes; it shows a lot of maturity.
6271.0,forthcoming,"The director's new film is highly anticipated, but a release date remains unforthcoming."
6271.0,forthcoming,"If you want to resolve this issue quickly, you need to be more forthcoming with information."
6271.0,forthcoming,"Despite repeated requests, the politician remained unforthcoming on the controversial topic during the press conference."
6272.0,bestow,The university decided to bestow an honorary degree upon the distinguished scientist.
6272.0,bestow,The queen will bestow knighthoods upon several individuals for their service to the country.
6272.0,bestow,Nature often bestows its most beautiful landscapes upon those willing to explore the wilderness.
6272.0,bestow,The coach hoped that a pep talk would bestow confidence in the team before the big game.
6272.0,bestow,The foundation aims to bestow grants to deserving students pursuing higher education.
6273.0,wreath,She hung a festive evergreen wreath on her front door to welcome guests for the holidays.
6273.0,wreath,The family placed a wreath of flowers at the gravesite in remembrance of their loved one.
6273.0,wreath,The winners of the competition were presented with laurel wreaths as a symbol of their victory.
6273.0,wreath,"He carefully crafted a beautiful wreath from dried flowers and herbs, intending it as a gift."
6273.0,wreath,The protest group laid a wreath of poppies at the war memorial as a sign of peace and reconciliation.
6274.0,victor,"The boxer stood tall in the ring, a clear victor after a grueling twelve rounds."
6274.0,victor,"History often remembers the victor, sometimes overlooking the complexities of the conflict."
6274.0,victor,"Despite the team's hard work, they couldn't emerge as the victor in the championship game."
6274.0,victor,"The politician gave a gracious speech, even in defeat, acknowledging the victor's hard-fought campaign."
6274.0,victor,"After weeks of intense negotiations, the company emerged as the victor, securing the lucrative contract."
6275.0,cater,The restaurant caters primarily to tourists during the summer months.
6275.0,cater,Do they cater for vegetarians at the wedding?
6275.0,cater,I need to find a company that can cater a large corporate event next month.
6275.0,cater,This software is designed to cater to the specific needs of small businesses.
6275.0,cater,Our hotel aims to cater to families with young children by providing babysitting services and a kids' club.
6276.0,luncheon,The ladies auxiliary is hosting a luncheon next Tuesday to raise money for the new community center.
6276.0,luncheon,We should schedule a luncheon meeting with the marketing team to discuss the new advertising campaign.
6276.0,luncheon,"Instead of a formal dinner, let's just have a light luncheon after the conference."
6276.0,luncheon,My grandmother always enjoyed a leisurely luncheon with her friends at the country club.
6276.0,luncheon,The governor will be giving a speech at a fundraising luncheon later this week.
6277.0,certify,The university will certify your graduation once you've completed all the required courses.
6277.0,certify,An independent auditor must certify the company's financial statements before they can be publicly released.
6277.0,certify,I need to get this document certified by a notary public before I can submit it.
6277.0,certify,"This organic farm is certified by the USDA, guaranteeing that it meets specific environmental standards."
6277.0,certify,"The software company claims their product is secure, but they haven't had it certified by a third-party security firm."
6278.0,applicant,The hiring manager will review each applicant's resume carefully before scheduling interviews.
6278.0,applicant,"As an applicant, you should tailor your cover letter to match the specific requirements of the job description."
6278.0,applicant,"The applicant pool was incredibly strong this year, making the selection process very difficult."
6278.0,applicant,Only one applicant possessed the specific combination of skills and experience that we were looking for.
6278.0,applicant,"If your application is successful, you will be contacted within two weeks; otherwise, assume the applicant position has been filled."
6279.0,pharmacist,The pharmacist carefully explained the potential side effects of the new medication.
6279.0,pharmacist,I had to wait in line at the pharmacy to speak with the pharmacist about a drug interaction.
6279.0,pharmacist,My doctor sent the prescription electronically to my usual pharmacist.
6279.0,pharmacist,She decided to become a pharmacist because she enjoys helping people manage their health.
6279.0,pharmacist,The pharmacist recommended an over-the-counter cream for my skin rash.
6280.0,cherish,I will always cherish the memories we made on our trip to Italy.
6280.0,cherish,She learned to cherish the small moments of peace and quiet in her busy life.
6280.0,cherish,He cherishes the antique watch that was passed down through generations of his family.
6280.0,cherish,We should cherish our planet and do everything we can to protect it.
6280.0,cherish,"Despite their differences, they cherish the bond they share as siblings."
6281.0,luxurious,The hotel offered luxurious suites with breathtaking ocean views.
6281.0,luxurious,"After years of saving, they finally bought a luxurious Italian leather sofa for their living room."
6281.0,luxurious,She enjoyed the luxurious feeling of the silk scarf against her skin.
6281.0,luxurious,"The spa treatments were incredibly luxurious, leaving me feeling completely relaxed and rejuvenated."
6281.0,luxurious,"Compared to my old car, this new one feels incredibly luxurious with all its advanced features."
6282.0,shawl,She draped a delicate silk shawl over her shoulders to ward off the evening chill.
6282.0,shawl,My grandmother always wore a hand-knitted shawl while sitting in her rocking chair.
6282.0,shawl,The dancer's movements were accentuated by the flowing shawl she held in her hands.
6282.0,shawl,He offered his shawl to the shivering woman waiting at the bus stop.
6282.0,shawl,I found a beautiful cashmere shawl on sale and decided to buy it as a Christmas gift.
6283.0,souvenir,I bought a small snow globe as a souvenir of my trip to New York City.
6283.0,souvenir,She keeps all her travel souvenirs in a special display case in her living room.
6283.0,souvenir,Don't forget to pick up a souvenir for your mother while you're at the museum; she loves collecting them.
6283.0,souvenir,The old photograph served as a poignant souvenir of their childhood friendship.
6283.0,souvenir,"He regretted not buying a better souvenir, as the cheap keychain broke within a week of returning home."
6284.0,inexperienced,"The company hired several inexperienced graduates, hoping to train them from the ground up."
6284.0,inexperienced,"Although she was inexperienced, her enthusiasm and willingness to learn made her a valuable asset to the team."
6284.0,inexperienced,"He made a few rookie mistakes, but that's understandable since he's still quite inexperienced in this field."
6284.0,inexperienced,Our biggest challenge was overcoming the perception that we were an inexperienced startup with limited resources.
6284.0,inexperienced,The director decided to pair the inexperienced actor with a seasoned professional to help guide him through the role.
6285.0,trainee,The trainee software developer is being mentored by a senior engineer.
6285.0,trainee,"All new employees start as trainees for the first month, regardless of their prior experience."
6285.0,trainee,We need to assign a dedicated workstation and computer to each trainee.
6285.0,trainee,The hospital is offering a specialized training program for trainee nurses.
6285.0,trainee,"Despite being a trainee, she quickly grasped the concepts and began contributing meaningfully to the team."
6286.0,compensate,The company offered him a generous severance package to compensate for the sudden layoff.
6286.0,compensate,I'll compensate you for your time and effort in helping me move this weekend.
6286.0,compensate,The insurance company will compensate you for the damage to your car caused by the accident.
6286.0,compensate,She tried to compensate for her lack of experience by working extra hard and taking on additional responsibilities.
6286.0,compensate,"Eating too much sugar might compensate for low energy levels temporarily, but it's not a sustainable solution."
6287.0,inherent,The desire to protect one's family is inherent in most people.
6287.0,inherent,"There's an inherent risk in skydiving, no matter how experienced you are."
6287.0,inherent,"While the design was innovative, it had an inherent flaw that made it impractical."
6287.0,inherent,"She possessed an inherent talent for music, learning new instruments with ease."
6287.0,inherent,Bureaucracies often suffer from inherent inefficiencies due to their complex structures.
6288.0,diligence,Her diligence in studying paid off when she aced the final exam.
6288.0,diligence,The success of the project was largely due to the team's diligence and attention to detail.
6288.0,diligence,"He approached the task with diligence, meticulously checking every calculation."
6288.0,diligence,"Despite the challenges, her diligence never wavered, and she continued to work tirelessly."
6288.0,diligence,The detective's diligence in following every lead ultimately led to solving the complex case.
6289.0,conform,Many teenagers feel pressure to conform to the latest fashion trends.
6289.0,conform,The building plans must conform to all local zoning regulations before construction can begin.
6289.0,conform,He refused to conform to the company's rigid dress code and eventually quit.
6289.0,conform,It's important to maintain your individuality and not always conform to what others expect of you.
6289.0,conform,"The new software is designed to conform with existing systems, ensuring a smooth transition."
6290.0,sanitary,The restaurant received a high rating for its sanitary practices in the kitchen.
6290.0,sanitary,It's important to maintain sanitary conditions in the bathroom to prevent the spread of germs.
6290.0,sanitary,The hospital staff followed strict sanitary protocols when dealing with infectious patients.
6290.0,sanitary,"After the flood, it was crucial to ensure a sanitary water supply to avoid disease outbreaks."
6290.0,sanitary,The local health department conducted a sanitary inspection of the food processing plant.
6291.0,criteria,The selection committee will use a specific set of criteria to evaluate each applicant.
6291.0,criteria,"Does this proposal meet the criteria for funding, as outlined in the grant guidelines?"
6291.0,criteria,Judging the art competition was difficult because the criteria were somewhat subjective.
6291.0,criteria,"Based on these criteria, I believe the blue car is the better value for money."
6291.0,criteria,We need to establish clear criteria for measuring the success of this project.
6292.0,superpower,"My mom has the superpower of being able to find anything I've lost, no matter how well hidden it is."
6292.0,superpower,"If I could have any superpower, it would definitely be teleportation – imagine how much time I'd save commuting!"
6292.0,superpower,"She believes that empathy is a superpower, allowing her to connect with people on a deeper level and understand their needs."
6292.0,superpower,"The company's superpower lies in its innovative research and development, consistently producing groundbreaking technologies."
6292.0,superpower,"Although he's just a regular guy, he seems to have the superpower of always knowing the right thing to say to cheer people up."
6293.0,contend,The lawyer will contend that his client was acting in self-defense.
6293.0,contend,Several teams will contend for the championship title this year.
6293.0,contend,I contend that a more sustainable approach is needed to address climate change.
6293.0,contend,She had to contend with numerous challenges while starting her own business.
6293.0,contend,Experts contend that the new study's methodology is flawed.
6294.0,peninsula,The Italian peninsula is known for its beautiful coastline and historical cities.
6294.0,peninsula,We spent our summer vacation exploring the national parks on the Olympic Peninsula.
6294.0,peninsula,The real estate market on the peninsula is booming due to its proximity to the water.
6294.0,peninsula,Scientists are studying the unique ecosystem found on the Antarctic Peninsula.
6294.0,peninsula,"The bridge connects the mainland to the peninsula, making it much easier to access."
6295.0,contractor,"We hired a contractor to remodel our kitchen, and they're starting next week."
6295.0,contractor,The city is seeking a contractor to handle the landscaping for the new park.
6295.0,contractor,Our company uses a third-party contractor for all of its IT support.
6295.0,contractor,"Before signing the agreement, the contractor reviewed the terms and conditions of the contract very carefully."
6295.0,contractor,"Even though he's a contractor, he's been working with us for so long he feels like a regular employee."
6296.0,contrive,She had to contrive a way to get the cat off the roof without using a ladder.
6296.0,contrive,"He contrived to be late for the meeting, hoping to avoid having to present his report."
6296.0,contrive,I can't believe he contrived such an elaborate excuse for not finishing his homework.
6296.0,contrive,"The prisoners contrived a daring escape plan, using only spoons and bedsheets."
6296.0,contrive,"With a bit of cleverness, we can contrive a solution that benefits everyone involved."
6297.0,confrontation,The tense meeting quickly escalated into a heated confrontation between the two managers.
6297.0,confrontation,"She tried to avoid a confrontation with her neighbor about the loud music, but it was unavoidable."
6297.0,confrontation,His passive-aggressive behavior often led to uncomfortable confrontations with his colleagues.
6297.0,confrontation,"The politician skillfully navigated the public confrontation, addressing concerns without making any firm commitments."
6297.0,confrontation,"Rather than seeking a confrontation, they opted for a mediated discussion to resolve their differences."
6298.0,fraud,The company was accused of fraud after investigators discovered they had been falsely inflating their profits for years.
6298.0,fraud,He committed credit card fraud by using a stolen card to make unauthorized purchases.
6298.0,fraud,The art collector realized he had been a victim of fraud when he learned the painting he bought was a fake.
6298.0,fraud,Election officials are working hard to prevent voter fraud and ensure a fair election.
6298.0,fraud,"She reported the online scam to the authorities, suspecting it was a case of identity fraud."
6299.0,detach,You need to detach the trailer from the truck before you can park it in the garage.
6299.0,detach,It's important to detach yourself emotionally from the situation to make a rational decision.
6299.0,detach,"I tried to detach the sticker from the window, but it left a sticky residue."
6299.0,detach,The doctor will carefully detach the tumor from the surrounding tissue during the surgery.
6299.0,detach,"After years of working there, it was hard to detach myself from the company and the people I had come to know so well."
6300.0,capsule,The doctor prescribed a capsule to help me sleep at night.
6300.0,capsule,"This museum is like a time capsule, preserving artifacts from the 1950s."
6300.0,capsule,The astronaut safely returned to Earth in the re-entry capsule.
6300.0,capsule,I prefer taking my vitamins in capsule form because they're easier to swallow.
6300.0,capsule,"We buried a time capsule in the park, filled with items representing our current era."
6301.0,cone,The ice cream shop gave me a generous scoop in a waffle cone.
6301.0,cone,We had to drive slowly through the construction zone because of all the orange traffic cones.
6301.0,cone,The pine cone fell from the tree and landed right at my feet.
6301.0,cone,The architect designed the roof of the building in the shape of a cone.
6301.0,cone,My doctor recommended I wear a cone around my neck after surgery to prevent me from scratching the incision.
6302.0,discard,Please discard any outdated information before submitting the report.
6302.0,discard,The artist decided to discard the painting after realizing it didn't capture the emotion she intended.
6302.0,discard,We need to discard these spoiled vegetables before they contaminate the rest of the produce.
6302.0,discard,Don't discard that packaging just yet; we might need it for returns.
6302.0,discard,The company chose to discard its old business model in favor of a more sustainable approach.
6303.0,duster,Could you grab the duster from the cleaning closet; there's a lot of dust on the bookshelves.
6303.0,duster,"My grandmother always wore a long, floral duster around the house while she cooked."
6303.0,duster,He used a feather duster to gently clean the delicate porcelain figurines on the mantelpiece.
6303.0,duster,"After the dust storm, everything was coated in a fine layer of dirt, so I spent the afternoon with a duster and some cleaning spray."
6303.0,duster,The mechanic pulled out a duster to wipe off the engine before showing it to the customer.
6304.0,washcloth,"Could you grab me a clean washcloth from the linen closet, please?"
6304.0,washcloth,"She gently wiped the baby's face with a soft, damp washcloth."
6304.0,washcloth,He used a washcloth to scrub the mud off his boots before coming inside.
6304.0,washcloth,I prefer using a washcloth over a loofah for exfoliating my skin in the shower.
6304.0,washcloth,Don't forget to hang up your washcloth after you're finished using it so it can dry properly.
6305.0,dispatch,We need to dispatch a repair crew to fix the broken water main on Elm Street immediately.
6305.0,dispatch,The general gave the order to dispatch the troops to the front lines at dawn.
6305.0,dispatch,"Once we receive confirmation of your payment, we will dispatch your order within 24 hours."
6305.0,dispatch,The newspaper sent a reporter to dispatch updates from the scene of the accident.
6305.0,dispatch,The company uses a sophisticated system to dispatch drivers efficiently throughout the city.
6306.0,destroyer,"The heavy rain was a garden destroyer, washing away all the newly planted seedlings."
6306.0,destroyer,That new action movie features a massive robot destroyer that levels entire cities.
6306.0,destroyer,"He was a known relationship destroyer, leaving a trail of broken hearts wherever he went."
6306.0,destroyer,The Navy deployed a destroyer to the region to protect shipping lanes from pirates.
6306.0,destroyer,Procrastination is a dream destroyer; it prevents you from achieving your goals.
6307.0,prevalent,The use of smartphones is highly prevalent among teenagers.
6307.0,prevalent,"Despite efforts to combat it, corruption remains prevalent in many developing nations."
6307.0,prevalent,That particular strain of flu was more prevalent this winter than in previous years.
6307.0,prevalent,"While not as common as it once was, the belief in superstitions is still prevalent in some communities."
6307.0,prevalent,"Due to the recent economic downturn, job insecurity has become increasingly prevalent."
6308.0,displace,The new highway construction will displace hundreds of families from their homes.
6308.0,displace,The popularity of streaming services has started to displace traditional cable television.
6308.0,displace,"During the earthquake, the force of the water displaced the large boulders along the coastline."
6308.0,displace,I had to displace some books on the shelf to make room for the new photo album.
6308.0,displace,The rising sea levels are expected to displace millions of people living in coastal areas.
6309.0,columnist,The popular columnist's latest article sparked a heated debate online.
6309.0,columnist,"Several newspapers are losing money, forcing them to cut staff, including some of their best columnists."
6309.0,columnist,"As a political columnist, she is known for her sharp wit and insightful analysis."
6309.0,columnist,"He dreamed of becoming a syndicated columnist, reaching millions of readers with his unique perspective."
6309.0,columnist,The magazine hired a new food columnist to write weekly reviews of local restaurants.
6310.0,distort,The politician's opponents tried to distort his words to make him seem out of touch.
6310.0,distort,"The funhouse mirror will distort your reflection, making you look taller and thinner."
6310.0,distort,"Heavy editing can distort reality in documentaries, creating a biased perspective."
6310.0,distort,Years of prejudice and misinformation can distort people's views on immigration.
6310.0,distort,"The heat rising off the asphalt distorted the image of the distant cars, making them appear wavy."
6311.0,fiery,The chef's fiery chili was so spicy it made my eyes water.
6311.0,fiery,"She gave a fiery speech about the importance of environmental protection, igniting passion in the audience."
6311.0,fiery,"The sunset painted the sky with fiery hues of orange, red, and gold."
6311.0,fiery,"After the argument, she had a fiery temper that took a while to cool down."
6311.0,fiery,"He had a fiery determination to succeed, despite the numerous obstacles in his path."
6312.0,piercing,"The piercing scream cut through the silence of the night, sending chills down my spine."
6312.0,piercing,"She had a piercing gaze that seemed to see right through you, making it difficult to lie."
6312.0,piercing,"The wind was so cold that it had a piercing bite, making my face ache."
6312.0,piercing,He regretted getting his ears pierced after the infection started to swell.
6312.0,piercing,"The piercing notes of the trumpet solo filled the concert hall, captivating the audience."
6313.0,divert,The heavy rain forced the airline to divert several flights to alternate airports.
6313.0,divert,Let's divert the conversation away from politics; it always leads to arguments.
6313.0,divert,The company decided to divert resources from marketing to research and development.
6313.0,divert,"To divert his attention from the pain, he focused on counting the ceiling tiles."
6313.0,divert,The construction crew had to divert traffic around the work zone.
6314.0,tiresome,Dealing with customer complaints all day can be incredibly tiresome.
6314.0,tiresome,The constant bickering between the siblings was becoming quite tiresome to listen to.
6314.0,tiresome,He found the repetitive nature of his job increasingly tiresome after a few months.
6314.0,tiresome,"After a tiresome journey, all I wanted was a hot shower and a comfortable bed."
6314.0,tiresome,"The politician's long and rambling speech was tiresome, and many people left before it finished."
6315.0,sermon,The priest delivered a powerful sermon about forgiveness and compassion.
6315.0,sermon,My grandfather tends to launch into a sermon about the importance of hard work whenever I visit.
6315.0,sermon,"She felt like her mother was giving her a sermon on responsibility, even though she just wanted some advice."
6315.0,sermon,The politician's speech was less of a policy announcement and more of a self-righteous sermon.
6315.0,sermon,I missed the main points of the sermon because I was distracted by the crying baby in the pew behind me.
6316.0,donate,I decided to donate my old clothes to the local homeless shelter.
6316.0,donate,Would you like to donate to our organization to help support cancer research?
6316.0,donate,Many people donate blood regularly to ensure there's enough for emergencies.
6316.0,donate,The company will donate a portion of its profits to environmental conservation efforts.
6316.0,donate,Please donate generously to help us reach our fundraising goal for the new playground equipment.
6317.0,royalty,The author receives a royalty for every book sold.
6317.0,royalty,The museum displayed artifacts that once belonged to European royalty.
6317.0,royalty,The oil company pays a royalty to the landowner for the right to extract resources from their property.
6317.0,royalty,She dreamed of marrying into royalty and living in a palace.
6317.0,royalty,The software company charges a royalty fee for each use of their patented technology.
6318.0,catastrophe,"The earthquake was a major catastrophe, leaving thousands homeless and infrastructure destroyed."
6318.0,catastrophe,"Losing the contract would be a catastrophe for our small business, potentially forcing us to close down."
6318.0,catastrophe,Poor planning and communication led to a complete catastrophe at the company picnic; there wasn't enough food for everyone.
6318.0,catastrophe,Forgetting to back up my computer before the system crashed was a technological catastrophe I won't repeat.
6318.0,catastrophe,The environmental catastrophe caused by the oil spill will have long-lasting effects on the marine ecosystem.
6319.0,gigantic,The construction crew used a gigantic crane to lift the steel beams into place.
6319.0,gigantic,"Compared to the other pumpkins at the fair, this one was absolutely gigantic!"
6319.0,gigantic,"The band's gigantic success took them by surprise, as they had only been playing together for a few months."
6319.0,gigantic,"After the rainstorm, a gigantic puddle formed in the middle of the street, almost like a small lake."
6319.0,gigantic,She had a gigantic smile on her face when she received the acceptance letter from her dream university.
6320.0,embark,We are excited to embark on this new chapter of our lives together after the wedding.
6320.0,embark,The team is about to embark on a challenging project with a tight deadline.
6320.0,embark,Passengers must embark the ship before 6 PM for the cruise to depart on time.
6320.0,embark,"Before you embark on a career in medicine, you should shadow a doctor to see if it's the right fit for you."
6320.0,embark,"The explorer decided to embark on a journey to the remote island, despite the warnings of the locals."
6321.0,undertaking,"Starting a new business is a significant undertaking, requiring careful planning and considerable investment."
6321.0,undertaking,"The archaeological dig proved to be a larger undertaking than initially anticipated, demanding more resources and time."
6321.0,undertaking,"Providing humanitarian aid to the disaster-stricken region was a massive undertaking, involving numerous organizations and volunteers."
6321.0,undertaking,"He viewed the project as an exciting undertaking, eager to apply his skills and knowledge to the challenge."
6321.0,undertaking,"The company's commitment to sustainability is a long-term undertaking, demonstrating their dedication to environmental responsibility."
6322.0,harmonious,The couple's harmonious relationship was admired by all their friends.
6322.0,harmonious,"The garden was a harmonious blend of colors and textures, creating a peaceful oasis."
6322.0,harmonious,The choir's harmonious singing filled the church with a sense of joy and reverence.
6322.0,harmonious,The new regulations aim to create a more harmonious working environment for all employees.
6322.0,harmonious,Finding a harmonious balance between work and personal life is essential for overall well-being.
6323.0,choir,"The church choir sang beautifully during the Christmas Eve service, filling the sanctuary with joyous melodies."
6323.0,choir,Joining the school choir was the best decision I made this year; I've made so many new friends and discovered a passion for singing.
6323.0,choir,We need to practice our harmonies more if we want the choir to win the regional competition.
6323.0,choir,"Although she's usually shy, Sarah's voice soars when she's singing with the choir."
6323.0,choir,The community choir is holding auditions next week for anyone interested in joining.
6324.0,enchant,The beautiful scenery of the Swiss Alps never fails to enchant me.
6324.0,enchant,The children were completely enchanted by the magician's incredible tricks.
6324.0,enchant,Her captivating smile and warm personality enchant everyone she meets.
6324.0,enchant,The old folk tales of the region enchant readers with their timeless wisdom.
6324.0,enchant,We hope the new renovations will enchant visitors and encourage them to explore the museum further.
6325.0,auditorium,"The university's new auditorium boasts state-of-the-art sound and lighting systems, making it ideal for concerts and lectures."
6325.0,auditorium,We had to arrive early to get decent seats in the auditorium because the speaker was very popular.
6325.0,auditorium,"The school play will be held in the auditorium next Friday evening, and all parents are encouraged to attend."
6325.0,auditorium,"After the fire alarm went off, everyone evacuated the auditorium in an orderly fashion."
6325.0,auditorium,"The architectural firm specializes in designing spaces like auditoriums, theaters, and concert halls."
6326.0,enforce,"The police will enforce the parking regulations, so make sure you feed the meter."
6326.0,enforce,It's the company's responsibility to enforce its own code of conduct among employees.
6326.0,enforce,"While the law exists, it's difficult to enforce in remote areas due to lack of resources."
6326.0,enforce,The referee had to enforce the rules of the game strictly to prevent any unfair play.
6326.0,enforce,We need to find a better way to enforce the recycling policy in our building.
6327.0,evenly,Please spread the peanut butter evenly across the slice of bread.
6327.0,evenly,The chef seasoned the meat evenly with salt and pepper.
6327.0,evenly,"The votes were split almost evenly between the two candidates, resulting in a very close election."
6327.0,evenly,The teacher distributed the worksheets evenly among the students in the class.
6327.0,evenly,Make sure to water the plants evenly so that they all receive adequate hydration.
6328.0,precision,"The surgeon operated with incredible precision, successfully removing the tumor without damaging surrounding tissue."
6328.0,precision,"For accurate results in this experiment, you need to measure the chemicals with utmost precision."
6328.0,precision,"Her argument lacked precision, making it difficult to understand her exact point."
6328.0,precision,"The antique clockmaker was known for the precision of his craftsmanship, creating pieces that lasted for centuries."
6328.0,precision,The military strike required pinpoint precision to avoid civilian casualties.
6329.0,err,"If I err in my judgment, I hope you will correct me."
6329.0,err,"To err is human, to forgive, divine."
6329.0,err,"The navigation system seemed to err slightly, leading us down a less direct route."
6329.0,err,I err on the side of caution when dealing with sensitive information.
6329.0,err,Please let me know if I err in any part of the process.
6330.0,diagnosis,"After a series of tests, the doctor was finally able to give me a diagnosis: a mild case of the flu."
6330.0,diagnosis,"The car mechanic's diagnosis was a faulty sensor, which he quickly replaced."
6330.0,diagnosis,"The initial diagnosis seemed incorrect, so we sought a second opinion from a specialist."
6330.0,diagnosis,"Early diagnosis is crucial for many diseases, as it can significantly improve the chances of successful treatment."
6330.0,diagnosis,Her therapist's diagnosis of anxiety helped her understand her feelings and develop coping mechanisms.
6331.0,escort,The police will escort the protesters to the designated demonstration area.
6331.0,escort,Could you please escort Mrs. Henderson to her seat in the front row?
6331.0,escort,Two destroyers will escort the convoy across the Atlantic.
6331.0,escort,I needed someone to escort me to the party because I didn't know anyone else who was going.
6331.0,escort,The museum offers a guided tour with a knowledgeable docent to escort visitors through the exhibits.
6332.0,jeweler,I took my grandmother's antique brooch to the jeweler to have it appraised.
6332.0,jeweler,The jeweler recommended a platinum setting for the diamond engagement ring.
6332.0,jeweler,"She worked as a jeweler for many years, designing custom pieces for wealthy clients."
6332.0,jeweler,"After the robbery, the jeweler installed a new security system with reinforced glass."
6332.0,jeweler,"My aunt collects vintage jewelry, and she knows the name of every jeweler in town."
6333.0,exert,He had to exert a lot of effort to finish the marathon.
6333.0,exert,The company is exerting pressure on its suppliers to lower prices.
6333.0,exert,"If you want to improve, you need to exert yourself more during practice."
6333.0,exert,"She didn't exert her authority, preferring to lead by example."
6333.0,exert,The lawyer will exert all possible means to defend his client.
6334.0,decisive,The board of directors needs to make a decisive move to address the company's declining profits.
6334.0,decisive,Her decisive action in pulling the child from the street prevented a serious accident.
6334.0,decisive,"After a long and thoughtful debate, the committee reached a decisive conclusion."
6334.0,decisive,"He wasn't known for being decisive, often taking a long time to make even small decisions."
6334.0,decisive,The general's decisive victory on the battlefield secured a turning point in the war.
6335.0,abolition,The long fight for abolition of slavery finally succeeded in the 19th century.
6335.0,abolition,"Many people are now advocating for the abolition of the death penalty, citing ethical and practical concerns."
6335.0,abolition,The activist group is campaigning for the abolition of tuition fees at public universities.
6335.0,abolition,"While the abolition of the tax seemed like a good idea at first, it had some unforeseen economic consequences."
6335.0,abolition,The historical society's presentation focused on the key figures in the abolition movement and their strategies for change.
6336.0,expend,We need to expend more effort on marketing if we want to increase sales.
6336.0,expend,The hikers were warned to expend their energy wisely during the ascent.
6336.0,expend,The government decided to expend considerable resources on improving the country's infrastructure.
6336.0,expend,I didn't want to expend too much time arguing over such a trivial matter.
6336.0,expend,She chose to expend her vacation days volunteering at the animal shelter.
6337.0,bureaucracy,Dealing with the university's bureaucracy to get my transcript was a nightmare; it took weeks and countless forms.
6337.0,bureaucracy,The company's rigid bureaucracy stifled innovation and made it difficult for employees to take initiative.
6337.0,bureaucracy,He complained that the bureaucracy involved in obtaining a building permit was preventing him from starting his construction project.
6337.0,bureaucracy,Excessive bureaucracy can hinder economic growth by creating unnecessary obstacles for businesses.
6337.0,bureaucracy,"To streamline the process and reduce delays, the government is working to cut through the red tape and simplify the bureaucracy."
6338.0,municipal,"The city council is responsible for overseeing all municipal services, including garbage collection and street maintenance."
6338.0,municipal,Residents complained about the proposed increase in municipal taxes at the town hall meeting.
6338.0,municipal,The old municipal building is being renovated to house a new art gallery and community center.
6338.0,municipal,"Our local library is a municipal institution, funded and operated by the city government."
6338.0,municipal,"He works for the municipal water department, ensuring the city's water supply is clean and safe."
6339.0,forsake,"I would never forsake my family, no matter how difficult things become."
6339.0,forsake,He felt as though his friends had forsaken him when he needed them most.
6339.0,forsake,The knight vowed to forsake all worldly possessions and dedicate his life to serving the poor.
6339.0,forsake,Don't forsake your dreams simply because others tell you they're impossible to achieve.
6339.0,forsake,She struggled with the decision to forsake her career and become a full-time parent.
6340.0,vocation,She felt a strong vocation to become a doctor and dedicate her life to helping others.
6340.0,vocation,"Many people struggle to find their true vocation, spending years in jobs that don't fulfill them."
6340.0,vocation,Teaching wasn't just a job for him; it was a vocation he approached with passion and dedication.
6340.0,vocation,"He realized his vocation lay not in business, but in the arts, and he enrolled in a painting course."
6340.0,vocation,"Despite the challenges, she knew that nursing was her vocation and couldn't imagine doing anything else."
6341.0,clergyman,The clergyman offered words of comfort to the grieving family after the tragic accident.
6341.0,clergyman,Our local clergyman is organizing a charity drive to collect food for the homeless shelter.
6341.0,clergyman,The novelist based the sympathetic character of Father Michael on a real-life clergyman he admired.
6341.0,clergyman,"Despite his initial doubts, he decided to confide in the clergyman about his personal struggles."
6341.0,clergyman,The small town was shocked when the respected clergyman was accused of embezzlement.
6342.0,competence,Her competence in data analysis made her an invaluable asset to the research team.
6342.0,competence,The company is looking for candidates with proven competence in project management and leadership skills.
6342.0,competence,"While he has enthusiasm, he currently lacks the technical competence required for this specific role."
6342.0,competence,We need to assess his competence before assigning him to more complex tasks.
6342.0,competence,The doctor's competence was evident in the way she calmly and effectively handled the emergency situation.
6343.0,accompaniment,"The salmon was delicious, especially with the dill sauce accompaniment."
6343.0,accompaniment,"He played a beautiful piano piece, and the string quartet provided a perfect accompaniment."
6343.0,accompaniment,The restaurant offered a variety of side dishes as an accompaniment to the main course.
6343.0,accompaniment,She brought a bottle of wine as an accompaniment to the picnic lunch.
6343.0,accompaniment,The documentary film used a haunting musical accompaniment to enhance the emotional impact of the scenes.
6344.0,gratify,The company offered him a substantial raise to gratify his ambition and keep him from leaving.
6344.0,gratify,Knowing that I could gratify my sweet tooth with a homemade dessert made the long day a little easier.
6344.0,gratify,"It's difficult to gratify someone who is never satisfied, always wanting more."
6344.0,gratify,She was gratified to see that her hard work had resulted in such a successful outcome.
6344.0,gratify,The restaurant aims to gratify even the most discerning palates with its diverse menu and high-quality ingredients.
6345.0,longtime,"He's been a longtime fan of the band, seeing them in concert over a dozen times."
6345.0,longtime,"After a longtime search, they finally found the perfect house to settle down in."
6345.0,longtime,Our longtime partnership with the local charity has allowed us to make a real difference in the community.
6345.0,longtime,"She appreciated the advice from her longtime mentor, who had guided her through many career challenges."
6345.0,longtime,"The restaurant is a longtime favorite in the neighborhood, known for its delicious food and friendly service."
6346.0,halve,The company decided to halve its marketing budget due to the recent economic downturn.
6346.0,halve,Could you halve the avocado and share it with me?
6346.0,halve,"To make the recipe easier, I'm going to halve all the ingredient quantities."
6346.0,halve,The doctor suggested I halve my caffeine intake to improve my sleep.
6346.0,halve,"If we halve the remaining pizza, we'll each get two slices."
6347.0,hazard,The construction site is a potential hazard due to falling debris and heavy machinery.
6347.0,hazard,Icy roads present a significant driving hazard during the winter months.
6347.0,hazard,Be careful; that broken glass is a serious hazard to anyone walking barefoot.
6347.0,hazard,The company identified several fire hazards in the warehouse and took steps to mitigate them.
6347.0,hazard,Smoking is a known health hazard that can lead to various respiratory illnesses.
6348.0,mortality,The high infant mortality rate in the region is a major concern for public health officials.
6348.0,mortality,Discussions about mortality often become more frequent as people get older.
6348.0,mortality,Advances in medicine have significantly reduced mortality from many infectious diseases.
6348.0,mortality,The philosopher contemplated the nature of mortality and the meaning of life.
6348.0,mortality,Exposure to asbestos can increase the risk of mortality from lung cancer and other respiratory illnesses.
6349.0,hijack,The protesters tried to hijack the company's annual meeting to voice their concerns about environmental policy.
6349.0,hijack,Cybercriminals can hijack your webcam and record you without your knowledge.
6349.0,hijack,I felt like my friend was trying to hijack the conversation and make it all about her.
6349.0,hijack,The politician accused the media of trying to hijack the narrative surrounding the new healthcare bill.
6349.0,hijack,Passengers on the flight were terrified when a man attempted to hijack the plane and divert it to another country.
6350.0,delegation,The CEO announced the delegation of responsibilities to several key managers during the reorganization.
6350.0,delegation,A delegation from the United Nations is scheduled to arrive next week to assess the humanitarian situation.
6350.0,delegation,She felt a strong sense of responsibility after receiving the delegation of authority over the project's budget.
6350.0,delegation,Our company sent a delegation to the trade show in Germany to explore new business opportunities.
6350.0,delegation,Effective delegation is crucial for any leader who wants to empower their team and achieve strategic goals.
6351.0,tariff,The government imposed a new tariff on imported steel to protect domestic manufacturers.
6351.0,tariff,Economists are debating whether the proposed tariff will stimulate local production or simply raise prices for consumers.
6351.0,tariff,"Due to the trade war, businesses are struggling to adapt to the constantly changing tariff rates."
6351.0,tariff,"Before exporting goods, it's essential to research the applicable tariff regulations of the destination country."
6351.0,tariff,The company decided to shift its manufacturing operations overseas to avoid the high tariff barriers.
6352.0,hinder,"Heavy rain could hinder our progress on the hiking trail, making it difficult to reach the summit."
6352.0,hinder,Bureaucratic red tape often hinders the development of innovative projects within the company.
6352.0,hinder,His constant negativity seemed to hinder the team's ability to brainstorm creative solutions.
6352.0,hinder,The lack of necessary resources significantly hindered their efforts to provide adequate healthcare to the community.
6352.0,hinder,Try not to let your fear of failure hinder you from pursuing your dreams and taking calculated risks.
6353.0,territorial,"The robin became quite territorial in the spring, chasing away any other birds that came near its nest."
6353.0,territorial,"Cats are known for being territorial animals, often marking their space with scent."
6353.0,territorial,The ongoing dispute between the two countries is largely due to territorial claims over the disputed island.
6353.0,territorial,He has a very territorial attitude towards his workspace; no one is allowed to touch his things.
6353.0,territorial,"Even though they are siblings, they can be quite territorial about their toys and belongings."
6354.0,preferable,"Given the limited time, a phone call is preferable to an email in this situation."
6354.0,preferable,"For long-term storage, a cool, dark place is preferable to a humid environment."
6354.0,preferable,"While both options have their merits, I find the earlier flight preferable because it allows me to arrive before the meeting."
6354.0,preferable,It's preferable to address the issue now rather than wait for it to escalate into a bigger problem.
6354.0,preferable,"Living closer to work would be preferable, even if it means a slightly smaller apartment."
6355.0,indulge,"After a long week of work, I like to indulge in a hot bath and a good book."
6355.0,indulge,Don't indulge his bad behavior; he needs to learn that his actions have consequences.
6355.0,indulge,We decided to indulge ourselves with a fancy dinner at that new Italian restaurant.
6355.0,indulge,"She knew she shouldn't, but she couldn't resist indulging her sweet tooth with a large slice of chocolate cake."
6355.0,indulge,The spa offers a variety of treatments designed to indulge your senses and promote relaxation.
6356.0,pessimism,His constant pessimism about the company's future was starting to affect team morale.
6356.0,pessimism,"Despite the evidence suggesting otherwise, her inherent pessimism led her to believe the project would fail."
6356.0,pessimism,"I tried to offer words of encouragement, but I couldn't shake off my own creeping pessimism about the situation."
6356.0,pessimism,The economist's pessimism regarding the upcoming quarter was widely reported in the financial news.
6356.0,pessimism,"A healthy dose of realism is good, but too much pessimism can be just as damaging as blind optimism."
6357.0,barbarian,"The Romans often viewed tribes beyond their borders as barbarians, despite their own sophisticated culture."
6357.0,barbarian,Some critics considered his aggressive playing style on the court to be almost barbarian.
6357.0,barbarian,"The invading army acted like barbarians, looting and destroying everything in their path."
6357.0,barbarian,He felt like a barbarian trying to navigate the complexities of high society.
6357.0,barbarian,"Compared to the elegance of the palace, the frontier outpost seemed positively barbarian."
6358.0,westward,"The pioneers continued their westward journey, hoping to find fertile land."
6358.0,westward,"As the sun began to set, we turned westward to head back to camp."
6358.0,westward,The prevailing winds blew westward across the open plains.
6358.0,westward,The river flows westward until it meets the ocean.
6358.0,westward,"Driven by economic hardship, many young people began moving westward in search of better opportunities."
6359.0,intrude,I didn't mean to intrude on your conversation; I thought you were finished.
6359.0,intrude,Please don't intrude upon my privacy by reading my diary.
6359.0,intrude,The loud music from the party next door started to intrude on our quiet evening.
6359.0,intrude,Do you think I would intrude if I asked to borrow your notes from the lecture?
6359.0,intrude,The constant stream of emails and notifications can intrude on my ability to focus at work.
6360.0,monk,The monk dedicated his life to prayer and meditation in the secluded monastery.
6360.0,monk,We saw a group of monks chanting as they walked through the village.
6360.0,monk,"He lived a simple life, almost like a monk, with very few possessions."
6360.0,monk,The documentary explored the daily routines of a Buddhist monk in Thailand.
6360.0,monk,Some believe that becoming a monk is the only path to true enlightenment.
6361.0,magnify,The jeweler used a special lens to magnify the tiny inscription on the ring.
6361.0,magnify,Stress can magnify existing feelings of anxiety and depression.
6361.0,magnify,The microphone seemed to magnify every little cough and shuffle in the audience.
6361.0,magnify,"Using a projector can magnify the image, making it easier for everyone in the room to see the details."
6361.0,magnify,The media tends to magnify minor political disagreements into major scandals.
6362.0,navigate,It can be difficult to navigate the city streets during rush hour.
6362.0,navigate,She had to navigate a complex legal system to get her business off the ground.
6362.0,navigate,We used a map and compass to navigate through the dense forest.
6362.0,navigate,"The website is poorly designed, making it hard to navigate and find what you need."
6362.0,navigate,Experienced sailors know how to navigate by the stars.
6363.0,equator,Countries located near the equator tend to have tropical climates with high humidity.
6363.0,equator,The expedition aimed to study the unique biodiversity found along the equator in the Amazon rainforest.
6363.0,equator,"Flying from New York to Singapore, the plane crossed the equator, triggering an announcement from the captain."
6363.0,equator,Measuring the Earth's circumference at the equator provides a more accurate value than measuring it at the poles.
6363.0,equator,The strong currents near the equator play a significant role in global weather patterns.
6364.0,tan,"After a week at the beach, she had a beautiful tan."
6364.0,tan,He used a self-tanner to get a healthy tan before his vacation.
6364.0,tan,"The leather jacket was a rich, tan color that complemented his style."
6364.0,tan,My grandfather always wore tan work boots when he was gardening.
6364.0,tan,I noticed a slight tan line on his wrist where he wore his watch.
6365.0,nominate,The committee decided to nominate Dr. Lee for the Nobel Prize in recognition of his groundbreaking research.
6365.0,nominate,I'd like to nominate Sarah for team lead; she's consistently demonstrated strong leadership skills.
6365.0,nominate,"Several people have been nominated for the position of mayor, making this a very competitive election."
6365.0,nominate,"Did you nominate yourself for the employee of the month award, or did someone else put your name forward?"
6365.0,nominate,"The film was nominated for several Oscars, including Best Director and Best Original Screenplay."
6366.0,sophomore,"As a sophomore, Maria was finally eligible to try out for the varsity basketball team."
6366.0,sophomore,The sophomore class is organizing a car wash to raise money for their prom next year.
6366.0,sophomore,"He's taking AP Biology, which is unusual for a sophomore, but he's a very bright student."
6366.0,sophomore,"My younger brother is a sophomore in high school, and he's already stressing about college."
6366.0,sophomore,The university offers a special orientation program designed to help sophomores choose their major and plan their career path.
6367.0,deficiency,A vitamin D deficiency can lead to weakened bones and increased risk of fractures.
6367.0,deficiency,The soil's deficiency in nitrogen was hindering the growth of the tomato plants.
6367.0,deficiency,"Due to a deficiency in funding, the library had to cut back on its operating hours."
6367.0,deficiency,Her doctor suspected an iron deficiency based on her fatigue and pale complexion.
6367.0,deficiency,The company's deficiency in customer service training was becoming increasingly apparent through negative online reviews.
6368.0,nourish,A balanced diet is essential to nourish both your body and mind.
6368.0,nourish,The company aims to nourish its employees' growth by providing ample training opportunities.
6368.0,nourish,Regular applications of fertilizer will nourish the soil and promote healthy plant growth.
6368.0,nourish,Reading books and engaging in creative activities can nourish your imagination.
6368.0,nourish,She tried to nourish her relationship with her sister by calling her more often.
6369.0,regime,"The new fitness regime is really challenging, but I'm already starting to see results."
6369.0,regime,"Under the old regime, freedom of speech was severely restricted."
6369.0,regime,"The company implemented a strict new work-from-home regime, requiring employees to log in and out at specific times."
6369.0,regime,Historians often debate the long-term impact of the military regime on the country's development.
6369.0,regime,"After years of unhealthy eating, she decided to adopt a healthier diet and exercise regime."
6370.0,oppress,The dictator used his power to oppress anyone who dared to speak out against his regime.
6370.0,oppress,"Heavy taxes and unfair regulations can oppress small businesses, making it difficult for them to thrive."
6370.0,oppress,"For centuries, systemic racism has continued to oppress marginalized communities, limiting their opportunities and freedoms."
6370.0,oppress,She felt oppressed by the constant pressure to conform to societal expectations.
6370.0,oppress,The oppressive heat and humidity made it difficult to concentrate on anything.
6371.0,collision,The minor collision in the parking lot resulted in only a few scratches on the bumper.
6371.0,collision,The investigation is focusing on whether human error contributed to the mid-air collision of the two planes.
6371.0,collision,"Despite the advanced safety features, a head-on collision at that speed is rarely survivable."
6371.0,collision,The sudden stop caused a chain-reaction collision involving five cars on the highway.
6371.0,collision,Scientists are studying the potential for a future collision between our galaxy and the Andromeda galaxy.
6372.0,overturn,The appellate court decided to overturn the lower court's verdict due to insufficient evidence.
6372.0,overturn,"Protesters gathered outside the parliament building, hoping to overturn the newly passed legislation."
6372.0,overturn,He accidentally leaned on the stack of books and managed to overturn the entire pile.
6372.0,overturn,The company's new marketing strategy aims to overturn the negative perception surrounding their brand.
6372.0,overturn,The unexpected scandal threatened to overturn years of careful planning and hard work.
6373.0,freight,The company ships a large amount of freight by rail every month.
6373.0,freight,We need to negotiate better rates for our ocean freight to Asia.
6373.0,freight,The train was delayed due to a problem with one of the freight cars.
6373.0,freight,"Air freight is the fastest, but also the most expensive, way to transport the goods."
6373.0,freight,The cost of freight is a significant factor in determining the final price of the product.
6374.0,delegate,"The manager decided to delegate the task of preparing the presentation to Sarah, as she has excellent communication skills."
6374.0,delegate,Our CEO will delegate the responsibility of negotiating the contract to the legal team.
6374.0,delegate,"Since I'm overwhelmed with projects, I need to delegate some of my less critical tasks to my colleagues."
6374.0,delegate,The professor will delegate the grading of the simpler assignments to the teaching assistant.
6374.0,delegate,Each state gets to delegate representatives to the national convention.
6375.0,partake,We encourage all attendees to partake in the refreshments provided during the break.
6375.0,partake,"After the ceremony, the family will partake in a private dinner to celebrate."
6375.0,partake,"Although I appreciate the offer, I won't partake in any gambling tonight."
6375.0,partake,The children were eager to partake of the birthday cake and ice cream.
6375.0,partake,The company decided to partake in a joint venture with a local firm to expand its market reach.
6376.0,ceremonial,The ambassador attended the ceremonial signing of the peace treaty.
6376.0,ceremonial,The university president wore his ceremonial robes for the graduation ceremony.
6376.0,ceremonial,The village elder performed a ceremonial dance to bless the harvest.
6376.0,ceremonial,"Despite the modern setting, the wedding retained many traditional and ceremonial aspects."
6376.0,ceremonial,The ceremonial sword was passed down through generations of the royal family.
6377.0,bandage,She carefully wrapped a bandage around her sprained ankle to provide support.
6377.0,bandage,Do you have a bandage I can use? I accidentally cut my finger while chopping vegetables.
6377.0,bandage,The nurse instructed him on how to properly apply the bandage and keep the wound clean.
6377.0,bandage,"After the surgery, the doctor changed the bandage and checked the incision for any signs of infection."
6377.0,bandage,"He ripped off the old bandage, revealing a surprisingly well-healed scar."
6378.0,prescribe,The doctor will prescribe antibiotics if your infection is bacterial.
6378.0,prescribe,"My therapist doesn't prescribe medication, but she can offer coping strategies."
6378.0,prescribe,"The company's handbook doesn't prescribe a specific dress code, but it does suggest professional attire."
6378.0,prescribe,Many doctors are hesitant to prescribe opioids for chronic pain due to the risk of addiction.
6378.0,prescribe,"The recipe doesn't prescribe the exact type of flour, so you can use all-purpose or bread flour."
6379.0,clergy,The local clergy organized a food drive to help families in need during the holidays.
6379.0,clergy,"Several members of the clergy spoke out against the proposed legislation, citing concerns about its impact on the poor."
6379.0,clergy,She decided to enter the seminary to become a member of the clergy after years of soul-searching.
6379.0,clergy,"Historically, the clergy held significant political and social power in many European countries."
6379.0,clergy,The bishop met with the clergy of the diocese to discuss strategies for increasing community engagement.
6380.0,preside,"The judge will preside over the trial, ensuring a fair and impartial hearing for both sides."
6380.0,preside,"As the club's president, she will preside at all meetings and guide the decision-making process."
6380.0,preside,He was asked to preside over the charity auction because of his experience and calm demeanor.
6380.0,preside,Who will preside at the conference next week now that the original speaker has fallen ill?
6380.0,preside,"The queen will preside over the ceremony, marking a significant moment in the nation's history."
6381.0,timber,The old barn was constructed with thick timber beams that have lasted for generations.
6381.0,timber,We need to order more timber to complete the framing of the new house.
6381.0,timber,"The sound of his voice had a deep, resonant timber that commanded attention."
6381.0,timber,The forest industry relies heavily on the sustainable harvesting of timber.
6381.0,timber,"After the storm, debris including fallen timber blocked many of the hiking trails."
6382.0,prop,I had to prop the window open with a book because the latch was broken.
6382.0,prop,The director asked the stagehand to move the oversized telephone prop closer to the actor.
6382.0,prop,"After his injury, he had to use a cane to prop himself up while walking."
6382.0,prop,"The politician used statistics to prop up his argument, but many found them misleading."
6382.0,prop,She used a decorative pillow to prop her back while reading in bed.
6383.0,barrack,The old army barrack was converted into affordable housing for veterans.
6383.0,barrack,"After basic training, the soldiers were assigned to a barrack near the front lines."
6383.0,barrack,The air in the barrack was thick with the smell of sweat and stale coffee.
6383.0,barrack,"The new recruits spent their first night in the barrack, trying to adjust to the unfamiliar sounds and routines."
6383.0,barrack,Rumors spread like wildfire through the barrack after the commanding officer's announcement.
6384.0,prune,It's time to prune the rose bushes before they start budding again in the spring.
6384.0,prune,The editor had to prune several paragraphs from my article to fit the page limit.
6384.0,prune,My doctor advised me to prune processed foods from my diet to improve my health.
6384.0,prune,The orchard owner hires a team every winter to prune the apple trees for better fruit production.
6384.0,prune,"Sometimes, you need to prune away negative influences in your life to focus on your goals."
6385.0,twig,The robin carefully selected a thin twig to add to its nest.
6385.0,twig,He snapped a dry twig off the tree and used it to poke at the campfire.
6385.0,twig,The children collected twigs and leaves to build a small fort in the woods.
6385.0,twig,I saw a squirrel scampering up the oak tree with a twig in its mouth.
6385.0,twig,The wind was strong enough to break several twigs off the branches during the storm.
6386.0,rationalize,He tried to rationalize his spending habits by saying he needed to treat himself occasionally.
6386.0,rationalize,Don't try to rationalize your bad behavior; just apologize and move on.
6386.0,rationalize,"The company attempted to rationalize the layoffs by citing economic downturns, but employees were skeptical."
6386.0,rationalize,"She knew she was being irrational, but she still tried to rationalize her fears."
6386.0,rationalize,"It's easy to rationalize skipping the gym when you're tired, but consistency is key to seeing results."
6387.0,melancholy,A wave of melancholy washed over her as she thought about her childhood home.
6387.0,melancholy,The rainy weather outside perfectly mirrored his melancholy mood.
6387.0,melancholy,"He found solace in playing the piano, hoping the music would lift him from his melancholy."
6387.0,melancholy,"There was a certain melancholy beauty in the abandoned building, its faded grandeur hinting at a forgotten past."
6387.0,melancholy,"Despite the joyful occasion, a faint air of melancholy lingered, as they knew it would be the last time they were all together for a while."
6388.0,unsure,I'm still unsure about which college I want to attend next year.
6388.0,unsure,"She seemed unsure of her answer, hesitating before speaking."
6388.0,unsure,Are you unsure if you locked the front door? We should probably double-check.
6388.0,unsure,"The directions were confusing, so I was unsure whether to turn left or right."
6388.0,unsure,"He was unsure of himself after failing the exam, but he decided to try again."
6389.0,intentional,Her intentional rudeness made it clear she didn't want to talk to us.
6389.0,intentional,The artist's intentional use of muted colors created a somber mood in the painting.
6389.0,intentional,I believe the mistake was unintentional and shouldn't be held against him.
6389.0,intentional,"Was that an intentional foul, or did you just slip?"
6389.0,intentional,The company made an intentional effort to improve its customer service ratings this year.
6390.0,refrain,Please refrain from using your cell phone during the movie.
6390.0,refrain,I had to refrain from laughing when he tripped and fell.
6390.0,refrain,The doctor advised him to refrain from strenuous activity for a few weeks.
6390.0,refrain,"Despite my anger, I tried to refrain from saying anything I would later regret."
6390.0,refrain,Could you please refrain from parking in front of the driveway?
6391.0,reinforce,The coach used positive feedback to reinforce good sportsmanship among the players.
6391.0,reinforce,The new security measures are designed to reinforce the building's defenses against potential threats.
6391.0,reinforce,Repeating key vocabulary helps to reinforce new language learning.
6391.0,reinforce,Volunteering in the community can reinforce a sense of belonging and purpose.
6391.0,reinforce,The company decided to reinforce its marketing strategy with a new advertising campaign.
6392.0,feedback,"The professor gave me some really helpful feedback on my essay, which helped me improve my writing."
6392.0,feedback,We need to gather feedback from our customers about the new product features before we launch it officially.
6392.0,feedback,"Based on the feedback from the team, we've decided to postpone the meeting until next week."
6392.0,feedback,Could you please provide some feedback on my presentation slides to ensure they are clear and engaging?
6392.0,feedback,"I appreciate the feedback, even if it's critical, as it helps me grow and learn."
6393.0,loop,The detective was trying to find the missing link that would close the loop in the investigation.
6393.0,loop,She used a small loop of string to hang the ornament on the Christmas tree.
6393.0,loop,I seem to be stuck in a loop; I keep making the same mistakes over and over again.
6393.0,loop,"The pilot performed a loop-the-loop, thrilling the crowd at the airshow."
6393.0,loop,"Before submitting the proposal, please double-check the budget to ensure there are no errors or missing information that could throw off the entire loop."
6394.0,reorganize,The company decided to reorganize the sales department to improve efficiency.
6394.0,reorganize,We need to reorganize the files on the server so everyone can find what they need more easily.
6394.0,reorganize,"After the merger, they had to reorganize the entire management structure."
6394.0,reorganize,I'm going to reorganize my closet this weekend; it's a complete mess.
6394.0,reorganize,The library is closed for a week while they reorganize the books according to a new cataloging system.
6395.0,subsidiary,The company's success is largely attributed to its numerous successful subsidiaries operating in various international markets.
6395.0,subsidiary,"As a subsidiary of a much larger corporation, they often have to adhere to strict guidelines and reporting requirements."
6395.0,subsidiary,"Our local bookstore is a subsidiary of a national chain, which allows them to offer competitive pricing."
6395.0,subsidiary,"The bank announced the acquisition of a new technology firm, which will operate as a wholly-owned subsidiary."
6395.0,subsidiary,"Although it's a relatively new subsidiary, it's already contributing significantly to the parent company's overall revenue."
6396.0,thereafter,"The initial investment was substantial; thereafter, the profits began to steadily increase."
6396.0,thereafter,"We will be accepting applications until Friday, and interviews will be scheduled shortly thereafter."
6396.0,thereafter,"The storm caused significant damage to the coastline, and flooding persisted for several days thereafter."
6396.0,thereafter,She completed her undergraduate degree in 2018 and began working in the field shortly thereafter.
6396.0,thereafter,"The company implemented a new policy regarding vacation time, and all employees were expected to adhere to it thereafter."
6397.0,reprint,The publisher decided to reprint the popular novel after it sold out in just a few weeks.
6397.0,reprint,We need to reprint the brochure with the updated contact information.
6397.0,reprint,The library has a reprint of the original 1860 edition of 'Leaves of Grass'.
6397.0,reprint,They had to reprint the textbooks because of a printing error in the first batch.
6397.0,reprint,"Due to high demand, the art gallery plans to reprint the limited-edition posters."
6398.0,safeguard,We need to safeguard our personal information online by using strong passwords and being cautious about what we share.
6398.0,safeguard,The government implemented new regulations to safeguard the environment from further pollution.
6398.0,safeguard,The company took extra precautions to safeguard its intellectual property from being stolen by competitors.
6398.0,safeguard,Parents should safeguard their children from harmful content on the internet by using parental control software.
6398.0,safeguard,Investing in a good insurance policy can help safeguard your family's financial future in case of unforeseen circumstances.
6399.0,aggression,The sudden aggression displayed by the normally docile dog was quite alarming.
6399.0,aggression,Many believe that video games can contribute to increased aggression in young people.
6399.0,aggression,She felt a surge of aggression when she saw her parking spot being taken.
6399.0,aggression,The politician's aggressive tone during the debate alienated many potential voters.
6399.0,aggression,Mediation can often help to de-escalate situations and prevent the aggression from escalating into violence.
6400.0,skim,I usually skim the newspaper headlines in the morning to get a general sense of the news.
6400.0,skim,The chef used a spoon to skim the foam off the top of the boiling broth.
6400.0,skim,"Be careful not to skim too much off the surface, as you might remove some of the flavorful spices."
6400.0,skim,"He tried to skim money from the company's accounts, but his actions were quickly discovered."
6400.0,skim,"Before the meeting, I only had time to skim through the report, so I might need some clarification on the details."
6401.0,editorial,The newspaper's editorial strongly condemned the proposed legislation.
6401.0,editorial,"I disagreed with the editorial's stance on the environmental issue, finding it overly simplistic."
6401.0,editorial,She was promoted to the position of editorial assistant after demonstrating excellent writing and research skills.
6401.0,editorial,The editor asked me to write an editorial about the importance of voting in local elections.
6401.0,editorial,"Beyond the news reporting, the editorial section offers valuable insights and opinions on current events."
6402.0,diplomacy,The delicate situation required careful diplomacy to avoid escalating into a full-blown conflict.
6402.0,diplomacy,"She possessed a natural talent for diplomacy, able to navigate difficult conversations with grace and understanding."
6402.0,diplomacy,"International diplomacy is often a slow and complex process, requiring patience and compromise from all parties involved."
6402.0,diplomacy,"Despite the breakdown in formal talks, back-channel diplomacy continued in an attempt to find a solution."
6402.0,diplomacy,Successful business negotiations often rely on a degree of diplomacy to build rapport and achieve mutually beneficial outcomes.
6403.0,slay,She absolutely slayed that presentation; everyone was so impressed with her confidence and knowledge.
6403.0,slay,The singer's new album is amazing; every track slays!
6403.0,slay,I'm going to slay this workout and finally hit my fitness goals.
6403.0,slay,Her outfit was on point; she totally slayed the red carpet look.
6403.0,slay,Let's slay these deadlines and get this project finished on time!
6404.0,ranch,My uncle owns a large cattle ranch in Montana.
6404.0,ranch,Could I please have some ranch dressing with my salad?
6404.0,ranch,They decided to buy a small ranch outside of town and raise horses.
6404.0,ranch,"He grew up on a ranch, so he's very comfortable working with animals."
6404.0,ranch,The movie was filmed on location at a working ranch in Wyoming.
6405.0,saloon,"The old western movie always has a scene inside a dusty saloon, complete with swinging doors and a piano player."
6405.0,saloon,"After a long day of hiking in the desert, all I wanted was a cold drink at the nearest saloon."
6405.0,saloon,The town's historical society is working to restore the old saloon to its former glory.
6405.0,saloon,"He walked into the saloon, his spurs jingling, and ordered a whiskey from the bartender."
6405.0,saloon,Legend has it that a famous gunfight took place right outside that saloon back in the 1880s.
6406.0,rebellious,Her rebellious streak started in high school when she dyed her hair bright pink and refused to follow the dress code.
6406.0,rebellious,The rebellious teenagers spray-painted graffiti on the abandoned building as a form of protest.
6406.0,rebellious,He was often labeled as rebellious because he questioned authority and challenged the status quo.
6406.0,rebellious,The country's rebellious factions united to overthrow the corrupt government.
6406.0,rebellious,"Despite her parents' disapproval, she maintained a rebellious attitude, determined to live life on her own terms."
6407.0,subdue,The police used tear gas to subdue the rioters.
6407.0,subdue,"He tried to subdue his anger, but the insult was too much to bear."
6407.0,subdue,The artist used soft colors to subdue the harshness of the landscape.
6407.0,subdue,"After hours of fighting the fire, the firefighters were finally able to subdue the flames."
6407.0,subdue,She had to subdue a giggle when she saw him trip over the rug.
6408.0,tyrant,"The manager was a tyrant, constantly demanding overtime and micromanaging every task."
6408.0,tyrant,History is full of examples of dictators who rose to power and ruled as tyrants.
6408.0,tyrant,"My little brother acts like a tyrant when he's playing video games, hogging the controller and refusing to share."
6408.0,tyrant,The citizens finally revolted against the tyrant's oppressive regime after years of suffering.
6408.0,tyrant,"Even though he was the class president, he wasn't a tyrant; he listened to everyone's opinions before making decisions."
6409.0,captive,"The zoo kept the rare birds captive in a large, climate-controlled enclosure."
6409.0,captive,"After being held captive for a week, the hostages were finally released unharmed."
6409.0,captive,The politician's captivating speech held the audience captive until the very end.
6409.0,captive,"She felt captive in her own home, unable to leave due to the severe weather."
6409.0,captive,"He became captive to his gambling addiction, losing everything he owned."
6410.0,algebra,"I always struggled with algebra in high school, especially word problems."
6410.0,algebra,She's taking an online algebra course to brush up on her math skills for college.
6410.0,algebra,The teacher used a real-world example to help us understand the principles of algebra.
6410.0,algebra,"Before you can move on to calculus, you need a solid foundation in algebra and trigonometry."
6410.0,algebra,My son is in eighth grade and is just starting to learn basic algebra concepts.
6411.0,subtract,"If you subtract the expenses from the income, you'll see the actual profit."
6411.0,subtract,Could you subtract 7 from 23 and tell me the answer quickly?
6411.0,subtract,The doctor advised him to subtract sugar and processed foods from his diet to improve his health.
6411.0,subtract,"Subtracting the discount, the final price of the television is $450."
6411.0,subtract,"To find the difference between the two numbers, you must subtract the smaller number from the larger one."
6412.0,summarize,Could you summarize the main points of the meeting for those who couldn't attend?
6412.0,summarize,"To summarize, the project is on track and within budget, but we need to address the marketing concerns."
6412.0,summarize,"Before we move on, let me summarize what we've discussed so far."
6412.0,summarize,The author uses the final chapter to summarize the key arguments presented throughout the book.
6412.0,summarize,Can you summarize the plot of the movie without giving away any spoilers?
6413.0,verbal,"The contract included a verbal agreement about overtime pay, but it wasn't written down."
6413.0,verbal,She gave a verbal presentation on the project's progress during the meeting.
6413.0,verbal,"Despite the physical altercation, the police were more concerned with the escalating verbal threats."
6413.0,verbal,"My daughter is very verbal for her age, already speaking in complete sentences."
6413.0,verbal,"We received verbal confirmation that our application was approved, but we're still waiting for the official letter."
6414.0,supervise,"As a senior engineer, I supervise a team of junior developers working on the new mobile application."
6414.0,supervise,The teacher asked a parent volunteer to supervise the children during their outdoor playtime.
6414.0,supervise,"It's important to supervise young children closely when they are near water, even if they know how to swim."
6414.0,supervise,"The construction foreman will supervise the entire building process, ensuring all work is done according to code."
6414.0,supervise,"Before allowing the intern to handle client accounts, we will need to supervise her initial interactions and provide feedback."
6415.0,apprentice,"He started as an apprentice electrician, learning the trade from a seasoned professional."
6415.0,apprentice,The company runs an apprentice program to train young people in various engineering disciplines.
6415.0,apprentice,"After years of being an apprentice, she finally qualified as a fully-fledged carpenter."
6415.0,apprentice,Becoming a successful chef often involves starting as an apprentice and working your way up the ranks.
6415.0,apprentice,The local blacksmith took on a young apprentice to ensure the traditional skills were passed down to the next generation.
6416.0,sweeten,Could you sweeten your tea with a little honey instead of sugar?
6416.0,sweeten,The company offered a signing bonus to sweeten the job offer and attract top talent.
6416.0,sweeten,She tried to sweeten the deal by including free shipping and a discount on future purchases.
6416.0,sweeten,The aroma of baking cookies always seems to sweeten the atmosphere in the house.
6416.0,sweeten,He added a touch of humor to sweeten his presentation and make it more engaging.
6417.0,chestnut,"The antique dresser was made of a beautiful, dark chestnut wood."
6417.0,chestnut,We roasted chestnuts over an open fire during the Christmas holidays.
6417.0,chestnut,"She admired the horse's coat, a rich, reddish-brown chestnut color."
6417.0,chestnut,He told a chestnut of a joke that everyone had heard a million times before.
6417.0,chestnut,"The hikers gathered fallen chestnuts from the forest floor, hoping to find some that were still good to eat."
6418.0,scoop,Could you scoop out some ice cream for everyone after dinner?
6418.0,scoop,The journalist managed to get the scoop on the celebrity scandal before anyone else.
6418.0,scoop,I used a measuring scoop to ensure I added the correct amount of protein powder to my smoothie.
6418.0,scoop,He took a scoop of the freshly made potato salad at the picnic.
6418.0,scoop,The construction worker used a large scoop attached to the excavator to move the piles of dirt.
6419.0,tile,We decided to tile the bathroom floor with a mosaic pattern.
6419.0,tile,The roofers are coming tomorrow to replace the broken tile on the top of the house.
6419.0,tile,She carefully cleaned the grout between each tile in the kitchen.
6419.0,tile,The artist used colorful ceramic tile to create a stunning mural on the building's facade.
6419.0,tile,Be careful walking there; that tile is loose and might trip you.
6420.0,toil,"After years of toil in the factory, he finally saved enough money to buy a small house."
6420.0,toil,"The farmers continued to toil in the fields, despite the scorching heat and lack of rain."
6420.0,toil,She knew that success in her chosen field would require relentless toil and dedication.
6420.0,toil,"The software engineers toiled late into the night, trying to debug the complex code before the deadline."
6420.0,toil,"Despite the constant toil, he found satisfaction in seeing the fruits of his labor at the end of each day."
6421.0,tolerance,The success of a multicultural society depends on tolerance and understanding between different groups.
6421.0,tolerance,"My grandfather always preached tolerance, even towards those with vastly different political views."
6421.0,tolerance,"She has a remarkable tolerance for pain, which allows her to push through difficult workouts."
6421.0,tolerance,"The company's policy promotes tolerance in the workplace, ensuring a respectful environment for all employees."
6421.0,tolerance,"After several days of rain, my tolerance for gloomy weather is wearing thin."
6422.0,trample,The crowd began to trample each other in their desperate attempt to escape the fire.
6422.0,trample,Protesters threatened to trample the flower beds if the police didn't move back.
6422.0,trample,Don't trample the seedlings; walk carefully around the garden.
6422.0,trample,The company's aggressive tactics seemed to trample on the rights of its smaller competitors.
6422.0,trample,His insensitive remarks felt like he was trying to trample on my feelings and belittle my accomplishments.
6423.0,storekeeper,"The storekeeper always had a friendly smile and a helpful attitude, making the small town grocery a pleasant place to shop."
6423.0,storekeeper,"After years of working as a clerk, she finally saved enough money to become a storekeeper herself, opening a charming bookstore downtown."
6423.0,storekeeper,The children were warned not to bother the storekeeper while he was busy restocking shelves with fresh produce.
6423.0,storekeeper,"During the power outage, the storekeeper used a flashlight to help customers find what they needed in the darkened aisles."
6423.0,storekeeper,"My grandfather used to be a storekeeper, and he always said the secret to success was knowing your customers and providing them with quality goods."
6424.0,imprisonment,The judge sentenced him to five years of imprisonment for the crime.
6424.0,imprisonment,Her wrongful imprisonment sparked public outrage and calls for legal reform.
6424.0,imprisonment,The threat of imprisonment didn't deter him from speaking out against the corrupt regime.
6424.0,imprisonment,Studies show that imprisonment can have a devastating impact on families and communities.
6424.0,imprisonment,"Alternatives to imprisonment, such as community service and restorative justice, are gaining popularity."
6425.0,uphold,The judge swore to uphold the Constitution and the laws of the United States.
6425.0,uphold,We must uphold our commitment to providing quality education for all students.
6425.0,uphold,The organization works to uphold human rights around the world.
6425.0,uphold,"Despite facing criticism, the company decided to uphold its policy on data privacy."
6425.0,uphold,It's important to uphold traditions while also embracing progress and innovation.
6426.0,prophet,"Many people consider Nostradamus to be a prophet, though his predictions are often vague and open to interpretation."
6426.0,prophet,"The community revered him as a prophet, believing he had a direct line to divine wisdom and guidance."
6426.0,prophet,"Some argue that a true prophet should challenge the status quo and speak truth to power, even when it's unpopular."
6426.0,prophet,"The film tells the story of a young man who rises through the ranks of a criminal organization, becoming a self-proclaimed prophet in prison."
6426.0,prophet,"He dismissed the economist's predictions as mere speculation, declaring, ""I'm no prophet, but I doubt that forecast will come true."""
6427.0,withstand,This tent is designed to withstand strong winds and heavy rain.
6427.0,withstand,The old bridge was reinforced to withstand the increased traffic flow.
6427.0,withstand,I don't know how she can withstand the constant pressure at work.
6427.0,withstand,Some plants are better able to withstand drought conditions than others.
6427.0,withstand,The company's reputation has been able to withstand several scandals over the years.
6428.0,insulting,I found his comments about my weight to be incredibly insulting.
6428.0,insulting,It was insulting of him to assume I hadn't done my research before the presentation.
6428.0,insulting,"The company offered me a salary that was frankly insulting, given my experience."
6428.0,insulting,"She walked out of the meeting, feeling that her ideas were being dismissed in an insulting manner."
6428.0,insulting,"He didn't mean to be insulting, but his words came across as insensitive and hurtful."
6429.0,scornful,She gave a scornful laugh when he suggested they try to fix the old car with duct tape.
6429.0,scornful,The critic's review was filled with scornful remarks about the actor's performance.
6429.0,scornful,"He adopted a scornful tone, clearly unimpressed by their amateurish efforts."
6429.0,scornful,"With a scornful glance at the overflowing trash can, she sighed and started cleaning."
6429.0,scornful,"Despite his polite words, I detected a scornful undercurrent in his voice, revealing his true feelings."
6430.0,tempest,"The sudden tempest caught the sailors off guard, tossing their small vessel about like a toy."
6430.0,tempest,"Her angry outburst was a tempest of frustration, years of pent-up emotions finally breaking free."
6430.0,tempest,"The political debate turned into a tempest of accusations and counter-accusations, with little progress made."
6430.0,tempest,"After the tempest of criticism, the artist decided to take a break and reassess their work."
6430.0,tempest,"Despite the tempest raging outside, the family felt safe and secure within the sturdy walls of their home."
6431.0,wreck,"The storm completely wrecked the old fishing boat, leaving it in pieces on the shore."
6431.0,wreck,He knew that one wrong decision could wreck his chances of getting the promotion.
6431.0,wreck,"After the wreck, she was lucky to escape with only minor injuries."
6431.0,wreck,"The stress of the job started to wreck her health, so she decided to quit."
6431.0,wreck,They had to wreck the old building to make way for the new shopping center.
6432.0,tanker,"The oil tanker ran aground during the storm, causing a significant spill."
6432.0,tanker,"We saw a massive tanker slowly moving through the harbor, its deck piled high with shipping containers."
6432.0,tanker,"My grandfather worked on a tanker for many years, traveling the world and delivering fuel."
6432.0,tanker,"The company is investing in a new, more efficient tanker fleet to reduce transportation costs."
6432.0,tanker,The fireboat was called in to assist after a small fire broke out in the engine room of the tanker.
6433.0,zealous,The zealous volunteers worked tirelessly to clean up the park after the festival.
6433.0,zealous,"He was a zealous advocate for animal rights, dedicating his life to rescuing abandoned pets."
6433.0,zealous,Her zealous approach to learning new languages allowed her to become fluent in several within a few years.
6433.0,zealous,"While his enthusiasm was appreciated, his zealous attempts to control the project annoyed some team members."
6433.0,zealous,"Even though the project was difficult, her zealous determination to succeed never wavered."
6434.0,reptile,The Komodo dragon is a formidable reptile known for its venomous bite and aggressive behavior.
6434.0,reptile,My daughter is fascinated by reptiles and wants to visit the reptile house at the zoo.
6434.0,reptile,"Snakes, lizards, turtles, and crocodiles are all different types of reptile."
6434.0,reptile,"Because reptiles are cold-blooded, they often bask in the sun to regulate their body temperature."
6434.0,reptile,The fossil record shows that reptiles were the dominant land animals during the Mesozoic Era.
6435.0,enthusiast,My dad is a real gardening enthusiast; he spends hours every weekend tending to his roses.
6435.0,enthusiast,"She's a history enthusiast, always reading biographies and visiting historical sites."
6435.0,enthusiast,"Although I enjoy watching football occasionally, I wouldn't call myself an enthusiast."
6435.0,enthusiast,The local astronomy club is full of enthusiasts who are eager to share their knowledge of the night sky.
6435.0,enthusiast,He became a coffee enthusiast after traveling through Italy and learning about different brewing methods.
6436.0,adore,I absolutely adore spending summer evenings on the porch with a good book.
6436.0,adore,She adores her grandchildren and spoils them every chance she gets.
6436.0,adore,Many people adore the unique architecture found in Barcelona.
6436.0,adore,"While I appreciate his talent, I don't adore his music as much as some others do."
6436.0,adore,"They adore hiking in the mountains, especially when the wildflowers are in bloom."
6437.0,lizard,"A small green lizard darted across the hot pavement, disappearing into the cracks."
6437.0,lizard,My daughter is fascinated by lizards and wants to get one as a pet.
6437.0,lizard,"The desert is teeming with life, from scorpions to various species of lizard."
6437.0,lizard,Scientists are studying the regenerative abilities of certain lizard species to understand how they regrow their tails.
6437.0,lizard,"I saw a frilled-neck lizard at the zoo, and its defense display was quite impressive."
6438.0,behold,"Behold, the magnificent sunset painting the sky with vibrant colors."
6438.0,behold,"And now, behold the magic trick I've been practicing all week!"
6438.0,behold,"Behold, a rare opportunity to invest in a groundbreaking technology."
6438.0,behold,"As we crested the hill, we beheld a breathtaking vista of rolling hills and sparkling lakes."
6438.0,behold,"Behold the power of nature, capable of both creation and destruction."
6439.0,frightful,"The weather outside is frightful, perfect for staying inside with a good book."
6439.0,frightful,She had a frightful experience on the roller coaster and vowed never to ride one again.
6439.0,frightful,"The traffic was frightful this morning, making me late for my appointment."
6439.0,frightful,He made a frightful mess in the kitchen while attempting to bake a cake.
6439.0,frightful,"The old house had a frightful history, filled with tales of ghosts and unexplained occurrences."
6440.0,pathetic,His pathetic attempt to apologize only made things worse.
6440.0,pathetic,"I know it's pathetic, but I still get nervous speaking in public."
6440.0,pathetic,"The stray dog looked so pathetic, shivering in the rain, that I had to take it home."
6440.0,pathetic,Don't be so pathetic; get over it and move on with your life!
6440.0,pathetic,It's pathetic how much money some people spend on designer clothes just to impress others.
6441.0,occurrence,The unexpected occurrence of a power outage disrupted the entire neighborhood.
6441.0,occurrence,Flooding is a common occurrence in this area during the rainy season.
6441.0,occurrence,We need to investigate the occurrence of these errors to determine the root cause.
6441.0,occurrence,His sudden change in behavior was a strange occurrence that concerned his friends.
6441.0,occurrence,The rare occurrence of a blue moon always attracts a lot of attention.
6442.0,marshal,The police had to marshal the crowd to prevent them from spilling onto the street.
6442.0,marshal,"Before presenting his argument, the lawyer tried to marshal all the available evidence."
6442.0,marshal,"As the team leader, it's your job to marshal the resources and ensure everyone is on the same page."
6442.0,marshal,"She quickly learned how to marshal her energy during the marathon, pacing herself for the long distance."
6442.0,marshal,The general needed to marshal his troops effectively before launching the attack.
6443.0,cling,The toddler began to cling to his mother's leg when he saw the unfamiliar dog.
6443.0,cling,"Even after all these years, some people still cling to the outdated belief that the Earth is flat."
6443.0,cling,The smell of smoke seemed to cling to my clothes long after I left the bonfire.
6443.0,cling,We need to cling to hope that the situation will improve soon.
6443.0,cling,"The ivy continued to cling tightly to the brick wall, slowly covering the entire side of the house."
6444.0,dogmatic,His dogmatic insistence on following the old rules stifled any innovation within the company.
6444.0,dogmatic,I find her dogmatic approach to parenting exhausting; she refuses to consider any alternative viewpoints.
6444.0,dogmatic,"The professor's dogmatic lectures, filled with unchallenged assumptions, made it difficult for students to think critically."
6444.0,dogmatic,"While he's a talented artist, his dogmatic views on what constitutes 'true art' can be quite off-putting."
6444.0,dogmatic,"She tried to have a reasonable discussion, but he was too dogmatic in his beliefs and unwilling to compromise."
6445.0,admiral,The admiral gave the order to prepare for battle.
6445.0,admiral,My grandfather served under Admiral Nimitz during World War II.
6445.0,admiral,Becoming an admiral is the pinnacle of a naval officer's career.
6445.0,admiral,The new admiral was known for her strategic thinking and calm demeanor under pressure.
6445.0,admiral,We named our cat Admiral Fluffington because he acts like he's in charge of the house.
6446.0,contemplate,"Before making such a big decision, I need some time to contemplate all the possible outcomes."
6446.0,contemplate,"She sat by the window, quietly contemplating the beauty of the snow-covered landscape."
6446.0,contemplate,He would often contemplate the meaning of life during his long walks in the forest.
6446.0,contemplate,The board members will contemplate the proposal and announce their decision next week.
6446.0,contemplate,I'm contemplating whether or not to take a vacation next month; I really need a break.
6447.0,disastrous,The company's disastrous marketing campaign led to a significant drop in sales.
6447.0,disastrous,Ignoring the warnings about the impending storm proved to be a disastrous decision for the unprepared hikers.
6447.0,disastrous,"The cake I attempted to bake for the party was a disastrous mess, completely burnt on the outside and raw in the middle."
6447.0,disastrous,His disastrous attempt at public speaking left him feeling embarrassed and defeated.
6447.0,disastrous,"The peace talks collapsed after a week of fruitless negotiations, ending in a disastrous return to armed conflict."
6448.0,picturesque,"The small village nestled in the valley was incredibly picturesque, with its colorful houses and winding cobblestone streets."
6448.0,picturesque,We spent the afternoon painting the picturesque landscape of rolling hills and grazing sheep.
6448.0,picturesque,"Although the hike was challenging, the reward was a picturesque view from the summit that made it all worthwhile."
6448.0,picturesque,"She decorated her apartment with vintage furniture and antique maps, creating a cozy and picturesque atmosphere."
6448.0,picturesque,"The travel brochure promised a picturesque getaway to a secluded island, complete with pristine beaches and lush tropical foliage."
6449.0,panorama,"From the mountaintop, we enjoyed a breathtaking panorama of the valley below."
6449.0,panorama,The new building offers a stunning panorama of the city skyline.
6449.0,panorama,The museum's exhibit presented a panorama of early 20th-century life.
6449.0,panorama,"Her memories provided a panorama of her childhood, filled with both joy and sorrow."
6449.0,panorama,The restaurant's rotating floor gave diners a complete panorama of the harbor.
6450.0,dazzle,"The chandelier's crystals dazzle in the sunlight, creating rainbows on the walls."
6450.0,dazzle,Her wit and intelligence continue to dazzle everyone she meets.
6450.0,dazzle,The fireworks display was designed to dazzle the audience with its vibrant colors and intricate patterns.
6450.0,dazzle,Don't let their fancy marketing tactics dazzle you; make sure to read the fine print.
6450.0,dazzle,The magician hoped to dazzle the crowd with his disappearing act and sleight of hand.
6451.0,deem,The committee will deem the project a success if it meets all of its initial goals.
6451.0,deem,I deem it necessary to contact them immediately regarding this urgent matter.
6451.0,deem,"Many people deem reality television to be a waste of time, but it remains incredibly popular."
6451.0,deem,The judge will deem whether or not the evidence is admissible in court.
6451.0,deem,"After careful consideration, we deem your application unsuitable for this particular position."
6452.0,alteration,"The tailor made a quick alteration to the dress, shortening the hemline by an inch."
6452.0,alteration,Any alteration to the original contract must be agreed upon in writing by both parties.
6452.0,alteration,"The artist made a significant alteration to the painting, completely changing the background color."
6452.0,alteration,"Due to the unexpected weather, we had to make a last-minute alteration to our travel plans."
6452.0,alteration,"The software update includes a minor alteration to the user interface, making it more intuitive."
6453.0,pipeline,The company is investing heavily in building a new oil pipeline across the state.
6453.0,pipeline,We need to establish a solid sales pipeline to ensure consistent revenue growth.
6453.0,pipeline,The city council approved the construction of a water pipeline to bring fresh water to the drought-stricken area.
6453.0,pipeline,Our team is working to streamline the data processing pipeline to improve efficiency.
6453.0,pipeline,"She's been in the acting pipeline for years, honing her skills in local theater productions."
6454.0,differentiate,"It can be difficult to differentiate between identical twins, especially when they have similar personalities."
6454.0,differentiate,The marketing team needs to differentiate our product from the competition by highlighting its unique features.
6454.0,differentiate,Teachers often differentiate their instruction to meet the diverse learning needs of students in their classrooms.
6454.0,differentiate,The doctor ordered more tests to differentiate between a common cold and a more serious respiratory infection.
6454.0,differentiate,Good customer service can really differentiate a small business and help it thrive in a competitive market.
6455.0,consonant,"The word 'strength' has a cluster of consonants at the beginning, making it difficult for some English language learners to pronounce."
6455.0,consonant,"In phonetics, a consonant is a speech sound that is not a vowel."
6455.0,consonant,"To spell the word correctly, remember that it ends with the consonant 't'."
6455.0,consonant,"When teaching children to read, it's important to help them differentiate between vowels and consonants."
6455.0,consonant,The alliteration in the poem relies heavily on the repetition of the 's' consonant sound.
6456.0,incessant,The incessant buzzing of the mosquito kept me awake all night.
6456.0,incessant,She found it difficult to concentrate with the incessant chatter of her colleagues in the background.
6456.0,incessant,"The news channel provided incessant coverage of the unfolding crisis, leaving viewers feeling overwhelmed."
6456.0,incessant,"Despite our pleas, the dog's incessant barking continued, much to the neighbors' annoyance."
6456.0,incessant,The incessant rain threatened to flood the low-lying areas of the city.
6457.0,distract,The loud music from the street began to distract me from my work.
6457.0,distract,Don't let the shiny new toys distract you from your original goals.
6457.0,distract,He tried to distract her with a funny story after she received the bad news.
6457.0,distract,I find it easy to distract myself with social media when I'm feeling bored.
6457.0,distract,The magician used sleight of hand to distract the audience while performing the trick.
6458.0,foresee,I don't foresee any problems with the project as long as we stick to the original plan.
6458.0,foresee,The economist didn't foresee the rapid increase in inflation last year.
6458.0,foresee,It's difficult to foresee the long-term effects of these new technologies on society.
6458.0,foresee,We foresee a significant increase in sales during the holiday season.
6458.0,foresee,"Given the current political climate, I can't foresee a peaceful resolution to the conflict anytime soon."
6459.0,epoch,The invention of the printing press marked a new epoch in the dissemination of knowledge.
6459.0,epoch,We are living in an epoch defined by rapid technological advancement and globalization.
6459.0,epoch,Historians often divide time into epochs based on significant shifts in societal norms and power structures.
6459.0,epoch,"The discovery of antibiotics ushered in a new epoch in medicine, dramatically reducing deaths from infectious diseases."
6459.0,epoch,"Many believe we are entering a new epoch of environmental awareness, with increasing focus on sustainability."
6460.0,archaeology,Her lifelong fascination with ancient civilizations led her to pursue a degree in archaeology.
6460.0,archaeology,The museum's new exhibit showcases the latest discoveries in underwater archaeology.
6460.0,archaeology,Modern archaeology relies heavily on scientific techniques like carbon dating and DNA analysis.
6460.0,archaeology,"Despite the challenges of fieldwork, archaeology provides invaluable insights into our past."
6460.0,archaeology,Debates within archaeology often center on interpreting the meaning and significance of unearthed artifacts.
6461.0,colonel,The colonel reviewed the troops before the parade began.
6461.0,colonel,"My grandfather, a retired colonel, always had fascinating stories about his time in the military."
6461.0,colonel,"The investigation is being led by Colonel Davies, who has a reputation for thoroughness."
6461.0,colonel,"After years of dedicated service, she finally achieved the rank of colonel."
6461.0,colonel,We need to get Colonel Sanders' secret recipe if we want to make this chicken taste authentic.
6462.0,glare,"The harsh sunlight made it difficult to see, and the glare off the snow was almost blinding."
6462.0,glare,He gave me a fierce glare when I accidentally bumped into him in the crowded hallway.
6462.0,glare,The stage lights were positioned in such a way that they created an annoying glare on the reflective surface.
6462.0,glare,"Ignoring his mother's glare, the child continued to reach for the forbidden candy."
6462.0,glare,"She tried to explain her side of the story, but he just met her words with a cold, unwavering glare."
6463.0,seaman,The old seaman told incredible stories of his adventures on the high seas.
6463.0,seaman,"He enlisted in the Navy as a seaman recruit, hoping to learn valuable skills."
6463.0,seaman,The captain promoted the hardworking seaman to a more responsible position on deck.
6463.0,seaman,"According to maritime law, the ship's captain is responsible for the safety and well-being of every seaman on board."
6463.0,seaman,"The small coastal town relied heavily on the fishing industry, with nearly every family having at least one seaman working on the boats."
6464.0,indignant,She was indignant at the suggestion that she had cheated on the exam.
6464.0,indignant,He gave an indignant speech about the unfair treatment of the employees.
6464.0,indignant,The letter was filled with indignant complaints about the noisy construction next door.
6464.0,indignant,I felt indignant when I was accused of something I didn't do.
6464.0,indignant,The community was indignant over the proposed demolition of the historic building.
6465.0,alcoholism,His alcoholism led to the breakdown of his marriage and the loss of his job.
6465.0,alcoholism,The support group provides a safe space for individuals struggling with alcoholism to share their experiences.
6465.0,alcoholism,Doctors warned her that continued drinking would exacerbate her existing health problems and worsen her alcoholism.
6465.0,alcoholism,"Despite numerous attempts at rehab, she relapsed and continues to battle alcoholism."
6465.0,alcoholism,The government is funding research into the genetic predispositions to alcoholism in hopes of developing more effective treatments.
6466.0,heed,The hikers didn't heed the warnings about the approaching storm and got caught in heavy rain.
6466.0,heed,"If you want to succeed in this business, you need to heed the advice of experienced professionals."
6466.0,heed,"She didn't heed my suggestion to double-check her work, and now she's facing the consequences."
6466.0,heed,The government should heed the public's concerns about rising healthcare costs and take meaningful action.
6466.0,heed,"He chose to ignore the doctor's orders and didn't heed the prescribed medication regimen, resulting in a setback in his recovery."
6467.0,rash,"After eating the shellfish, I developed a red, itchy rash all over my arms."
6467.0,rash,It would be rash to invest all of our savings in such a risky venture.
6467.0,rash,The doctor suspects the baby's rash is a reaction to the new diaper cream.
6467.0,rash,Making such a rash decision without consulting anyone was a mistake he quickly regretted.
6467.0,rash,Covering the rash with calamine lotion helped to soothe the itching and reduce the inflammation.
6468.0,itch,I have an itch on my back that I can't reach.
6468.0,itch,That wool sweater makes me itch all over.
6468.0,itch,He had an itch to travel after reading that adventure novel.
6468.0,itch,Don't scratch that mosquito bite; it will only make the itch worse.
6468.0,itch,"The actress had an itch to direct, so she started working on her own short film."
6469.0,lotion,"After spending the day at the beach, I slathered on some lotion to soothe my sunburn."
6469.0,lotion,"She always keeps a bottle of hand lotion in her purse, especially during the dry winter months."
6469.0,lotion,The doctor recommended a special lotion to treat my eczema.
6469.0,lotion,Could you pass me the lotion? My skin feels really dry after washing the dishes.
6469.0,lotion,"He carefully applied the medicated lotion to the affected area, following the instructions on the label."
6470.0,lament,The villagers lament the loss of their traditional way of life due to increasing modernization.
6470.0,lament,She began to lament her hasty decision to quit her job without having another one lined up.
6470.0,lament,Many art critics lament the current trend of prioritizing shock value over genuine artistic merit.
6470.0,lament,"He would often lament the days when he was young and carefree, with no responsibilities weighing him down."
6470.0,lament,"Despite their efforts, they lament the fact that they couldn't save the historic building from demolition."
6471.0,sergeant,"The drill sergeant barked orders at the new recruits, pushing them to their physical limits."
6471.0,sergeant,"Sergeant Miller has been a dedicated member of the police force for over fifteen years, earning the respect of his colleagues."
6471.0,sergeant,"Before deploying overseas, Sergeant Davis made sure his team had all the necessary equipment and training."
6471.0,sergeant,My grandfather served in the army during World War II and rose to the rank of sergeant before being honorably discharged.
6471.0,sergeant,The sergeant called a meeting to discuss the recent increase in crime in the neighborhood and strategize a response.
6472.0,calamity,"The earthquake was a major calamity, leaving thousands homeless."
6472.0,calamity,"Losing his job, combined with the unexpected medical bills, felt like one calamity after another."
6472.0,calamity,"Despite the potential for calamity, the rescue team bravely entered the burning building."
6472.0,calamity,The oil spill was a terrible calamity for the local marine ecosystem.
6472.0,calamity,The sudden market crash proved to be a financial calamity for many investors.
6473.0,sociologist,The sociologist presented her research on urban poverty at the conference.
6473.0,sociologist,"As a sociologist, she is deeply interested in understanding the impact of social media on teenage identity."
6473.0,sociologist,My professor is a sociologist specializing in the study of family structures and their evolution over time.
6473.0,sociologist,He consulted a sociologist to better understand the cultural norms of the community he was working with.
6473.0,sociologist,The documentary featured interviews with several leading sociologists who offered insights into the causes of social inequality.
6474.0,meditate,I like to meditate for at least fifteen minutes every morning before starting my day.
6474.0,meditate,"After a stressful meeting, she decided to meditate in her office to regain her composure."
6474.0,meditate,The monk would often meditate in the quiet of the mountain temple.
6474.0,meditate,Have you ever tried to meditate with a guided meditation app?
6474.0,meditate,Some people find it difficult to meditate because their minds are constantly racing with thoughts.
6475.0,alternate,We alternate between working from home and going to the office each week.
6475.0,alternate,"The recipe said to alternate layers of pasta, sauce, and cheese in the baking dish."
6475.0,alternate,There is an alternate route you can take if the highway is congested.
6475.0,alternate,The band will alternate playing their new songs with some of their classic hits.
6475.0,alternate,Please alternate applying heat and ice to the injured area to reduce swelling.
6476.0,propaganda,The government was accused of using propaganda to sway public opinion before the election.
6476.0,propaganda,"During wartime, both sides often employ propaganda campaigns to demoralize the enemy and boost morale at home."
6476.0,propaganda,"Some argue that advertising is a form of subtle propaganda, designed to manipulate consumer desires."
6476.0,propaganda,"The film was criticized for being blatant propaganda, lacking nuance and historical accuracy."
6476.0,propaganda,He recognized the news report as propaganda because it presented only one side of the story and omitted crucial facts.
6477.0,muse,"The artist often visited the botanical gardens, hoping the exotic plants would serve as his muse."
6477.0,muse,"She found her muse in the vibrant city streets, drawing inspiration from the everyday lives of its inhabitants."
6477.0,muse,"Sometimes, I just need a quiet walk in nature to find my muse and get my writing flowing again."
6477.0,muse,"He credited his grandmother, a storyteller with a sharp wit, as his lifelong muse."
6477.0,muse,"The deadline loomed, but the writer felt blocked, unable to find his muse and produce any meaningful work."
6478.0,cordial,"The meeting started off on a cordial note, with everyone exchanging pleasantries."
6478.0,cordial,"Despite their political differences, the two leaders maintained a cordial relationship."
6478.0,cordial,We received a cordial invitation to attend their anniversary celebration.
6478.0,cordial,The hotel staff was very cordial and helpful throughout our stay.
6478.0,cordial,"After a long negotiation, they reached a cordial agreement that benefited both parties."
6479.0,attorney,My attorney advised me not to speak to the press without him present.
6479.0,attorney,She decided to hire an attorney specializing in intellectual property law to protect her invention.
6479.0,attorney,The judge appointed a public defender as his attorney because he couldn't afford one.
6479.0,attorney,"After the car accident, I contacted my insurance company and they recommended I consult with an attorney."
6479.0,attorney,"Before signing the contract, it's crucial to have your attorney review it to ensure your interests are protected."
6480.0,simultaneous,"The two alarms went off simultaneously, creating a jarring wake-up call."
6480.0,simultaneous,"She was juggling multiple projects, trying to handle several simultaneous deadlines."
6480.0,simultaneous,The translator listened to the speaker and provided a simultaneous interpretation for the audience.
6480.0,simultaneous,"The dancers moved in perfect synchronization, their arms rising in a simultaneous, graceful arc."
6480.0,simultaneous,Scientists observed the simultaneous occurrence of two distinct phenomena during the experiment.
6481.0,paralyze,"The sudden news of the factory closure seemed to paralyze the entire town, leaving everyone uncertain about their future."
6481.0,paralyze,"Fear can paralyze you, preventing you from taking necessary action in a crisis."
6481.0,paralyze,"The snake's venom is designed to paralyze its prey, making it unable to escape."
6481.0,paralyze,He was temporarily paralyzed with stage fright before he managed to deliver his speech.
6481.0,paralyze,Bureaucratic red tape and endless regulations can effectively paralyze progress on important projects.
6482.0,presume,"I presume you've already finished your homework, since you're watching television."
6482.0,presume,We shouldn't presume that all elderly people are technologically challenged; many are quite proficient.
6482.0,presume,"Unless I hear otherwise, I presume the meeting is still scheduled for tomorrow morning."
6482.0,presume,The lawyer told the jury not to presume guilt simply because the defendant had a prior record.
6482.0,presume,"I presume responsibility for the mistake, as I was the one who approved the initial design."
6483.0,friction,The friction between the two departments was hindering the project's progress.
6483.0,friction,Adding oil to the engine reduces friction and improves its efficiency.
6483.0,friction,The climber used chalk on his hands to increase friction and get a better grip on the rock.
6483.0,friction,There was a lot of friction at the meeting as people disagreed about the best course of action.
6483.0,friction,Walking on ice is difficult because there is very little friction between your shoes and the ground.
6484.0,hindrance,The heavy traffic was a major hindrance to our getting to the airport on time.
6484.0,hindrance,Bureaucratic red tape often acts as a hindrance to small businesses trying to get started.
6484.0,hindrance,His lack of experience proved to be more of a hindrance than a help during the project.
6484.0,hindrance,"Despite the language barrier being a hindrance, we still managed to communicate effectively using gestures and drawings."
6484.0,hindrance,Poor communication within the team was a significant hindrance to achieving our goals.
6485.0,reckon,"I reckon it's going to rain later, judging by those dark clouds."
6485.0,reckon,Do you reckon you'll be able to finish the project by Friday?
6485.0,reckon,I reckon he's about the same age as my brother.
6485.0,reckon,"She didn't reckon with the heavy traffic, so she was late for her appointment."
6485.0,reckon,"They reckon the new restaurant is really good, but I haven't tried it yet."
6486.0,assertion,His assertion that the company was failing proved to be completely unfounded after the quarterly earnings report was released.
6486.0,assertion,"Despite her strong assertion of innocence, the evidence against her was overwhelming."
6486.0,assertion,The politician's assertion about lowering taxes was met with skepticism by economists.
6486.0,assertion,"I questioned the validity of his assertion, as it seemed to contradict established scientific principles."
6486.0,assertion,The author makes the bold assertion that social media is detrimental to genuine human connection.
6487.0,recollect,"I can't quite recollect where I put my keys, but I'm sure they're somewhere in the house."
6487.0,recollect,"Do you recollect meeting her at the conference last year, or was that another event?"
6487.0,recollect,"He tried to recollect the events of the previous night, but his memory was hazy."
6487.0,recollect,"If I recollect correctly, the deadline for the project is next Friday."
6487.0,recollect,"She could vaguely recollect her childhood home, though many details had faded over the years."
6488.0,caravan,"The ancient caravan crossed the desert, its camels laden with spices and silks."
6488.0,caravan,"We saw a caravan of RVs heading south for the winter, escaping the cold northern states."
6488.0,caravan,"The archeological team discovered the remains of a long-lost caravan route, providing valuable insights into ancient trade."
6488.0,caravan,"After the storm, a caravan of aid trucks arrived, bringing much-needed supplies to the isolated village."
6488.0,caravan,"She dreamed of joining a caravan and traveling the world, experiencing different cultures and landscapes."
6489.0,eastward,"The flock of geese flew eastward, heading towards warmer climates for the winter."
6489.0,eastward,"A strong wind pushed the sailboat eastward, making it difficult to stay on course."
6489.0,eastward,"We decided to drive eastward on the highway, hoping to reach the coast by nightfall."
6489.0,eastward,"The pioneers continued their westward expansion, while others sought opportunities eastward."
6489.0,eastward,"As the sun began to rise, casting a golden glow, we turned our faces eastward in silent prayer."
6490.0,navigator,The ship's navigator expertly charted a course through the treacherous waters.
6490.0,navigator,My phone's GPS navigator led me straight to the hidden trailhead.
6490.0,navigator,"As a skilled navigator, she was responsible for guiding the expedition across the uncharted desert."
6490.0,navigator,"He was a natural navigator, always able to find his way even without a map."
6490.0,navigator,The website's navigator made it easy to find the information I was looking for.
6491.0,repent,He began to repent of his rash decision after realizing the consequences.
6491.0,repent,The preacher urged the congregation to repent their sins and seek forgiveness.
6491.0,repent,I deeply repent hurting her feelings with my thoughtless words.
6491.0,repent,"Even though he claimed to repent, his actions didn't reflect any real change."
6491.0,repent,"She refused to repent for defending what she believed was right, even if it was unpopular."
6492.0,thoughtless,It was thoughtless of him to forget her birthday after she had planned such a big surprise for him.
6492.0,thoughtless,Her thoughtless remark about his weight really hurt his feelings.
6492.0,thoughtless,Please don't be so thoughtless and leave the lights on when you leave the room; we're trying to save energy.
6492.0,thoughtless,"He apologized for his thoughtless actions, explaining that he hadn't considered the consequences."
6492.0,thoughtless,The company's thoughtless decision to lay off employees right before the holidays sparked a lot of anger and criticism.
6493.0,steward,"The park ranger sees himself as a steward of the land, protecting it for future generations."
6493.0,steward,"As the financial steward of the family, she carefully managed their budget and investments."
6493.0,steward,The company appointed a new brand steward to ensure consistent messaging across all platforms.
6493.0,steward,"He was chosen to be the project steward, responsible for overseeing its progress and ensuring its successful completion."
6493.0,steward,"We need to be good stewards of our natural resources, using them wisely and sustainably."
6494.0,stiffen,"The cold wind made my fingers stiffen, making it hard to grip the steering wheel."
6494.0,stiffen,"As the detective questioned him, his body seemed to stiffen, betraying his nervousness."
6494.0,stiffen,Add a little cornstarch to the sauce to help it stiffen as it cools.
6494.0,stiffen,"After sitting at the desk for hours, my back began to stiffen, so I decided to take a break and stretch."
6494.0,stiffen,The government's response to the crisis seemed to stiffen existing tensions between the countries.
6495.0,fright,The sudden noise gave her a terrible fright.
6495.0,fright,He nearly died of fright when he saw the snake.
6495.0,fright,"Despite the fright, she managed to remain calm and collected."
6495.0,fright,"The child clung to his mother, still shaking from the fright he had experienced."
6495.0,fright,I got the fright of my life when the car swerved into my lane.
6496.0,gunshot,"The loud gunshot echoed through the empty valley, startling the wildlife."
6496.0,gunshot,"Neighbors reported hearing a gunshot late last night, prompting a police investigation."
6496.0,gunshot,"The victim suffered a gunshot wound to the leg, but is expected to make a full recovery."
6496.0,gunshot,"Despite the distance, the sound of the gunshot was unmistakable, sending chills down my spine."
6496.0,gunshot,The evidence team carefully analyzed the shell casing found near the scene of the gunshot.
6497.0,waver,Her resolve began to waver as she faced the daunting task ahead.
6497.0,waver,The flame of the candle continued to waver in the gentle breeze.
6497.0,waver,I could see his confidence waver when he was asked about the missing documents.
6497.0,waver,"Despite the pressure, she didn't waver from her commitment to the project."
6497.0,waver,The senator's support for the bill began to waver after the negative media coverage.
6498.0,semifinal,Our team fought hard but unfortunately lost in the semifinal round of the national tournament.
6498.0,semifinal,The semifinal match between Spain and Brazil is expected to be a thrilling contest.
6498.0,semifinal,Winning the semifinal guarantees them a spot in the championship game next week.
6498.0,semifinal,"After a series of upsets, the underdog team surprisingly advanced to the semifinal."
6498.0,semifinal,"She was nervous about her performance in the semifinal of the singing competition, knowing it was her last chance to reach the finals."
6499.0,canary,The old coal miners used to take a canary down into the mines with them to detect dangerous gases.
6499.0,canary,"My grandmother keeps a canary in a cage by the window, and it sings beautifully all day long."
6499.0,canary,The bright yellow of the fabric reminded me of a canary's feathers.
6499.0,canary,"I saw a documentary about the canary in the coal mine, and it made me think about the importance of early warning signs."
6499.0,canary,"She has a lovely singing voice, almost like a canary."
6500.0,crab,"We spent the afternoon at the beach, trying to catch crab in the tide pools."
6500.0,crab,The restaurant is famous for its Maryland crab cakes.
6500.0,crab,He's been acting like a real crab ever since he lost his job.
6500.0,crab,I'm craving some crab legs with melted butter tonight.
6500.0,crab,"The old wooden boat was covered in barnacles and, surprisingly, a few small crab."
6501.0,leopard,"The zookeeper carefully cleaned the leopard's enclosure, ensuring it had fresh water and enrichment toys."
6501.0,leopard,She wore a striking leopard print scarf that added a touch of wildness to her otherwise conservative outfit.
6501.0,leopard,Researchers are studying the snow leopard population in the Himalayas to understand the impact of climate change on their habitat.
6501.0,leopard,"The safari guide pointed out a leopard camouflaged in the tall grass, almost invisible against the dappled sunlight."
6501.0,leopard,"He recounted a thrilling tale of encountering a leopard while hiking in Africa, emphasizing the importance of respecting wildlife."
6502.0,rooster,The rooster's loud crowing woke the entire neighborhood at the crack of dawn.
6502.0,rooster,"Old MacDonald had a farm, and on that farm he had a rooster, E-I-E-I-O."
6502.0,rooster,My neighbor's prize-winning rooster is known for its impressive plumage and aggressive temperament.
6502.0,rooster,"The farmer decided to sell the rooster at the market, as he was becoming too aggressive with the hens."
6502.0,rooster,"We watched as the rooster strutted around the barnyard, proudly displaying its colorful feathers."
6503.0,slug,I found a huge slug munching on my lettuce plants in the garden this morning.
6503.0,slug,He took a slug of whiskey to calm his nerves before the presentation.
6503.0,slug,The website developer created a URL slug based on the title of the blog post.
6503.0,slug,"After working all day, I felt like a slug, too tired to do anything but lie on the couch."
6503.0,slug,"The boxer delivered a powerful slug to his opponent's jaw, knocking him off balance."
6504.0,snail,The gardener was frustrated to find snails eating his prize-winning lettuce.
6504.0,snail,My daughter loves to watch the snail slowly make its way across the sidewalk after a rain shower.
6504.0,snail,We need to put out snail bait to protect the hostas in the garden.
6504.0,snail,"The escargot, a dish made with snails, is a delicacy in French cuisine."
6504.0,snail,"The children left a trail of breadcrumbs, hoping it would entice the snail out of its shell."
6505.0,swarm,"A swarm of bees descended on the picnic, forcing everyone to run for cover."
6505.0,swarm,Reporters began to swarm the politician after the scandal broke.
6505.0,swarm,The online forum quickly became a swarm of angry comments and accusations.
6505.0,swarm,"Locusts can swarm in huge numbers, devastating entire crops in a matter of hours."
6505.0,swarm,The children swarmed around the ice cream truck as soon as it arrived.
6506.0,avoidanve,His avoidance of eye contact made it clear he was hiding something.
6506.0,avoidanve,"The company's tax avoidance strategies were perfectly legal, but ethically questionable."
6506.0,avoidanve,"She demonstrated complete avoidance of the topic, quickly changing the subject whenever it came up."
6506.0,avoidanve,My doctor recommended stress avoidance as a key part of managing my high blood pressure.
6506.0,avoidanve,The politician's avoidance of answering direct questions fueled speculation about his involvement in the scandal.
6507.0,continuity,The company strives for continuity in its leadership to ensure a smooth transition between CEOs.
6507.0,continuity,"Despite the change in directors, the film maintained a strong sense of continuity from the original novel."
6507.0,continuity,The historical society works to preserve the continuity of local traditions and customs.
6507.0,continuity,"To ensure business continuity during the storm, we've activated our backup generators and remote work protocols."
6507.0,continuity,There was a noticeable lack of continuity in the plot; scenes felt disjointed and unrelated.
6508.0,contraction,"The doctor explained that a Braxton Hicks contraction isn't true labor, but a tightening of the uterus."
6508.0,contraction,"In writing, contractions like ""can't"" and ""won't"" are common and generally accepted in informal contexts."
6508.0,contraction,"During her workout, she felt a muscle contraction in her calf, causing her to stop and stretch."
6508.0,contraction,The physicist studied the contraction of metals under extreme pressure.
6508.0,contraction,The agreement included a clause that outlined the potential contraction of the company's workforce if sales targets weren't met.
6509.0,conversion,The conversion of the old factory into luxury apartments revitalized the entire neighborhood.
6509.0,conversion,We're hoping for a high conversion rate from website visitors to paying customers during this marketing campaign.
6509.0,conversion,The book explores the protagonist's dramatic conversion to a new religious faith.
6509.0,conversion,The chef demonstrated the simple conversion of metric measurements to US customary units for the recipe.
6509.0,conversion,Many older homes require electrical conversion to handle modern appliances and technology.
6510.0,disappearance,The sudden disappearance of the ship remains a mystery to this day.
6510.0,disappearance,Police are investigating the disappearance of several valuable artifacts from the museum.
6510.0,disappearance,His disappearance from social media led many to believe he was taking a break.
6510.0,disappearance,The magician's disappearance act was the highlight of the show.
6510.0,disappearance,The disappearance of bees is a serious environmental concern that could impact our food supply.
6511.0,emergence,The emergence of social media has drastically changed how we communicate.
6511.0,emergence,The scientist studied the emergence of antibiotic-resistant bacteria in the hospital environment.
6511.0,emergence,"After a long period of stagnation, we're finally seeing the emergence of new leadership within the company."
6511.0,emergence,The unexpected emergence of the sun from behind the clouds brightened the entire landscape.
6511.0,emergence,The emergence of spring flowers is a welcome sign after the long winter months.
6512.0,emission,The government is trying to reduce carbon emission from power plants.
6512.0,emission,The car failed its emission test due to a faulty catalytic converter.
6512.0,emission,The factory was fined for exceeding the permitted levels of toxic emission.
6512.0,emission,Scientists are studying the emission of greenhouse gases from melting permafrost.
6512.0,emission,The volcano's emission of ash and gas disrupted air travel for several days.
6513.0,omission,The omission of his previous criminal record from the application was a serious oversight.
6513.0,omission,"Her silence on the matter was interpreted as an omission, suggesting she didn't disagree with the decision."
6513.0,omission,The editor apologized for the omission of the author's name from the article credits.
6513.0,omission,"Due to the omission of crucial data, the analysis proved to be inconclusive."
6513.0,omission,The accidental omission of that key ingredient completely changed the flavor of the dish.
6514.0,relay,Could you relay this message to Sarah when you see her?
6514.0,relay,The athletes trained for months to improve their performance in the 4x100 meter relay race.
6514.0,relay,The electrical system uses a relay to switch between different power sources automatically.
6514.0,relay,News outlets often relay information from official sources to the public.
6514.0,relay,"The organization acts as a relay between local communities and government agencies, facilitating communication and resource distribution."
6515.0,rotation,The Earth's rotation on its axis causes day and night.
6515.0,rotation,We implemented a job rotation program to help employees develop new skills and prevent burnout.
6515.0,rotation,"The dentist recommended using a circular motion, emphasizing rotation of the brush head, for optimal teeth cleaning."
6515.0,rotation,The manager scheduled a weekly rotation of tasks among the team members to ensure everyone had a chance to learn different aspects of the project.
6515.0,rotation,"Due to the slow rotation of the antique carousel, children could easily hop on and off the painted horses."
6516.0,wrestling,My younger brother and I were always wrestling on the living room floor when we were kids.
6516.0,wrestling,She decided to take a wrestling class to improve her strength and self-defense skills.
6516.0,wrestling,"The wrestling match was intense, with both competitors displaying incredible athleticism and determination."
6516.0,wrestling,Professional wrestling is more about entertainment and storytelling than actual fighting ability.
6516.0,wrestling,"He injured his knee while wrestling during a training session, sidelining him for several weeks."
6517.0,bellybutton,"She had her bellybutton pierced with a small, silver ring."
6517.0,bellybutton,The toddler giggled as his father playfully poked his bellybutton.
6517.0,bellybutton,"Some people are self-conscious about the shape of their bellybutton, whether it's an innie or an outie."
6517.0,bellybutton,"After the surgery, the doctor carefully cleaned the area around my bellybutton."
6517.0,bellybutton,My grandmother always told me that lint in your bellybutton meant good luck.
6518.0,bosom,"She clutched the precious letter to her bosom, tears welling in her eyes."
6518.0,bosom,He welcomed his old friend back into the bosom of the family after years of estrangement.
6518.0,bosom,"The warm soup comforted her, spreading a pleasant feeling through her bosom."
6518.0,bosom,He felt a pang of guilt in his bosom as he watched the children playing.
6518.0,bosom,"The secret she held weighed heavily on her bosom, making it difficult to breathe."
6519.0,disposition,"Despite facing numerous setbacks, she maintained a cheerful disposition, always looking on the bright side."
6519.0,disposition,The dog's gentle disposition made him an ideal companion for young children.
6519.0,disposition,His generally pessimistic disposition made it difficult for him to enjoy social gatherings.
6519.0,disposition,The manager was looking for someone with a proactive disposition who would take initiative and solve problems independently.
6519.0,disposition,A calm and friendly disposition is essential for working in customer service.
6520.0,eyelash,"She had a long, dark eyelash stuck to her cheek."
6520.0,eyelash,I made a wish on a fallen eyelash that I found on my hand.
6520.0,eyelash,The mascara really accentuated the length of her eyelashes.
6520.0,eyelash,"He blinked, trying to dislodge a stray eyelash that was irritating his eye."
6520.0,eyelash,Some people use special serums to encourage eyelash growth.
6521.0,eyelid,Her eyelid twitched nervously as she waited for the results.
6521.0,eyelid,"He rubbed his tired eyelids, trying to stay awake during the long meeting."
6521.0,eyelid,"The doctor examined her eyelid closely, looking for any signs of infection."
6521.0,eyelid,"A tiny speck of dust got under my eyelid, causing a lot of irritation."
6521.0,eyelid,She applied a shimmering eyeshadow to her eyelid to enhance her eye color.
6522.0,eyesight,"Regular eye exams are crucial for maintaining good eyesight, especially as you get older."
6522.0,eyesight,"The bright sunlight temporarily affected my eyesight, making it difficult to see the road clearly."
6522.0,eyesight,He's been having trouble with his eyesight lately and needs to get new glasses.
6522.0,eyesight,Years of working on computers have unfortunately taken a toll on her eyesight.
6522.0,eyesight,The pilot's excellent eyesight was critical for navigating the plane through the stormy weather.
6523.0,incidence,The incidence of heart disease increases significantly with age and unhealthy lifestyle choices.
6523.0,incidence,Public health officials are closely monitoring the incidence of the new virus strain in the affected areas.
6523.0,incidence,Studies have shown a lower incidence of depression among people who regularly engage in physical activity.
6523.0,incidence,We need more data to determine if the recent increase in cancer incidence is a true trend or just a statistical anomaly.
6523.0,incidence,The hospital implemented new safety protocols to reduce the incidence of workplace accidents.
6524.0,injection,The doctor recommended a flu injection before winter.
6524.0,injection,The pastry chef used an injection of raspberry filling to add flavor to the donuts.
6524.0,injection,His arm was sore for a few days after the injection.
6524.0,injection,The company received a significant injection of capital from investors.
6524.0,injection,She needs a regular injection of insulin to manage her diabetes.
6525.0,knuckle,He cracked his knuckles nervously before going on stage to give his presentation.
6525.0,knuckle,The boxer's knuckles were bruised and swollen after a long sparring session.
6525.0,knuckle,"She rapped her knuckles sharply on the wooden door, waiting for someone to answer."
6525.0,knuckle,"He whitened his knuckles as he gripped the steering wheel, navigating the winding mountain road."
6525.0,knuckle,"The old wooden table was worn smooth, except for a few places where someone had obviously hit it with their knuckles over the years."
6526.0,poisoning,The doctor suspected food poisoning after several people who ate at the same restaurant became ill.
6526.0,poisoning,Accidental carbon monoxide poisoning is a serious risk during the winter months if heating systems aren't properly maintained.
6526.0,poisoning,The investigation revealed that the river's fish population was suffering from industrial waste poisoning.
6526.0,poisoning,"Her symptoms were consistent with lead poisoning, so the doctors ordered a blood test to confirm their suspicions."
6526.0,poisoning,"The poisoning of the spy was a major international incident, leading to increased tensions between the two countries."
6527.0,sexuality,Understanding your own sexuality can be a lifelong journey of self-discovery.
6527.0,sexuality,The discussion panel will address topics related to sexuality and gender identity in the workplace.
6527.0,sexuality,Openly expressing one's sexuality is still a challenge for many people in certain cultures.
6527.0,sexuality,The university offers resources and support groups for students exploring their sexuality.
6527.0,sexuality,Media representation of sexuality often reinforces harmful stereotypes and unrealistic expectations.
6528.0,swelling,"After twisting my ankle, I noticed a significant swelling around the joint."
6528.0,swelling,The doctor said the swelling in my throat was due to an allergic reaction.
6528.0,swelling,"The bread dough is swelling nicely in the warm kitchen, ready for baking."
6528.0,swelling,"Heavy rains caused the river to reach a dangerous level, with swelling currents threatening nearby homes."
6528.0,swelling,She applied an ice pack to reduce the swelling from the mosquito bites.
6529.0,thigh,The toddler sat on his father's thigh while listening to a story.
6529.0,thigh,She pulled a muscle in her thigh during the soccer game.
6529.0,thigh,The tailor measured the circumference of his thigh for the new pair of trousers.
6529.0,thigh,"He winced as the doctor palpated his thigh, checking for any signs of injury."
6529.0,thigh,The chicken thighs were marinated in a flavorful blend of herbs and spices before being grilled.
6530.0,vein,The nurse had trouble finding a good vein to draw blood from.
6530.0,vein,"A vein of marble ran through the rock formation, creating a beautiful pattern."
6530.0,vein,He has a vein of cynicism that sometimes surfaces in his jokes.
6530.0,vein,"After lifting the heavy boxes, the veins in his arms were bulging."
6530.0,vein,The author explored a dark vein of societal discontent in her latest novel.
6531.0,bias,The judge recused himself from the case due to a perceived bias stemming from a prior professional relationship with the defendant.
6531.0,bias,"I tried to remain objective, but I admit I have a bias towards supporting local businesses."
6531.0,bias,"News outlets should strive to present information without bias, allowing viewers to form their own opinions."
6531.0,bias,The study's results were questioned because of a potential selection bias in the participant pool.
6531.0,bias,"It's important to be aware of your own biases when making decisions, as they can unconsciously influence your judgment."
6532.0,bliss,Spending the afternoon reading in the hammock was pure bliss.
6532.0,bliss,They lived in marital bliss for over fifty years.
6532.0,bliss,"For a moment, she experienced a state of complete bliss, forgetting all her worries."
6532.0,bliss,The cool ocean breeze and the sound of the waves brought a feeling of utter bliss.
6532.0,bliss,He found a sense of spiritual bliss through meditation and mindfulness.
6533.0,discomfort,The tight shoes caused me considerable discomfort after walking for several hours.
6533.0,discomfort,"He shifted in his seat, trying to ignore the discomfort in his lower back."
6533.0,discomfort,She felt a wave of discomfort when she realized she had forgotten her wallet at home.
6533.0,discomfort,"Despite the initial discomfort of the treatment, he knew it was necessary for his recovery."
6533.0,discomfort,The loud noise and bright lights created a general sense of discomfort among the attendees.
6534.0,discouragement,The constant rejection letters led to feelings of discouragement about her writing career.
6534.0,discouragement,"Despite the discouragement from his family, he was determined to pursue his dream of becoming a musician."
6534.0,discouragement,"She tried to offer words of encouragement, hoping to counteract the discouragement he was feeling after the failed project."
6534.0,discouragement,"The team's morale plummeted after their third consecutive loss, and the coach noticed a palpable sense of discouragement among the players."
6534.0,discouragement,Don't let a few setbacks lead to discouragement; keep practicing and you'll eventually succeed.
6535.0,dismay,"To her dismay, she realized she had left her wallet at home."
6535.0,dismay,The news of the company's bankruptcy filled the employees with dismay.
6535.0,dismay,He watched with dismay as the carefully constructed sandcastle was washed away by the tide.
6535.0,dismay,"Despite the initial dismay, they managed to salvage the project and complete it successfully."
6535.0,dismay,The politician's insensitive comments sparked widespread dismay among the public.
6536.0,fascination,Her fascination with ancient Egypt led her to pursue a degree in archaeology.
6536.0,fascination,"I've always had a fascination with how things work, which is why I became an engineer."
6536.0,fascination,"The magician's performance held the audience captive, their faces reflecting pure fascination."
6536.0,fascination,"Despite his initial skepticism, he couldn't help but feel a growing fascination with the unusual art exhibit."
6536.0,fascination,The children watched with fascination as the beekeeper carefully tended to the hive.
6537.0,greed,"The company's relentless greed for profits led them to cut corners on safety, resulting in a terrible accident."
6537.0,greed,"Driven by greed, he betrayed his friends and family for a chance at wealth."
6537.0,greed,It's important to teach children the value of sharing and generosity to prevent greed from taking root.
6537.0,greed,The politician's blatant greed was evident in the way he accepted bribes and favors from wealthy donors.
6537.0,greed,"While ambition is admirable, it can easily turn into greed if unchecked."
6538.0,humility,"Despite his immense wealth and success, he always displayed a remarkable sense of humility."
6538.0,humility,The coach emphasized that humility and hard work were the keys to building a successful team.
6538.0,humility,"She accepted the award with grace and humility, acknowledging the contributions of her colleagues."
6538.0,humility,"It's important to approach new challenges with humility, recognizing that you don't know everything."
6538.0,humility,"His public apology, delivered with sincerity and humility, helped to repair his damaged reputation."
6539.0,indignity,Having to reapply for a job you already held felt like a real indignity.
6539.0,indignity,"She suffered the indignity of being searched at the airport, even though she had done nothing wrong."
6539.0,indignity,The losing team had to endure the indignity of watching their rivals celebrate on their home field.
6539.0,indignity,"He refused to accept charity, seeing it as a personal indignity that he couldn't provide for himself."
6539.0,indignity,"Despite his age, he handled the indignity of needing assistance with grace and humor."
6540.0,innocence,"The child's eyes reflected pure innocence, untouched by the harsh realities of the world."
6540.0,innocence,"He maintained his innocence throughout the trial, despite the overwhelming evidence against him."
6540.0,innocence,"The scandal shattered the public's perception of the company, forever tarnishing its image of corporate innocence."
6540.0,innocence,"She lost her innocence at a young age, forced to grow up too quickly due to difficult circumstances."
6540.0,innocence,"The old photograph captured a moment of youthful innocence, a reminder of simpler times before life became so complicated."
6541.0,malice,"The prosecutor argued that the crime was committed with malice aforethought, indicating a premeditated intent to harm."
6541.0,malice,"Despite her apologies, I couldn't shake the feeling that her initial comments were delivered with a certain degree of malice."
6541.0,malice,The anonymous letters were filled with such venom and malice that they caused considerable distress to the recipients.
6541.0,malice,"He denied acting out of malice, claiming his actions were simply a misguided attempt to help the situation."
6541.0,malice,"It was clear from his smirk that he took great pleasure in spreading the rumor, revealing a deep-seated malice towards his former friend."
6542.0,meditation,She finds that daily meditation helps her manage stress and anxiety.
6542.0,meditation,"After a long day at work, he often retreats to his quiet room for meditation."
6542.0,meditation,The retreat offers guided meditation sessions for beginners.
6542.0,meditation,"I've been trying to incorporate meditation into my morning routine, but I often struggle to quiet my mind."
6542.0,meditation,Some studies suggest that regular meditation can improve focus and concentration.
6543.0,motivation,His motivation for going to the gym every day is to improve his overall health and fitness.
6543.0,motivation,The team's success was largely due to the coach's ability to instill motivation in each player.
6543.0,motivation,"I'm lacking the motivation to start this project, even though I know it's important."
6543.0,motivation,What's your primary motivation for pursuing a career in medicine?
6543.0,motivation,The company offered bonuses and promotions as a way to boost employee motivation.
6544.0,negligence,The accident was a direct result of the driver's negligence and failure to obey traffic laws.
6544.0,negligence,"The company was sued for negligence after failing to properly maintain its equipment, leading to several employee injuries."
6544.0,negligence,Her doctor was accused of negligence for not ordering the necessary tests in a timely manner.
6544.0,negligence,"Due to his negligence in proofreading, the report contained several critical errors that undermined its credibility."
6544.0,negligence,The landlord's negligence in addressing the mold problem caused significant health issues for the tenants.
6545.0,outrage,The public expressed outrage over the company's decision to lay off so many workers right before the holidays.
6545.0,outrage,Her comments were met with outrage from animal rights activists.
6545.0,outrage,The politician's blatant corruption sparked widespread outrage and calls for his resignation.
6545.0,outrage,I felt a surge of outrage when I discovered they had been spreading rumors about me.
6545.0,outrage,"Despite the initial outrage, the controversial law was eventually passed."
6546.0,reluctance,"Despite the potential benefits, there was a noticeable reluctance among the staff to adopt the new software."
6546.0,reluctance,"He accepted the promotion, but with a certain reluctance, as it meant relocating to a different state."
6546.0,reluctance,Her reluctance to discuss the details of the accident made me suspect she was hiding something.
6546.0,reluctance,The committee showed a reluctance to approve the budget proposal without further investigation.
6546.0,reluctance,"I understood her reluctance to lend me her car, given my past driving record."
6547.0,reproach,Her eyes were full of reproach when she saw the mess I had made in the kitchen.
6547.0,reproach,I felt a pang of self-reproach for not visiting my grandmother more often.
6547.0,reproach,"He couldn't meet her gaze, knowing he deserved the silent reproach in her expression."
6547.0,reproach,The report offers a sharp reproach to the government's handling of the crisis.
6547.0,reproach,"Despite my best efforts, my father's only response was a look of mild reproach, as if I had somehow disappointed him again."
6548.0,reverence,"The villagers held the ancient oak tree in deep reverence, believing it was a dwelling place for spirits."
6548.0,reverence,His voice was filled with reverence as he spoke of his grandfather's wartime experiences.
6548.0,reverence,"Despite her rebellious nature, she always treated her elders with reverence and respect."
6548.0,reverence,The museum curator spoke with reverence about the artist's groundbreaking techniques.
6548.0,reverence,Many people feel a sense of reverence when visiting historical sites like Gettysburg or Arlington Cemetery.
6549.0,ridicule,"The comedian's act relied heavily on ridicule, often targeting celebrities and politicians."
6549.0,ridicule,"He feared that if he shared his unconventional ideas, his colleagues would ridicule him."
6549.0,ridicule,Don't let their ridicule discourage you from pursuing your dreams; believe in yourself.
6549.0,ridicule,The online community quickly turned to ridicule after the company's disastrous marketing campaign.
6549.0,ridicule,"She ignored the ridicule and continued to wear the brightly colored outfit, knowing it made her happy."
6550.0,texture,The artist used thick paint to create a rich texture in the landscape painting.
6550.0,texture,I love the texture of this linen shirt; it feels so cool and comfortable against my skin.
6550.0,texture,The chef recommended adding toasted nuts to the salad for added crunch and texture.
6550.0,texture,"The rough texture of the stone wall contrasted beautifully with the smooth, polished floor."
6550.0,texture,"Before buying the rug, I wanted to feel its texture to ensure it was soft enough for the living room."
6551.0,zeal,Her zeal for environmental conservation was evident in her tireless efforts to organize community cleanups.
6551.0,zeal,"Despite the challenges, the team approached the project with a renewed zeal after their initial setbacks."
6551.0,zeal,"The young intern's zeal impressed the senior staff, who were eager to mentor such a motivated individual."
6551.0,zeal,His religious zeal led him to dedicate his life to missionary work in remote areas.
6551.0,zeal,"While enthusiasm is appreciated, sometimes a little less zeal and a bit more practicality would be beneficial."
6552.0,adaptation,The company's adaptation to the new market trends was crucial for its survival.
6552.0,adaptation,"His successful adaptation to college life surprised everyone, considering how shy he was in high school."
6552.0,adaptation,The camel's hump is a remarkable adaptation for storing water in the desert.
6552.0,adaptation,"The movie is a loose adaptation of the classic novel, taking many liberties with the original plot."
6552.0,adaptation,Learning a new language requires a significant period of adaptation to unfamiliar sounds and grammar.
6553.0,audition,She's preparing for her audition for the lead role in the school play next week.
6553.0,audition,"I'm nervous about my audition, but I've been practicing my lines every day."
6553.0,audition,Did you hear back about the audition for the commercial; they said they'd be in touch by Friday.
6553.0,audition,"The director held auditions all day, searching for the perfect actor to portray the complex character."
6553.0,audition,"He completely bombed his first audition, but he learned from the experience and improved significantly for the next one."
6554.0,autobiography,"I'm reading Maya Angelou's autobiography, 'I Know Why the Caged Bird Sings,' for my book club."
6554.0,autobiography,The editor suggested that I write an autobiography to share my life experiences with a wider audience.
6554.0,autobiography,His autobiography was criticized for being self-serving and lacking in genuine introspection.
6554.0,autobiography,She donated a signed copy of her autobiography to the library's fundraising auction.
6554.0,autobiography,"Although it's technically fiction, many believe the novel is highly autobiographical, drawing heavily on the author's own childhood."
6555.0,caption,The museum curator wrote a detailed caption explaining the history of the artifact.
6555.0,caption,"I'm trying to come up with a witty caption for my Instagram photo, but I'm drawing a blank."
6555.0,caption,Don't forget to add a caption to each image when you upload the presentation to the company website.
6555.0,caption,The news channel displayed a scrolling caption at the bottom of the screen to provide updates on the developing situation.
6555.0,caption,Could you read the caption under that painting? I can't quite make it out from here.
6556.0,encore,The crowd was chanting for an encore after the band finished their set.
6556.0,encore,"Her performance was so captivating that she received not one, but two encores."
6556.0,encore,"Hoping for an encore, we stayed in our seats as the lights dimmed."
6556.0,encore,The comedian's final joke was so hilarious that the audience demanded an encore.
6556.0,encore,"After the standing ovation, the pianist returned to the stage for a beautiful encore piece."
6557.0,genre,"I usually prefer reading fiction, but lately I've been exploring the non-fiction genre, particularly biographies."
6557.0,genre,That movie was a confusing mix of genres; it started as a thriller but then turned into a romantic comedy.
6557.0,genre,What genre of music do you typically listen to when you're working?
6557.0,genre,"She's a versatile writer who can adapt her style to fit any genre, from science fiction to historical romance."
6557.0,genre,"The art gallery featured a diverse collection, showcasing everything from traditional landscapes to more contemporary genres like abstract expressionism."
6558.0,projection,The company's sales projection for the next quarter is significantly higher than last year's.
6558.0,projection,His constant accusations of dishonesty seem like a projection of his own insecurities.
6558.0,projection,"The film's projection was blurry, making it difficult to see the details."
6558.0,projection,The political analyst offered a projection of the election results based on current polling data.
6558.0,projection,The architect created a detailed 3D projection of the proposed building to help the clients visualize the final design.
6559.0,satire,The political cartoon was a biting satire of the current administration's policies.
6559.0,satire,Many people enjoy watching shows like 'The Daily Show' for their clever use of satire to comment on current events.
6559.0,satire,Her novel employed satire to expose the absurdities of social climbing in the wealthy elite.
6559.0,satire,"While some found the movie hilarious, others criticized it for being too heavy-handed in its satire."
6559.0,satire,He didn't realize the article was satire and took the outlandish claims at face value.
6560.0,abbreviation,"""ASAP"" is a common abbreviation for ""as soon as possible."""
6560.0,abbreviation,"The professor explained that the abbreviation ""e.g."" stands for ""exempli gratia,"" which means ""for example."""
6560.0,abbreviation,"Could you please provide a list of abbreviations used in the medical field, along with their full meanings?"
6560.0,abbreviation,"Using abbreviations in formal writing is generally discouraged, as it can make the text seem less professional."
6560.0,abbreviation,"While texting, teenagers often use a lot of abbreviations to save time and space, but it can be difficult to understand if you're not familiar with them."
6561.0,advancement,Her rapid advancement in the company was due to her hard work and dedication.
6561.0,advancement,The advancement of technology has made our lives significantly easier in many ways.
6561.0,advancement,Scientists are working tirelessly on medical advancements to combat diseases like cancer and Alzheimer's.
6561.0,advancement,Further advancement in his career would require him to relocate to the company's headquarters.
6561.0,advancement,The museum showcased the advancement of printing techniques from Gutenberg's press to modern digital printing.
6562.0,authropology,She decided to major in anthropology after taking an introductory course that sparked her interest in human cultures.
6562.0,authropology,The museum's new exhibit showcases artifacts collected during anthropological expeditions to remote regions of the Amazon.
6562.0,authropology,His research in anthropology focuses on the impact of globalization on indigenous communities and their traditions.
6562.0,authropology,"Professor Davis is a leading expert in the field of medical anthropology, studying the intersection of health, culture, and society."
6562.0,authropology,"While archaeology and anthropology are distinct disciplines, they often work together to understand human history and behavior."
6563.0,correspondence,"All correspondence should be sent to the new office address, not the old one."
6563.0,correspondence,The historian spent years studying the extensive correspondence between the two famous authors.
6563.0,correspondence,There's a direct correspondence between the rise in temperature and the increase in water usage.
6563.0,correspondence,I've been handling all the customer correspondence for the past few weeks while Sarah is on vacation.
6563.0,correspondence,"After a brief correspondence with the university, I received confirmation of my acceptance into the program."
6564.0,dialect,"The professor specialized in Appalachian English, focusing on its unique vocabulary and dialect."
6564.0,dialect,"Although they both speak English, understanding each other was difficult due to their different dialects."
6564.0,dialect,The nuances of the local dialect are slowly disappearing as younger generations adopt a more standardized form of speech.
6564.0,dialect,Many linguists believe that what some consider 'slang' is actually a developing dialect with its own grammatical rules.
6564.0,dialect,The novel effectively captured the atmosphere of the rural South through its authentic use of dialect and colloquialisms.
6565.0,diploma,"After years of hard work, she finally received her high school diploma."
6565.0,diploma,He framed his college diploma and hung it proudly in his office.
6565.0,diploma,The job application required a copy of my diploma as proof of my education.
6565.0,diploma,Earning a diploma in culinary arts opened up many opportunities for her in the restaurant industry.
6565.0,diploma,"Although he didn't go to university, he obtained a vocational diploma in plumbing, which led to a successful career."
6566.0,domain,"That question falls outside my domain of expertise, so I can't really comment on it."
6566.0,domain,The company is trying to expand its domain in the renewable energy market.
6566.0,domain,He felt a sense of freedom as he wandered through the vast domain of the national park.
6566.0,domain,Securing the domain name is the first step in establishing an online presence for your business.
6566.0,domain,Understanding the intricacies of quantum physics is truly a complex domain of study.
6567.0,exclamation,"The detective's exclamation of ""Eureka!"" revealed he had finally solved the case."
6567.0,exclamation,Her sudden exclamation of pain alerted everyone in the room that something was wrong.
6567.0,exclamation,"The email ended with a rather forceful exclamation point, suggesting the sender was quite upset."
6567.0,exclamation,"After winning the lottery, his initial exclamation was simply, ""I can't believe it!"""
6567.0,exclamation,The professor's lecture was filled with historical anecdotes and the occasional surprised exclamation.
6568.0,gospel,"She treated her healthy eating habits as gospel, never deviating from her strict diet."
6568.0,gospel,"The marketing team followed the new social media strategy as gospel, hoping it would boost sales."
6568.0,gospel,"For many music fans, The Beatles' 'Abbey Road' is considered gospel."
6568.0,gospel,"According to the gospel of this particular self-help guru, positive thinking is the key to success."
6568.0,gospel,"While I respect his opinion, I don't take everything he says as gospel; I prefer to do my own research."
6569.0,handwriting,"The teacher struggled to read the student's handwriting, which was barely legible."
6569.0,handwriting,"Her grandmother's handwriting was elegant and flowing, a stark contrast to her own messy scrawl."
6569.0,handwriting,Forensic scientists can sometimes identify individuals based on unique characteristics in their handwriting.
6569.0,handwriting,I recognized his handwriting on the envelope immediately; it's been years since I last saw it.
6569.0,handwriting,"Modern technology may be replacing handwritten notes, but there's still something special about receiving a letter with personal handwriting."
6570.0,overview,Let's start with an overview of the project's goals before diving into the specific tasks.
6570.0,overview,The professor gave us a brief overview of the French Revolution before assigning the reading.
6570.0,overview,Can you provide an overview of the current market trends in the renewable energy sector?
6570.0,overview,This document offers a comprehensive overview of the company's financial performance over the past year.
6570.0,overview,"For a quick overview, just read the executive summary at the beginning of the report."
6571.0,pronoun,The teacher explained the difference between a subject pronoun and an object pronoun.
6571.0,pronoun,"In formal writing, it's important to use the correct pronoun to refer to each noun."
6571.0,pronoun,I think there's a pronoun missing from this sentence; it doesn't quite make sense.
6571.0,pronoun,"When introducing yourself, avoid using the third-person pronoun and just state your name."
6571.0,pronoun,"Some languages, unlike English, have different pronoun forms depending on the social status of the person you're addressing."
6572.0,quotation,The professor began his lecture with a relevant quotation from Shakespeare.
6572.0,quotation,I need to find a direct quotation from the CEO to support my argument in the report.
6572.0,quotation,Putting that statement in quotation marks indicates that it's not your original thought.
6572.0,quotation,"He ended his speech with a powerful quotation about perseverance, leaving a lasting impression on the audience."
6572.0,quotation,The historian meticulously verified each quotation to ensure its accuracy and proper attribution.
6573.0,rationality,The company's decision to invest in renewable energy demonstrates a long-term rationality that should benefit them in the future.
6573.0,rationality,"Sometimes, grief can override rationality, leading people to make impulsive decisions they later regret."
6573.0,rationality,"While his argument was passionate, it lacked the logical steps necessary to establish its rationality."
6573.0,rationality,"Despite the emotional appeal of the advertisement, I tried to approach my purchasing decision with rationality and research."
6573.0,rationality,She argued that true rationality involves not only logic but also considering the ethical implications of one's actions.
6574.0,realization,The realization that I had forgotten my wallet hit me as I stood in line at the grocery store.
6574.0,realization,"After months of struggling, the realization dawned on her that she needed to ask for help."
6574.0,realization,His sudden generosity led to the realization that he was trying to make up for something.
6574.0,realization,The slow realization of the project's scope made them reconsider their initial budget.
6574.0,realization,"With the realization that she was truly alone, she began to cry."
6575.0,rhetoric,"The politician's speech was full of powerful rhetoric, but lacked concrete plans."
6575.0,rhetoric,"Her arguments relied heavily on rhetoric and emotional appeals, rather than factual evidence."
6575.0,rhetoric,"Despite the fiery rhetoric, the two countries are still engaged in diplomatic talks."
6575.0,rhetoric,He accused the company of using deceptive rhetoric to mislead investors about their financial performance.
6575.0,rhetoric,The professor's lecture explored the use of rhetoric in classical literature and its lasting influence.
6576.0,slang,I don't understand half of what teenagers say these days; their slang is constantly changing.
6576.0,slang,The writer cleverly incorporated regional slang into the dialogue to make the characters more believable.
6576.0,slang,My grandmother always asks me to explain the latest slang terms she hears on television.
6576.0,slang,"While some slang is harmless, it can be confusing or even offensive if used inappropriately."
6576.0,slang,Dictionaries often include sections on slang and colloquialisms to help readers understand informal language.
6577.0,utterance,The politician's recent utterance caused a public outcry due to its insensitive nature.
6577.0,utterance,"Despite her fear, she managed to make a clear and concise utterance to the court."
6577.0,utterance,"The child's first utterance of ""mama"" brought tears to her mother's eyes."
6577.0,utterance,"The linguist analyzed the utterance in detail, focusing on its grammatical structure and meaning."
6577.0,utterance,His only utterance after the accident was a faint whisper of his wife's name.
6578.0,duration,The medication provides relief for a duration of approximately four hours.
6578.0,duration,"The flight to Tokyo had a duration of thirteen hours, so I made sure to bring plenty of books."
6578.0,duration,We need to estimate the duration of the project before we can finalize the budget.
6578.0,duration,"Despite its short duration, the summer internship provided invaluable experience."
6578.0,duration,What's the duration of the warranty on this new laptop?
6579.0,punctuality,Punctuality is highly valued in Japanese business culture.
6579.0,punctuality,My boss always stresses the importance of punctuality at meetings.
6579.0,punctuality,"Despite her best efforts, she struggled with punctuality due to unreliable public transportation."
6579.0,punctuality,"The train company apologized for the delays, citing unforeseen circumstances that affected their punctuality."
6579.0,punctuality,His lack of punctuality is a constant source of frustration for his colleagues.
6580.0,timing,The success of the project depended heavily on the timing of the product launch.
6580.0,timing,Her comedic timing is impeccable; she always knows exactly when to deliver the punchline.
6580.0,timing,"The doctor said the surgery went well, but the timing of my recovery is still uncertain."
6580.0,timing,Getting the timing right when cooking pasta is crucial to avoid it being undercooked or mushy.
6580.0,timing,"Due to the poor timing of the rain, the outdoor concert had to be cancelled."
6581.0,calcium,Dairy products like milk and cheese are excellent sources of calcium.
6581.0,calcium,The doctor recommended I take a calcium supplement to help strengthen my bones.
6581.0,calcium,A deficiency in calcium can lead to osteoporosis later in life.
6581.0,calcium,Many breakfast cereals are fortified with calcium and other essential vitamins.
6581.0,calcium,"The geologist identified the white mineral as calcite, which is primarily composed of calcium carbonate."
6582.0,dusk,"As dusk settled over the valley, the fireflies began to twinkle."
6582.0,dusk,We hurried to finish setting up camp before dusk completely enveloped the forest.
6582.0,dusk,"The air grew cooler at dusk, signaling the end of the hot summer day."
6582.0,dusk,She loved to sit on the porch and watch the colors of the sky change at dusk.
6582.0,dusk,"A thick fog rolled in at dusk, making it difficult to see the road ahead."
6583.0,hydrogen,The scientist explained that water is composed of two parts hydrogen and one part oxygen.
6583.0,hydrogen,Many researchers believe that hydrogen fuel cells are a promising alternative to gasoline engines.
6583.0,hydrogen,The explosion was likely caused by a buildup of hydrogen gas in the poorly ventilated space.
6583.0,hydrogen,The company is investing heavily in technologies for producing green hydrogen using renewable energy sources.
6583.0,hydrogen,"During the chemical reaction, hydrogen atoms were released and bonded with other elements."
6584.0,latitude,The new manager gave his team a great deal of latitude in how they approached their projects.
6584.0,latitude,Plants that thrive at this latitude may not survive in colder climates further north.
6584.0,latitude,"As long as he stays within budget, the CEO is given considerable latitude to make strategic decisions."
6584.0,latitude,The exact latitude and longitude of the shipwreck remained a mystery for decades.
6584.0,latitude,"While the rules are strict, there is some latitude for interpretation depending on the circumstances."
6585.0,mercury,"The old thermometer contained mercury, which is now considered a hazardous material."
6585.0,mercury,"Exposure to mercury can cause serious neurological problems, so it's important to handle it with care."
6585.0,mercury,Scientists are studying the levels of mercury in fish to determine the safety of seafood consumption.
6585.0,mercury,"The planet Mercury, closest to the sun, experiences extreme temperature variations."
6585.0,mercury,"My grandfather worked in a factory that used mercury in its manufacturing process, and he always stressed the importance of safety precautions."
6586.0,reed,The musician carefully shaped the reed for his clarinet to achieve the perfect tone.
6586.0,reed,"We walked along the riverbank, the tall reeds swaying gently in the breeze."
6586.0,reed,"The roof of the hut was made of tightly woven reeds, providing shelter from the rain."
6586.0,reed,"He used a reed to siphon gas from one car to another, a risky and illegal maneuver."
6586.0,reed,"The hunter crafted a duck call from a piece of reed, hoping to lure the birds closer."
6587.0,shrub,The gardener carefully pruned the rose shrub to encourage more blooms next season.
6587.0,shrub,"A small bird darted into the dense shrub, disappearing from sight in an instant."
6587.0,shrub,We planted a row of evergreen shrubs along the fence line to create a natural privacy screen.
6587.0,shrub,"The landscaping company recommended replacing the overgrown shrub with a smaller, more manageable plant."
6587.0,shrub,"Walking through the park, we admired the variety of shrubs, each with its unique shape and foliage."
6588.0,skyline,The city's skyline was dominated by the towering new skyscraper.
6588.0,skyline,"From the rooftop terrace, we had a breathtaking view of the illuminated skyline at night."
6588.0,skyline,The preservation society is working to protect the historic character of the neighborhood from being overshadowed by modern developments that alter the skyline.
6588.0,skyline,"Fog rolled in from the bay, slowly obscuring the San Francisco skyline."
6588.0,skyline,The artist captured the dramatic skyline in a stunning watercolor painting.
6589.0,sunbeam,"A single sunbeam pierced through the heavy curtains, illuminating the dust motes dancing in the air."
6589.0,sunbeam,"The cat stretched languidly in the sunbeam, clearly enjoying the warmth on its fur."
6589.0,sunbeam,"After a week of rain, everyone rushed outside to bask in the first sunbeam of the day."
6589.0,sunbeam,The artist tried to capture the fleeting beauty of the sunbeam reflecting off the water.
6589.0,sunbeam,"She felt a sudden warmth and hope, like a sunbeam breaking through the clouds of her depression."
6590.0,vapor,The cool air caused a thin vapor to rise from the hot asphalt after the rain.
6590.0,vapor,She added a few drops of essential oil to the diffuser to create a soothing vapor.
6590.0,vapor,Scientists are studying the composition of the vapor emitted from the volcano.
6590.0,vapor,The doctor advised him to use a humidifier to add moisture vapor to the dry air in his bedroom.
6590.0,vapor,We could see his breath as a white vapor in the frigid morning air.
6591.0,willow,The weeping willow by the riverbank provided a shady spot for our picnic.
6591.0,willow,"She loved to paint landscapes featuring the graceful, drooping branches of the willow tree."
6591.0,willow,We used willow branches to build a natural fence around the vegetable garden.
6591.0,willow,The artist carefully selected a willow charcoal stick for sketching the portrait.
6591.0,willow,The flexible willow wood is ideal for crafting baskets and other woven items.
6592.0,chore,"Doing laundry is such a chore, I always put it off until the last minute."
6592.0,chore,My Saturday morning chore list includes cleaning the bathrooms and mowing the lawn.
6592.0,chore,"He sees practicing the piano as a chore, rather than something he enjoys."
6592.0,chore,"Even though it's a chore, someone has to take out the garbage every week."
6592.0,chore,We divided up the household chores so that everyone contributes to keeping the house clean.
6593.0,clockwork,The intricate clockwork mechanism inside the antique watch was a marvel of engineering.
6593.0,clockwork,"Her daily routine was so precise, it ran like clockwork."
6593.0,clockwork,The success of the project depended on the clockwork coordination of all the different teams involved.
6593.0,clockwork,He wound up the clockwork toy and watched it wobble across the floor.
6593.0,clockwork,"Although they faced some initial challenges, their operation is now running with clockwork efficiency."
6594.0,confirmation,I'm still waiting for confirmation of my flight booking before I finalize my travel plans.
6594.0,confirmation,Could you please send a confirmation email after you've processed the payment?
6594.0,confirmation,The manager needed confirmation from headquarters before approving the large expenditure.
6594.0,confirmation,"The news report lacked official confirmation, so we shouldn't treat it as fact just yet."
6594.0,confirmation,She sought confirmation from her doctor that the treatment was indeed working as expected.
6595.0,cultivation,"The cultivation of rice is a labor-intensive process, especially in traditional farming methods."
6595.0,cultivation,Her success as a writer is a direct result of the constant cultivation of her craft through practice and study.
6595.0,cultivation,The local botanical garden focuses on the cultivation of rare and endangered plant species from around the world.
6595.0,cultivation,A good education system should prioritize the cultivation of critical thinking skills in students.
6595.0,cultivation,The cultivation of strong relationships with clients is essential for the long-term success of any business.
6596.0,dependency,The project's success has a strong dependency on securing funding in the next quarter.
6596.0,dependency,Her unhealthy dependency on caffeine made it difficult for her to focus without drinking coffee.
6596.0,dependency,We need to analyze the system's dependencies to identify potential points of failure.
6596.0,dependency,The small island nation has a heavy dependency on imported oil for its energy needs.
6596.0,dependency,Breaking free from that emotional dependency was the hardest thing she ever had to do.
6597.0,dining,We are dining at a new Italian restaurant downtown tonight.
6597.0,dining,"The hotel offers several dining options, including a formal restaurant and a casual cafe."
6597.0,dining,I'm really looking forward to dining al fresco on the patio this summer.
6597.0,dining,Proper dining etiquette requires you to keep your elbows off the table.
6597.0,dining,The cruise ship's dining room provided stunning views of the ocean.
6598.0,fasting,Many religions incorporate periods of fasting as a way to cleanse the body and focus the mind.
6598.0,fasting,"Before my blood test, the doctor instructed me to observe fasting for at least twelve hours."
6598.0,fasting,She found that intermittent fasting helped her manage her weight and improve her energy levels.
6598.0,fasting,"During Ramadan, Muslims around the world practice daily fasting from dawn until sunset."
6598.0,fasting,"He was fasting in preparation for a spiritual retreat, seeking clarity and inner peace."
6599.0,flattery,"He was immune to her flattery, recognizing it as a tactic to get him to do her work."
6599.0,flattery,"I could tell her compliments were pure flattery, but I still enjoyed hearing them."
6599.0,flattery,"Despite the manager's obvious flattery, the employee remained skeptical of his motives."
6599.0,flattery,"The politician's speech was full of empty flattery, designed to win over the crowd."
6599.0,flattery,"While I appreciate the kind words, I'm not easily swayed by flattery."
6600.0,handshake,The handshake between the CEOs signaled the beginning of a new partnership.
6600.0,handshake,"After the successful negotiation, they sealed the deal with a firm handshake."
6600.0,handshake,"He offered a weak handshake, which made me question his confidence."
6600.0,handshake,A warm handshake and a genuine smile can go a long way in making a good first impression.
6600.0,handshake,"Despite their initial disagreements, they ended the meeting with a cordial handshake."
6601.0,homecoming,The entire town is preparing for the annual high school homecoming parade next weekend.
6601.0,homecoming,"After years of working abroad, she was excited about her homecoming and reuniting with her family."
6601.0,homecoming,The soldier received a hero's homecoming after serving a long tour overseas.
6601.0,homecoming,"He felt a mix of excitement and trepidation about his homecoming to his small, rural hometown."
6601.0,homecoming,The university alumni association is planning a grand celebration for homecoming this year.
6602.0,inclusion,"The school is committed to inclusion, ensuring that all students, regardless of their background or abilities, have equal opportunities."
6602.0,inclusion,We need to foster a culture of inclusion where everyone feels valued and respected for their unique perspectives.
6602.0,inclusion,The company's diversity and inclusion initiatives have led to a more innovative and productive workforce.
6602.0,inclusion,Her active participation in the project was a testament to the team's commitment to inclusion and collaboration.
6602.0,inclusion,Achieving true inclusion requires ongoing effort and a willingness to challenge our own biases and assumptions.
6603.0,inconvenience,I apologize for any inconvenience this delay may cause.
6603.0,inconvenience,The road closure was a major inconvenience for commuters.
6603.0,inconvenience,"Moving to a new city is exciting, but the initial inconvenience of finding a new doctor is frustrating."
6603.0,inconvenience,"To avoid any inconvenience, please arrive 15 minutes early for your appointment."
6603.0,inconvenience,We hope you'll accept this small gift as a token of our appreciation for your understanding regarding the recent inconvenience with your order.
6604.0,installation,The installation of the new security system took longer than expected due to unforeseen wiring issues.
6604.0,installation,We need to schedule an installation appointment for the dishwasher as soon as possible.
6604.0,installation,The art gallery is featuring a fascinating installation that explores the theme of urban decay.
6604.0,installation,"Before you start the software installation, make sure you have enough free space on your hard drive."
6604.0,installation,The plumber recommended a complete pipe installation to prevent future leaks in the old building.
6605.0,interaction,The success of the project depended on close interaction between the marketing and engineering teams.
6605.0,interaction,"I enjoyed the panel discussion, especially the audience interaction during the Q&A session."
6605.0,interaction,Social media platforms facilitate interaction with people from all over the world.
6605.0,interaction,The software's user interface needs improvement to allow for a more intuitive interaction with the system.
6605.0,interaction,Researchers are studying the complex interaction between genes and environmental factors in the development of diseases.
6606.0,livelihood,Many fishermen in the coastal village depend on the sea for their livelihood.
6606.0,livelihood,"She lost her livelihood when the factory closed down, forcing her to look for new opportunities."
6606.0,livelihood,Sustainable tourism can provide a valuable livelihood for local communities while protecting the environment.
6606.0,livelihood,"He built a successful business from scratch, creating a stable livelihood for himself and his family."
6606.0,livelihood,The new regulations threaten the livelihood of small farmers who can't afford the necessary equipment.
6607.0,mentality,The company needs to shift its mentality from short-term profits to long-term sustainability.
6607.0,mentality,His competitive mentality drove him to excel in every aspect of his life.
6607.0,mentality,"We need to foster a growth mentality in our students, encouraging them to embrace challenges and learn from their mistakes."
6607.0,mentality,It's difficult to argue with someone who has a fixed mentality and refuses to consider alternative viewpoints.
6607.0,mentality,That kind of victim mentality will only hold you back from achieving your goals; you need to take control of your situation.
6608.0,modification,The software update requires a slight modification to your current settings.
6608.0,modification,"After some modification, the old car ran like new."
6608.0,modification,The architect suggested a major modification to the building's facade to improve its aesthetic appeal.
6608.0,modification,We need to submit a modification request to the planning committee before we can build the extension.
6608.0,modification,"This recipe is delicious, but I usually make a small modification by adding a pinch of red pepper flakes."
6609.0,refinement,The chef's constant refinement of the recipe resulted in a truly exceptional dish.
6609.0,refinement,"Her latest novel shows a significant refinement in her writing style, particularly in her character development."
6609.0,refinement,Achieving true mastery in any skill requires constant practice and refinement of technique.
6609.0,refinement,"The software update includes several refinements to the user interface, making it more intuitive to use."
6609.0,refinement,"After years of collecting, he had a remarkable refinement in his taste for art and antiques."
6610.0,revelation,The detective's discovery of the hidden message was a major revelation in the case.
6610.0,revelation,"For many, reading that book was a revelation about the true nature of poverty."
6610.0,revelation,The company's financial report contained some shocking revelations about their debt.
6610.0,revelation,"His confession was a painful revelation for his family, who had always trusted him implicitly."
6610.0,revelation,Attending the workshop was a revelation; I finally understood how to manage my time effectively.
6611.0,seam,The tailor carefully reinforced the seam on the trousers to prevent them from splitting.
6611.0,seam,"A small hole had opened up along the seam of my backpack, so I'll need to sew it shut."
6611.0,seam,"The geologist studied the exposed rock face, searching for the seam of coal running through the layers."
6611.0,seam,"She ran her finger along the seam of the silk scarf, admiring the delicate craftsmanship."
6611.0,seam,This movie is really showing the seam of its low budget; the special effects aren't very convincing.
6612.0,stance,The politician's stance on healthcare reform has been widely criticized.
6612.0,stance,"Before swinging the bat, he adjusted his stance to feel more balanced."
6612.0,stance,What is your stance on the proposed changes to the company policy?
6612.0,stance,The company has taken a firm stance against discrimination in the workplace.
6612.0,stance,"After considering all the evidence, I've revised my stance on the matter."
6613.0,tritbute,The concert was organized as a tribute to the legendary rock band.
6613.0,tritbute,Many artists have created works of art as a tribute to nature's beauty.
6613.0,tritbute,The city held a parade as a tribute to the veterans who served our country.
6613.0,tritbute,"Her heartfelt speech was a moving tribute to her late grandmother, highlighting her kindness and strength."
6613.0,tritbute,This scholarship fund is a tribute to his passion for education and his commitment to helping students succeed.
6614.0,accordance,The project proceeded in accordance with the agreed-upon timeline and budget.
6614.0,accordance,"In accordance with company policy, all employees must attend the safety training session."
6614.0,accordance,The judge ruled that the defendant's actions were not in accordance with the law.
6614.0,accordance,We are acting in accordance with the recommendations of the expert panel.
6614.0,accordance,The new building was designed in accordance with all local building codes and regulations.
6615.0,adoption,The adoption of electric vehicles is steadily increasing as more charging stations become available.
6615.0,adoption,"After years of trying, they decided to pursue adoption to start their family."
6615.0,adoption,Our company is considering the adoption of a new software platform to streamline our workflow.
6615.0,adoption,"The local animal shelter has many dogs and cats available for adoption, each hoping to find a loving home."
6615.0,adoption,The city council's adoption of the new zoning laws has sparked considerable debate among residents.
6616.0,agenda,Let's review the agenda for today's meeting so we can stay on track and cover all the important topics.
6616.0,agenda,I suspect the politician has a hidden agenda behind his seemingly generous donation to the community center.
6616.0,agenda,The environmental group is pushing their agenda to reduce carbon emissions through public awareness campaigns and policy advocacy.
6616.0,agenda,"Before we start brainstorming, does anyone have anything they'd like to add to the agenda?"
6616.0,agenda,She came to the negotiation table with a clear agenda: to secure a better contract for her clients.
6617.0,atttachment,Her strong attachment to her childhood home made it difficult for her to move away.
6617.0,atttachment,The email had an attachment with the details of the upcoming conference.
6617.0,atttachment,"Despite their differences, they formed a deep attachment over the years."
6617.0,atttachment,I have a slight attachment to this old coffee mug; it's been with me for years.
6617.0,atttachment,The therapist helped him understand and process his unhealthy attachment patterns in relationships.
6618.0,auction,"We attended an auction last weekend, hoping to find some antique furniture for our new house."
6618.0,auction,"The painting sold for a record price at the auction, exceeding all expectations."
6618.0,auction,The charity is holding a silent auction to raise money for their programs.
6618.0,auction,"He bought the vintage car at an online auction, after a fierce bidding war."
6618.0,auction,I'm thinking of putting some of my old sports memorabilia up for auction; maybe I can make some extra cash.
6619.0,backing,The politician lost the election due to a lack of financial backing from major donors.
6619.0,backing,I appreciate your backing on this project; your experience is invaluable.
6619.0,backing,"The band's success is largely thanks to the backing vocals, which add depth to their sound."
6619.0,backing,"He slowly started backing his car out of the driveway, carefully checking for pedestrians."
6619.0,backing,"Without the bank's backing, the small business would have been forced to close."
6620.0,ballot,Please remember to fill out your ballot carefully and return it by the deadline.
6620.0,ballot,"The election officials are still counting the ballots, so we won't know the results until tomorrow."
6620.0,ballot,She decided to spoil her ballot in protest of all the candidates.
6620.0,ballot,Absentee ballots are available for those who will be out of town on election day.
6620.0,ballot,"The proposed amendment will be on the ballot in the upcoming election, allowing voters to decide its fate."
6621.0,bid,The construction company put in a bid for the new bridge project.
6621.0,bid,I'm going to bid on that antique clock at the auction tomorrow.
6621.0,bid,"He made a desperate bid for freedom, but the guards caught him."
6621.0,bid,"The charity is holding a silent auction, so you can bid on various donated items."
6621.0,bid,She decided to bid farewell to her colleagues as she prepared for her retirement.
6622.0,census,The latest census data revealed a significant shift in population distribution across the country.
6622.0,census,Researchers are using census records to trace the ancestry of families in the region.
6622.0,census,Participating in the census is a civic duty that helps ensure fair representation in government.
6622.0,census,The town's growth spurt was clearly reflected in the most recent census figures.
6622.0,census,Historians often rely on census documents to understand demographic trends and social structures of past eras.
6623.0,citizenship,She applied for citizenship after living in the country for ten years.
6623.0,citizenship,The organization provides free legal assistance to immigrants seeking citizenship.
6623.0,citizenship,"He holds dual citizenship, allowing him to live and work in both Canada and the United States."
6623.0,citizenship,Active citizenship involves participating in community affairs and contributing to the well-being of society.
6623.0,citizenship,"Loss of citizenship can occur in certain circumstances, such as committing treason or renouncing one's allegiance."
6624.0,commonwealth,The Commonwealth Games bring together athletes from nations with historical ties to the British Empire.
6624.0,commonwealth,Massachusetts is one of four states in the United States that are officially designated as a commonwealth.
6624.0,commonwealth,The prime minister emphasized the importance of strengthening trade relations within the Commonwealth.
6624.0,commonwealth,Our organization works to promote democratic values and good governance throughout the Commonwealth.
6624.0,commonwealth,The professor's research focused on the evolving relationship between the United Kingdom and the other nations of the Commonwealth.
6625.0,communism,The older generation in my family still remembers the hardships they faced under communism.
6625.0,communism,Some political theorists argue that true communism has never been successfully implemented on a large scale.
6625.0,communism,The fall of the Berlin Wall symbolized the decline of communism in Eastern Europe.
6625.0,communism,He studied the economic theories behind communism and socialism in college.
6625.0,communism,The debate over capitalism versus communism continues to be relevant in discussions about global economic systems.
6626.0,concession,"After a long negotiation, the company made a major concession, agreeing to improve worker benefits."
6626.0,concession,"As a concession to his younger sister, he let her choose the movie, even though he didn't want to see it."
6626.0,concession,"The small concession stand at the park sells hot dogs, popcorn, and drinks."
6626.0,concession,"While I disagree with your overall plan, I'm willing to make a concession on this particular point to move forward."
6626.0,concession,"In a surprising concession, the politician admitted that his previous policies had been ineffective."
6627.0,corps,The Peace Corps volunteers are doing important work in developing nations.
6627.0,corps,"She joined the Marine Corps right out of high school, hoping to become an officer."
6627.0,corps,The detective showed up with a corps of officers ready to search the building.
6627.0,corps,"The ballet corps de ballet moved in perfect unison, creating a breathtaking spectacle."
6627.0,corps,Our company has a dedicated corps of engineers working on the new software platform.
6628.0,directive,"The company issued a new directive on remote work, outlining the updated policies and procedures."
6628.0,directive,"Following the director's directive, the team immediately shifted its focus to the highest priority task."
6628.0,directive,The environmental protection agency has a directive to reduce carbon emissions by 50% within the next decade.
6628.0,directive,"Ignoring the safety directive could lead to serious consequences, including fines and potential injuries."
6628.0,directive,The judge issued a directive ordering the defendant to stay at least 500 feet away from the victim.
6629.0,disarmament,The treaty called for complete disarmament of all nuclear weapons within a decade.
6629.0,disarmament,Progress towards disarmament has been slow and fraught with political challenges.
6629.0,disarmament,Many activists advocate for global disarmament as a path to lasting peace.
6629.0,disarmament,The international community is pushing for the disarmament of rebel groups in the war-torn region.
6629.0,disarmament,Talks between the two nations focused on a phased disarmament process to reduce tensions along the border.
6630.0,dishonor,He felt that accepting the bribe would dishonor his family name and his position.
6630.0,dishonor,The soldier chose to face the enemy rather than dishonor his oath to protect his country.
6630.0,dishonor,Spreading false rumors about her opponent was a dishonorable tactic that ultimately backfired.
6630.0,dishonor,To break a promise so easily is to dishonor the trust that was placed in you.
6630.0,dishonor,The company's unethical practices brought dishonor to the entire industry.
6631.0,disxmissal,"The employee is appealing his dismissal, claiming it was unfair."
6631.0,disxmissal,News of the manager's dismissal spread quickly through the office.
6631.0,disxmissal,"After several warnings, the employee's dismissal was unavoidable due to repeated tardiness."
6631.0,disxmissal,The union is fighting for a fair settlement following the mass dismissal of factory workers.
6631.0,disxmissal,"The company cited poor performance as the reason for her dismissal, but she believes there were other factors involved."
6632.0,disposal,The city provides weekly curbside disposal of yard waste.
6632.0,disposal,We need to find a safe and responsible disposal method for these chemical byproducts.
6632.0,disposal,The contract gives them sole disposal rights over the company's assets.
6632.0,disposal,He has a knack for the quick disposal of any problem that arises.
6632.0,disposal,Please ensure the proper disposal of confidential documents in the shredder.
6633.0,dividend,"The company announced a higher dividend for shareholders this quarter, reflecting its strong financial performance."
6633.0,dividend,Many retirees rely on dividend income from their stock portfolios to supplement their pensions.
6633.0,dividend,"Before investing, it's crucial to research the dividend history of a company to assess its reliability."
6633.0,dividend,The board of directors will meet next week to decide whether to issue a special dividend to its investors.
6633.0,dividend,"While the stock price fluctuated, the steady dividend provided a consistent return on my investment."
6634.0,enforcement,Stricter enforcement of parking regulations is expected to reduce traffic congestion in the downtown area.
6634.0,enforcement,The company pledged to improve enforcement of its internal code of conduct after the recent scandal.
6634.0,enforcement,"Local residents are demanding better enforcement of noise ordinances, especially during late-night hours."
6634.0,enforcement,"Without proper enforcement, the new environmental laws will be ineffective in protecting the local ecosystem."
6634.0,enforcement,The police department is focusing its enforcement efforts on reducing drunk driving incidents this holiday season.
6635.0,exclusion,The company's policy of exclusion towards freelance workers created a lot of resentment.
6635.0,exclusion,Social exclusion can have a devastating impact on a person's mental health and overall well-being.
6635.0,exclusion,The club faced criticism for its perceived exclusion of minority groups in its membership.
6635.0,exclusion,"To avoid the exclusion of any relevant data, the researchers used a broad range of sources."
6635.0,exclusion,"Despite his efforts to participate, his lack of experience led to his exclusion from the project team."
6636.0,execution,"The execution of the company's marketing plan was flawless, leading to a significant increase in sales."
6636.0,execution,"He admired the pianist's technical skill, but felt the execution lacked emotional depth."
6636.0,execution,The software encountered an error during execution and had to be restarted.
6636.0,execution,"The project was well-designed, but the poor execution by the contractors resulted in numerous problems."
6636.0,execution,"After a lengthy trial, the prisoner was sentenced to execution."
6637.0,exile,The former president lived in exile after being overthrown in a coup.
6637.0,exile,"His political views led to his exile from the country, forcing him to start a new life abroad."
6637.0,exile,The island served as a place of exile for criminals and dissidents during the colonial era.
6637.0,exile,"She felt like she was in emotional exile, cut off from her friends and family after the argument."
6637.0,exile,The writer chose self-imposed exile to escape the pressures of fame and focus on his work.
6638.0,expenditure,The company's largest expenditure this year was on research and development.
6638.0,expenditure,We need to reduce our monthly expenditure on non-essential items to save for a down payment on a house.
6638.0,expenditure,The government announced a significant expenditure increase for infrastructure projects in the region.
6638.0,expenditure,"Despite the economic downturn, their expenditure on marketing remained consistent."
6638.0,expenditure,A detailed breakdown of the campaign's expenditure will be presented to the board next week.
6639.0,inability,His inability to focus made it difficult for him to complete the assignment on time.
6639.0,inability,The company's inability to adapt to the changing market led to significant financial losses.
6639.0,inability,My grandmother's inability to hear well meant we often had to shout to communicate with her.
6639.0,inability,"Despite her best efforts, her inability to swim prevented her from joining the lifeguard team."
6639.0,inability,The government's inability to resolve the ongoing crisis is causing widespread frustration among the citizens.
6640.0,incentive,The company offered a significant bonus as an incentive to boost sales during the holiday season.
6640.0,incentive,What incentive do I have to work harder if I'm not going to be recognized for my efforts?
6640.0,incentive,Tax breaks can act as a powerful incentive for businesses to invest in renewable energy.
6640.0,incentive,The program provides a financial incentive for homeowners to install solar panels on their roofs.
6640.0,incentive,Offering employees flexible work hours can be a great incentive to improve morale and productivity.
6641.0,injustice,The blatant injustice of the court's decision sparked widespread protests.
6641.0,injustice,He dedicated his life to fighting injustice and advocating for the rights of the marginalized.
6641.0,injustice,"Feeling a deep sense of injustice, she decided to file a formal complaint with the company's HR department."
6641.0,injustice,Many believe that the unequal distribution of wealth is a major source of social injustice.
6641.0,injustice,The documentary powerfully exposed the historical injustices suffered by indigenous communities.
6642.0,interference,"The radio broadcast suffered from significant interference, making it difficult to understand the announcer."
6642.0,interference,"I tried to mediate the argument, but my interference only made the situation worse."
6642.0,interference,The company accused its competitor of unfair interference in their business dealings.
6642.0,interference,He claimed that political interference prevented the police from conducting a proper investigation.
6642.0,interference,"Due to the heavy cloud cover, there was a lot of interference with the satellite signal, so we couldn't watch the movie."
6643.0,kernel,The kernel of truth in his argument was that the project was indeed over budget.
6643.0,kernel,"After popping the popcorn, I found a few unpopped kernels at the bottom of the bowl."
6643.0,kernel,This operating system has a robust kernel that rarely crashes.
6643.0,kernel,The discussion revealed the kernel of the problem: a lack of communication between departments.
6643.0,kernel,The almond kernel is often used in baking and confectionery.
6644.0,lease,We decided to lease a car instead of buying one outright to avoid the long-term commitment.
6644.0,lease,The company plans to lease additional office space in the downtown core to accommodate its growing workforce.
6644.0,lease,"Before signing the lease, make sure you understand all the terms and conditions, especially regarding early termination."
6644.0,lease,"Our landlord refused to renew our lease, so we're now actively searching for a new apartment."
6644.0,lease,They had to break their lease due to unforeseen circumstances and incurred a penalty fee.
6645.0,liability,The company's debt is a significant liability that needs to be addressed immediately.
6645.0,liability,His impulsive behavior became a liability in the high-pressure work environment.
6645.0,liability,"The old machinery was more of a liability than an asset, constantly breaking down and costing money to repair."
6645.0,liability,Having a criminal record can be a serious liability when applying for certain jobs.
6645.0,liability,The lawyer advised the client that signing the contract would expose them to considerable financial liability.
6646.0,lottery,"He always buys a lottery ticket when the jackpot gets above $100 million, dreaming of early retirement."
6646.0,lottery,"The state lottery funds several educational programs, including scholarships for underprivileged students."
6646.0,lottery,"Winning the lottery is a long shot, but someone has to win eventually."
6646.0,lottery,She joked that finding a parking spot downtown felt like winning the lottery.
6646.0,lottery,"After years of playing the lottery, they finally won a small prize, enough to cover the cost of their tickets for the next few months."
6647.0,mainstream,"Although her initial work was experimental, the artist eventually moved towards more mainstream styles to gain wider recognition."
6647.0,mainstream,The band started in the underground punk scene but gradually gained popularity and crossed over into the mainstream.
6647.0,mainstream,"While some consider the film too violent, it has become a mainstream success, appealing to a broad audience."
6647.0,mainstream,The politician's views are generally considered to be within the mainstream of the political spectrum.
6647.0,mainstream,"She decided to pursue a career in nursing rather than acting, feeling it was a more stable and mainstream profession."
6648.0,mantle,The fresh snowfall created a beautiful white mantle over the mountains.
6648.0,mantle,"As the CEO prepared to retire, he carefully considered who would assume the mantle of leadership."
6648.0,mantle,The old fireplace had a dusty marble mantle where they displayed family photos.
6648.0,mantle,"He wore the mantle of responsibility with grace, always putting the needs of his team first."
6648.0,mantle,"The volcano's mantle is the layer of hot, dense rock between the crust and the core."
6649.0,memorandum,The CEO sent out a memorandum outlining the company's new policy on remote work.
6649.0,memorandum,Please review the attached memorandum regarding the upcoming budget cuts and their potential impact.
6649.0,memorandum,I'm drafting a memorandum to the team to clarify the project's objectives and timelines.
6649.0,memorandum,Did you receive the memorandum about the mandatory training session next week?
6649.0,memorandum,The legal department issued a memorandum addressing the recent changes in data privacy regulations.
6650.0,menace,"The dark clouds gathering overhead were a definite menace, threatening a severe thunderstorm."
6650.0,menace,Stray dogs roaming the streets at night can be a menace to pedestrians.
6650.0,menace,His constant complaining and negative attitude was a menace to team morale.
6650.0,menace,"The overgrown weeds in the garden were becoming a menace, choking out the other plants."
6650.0,menace,Pollution from the factory poses a serious menace to the health of the local community.
6651.0,monarchy,The history professor lectured on the rise and fall of various European monarchies.
6651.0,monarchy,Some argue that a constitutional monarchy provides stability and tradition while maintaining democratic principles.
6651.0,monarchy,"Despite the abolishment of the monarchy decades ago, many people still hold a deep respect for the former royal family."
6651.0,monarchy,Tourism in the country is heavily reliant on the historical sites associated with the previous monarchy.
6651.0,monarchy,The debate continues whether a hereditary monarchy is a fair and effective system of governance in the modern world.
6652.0,mortgate,We finally paid off our mortgage after 30 years.
6652.0,mortgate,"The bank approved our mortgage application, so we can finally buy our dream home."
6652.0,mortgate,Rising interest rates are making it difficult for many people to afford a mortgage.
6652.0,mortgate,"Before buying the property, we need to get pre-approved for a mortgage."
6652.0,mortgate,She took out a second mortgage on her house to start her own business.
6653.0,nationalism,The rise of nationalism in several European countries has led to increased border tensions.
6653.0,nationalism,Some argue that nationalism is a dangerous ideology that promotes division and conflict.
6653.0,nationalism,"The World Cup often sparks a wave of nationalism, with fans passionately supporting their home teams."
6653.0,nationalism,"While a sense of national pride can be positive, unchecked nationalism can lead to xenophobia and intolerance."
6653.0,nationalism,He attributed the politician's popularity to a resurgence of nationalism among the working class.
6654.0,oath,The newly elected officials took an oath to uphold the constitution.
6654.0,oath,He broke his oath of silence and revealed the company's secrets.
6654.0,oath,"As a doctor, she took a solemn oath to do no harm."
6654.0,oath,"Before testifying, the witness was asked to swear an oath to tell the truth, the whole truth, and nothing but the truth."
6654.0,oath,I made an oath to myself that I would never let that happen again.
6655.0,oppression,The activists fought tirelessly against the oppression of minority groups in the country.
6655.0,oppression,"Throughout history, many revolutions have been sparked by the people's desire to overthrow regimes built on oppression."
6655.0,oppression,She wrote a powerful poem about the emotional toll of living under constant oppression.
6655.0,oppression,The economic oppression faced by farmers in the region led to widespread protests and calls for reform.
6655.0,oppression,It's crucial to remember the past struggles against oppression so that we can prevent similar injustices from happening again.
6656.0,persuasion,Her powers of persuasion were so strong that she convinced the entire team to change their strategy.
6656.0,persuasion,"Despite my best efforts at persuasion, he refused to try the new restaurant."
6656.0,persuasion,The advertisement relied heavily on emotional persuasion rather than factual information.
6656.0,persuasion,"Through gentle persuasion and careful reasoning, she managed to calm her upset child."
6656.0,persuasion,"The politician's speech was a masterclass in persuasion, swaying many undecided voters to his side."
6657.0,petition,The residents signed a petition to stop the construction of the new shopping mall in their neighborhood.
6657.0,petition,Environmental groups are circulating a petition demanding stricter regulations on industrial waste disposal.
6657.0,petition,"After the controversial ruling, lawyers prepared a petition to the Supreme Court seeking a review of the case."
6657.0,petition,Students started a petition calling for the university to offer more mental health resources on campus.
6657.0,petition,You can find the online petition to save the historic theater on the organization's website; we encourage you to sign it.
6658.0,prestige,The university's reputation for research gives it a certain prestige that attracts top students.
6658.0,prestige,Winning the Nobel Prize brought her international prestige and recognition for her groundbreaking work.
6658.0,prestige,He hoped that joining the exclusive country club would add to his family's prestige in the community.
6658.0,prestige,"Despite the lower salary, she accepted the position at the renowned museum, drawn by the prestige associated with the institution."
6658.0,prestige,The brand's commitment to quality and craftsmanship has earned it a level of prestige that few competitors can match.
6659.0,reconciliation,The peace talks aim to achieve reconciliation between the two warring factions.
6659.0,reconciliation,"After years of estrangement, they finally sought reconciliation with their father."
6659.0,reconciliation,The accountant performed a reconciliation of the bank statements to identify any discrepancies.
6659.0,reconciliation,Forgiveness is a crucial step towards reconciliation in any relationship.
6659.0,reconciliation,Truth and justice are often necessary for a genuine reconciliation to occur after a conflict.
6660.0,renewal,The library sent me a reminder about the renewal of my borrowed books.
6660.0,renewal,"Spring is a time of renewal, both in nature and in our personal lives."
6660.0,renewal,We are waiting for the renewal of our lease before we can start planning our expansion.
6660.0,renewal,The company is focusing on the renewal of its infrastructure to improve efficiency.
6660.0,renewal,"After a period of decline, the city is experiencing a cultural and economic renewal."
6661.0,setup,"The setup for the concert took the entire afternoon, with crews working tirelessly to arrange the stage and sound equipment."
6661.0,setup,"Before we start the meeting, let's quickly review the agenda and the setup for the presentation."
6661.0,setup,He suspected it was a setup when the police arrived almost immediately after the alleged crime.
6661.0,setup,"The photography studio has a fantastic lighting setup, allowing for professional-quality portraits."
6661.0,setup,Installing the new software was surprisingly easy; the setup wizard guided me through the process step-by-step.
6662.0,snare,The hunter set a snare to catch rabbits in the woods.
6662.0,snare,Be careful not to fall into the snare of believing everything you read online.
6662.0,snare,The company used deceptive marketing tactics to snare new customers.
6662.0,snare,"The detective laid a verbal snare, hoping the suspect would reveal incriminating information."
6662.0,snare,"The drummer's snare drum had a crisp, sharp sound that cut through the mix."
6663.0,socialism,"Some argue that universal healthcare is a step towards socialism, while others see it as a basic human right."
6663.0,socialism,The debate over the role of government in the economy often boils down to differing views on capitalism versus socialism.
6663.0,socialism,"While pure socialism has rarely been implemented successfully, many countries incorporate socialist policies into their mixed economies."
6663.0,socialism,"He believes that a strong social safety net, funded by taxes, is a key component of democratic socialism."
6663.0,socialism,"The political party's platform included several policies that critics labeled as socialist, such as increased regulation of businesses and higher taxes on the wealthy."
6664.0,sponsorship,"The local bakery secured a sponsorship deal with the marathon, providing all the runners with free bread. "
6664.0,sponsorship,We are actively seeking sponsorship to help fund our research into renewable energy sources.
6664.0,sponsorship,"Without corporate sponsorship, the music festival wouldn't be able to offer such a diverse lineup of artists."
6664.0,sponsorship,The athlete's controversial behavior led to the termination of his sponsorship contract with the athletic apparel company.
6664.0,sponsorship,Their generous sponsorship allowed the community center to offer free after-school programs for underprivileged children.
6665.0,submission,The company requires the submission of all expense reports by the end of the month.
6665.0,submission,Her submission to the writing contest was a powerful and moving story about her childhood.
6665.0,submission,"After much debate, the council agreed to the developer's submission of the revised building plans."
6665.0,submission,"The general demanded absolute submission from his troops, expecting them to follow his orders without question."
6665.0,submission,The website provides a form for the online submission of customer feedback and complaints.
6666.0,subsidy,The government provides a subsidy to farmers to help them stay competitive in the global market.
6666.0,subsidy,"Without the housing subsidy, many low-income families would struggle to afford rent."
6666.0,subsidy,"Critics argue that the oil industry receives far too many subsidies, encouraging environmentally damaging practices."
6666.0,subsidy,The local theater company relies on a yearly subsidy from the city council to keep ticket prices affordable.
6666.0,subsidy,"To encourage the adoption of electric vehicles, the government offers a subsidy to buyers."
6667.0,suppression,The government was accused of suppression of dissent after the protests were violently dispersed.
6667.0,suppression,Psychologists suggest that the suppression of negative emotions can sometimes lead to anxiety and depression.
6667.0,suppression,The fire department focused on the suppression of the flames to prevent them from spreading to neighboring buildings.
6667.0,suppression,Effective marketing requires the suppression of doubts and objections from potential customers.
6667.0,suppression,The software update included a bug fix that focused on the suppression of audio feedback during video calls.
6668.0,suspension,The bridge was closed for emergency repairs due to concerns about the suspension cables.
6668.0,suspension,"After arguing with the referee, the player received a one-game suspension from the league."
6668.0,suspension,The company announced the suspension of dividend payments to conserve cash during the economic downturn.
6668.0,suspension,The antique car had a surprisingly smooth ride thanks to its advanced suspension system.
6668.0,suspension,Her driver's license was under suspension because of multiple speeding tickets.
6669.0,toll,"The bridge toll is now $3, payable by cash or electronic tag."
6669.0,toll,The environmental toll of deforestation is becoming increasingly apparent.
6669.0,toll,The war took a heavy toll on the country's economy and infrastructure.
6669.0,toll,He ignored the warning signs and paid the ultimate toll for his recklessness.
6669.0,toll,The emotional toll of caring for a sick relative can be incredibly draining.
6670.0,turnover,The high turnover rate in the customer service department is a major concern for the company.
6670.0,turnover,"Our annual turnover has increased by 15% this year, thanks to successful marketing campaigns."
6670.0,turnover,"She accepted a new job with better benefits, contributing to the staff turnover at her previous company."
6670.0,turnover,The bakery's apple turnovers are a customer favorite and sell out quickly every morning.
6670.0,turnover,He's hoping to increase the turnover of his inventory by offering discounts on older items.
6671.0,tyranny,"The citizens feared the growing tyranny of the king, who imposed increasingly harsh laws."
6671.0,tyranny,"Many believe that unchecked corporate power can lead to a new form of tyranny, where profits are valued above human rights."
6671.0,tyranny,The committee chairman's constant interruptions and refusal to listen to other opinions felt like a minor tyranny during the meetings.
6671.0,tyranny,History teaches us about the dangers of tyranny and the importance of defending democratic principles.
6671.0,tyranny,She finally escaped the emotional tyranny of her abusive relationship and started a new life.
6672.0,uniformity,"The company strives for uniformity in its products, ensuring each item meets the same high standards."
6672.0,uniformity,"Despite the desire for uniformity, individual differences in opinion always emerged during the group project."
6672.0,uniformity,"The strict dress code promoted a sense of uniformity among the students, reducing distractions in the classroom."
6672.0,uniformity,"While uniformity can be efficient, it can also stifle creativity and innovation."
6672.0,uniformity,We need to achieve some uniformity in our data collection methods to ensure the results are comparable across different sites.
6673.0,warfare,The company engaged in aggressive price warfare to gain market share.
6673.0,warfare,Cyber warfare is becoming an increasingly serious threat to national security.
6673.0,warfare,"After years of political warfare, the two factions finally agreed to a compromise."
6673.0,warfare,The constant warfare between my cats over the best napping spot is quite amusing.
6673.0,warfare,They studied ancient forms of warfare to understand the strategies and tactics used in battles long ago.
6674.0,appetizer,We ordered a delicious appetizer of fried calamari to share before our main courses arrived.
6674.0,appetizer,"The restaurant is known for its creative appetizers, especially the miniature crab cakes."
6674.0,appetizer,"Since we weren't very hungry, we decided to just order a few appetizers and skip the entrees."
6674.0,appetizer,"For the party, I'm planning on serving a simple appetizer of cheese and crackers with grapes."
6674.0,appetizer,Could you please bring us the appetizer menu? We'd like to take a look before deciding.
6675.0,bait,He used worms as bait to catch the fish in the river.
6675.0,bait,Don't let their insults bait you into an argument; just ignore them.
6675.0,bait,The company offered a low introductory price as bait to attract new customers.
6675.0,bait,"The detective set a trap, using the stolen goods as bait for the thief."
6675.0,bait,"She knew he was trying to bait her, but she couldn't resist responding to his provocative comments."
6676.0,barley,"The farmer harvested a large field of barley this year, hoping for a good profit."
6676.0,barley,"My favorite winter soup includes pearl barley, carrots, and beef for a hearty meal."
6676.0,barley,Some people prefer to brew beer using barley malt instead of wheat.
6676.0,barley,"The ancient Egyptians used barley to make bread and beer, staples of their diet."
6676.0,barley,"We scattered barley seeds in the garden, hoping to attract birds to the area."
6677.0,beverage,"After a long hike, a cold beverage is incredibly refreshing."
6677.0,beverage,"The restaurant offers a wide selection of beverages, from sparkling water to handcrafted cocktails."
6677.0,beverage,"Please help yourself to a beverage from the cooler; there's juice, soda, and iced tea."
6677.0,beverage,The flight attendant came through the cabin offering passengers their choice of beverage.
6677.0,beverage,What's your favorite beverage to enjoy with a slice of pizza?
6678.0,crust,I usually leave the crust on my sandwiches because I like the texture.
6678.0,crust,"The pizza had a delicious, crispy crust that was perfectly baked."
6678.0,crust,He scraped the burnt crust off the top of the casserole before serving it.
6678.0,crust,The Earth's crust is composed of various tectonic plates that are constantly moving.
6678.0,crust,"She offered me a piece of the apple pie, emphasizing how flaky and buttery the crust was."
6679.0,leftover,I'm having leftover pizza for lunch today; it's surprisingly good cold.
6679.0,leftover,We used the leftover chicken from dinner to make chicken salad sandwiches.
6679.0,leftover,"Instead of throwing it away, could you please put the leftover rice in a container for later?"
6679.0,leftover,"The refrigerator is full of leftovers from the party, so we should probably eat them before they go bad."
6679.0,leftover,She creatively transformed the leftover roast beef into a delicious shepherd's pie.
6680.0,potluck,"We're having a potluck dinner next Friday, so please bring a dish to share."
6680.0,potluck,"The office potluck was a huge success, with a wide variety of homemade goodies."
6680.0,potluck,"Instead of a formal catered event, we decided to do a potluck for a more relaxed and budget-friendly atmosphere."
6680.0,potluck,I'm signing up to bring a dessert to the potluck; what kind of pie should I make?
6680.0,potluck,Don't worry about bringing anything fancy to the potluck – just something you enjoy making and sharing with others.
6681.0,seasoning,The chef recommended a blend of Italian seasoning for the pasta sauce.
6681.0,seasoning,"Don't forget the seasoning when you're grilling the chicken; a little salt, pepper, and garlic powder makes a big difference."
6681.0,seasoning,This soup is a little bland; it needs more seasoning to bring out the flavors.
6681.0,seasoning,She experimented with different seasonings until she found the perfect combination for her homemade chili.
6681.0,seasoning,Proper seasoning can elevate a simple dish to something truly special.
6682.0,altitude,"The pilot announced our cruising altitude would be 35,000 feet."
6682.0,altitude,"As we gained altitude, the temperature outside the plane dropped significantly."
6682.0,altitude,Mount Everest's extreme altitude makes climbing it a very challenging and dangerous feat.
6682.0,altitude,"The city of Denver is known for its high altitude, which can affect visitors not used to the thinner air."
6682.0,altitude,The researchers measured the plant's growth rate at various altitudes to determine its optimal growing conditions.
6683.0,density,The high density of traffic made it difficult to cross the street.
6683.0,density,We measured the density of the wood to determine if it would float.
6683.0,density,The city planners are trying to reduce population density in the downtown area.
6683.0,density,"The cake had a surprising density, considering how light and airy it looked."
6683.0,density,"The density of stars in that galaxy is so great that it appears as a bright, solid mass."
6684.0,diameter,"The pizza has a diameter of 12 inches, so it should be enough to share."
6684.0,diameter,We need to measure the diameter of the pipe before we can order a replacement.
6684.0,diameter,The telescope has a lens with a large diameter to gather more light from distant stars.
6684.0,diameter,Calculate the circumference of the circle if you know the diameter is 7 centimeters.
6684.0,diameter,The tree's diameter at chest height indicates that it's quite an old specimen.
6685.0,magnitude,"The earthquake's magnitude on the Richter scale was 7.2, causing significant damage."
6685.0,magnitude,I didn't fully grasp the magnitude of the problem until I saw the actual data.
6685.0,magnitude,The sheer magnitude of the universe is something that always leaves me in awe.
6685.0,magnitude,She underestimated the magnitude of the task and found herself overwhelmed.
6685.0,magnitude,Winning the lottery changed his life to a degree of magnitude he could never have imagined.
6686.0,maturity,Her maturity beyond her years was evident in the way she handled the difficult situation.
6686.0,maturity,The company is looking for employees with a high level of maturity and professionalism.
6686.0,maturity,Planting the seeds now will allow them to reach full maturity by the end of the summer.
6686.0,maturity,It takes a certain level of maturity to admit when you're wrong.
6686.0,maturity,The cheese needs to age for several months to reach its peak maturity and flavor.
6687.0,mileage,The car's excellent mileage makes it a great choice for long road trips.
6687.0,mileage,What kind of mileage are you getting with your new SUV?
6687.0,mileage,"Due to the constant stop-and-go traffic, the mileage on my car is terrible in the city."
6687.0,mileage,"Before buying a used car, it's important to check its mileage and overall condition."
6687.0,mileage,"To improve your gas mileage, try driving at a consistent speed and avoiding sudden acceleration."
6688.0,quart,I need to buy a quart of milk from the store on my way home.
6688.0,quart,"The recipe calls for a quart of chicken broth, so make sure you have enough."
6688.0,quart,He drank almost a quart of water after his intense workout.
6688.0,quart,We picked a quart of strawberries at the farm this morning.
6688.0,quart,"The mechanic said my car is leaking about a quart of oil every week, which is a serious problem."
6689.0,sublime,"The view from the mountaintop was sublime, a breathtaking panorama of valleys and peaks."
6689.0,sublime,"The music swelled to a sublime crescendo, leaving the audience speechless and emotionally moved."
6689.0,sublime,"She possessed a sublime talent for painting, capturing the essence of light and shadow with unparalleled skill."
6689.0,sublime,He found the experience of meditating in the ancient temple to be truly sublime and spiritually uplifting.
6689.0,sublime,The chef's mastery of flavors created a sublime dining experience that lingered long after the meal was finished.
6690.0,trifle,Don't trifle with important matters; focus on what truly requires your attention.
6690.0,trifle,A few minutes of delay is a trifle compared to the overall journey.
6690.0,trifle,I wouldn't worry about the spilled milk; it's just a trifle.
6690.0,trifle,She felt it was a trifle unfair that he got all the credit for the project.
6690.0,trifle,"He spent a trifle too much money on that new gadget, but he seems happy with it."
6691.0,airway,The paramedic worked quickly to clear the patient's airway after the accident.
6691.0,airway,Frequent upper respiratory infections can irritate the airway and cause chronic coughing.
6691.0,airway,"Pilots are trained to handle emergency situations, including loss of cabin pressure and ensuring passengers have access to an emergency airway."
6691.0,airway,The doctor ordered a chest X-ray to check for any obstructions in the airway.
6691.0,airway,Maintaining a clear airway is the first priority in CPR.
6692.0,axis,"The Earth rotates on its axis, causing day and night."
6692.0,axis,Negotiations between the two countries formed the central axis of the peace talks.
6692.0,axis,"When creating the graph, be sure to label both the x-axis and the y-axis clearly."
6692.0,axis,"The company's strategy shifted on its axis, focusing on renewable energy instead of fossil fuels."
6692.0,axis,The dancer maintained perfect balance while spinning around a vertical axis.
6693.0,birthplace,Stratford-upon-Avon is widely known as the birthplace of William Shakespeare.
6693.0,birthplace,"The museum dedicated to the artist's life is located in his birthplace, a small town in the mountains."
6693.0,birthplace,"Although she's lived abroad for many years, she still feels a strong connection to her birthplace."
6693.0,birthplace,Many tourists visit the birthplace of jazz in New Orleans every year.
6693.0,birthplace,"The politician often referenced his humble birthplace during his campaign speeches, hoping to connect with voters from similar backgrounds."
6694.0,buffet,We decided to go to the all-you-can-eat buffet for dinner because we were all really hungry.
6694.0,buffet,"The hotel offered a complimentary breakfast buffet with a wide variety of options, including pastries, fruit, and eggs."
6694.0,buffet,"He spent most of the party near the buffet table, sampling all the appetizers."
6694.0,buffet,"The strong winds buffeted the coastline, causing significant erosion."
6694.0,buffet,The news media was buffeted by accusations of bias from both sides of the political spectrum.
6695.0,bypass,"The new highway was built to bypass the congested city center, shortening travel times significantly."
6695.0,bypass,"If the security system fails, there's a manual override to bypass the electronic lock."
6695.0,bypass,He tried to bypass the company's official channels by going directly to the CEO with his proposal.
6695.0,bypass,"To bypass the long lines at the amusement park, we opted for the express pass."
6695.0,bypass,The software update includes a patch to bypass the known vulnerability in the previous version.
6696.0,cellar,We stored the Christmas decorations in the cellar to keep them safe from the summer heat.
6696.0,cellar,The old house had a dark and damp cellar that smelled faintly of mildew.
6696.0,cellar,"During the storm, we took shelter in the cellar, hoping the tornado wouldn't hit us."
6696.0,cellar,"He spent hours in his cellar, which he had converted into a wine cellar and tasting room."
6696.0,cellar,The plumber had to go down to the cellar to check the water pipes for leaks.
6697.0,churchyard,"The old churchyard was overgrown with weeds, making it difficult to read the tombstones."
6697.0,churchyard,Local children dared each other to run through the churchyard on Halloween night.
6697.0,churchyard,We took a shortcut through the churchyard to get to the market faster.
6697.0,churchyard,The churchyard provided a peaceful setting for quiet contemplation and reflection.
6697.0,churchyard,The ancient yew tree in the churchyard was said to be hundreds of years old.
6698.0,cloakroom,We left our coats and umbrellas in the cloakroom near the entrance.
6698.0,cloakroom,Is there a cloakroom where I can store my luggage while I attend the conference?
6698.0,cloakroom,The theater's cloakroom was surprisingly crowded before the show started.
6698.0,cloakroom,"After checking in, the receptionist directed me to the cloakroom to leave my belongings."
6698.0,cloakroom,He quickly ducked into the cloakroom to avoid being seen by his ex-girlfriend.
6699.0,compartment,I stored my laptop in the overhead compartment on the airplane.
6699.0,compartment,The glove compartment in my car is overflowing with old receipts and maps.
6699.0,compartment,Each student has their own compartment in the lab for storing their experimental samples.
6699.0,compartment,The train had comfortable seating and spacious luggage compartments.
6699.0,compartment,"She kept her jewelry in a small, velvet-lined compartment inside her dresser drawer."
6700.0,den,"The kids built a cozy den in the woods behind our house, complete with a roof of branches and leaves."
6700.0,den,"After a long day at work, all I wanted to do was curl up in my den with a good book and a cup of tea."
6700.0,den,"The bear retreated to its den for the winter, preparing for a long period of hibernation."
6700.0,den,My grandfather had a small den in his basement where he kept his woodworking tools and worked on his projects.
6700.0,den,"We decided to convert the unused spare room into a den, a comfortable space for watching movies and playing games."
6701.0,dormitory,The old dormitory was scheduled for demolition to make way for a new student union building.
6701.0,dormitory,"After a long day of classes, I just wanted to relax in my dormitory room and read a book."
6701.0,dormitory,Living in the dormitory helped me to make friends quickly since I was constantly surrounded by other students.
6701.0,dormitory,The resident advisor held a meeting in the dormitory common room to discuss upcoming events and address any concerns.
6701.0,dormitory,"Compared to the off-campus apartments, the dormitory was much more affordable, even with its basic amenities."
6702.0,enclosure,The zoo's gorilla enclosure is designed to mimic their natural habitat.
6702.0,enclosure,Please find the contract details in the email enclosure.
6702.0,enclosure,Farmers use fencing to create an enclosure for their livestock.
6702.0,enclosure,"The dog barked excitedly, pacing the perimeter of his enclosure."
6702.0,enclosure,The historical society is seeking funding to restore the old town's sheep enclosure.
6703.0,hostel,We decided to stay in a hostel in Amsterdam to save money on accommodation.
6703.0,hostel,"The hostel offered free walking tours of the city, which was a great way to see the sights."
6703.0,hostel,"Despite being a bit noisy, the hostel was clean and conveniently located near the train station."
6703.0,hostel,She met some interesting travelers from all over the world while staying at the hostel in Bangkok.
6703.0,hostel,"Before booking the hostel, I checked online reviews to make sure it had good security and a social atmosphere."
6704.0,intersection,The accident occurred at the intersection of Main Street and Elm Avenue.
6704.0,intersection,"There's a busy intersection just past the park, so be careful crossing the street."
6704.0,intersection,Our company's success lies at the intersection of innovation and customer service.
6704.0,intersection,The city council is considering installing a traffic light at that dangerous intersection.
6704.0,intersection,"He waited at the intersection, unsure which direction to take to reach his destination."
6705.0,junction,The accident occurred at the junction of Elm Street and Maple Avenue.
6705.0,junction,We need to install a traffic light at that dangerous junction.
6705.0,junction,"The hiking trail splits at the junction; one path leads to the waterfall, and the other to the summit."
6705.0,junction,"The railway junction was incredibly busy, with trains arriving and departing from multiple directions."
6705.0,junction,"Turn right at the next junction, and you'll see the library on your left."
6706.0,rim,"The waiter carefully poured the wine, filling the glass almost to the rim."
6706.0,rim,"He wore sunglasses with a thin, silver rim around the lenses."
6706.0,rim,"We watched the sun dip below the rim of the canyon, painting the sky with vibrant colors."
6706.0,rim,"The basketball bounced off the rim and out, much to the disappointment of the home crowd."
6706.0,rim,She decorated the rim of the margarita glass with salt before pouring in the drink.
6707.0,slot,"I managed to get a slot in the workshop, so I'll be learning about coding next week."
6707.0,slot,"The toaster has a wide slot, perfect for bagels and thick slices of bread."
6707.0,slot,They're hoping to fill the vacant slot on the committee with someone who has experience in finance.
6707.0,slot,Could you please insert the memory card into the correct slot on the side of the camera?
6707.0,slot,"The new schedule has created a time slot specifically for team collaboration, which should improve our efficiency."
6708.0,threshold,"She stood on the threshold of a new career, both excited and nervous about the possibilities ahead."
6708.0,threshold,The company's profits finally crossed the threshold into profitability after years of losses.
6708.0,threshold,"My pain tolerance has a low threshold, so I always feel discomfort intensely."
6708.0,threshold,We're nearing the threshold for triggering the emergency response system due to the rising river levels.
6708.0,threshold,"He hesitated at the threshold of the dark room, unsure of what he would find inside."
6709.0,vacancy,"The hotel had a vacancy, so we were able to get a room for the night."
6709.0,vacancy,Have you checked the company website for any job vacancies?
6709.0,vacancy,"There's a vacancy on the board of directors, and they're looking for someone with experience in finance."
6709.0,vacancy,"I'm hoping to find a rental with a vacancy soon, as my lease is up next month."
6709.0,vacancy,The landlord posted a sign in the window indicating a vacancy in the apartment building.
6710.0,aide,The senator's aide quickly gathered the necessary documents for the press conference.
6710.0,aide,"As a teacher's aide, she helps students with reading and writing assignments."
6710.0,aide,The presidential aide refused to comment on the ongoing investigation.
6710.0,aide,"He works as a personal aide, assisting an elderly gentleman with daily tasks."
6710.0,aide,The campaign manager relies heavily on his top aide for strategic planning and fundraising efforts.
6711.0,ancestry,Many people are interested in researching their ancestry to discover more about their family history.
6711.0,ancestry,The dog's ancestry can be traced back to ancient hunting breeds.
6711.0,ancestry,"Despite her American upbringing, she felt a strong connection to her Irish ancestry."
6711.0,ancestry,His distinguished ancestry included several prominent figures in the nation's history.
6711.0,ancestry,"The museum exhibit explored the diverse ancestry of the local population, highlighting the contributions of various cultural groups."
6712.0,bachelor,He's been a bachelor for so long that I doubt he'll ever get married.
6712.0,bachelor,The apartment building is popular with young bachelors because of its proximity to downtown.
6712.0,bachelor,"My uncle, a confirmed bachelor, enjoys traveling the world and pursuing his hobbies."
6712.0,bachelor,She threw a wild bachelorette party for her friend before she left behind her days as a single bachelor.
6712.0,bachelor,The bachelor auction raised a significant amount of money for the local charity.
6713.0,chap,"He's a good chap, always willing to lend a hand."
6713.0,chap,That chap at the bookstore helped me find exactly what I was looking for.
6713.0,chap,Some young chap was trying to sell me insurance on the street corner.
6713.0,chap,"Despite his gruff exterior, the old chap had a heart of gold."
6713.0,chap,"What a silly chap, wearing shorts in this weather!"
6714.0,clown,"He acted like a clown during the serious meeting, making inappropriate jokes."
6714.0,clown,The children were delighted by the clown's silly antics and balloon animals at the birthday party.
6714.0,clown,I felt like a complete clown when I tripped and spilled my coffee all over myself in front of everyone.
6714.0,clown,Don't be such a clown; take the situation seriously and offer a solution.
6714.0,clown,"The political commentator described the candidate's behavior as that of a clown, lacking substance and credibility."
6715.0,comrade,"The veteran addressed his fellow soldiers as ""comrades in arms,"" emphasizing the shared experiences they endured together."
6715.0,comrade,"Despite their political differences, they considered each other comrades in the fight for social justice."
6715.0,comrade,"In the old Soviet films, characters frequently referred to each other as ""comrade,"" reflecting the collectivist ideals of the time."
6715.0,comrade,The union leader called upon all comrades to stand strong and support the strike.
6715.0,comrade,"After years of working side-by-side, they developed a deep sense of camaraderie and considered each other close comrades."
6716.0,controller,I need to buy a new video game controller; mine is starting to drift.
6716.0,controller,The air traffic controller directed the plane to a different runway due to the strong crosswinds.
6716.0,controller,"She works as a financial controller for a large corporation, managing their budgets and expenses."
6716.0,controller,"Our smart home system uses a central controller to manage the lights, thermostat, and security system."
6716.0,controller,"He's usually calm and collected, but sometimes he can be a bit of a control freak, always wanting to be the controller of every situation."
6717.0,feeder,We need to refill the bird feeder; it's completely empty.
6717.0,feeder,"The river acts as a major feeder stream, supplying the lake with fresh water."
6717.0,feeder,"This small company is a major feeder to the larger tech corporation, providing them with innovative ideas and talent."
6717.0,feeder,The animal shelter is looking for volunteers to help with tasks like cleaning cages and filling food feeders.
6717.0,feeder,"He worked as a paper feeder on the printing press, ensuring a constant supply of sheets."
6718.0,forefather,We honor our forefathers for their courage and determination in establishing this nation.
6718.0,forefather,The historian dedicated his book to the forefathers of modern physics.
6718.0,forefather,Many of the traditions we celebrate today were passed down from our forefathers.
6718.0,forefather,It's important to understand the context in which our forefathers lived to fully appreciate their decisions.
6718.0,forefather,"My forefather, a blacksmith, immigrated to this country seeking a better life for his family."
6719.0,guardian,The child's legal guardian signed the permission slip for the field trip.
6719.0,guardian,"As a museum guardian, it's my responsibility to protect the artifacts from damage and theft."
6719.0,guardian,He felt like a guardian angel watching over his younger sister as she navigated college.
6719.0,guardian,"The organization serves as a guardian of the environment, advocating for responsible land use."
6719.0,guardian,"The ancient oak tree stood as a silent guardian of the valley, witnessing centuries of history."
6720.0,householder,The local council provides information packs to every householder about recycling and waste management.
6720.0,householder,"As a householder, you are responsible for maintaining the sidewalk in front of your property."
6720.0,householder,The insurance company offers special policies tailored to the needs of the average householder.
6720.0,householder,Many householders are turning to solar panels to reduce their energy bills and environmental impact.
6720.0,householder,The neighborhood watch program encourages every householder to be vigilant and report any suspicious activity.
6721.0,kin,"After the accident, his next of kin were notified immediately."
6721.0,kin,"She felt a special connection to her kin in Scotland, even though she had never met them."
6721.0,kin,The old woman had no kin left to inherit her estate.
6721.0,kin,"He treated everyone like kin, always offering a helping hand and a warm smile."
6721.0,kin,"The novel explores the complex relationships and loyalties within a large, extended kin group."
6722.0,landlord,"My landlord is raising the rent again next month, which is really frustrating."
6722.0,landlord,We need to call the landlord about the leaky faucet in the bathroom before it causes any serious damage.
6722.0,landlord,"Before signing the lease, make sure you understand your responsibilities and what the landlord is responsible for."
6722.0,landlord,"The landlord decided to sell the building, so all the tenants have to find new places to live."
6722.0,landlord,"Our landlord is very responsive; whenever we have an issue, he takes care of it quickly."
6723.0,mediator,The company hired a professional mediator to help resolve the dispute between the employees.
6723.0,mediator,"As a neutral mediator, she tried to find common ground that both sides could agree on during the negotiation."
6723.0,mediator,"My role as a mediator is to facilitate communication, not to impose a solution."
6723.0,mediator,The judge appointed a mediator to explore options for settling the case out of court.
6723.0,mediator,"Sometimes, a friend can act as a mediator to help you and your family member work through a disagreement."
6724.0,mover,"He's a real go-getter, a mover and shaker in the local business community."
6724.0,mover,We hired a professional mover to help us transport our belongings across the country.
6724.0,mover,"That scene in the movie was a real tear-jerker, a true heart-mover."
6724.0,mover,The company is looking for a marketing manager who can be a key mover in launching new products.
6724.0,mover,"She's been a quiet mover behind the scenes, orchestrating the entire fundraising campaign with impressive efficiency."
6725.0,optimist,"Even when facing setbacks, the optimist always sees a silver lining and believes things will eventually improve."
6725.0,optimist,"My friend is such an optimist; she's already planning her summer vacation, even though it's only January."
6725.0,optimist,"While I tend to be more of a realist, my sister is a true optimist, always looking on the bright side."
6725.0,optimist,"You have to be an optimist to start a small business, especially in a competitive market."
6725.0,optimist,"Despite the gloomy economic forecasts, the company president remained an optimist, assuring employees that they would weather the storm."
6726.0,patriot,"He was a true patriot, dedicating his life to serving his country."
6726.0,patriot,"Some critics argue that blind loyalty isn't patriotism, but rather nationalism."
6726.0,patriot,"The mayor gave a speech honoring the local veterans, praising their patriotism and sacrifice."
6726.0,patriot,"Despite disagreeing with certain policies, she considers herself a patriot who wants the best for her nation."
6726.0,patriot,The flag-waving crowd showed their patriotism during the Independence Day parade.
6727.0,payer,The insurance company acted as the payer for her medical bills after the accident.
6727.0,payer,"As the primary payer for the family's expenses, he carefully managed the budget."
6727.0,payer,The new system aims to streamline the process for payers to reimburse healthcare providers.
6727.0,payer,We need to identify the payer responsible for the outstanding invoice before proceeding.
6727.0,payer,"The payer disputed the charges, claiming they were not medically necessary."
6728.0,pessimist,My uncle is such a pessimist; he always expects the worst-case scenario.
6728.0,pessimist,Even the optimist in the group had to admit that the pessimist's concerns about the project's timeline were valid.
6728.0,pessimist,Don't be such a pessimist! Things might actually work out better than you think.
6728.0,pessimist,"The company's CEO, a known pessimist, predicted a significant downturn in the market."
6728.0,pessimist,"While I try to be realistic, my friend often accuses me of being a pessimist because I tend to focus on potential problems."
6729.0,refree,"The referee blew the whistle, signaling the end of the first half."
6729.0,refree,Do you think the referee made the right call on that penalty?
6729.0,refree,The players were arguing with the referee about the offside decision.
6729.0,refree,"As a referee, it's important to remain impartial and enforce the rules fairly."
6729.0,refree,The crowd was booing the referee after he ejected the star player.
6730.0,seeker,She described herself as a lifelong seeker of knowledge and truth.
6730.0,seeker,The company is a constant seeker of innovative solutions to environmental problems.
6730.0,seeker,Many spiritual seekers travel to India in search of enlightenment.
6730.0,seeker,"He was a seeker of adventure, always looking for new and exciting experiences."
6730.0,seeker,Our HR department is a seeker of talented individuals to join our growing team.
6731.0,striker,The team desperately needs a prolific striker who can consistently find the back of the net.
6731.0,striker,"Our star striker suffered a nasty injury during the match, and we're worried he'll be out for several weeks."
6731.0,striker,"The coach is experimenting with a new formation, playing two strikers up front instead of just one."
6731.0,striker,"Despite being a relatively unknown striker, he managed to score a hat-trick in his debut game."
6731.0,striker,"Negotiations with the striker's agent broke down, so it's unlikely he'll be signing with our club."
6732.0,supplier,Our company is looking for a reliable supplier of organic cotton for our new clothing line.
6732.0,supplier,We had to switch suppliers because the previous one consistently delivered late.
6732.0,supplier,"The restaurant prides itself on using only the freshest ingredients, sourced from local suppliers."
6732.0,supplier,"Before signing the contract, we need to thoroughly vet the potential supplier's financial stability and production capacity."
6732.0,supplier,The automotive industry relies on a complex network of suppliers to provide all the necessary components for vehicle assembly.
6733.0,teller,The bank teller efficiently processed my deposit and provided a receipt.
6733.0,teller,"He was a gifted storyteller, a teller of tales that captivated audiences of all ages."
6733.0,teller,"In the olden days, the village teller would share news and gossip while people gathered at the well."
6733.0,teller,I worked as a teller at the credit union during my summer break from college.
6733.0,teller,The tarot card teller said I would experience a significant change in my career soon.
6734.0,tradesman,"My grandfather was a skilled tradesman, working as a carpenter for over 40 years."
6734.0,tradesman,"Finding a reliable tradesman for plumbing repairs can be difficult, so I always ask for recommendations."
6734.0,tradesman,The new housing development is creating a high demand for tradesman like electricians and bricklayers.
6734.0,tradesman,"She decided to become a tradesman after high school, enrolling in a vocational program to learn welding."
6734.0,tradesman,"The local tradesman's association offers training and support to its members, helping them stay up-to-date on the latest industry standards."
6735.0,traitor,Benedict Arnold is widely considered one of the most infamous traitors in American history.
6735.0,traitor,"The king's inner circle suspected that one of them was a traitor, leaking information to the enemy forces."
6735.0,traitor,He was branded a traitor after he publicly denounced the party's policies and joined the opposition.
6735.0,traitor,"Some argue that Edward Snowden is a whistleblower, while others believe he is a traitor who endangered national security."
6735.0,traitor,She felt like a traitor to her family when she decided to move across the country for a new job.
6736.0,bedding,We need to buy new bedding for the guest room before my parents arrive.
6736.0,bedding,The pet store sells a variety of bedding for hamsters and guinea pigs.
6736.0,bedding,She spent the afternoon washing all the bedding and airing out the mattresses.
6736.0,bedding,Good quality bedding can make a huge difference in the quality of your sleep.
6736.0,bedding,"The hotel provides luxurious bedding, including a down comforter and high thread count sheets."
6737.0,brochure,I picked up a brochure at the visitor center that details all the hiking trails in the area.
6737.0,brochure,Could you please grab a brochure about the new insurance plans from the reception desk?
6737.0,brochure,The travel agent gave us a glossy brochure showcasing the luxury resorts in the Bahamas.
6737.0,brochure,"After the presentation, they handed out a brochure outlining the company's sustainability initiatives."
6737.0,brochure,We need to update the brochure with the latest pricing and product specifications.
6738.0,cardboard,We used cardboard boxes to pack up all of our books before moving.
6738.0,cardboard,The homeless man slept on a piece of cardboard to protect himself from the cold pavement.
6738.0,cardboard,My daughter is building a castle out of cardboard and tape for her toys.
6738.0,cardboard,"The cereal box is made of cardboard, so it can be recycled easily."
6738.0,cardboard,The antique shop used cardboard to protect the corners of the furniture during shipping.
6739.0,cartridge,I need to buy a new ink cartridge for my printer; this one is completely empty.
6739.0,cartridge,He blew the dust off the old video game cartridge before inserting it into the console.
6739.0,cartridge,The police found a spent bullet cartridge near the scene of the crime.
6739.0,cartridge,My grandfather still collects antique shotgun cartridges and displays them in a glass case.
6739.0,cartridge,The water filter uses a replaceable cartridge that needs to be changed every six months.
6740.0,chariot,The ancient Romans used chariots in warfare and for racing entertainment.
6740.0,chariot,"In the movie, the hero rode a chariot pulled by magnificent white horses."
6740.0,chariot,"Figurines of chariots and horses were found in the archaeological dig, suggesting the importance of this mode of transport in the culture."
6740.0,chariot,"She imagined herself as a queen, riding in a golden chariot through the cheering crowds."
6740.0,chariot,The chariot race scene was the most exciting part of the historical drama.
6741.0,coffin,"The antique shop had a dusty old coffin in the back, probably used for theatrical props."
6741.0,coffin,"He felt like he was trapped in a coffin, the small room closing in on him."
6741.0,coffin,The pallbearers struggled to carry the heavy coffin up the steep steps of the church.
6741.0,coffin,"After the service, the family gathered around the coffin for a final goodbye."
6741.0,coffin,The horror movie featured a vampire rising from his coffin on a stormy night.
6742.0,complement,The red wine perfectly complements the rich flavors of the steak.
6742.0,complement,Her bright scarf was the perfect complement to her simple black dress.
6742.0,complement,"The new software is designed to complement our existing workflow, not replace it."
6742.0,complement,Volunteering at the animal shelter is a great complement to my regular studies; it helps me relax and de-stress.
6742.0,complement,"The architect added a modern extension to the historic building, carefully ensuring it would complement the original design."
6743.0,crumb,I brushed the crumbs off the table after lunch.
6743.0,crumb,There was a crumb of chocolate cake stuck to the corner of his mouth.
6743.0,crumb,The birds were pecking at the crumbs we left on the patio.
6743.0,crumb,She carefully collected every last crumb to avoid attracting ants.
6743.0,crumb,He offered her a crumb of comfort after she received the bad news.
6744.0,crutch,"After breaking his leg, he had to rely on a crutch to get around for several weeks."
6744.0,crutch,Many people use social media as a crutch to avoid dealing with real-life interactions.
6744.0,crutch,The government's economic policies are often seen as a temporary crutch rather than a long-term solution.
6744.0,crutch,"He felt that his reliance on caffeine had become a crutch, hindering his natural energy levels."
6744.0,crutch,"Lacking confidence, she used humor as a crutch in social situations, deflecting attention from her insecurities."
6745.0,fabric,The dress was made from a beautiful silk fabric.
6745.0,fabric,"The tailor examined the fabric closely, looking for any imperfections."
6745.0,fabric,The very fabric of our society is being threatened by misinformation.
6745.0,fabric,I need to choose a durable fabric for the upholstery project.
6745.0,fabric,"The store has a wide selection of fabrics, from cotton to velvet."
6746.0,fringe,The experimental theater group operates on the fringe of the city's art scene.
6746.0,fringe,She wore a jacket with a long fringe along the bottom.
6746.0,fringe,These beliefs are on the fringe of mainstream political thought.
6746.0,fringe,He enjoys attending fringe festivals to discover new and unconventional performances.
6746.0,fringe,"The park is located on the fringe of the forest, offering beautiful views."
6747.0,furnace,The old furnace rattled and groaned as it struggled to heat the house.
6747.0,furnace,We need to schedule a maintenance check for the furnace before winter arrives.
6747.0,furnace,"The air from the vents smelled strange, so I suspect there might be a problem with the furnace filter."
6747.0,furnace,The blacksmith used a high-temperature furnace to melt the metal for his creations.
6747.0,furnace,Switching to a more energy-efficient furnace significantly lowered our heating bills.
6748.0,grease,He used a generous amount of grease to lubricate the squeaky door hinges.
6748.0,grease,The mechanic had grease smeared all over his hands after working on the engine.
6748.0,grease,I accidentally dropped some bacon grease on my shirt and now it has a stubborn stain.
6748.0,grease,Don't forget to grease the baking pan before pouring in the cake batter to prevent it from sticking.
6748.0,grease,The politician's success was partly due to his ability to grease the wheels of bureaucracy.
6749.0,handicraft,The local market is a great place to find unique handicraft items like woven baskets and pottery.
6749.0,handicraft,"She learned the art of leather handicraft from her grandmother, who had been a skilled artisan for decades."
6749.0,handicraft,The museum's exhibit showcased the diverse range of handicraft traditions from different regions of the country.
6749.0,handicraft,"Despite the rise of mass-produced goods, there's still a strong demand for authentic, handmade handicraft."
6749.0,handicraft,He supplemented his income by selling his wood-carved handicraft at craft fairs and online.
6750.0,hearth,"The family gathered around the hearth, sharing stories and sipping hot cocoa on the cold winter evening."
6750.0,hearth,"The old woman carefully tended to the fire in the hearth, ensuring it provided warmth and light to her small cottage."
6750.0,hearth,"For centuries, the hearth has been a symbol of home, family, and the center of domestic life."
6750.0,hearth,"Though they lived in a modern apartment building, she still longed for the comfort and warmth of a traditional hearth."
6750.0,hearth,"The archaeologist discovered remnants of an ancient hearth, providing valuable clues about the daily lives of the people who once lived there."
6751.0,hive,"The beekeeper carefully approached the hive, hoping to collect honey without disturbing the bees."
6751.0,hive,Silicon Valley is often described as a hive of innovation and entrepreneurial activity.
6751.0,hive,We need to find the wasp hive before someone gets stung.
6751.0,hive,"The detective followed the suspect, hoping he would lead them back to the hive of criminal activity."
6751.0,hive,My allergies flared up after I accidentally walked too close to a bee hive.
6752.0,hurdle,The biggest hurdle to starting my own business is securing enough funding.
6752.0,hurdle,"Despite the initial hurdles, the project was ultimately a success."
6752.0,hurdle,"She effortlessly cleared every hurdle in the race, setting a new personal best."
6752.0,hurdle,"Learning a new language presents many hurdles, but it's a rewarding experience."
6752.0,hurdle,He had to overcome several personal hurdles before he could focus on his career.
6753.0,indicator,The unemployment rate is often used as an indicator of the overall health of the economy.
6753.0,indicator,A drop in blood pressure can be an indicator of dehydration or other underlying health issues.
6753.0,indicator,The rising popularity of electric vehicles is a clear indicator that consumers are becoming more environmentally conscious.
6753.0,indicator,The stock market is not always a reliable indicator of future economic performance.
6753.0,indicator,The fuel gauge is a simple indicator that tells you how much gasoline is left in the tank.
6754.0,jug,Could you please fill this jug with water from the tap?
6754.0,jug,She poured the lemonade from the glass jug into individual cups for everyone.
6754.0,jug,"The antique shop had a beautiful ceramic jug on display, priced quite high."
6754.0,jug,"He emptied the entire jug of milk into the cereal bowl, much to my surprise."
6754.0,jug,"After the tennis match, we shared a refreshing jug of iced tea on the patio."
6755.0,knob,"He tried turning the volume knob, but the music was still too loud."
6755.0,knob,"The old radio had a large, ornate knob for tuning into different stations."
6755.0,knob,Loosening the drawer knob allowed me to finally pull it open.
6755.0,knob,"She accidentally bumped the temperature knob on the oven, and the cake started to burn."
6755.0,knob,The doorknob was cold to the touch on that winter morning.
6756.0,leaflet,I picked up a leaflet about the local farmers market while I was at the library.
6756.0,leaflet,The charity volunteers were handing out leaflets on the street corner to raise awareness about their cause.
6756.0,leaflet,Could you grab a leaflet from the reception desk that explains the different membership options?
6756.0,leaflet,The estate agent gave us a glossy leaflet showcasing the new housing development.
6756.0,leaflet,"Before you decide on a tour, take a look at this leaflet; it has all the prices and itineraries."
6757.0,outfit,She spent ages choosing the perfect outfit for the party.
6757.0,outfit,"That hiking outfit looks really practical, with all those pockets."
6757.0,outfit,He felt out of place in his casual outfit at the formal dinner.
6757.0,outfit,The store specializes in creating stylish outfits for young professionals.
6757.0,outfit,I need to plan my outfit for the job interview tomorrow – something professional but comfortable.
6758.0,pail,The child carried a small pail filled with sand from the beach.
6758.0,pail,He used a pail to collect water from the well for watering the garden.
6758.0,pail,The painter dipped his brush into the pail of white paint.
6758.0,pail,"After milking the cows, she carefully carried the heavy pail of milk into the kitchen."
6758.0,pail,We need to buy a new mop and pail to clean the floors properly.
6759.0,peddle,"He tried to peddle his homemade crafts at the local farmers market, but business was slow."
6759.0,peddle,The politician was accused of peddling false information to sway public opinion.
6759.0,peddle,I don't trust anyone who tries to peddle get-rich-quick schemes online.
6759.0,peddle,"Back in the day, traveling salesmen used to peddle their wares from door to door."
6759.0,peddle,The company was fined for peddling misleading health supplements with unsubstantiated claims.
6760.0,peg,I need to buy some wooden pegs to hang up the laundry outside.
6760.0,peg,The project's success seems to peg on securing this crucial funding.
6760.0,peg,"He's always trying to peg me as the guilty one, even when I'm innocent."
6760.0,peg,The price of oil is often pegged to the value of the US dollar.
6760.0,peg,She used a small peg to keep the door from swinging shut in the wind.
6761.0,pottery,She enjoys taking pottery classes at the community center every Tuesday evening.
6761.0,pottery,"The museum has a fascinating collection of ancient Greek pottery, showcasing their artistic skills."
6761.0,pottery,We bought a beautiful piece of pottery at the craft fair to use as a decorative bowl in the living room.
6761.0,pottery,"The archaeologist carefully brushed away the dirt, revealing fragments of broken pottery that offered clues about the past."
6761.0,pottery,Making pottery on a wheel requires a lot of patience and practice to get the shape just right.
6762.0,pouch,She kept her spare change in a small leather pouch attached to her keychain.
6762.0,pouch,The kangaroo protectively carried her joey in her pouch.
6762.0,pouch,I always carry a first-aid pouch in my backpack when I go hiking.
6762.0,pouch,He packed a pouch of tobacco for his pipe before settling down by the fire.
6762.0,pouch,The company sent out a sample pouch of their new organic dog food.
6763.0,rake,I need to rake the leaves in the backyard before it snows.
6763.0,rake,"He made a fortune in the stock market, but some people say he's willing to rake in profits at any cost."
6763.0,rake,The gardener used a special metal rake to smooth out the gravel path.
6763.0,rake,"She ran her fingers through his hair, leaving a slight rake mark."
6763.0,rake,The scandal threatened to rake up old accusations that the politician had hoped were long forgotten.
6764.0,rein,The government needs to rein in spending if they want to balance the budget.
6764.0,rein,"After a few initial successes, the company struggled to rein in its rapid expansion and maintain quality."
6764.0,rein,She had to rein in her temper when the customer started shouting at her.
6764.0,rein,The coach told the players to rein in their enthusiasm and focus on the game plan.
6764.0,rein,He took the reins of the family business after his father's retirement.
6765.0,roller,She used a paint roller to quickly cover the large living room wall with a fresh coat of white paint.
6765.0,roller,"The chef demonstrated how to use a rolling pin, which is a type of roller, to flatten the pizza dough perfectly."
6765.0,roller,My grandmother still uses hair rollers to get that classic curly hairstyle she's always loved.
6765.0,roller,The amusement park is adding a new roller coaster that promises to be the fastest and tallest in the state.
6765.0,roller,He injured his ankle while roller skating and now has to wear a supportive brace.
6766.0,rug,We need to buy a new rug for the living room; the old one is starting to fray around the edges.
6766.0,rug,"The cat loves to nap on the soft, fluffy rug in front of the fireplace."
6766.0,rug,Be careful not to trip on the rug; it's a little uneven where it meets the hardwood floor.
6766.0,rug,The antique rug in the hallway is a family heirloom and is quite valuable.
6766.0,rug,She used the vacuum cleaner to get all the crumbs and dirt out of the rug after the party.
6767.0,shaft,"The elevator shaft was surprisingly narrow, making it difficult for the workers to maneuver."
6767.0,shaft,"Sunlight streamed down the mine shaft, illuminating the dust particles dancing in the air."
6767.0,shaft,He felt like he'd been given the shaft when his boss passed him over for the promotion.
6767.0,shaft,"The golf club's shaft was made of lightweight graphite, allowing for a faster swing speed."
6767.0,shaft,The supporting shaft of the windmill needed to be replaced as it had begun to show signs of wear and tear.
6768.0,specimen,The museum curator carefully examined the rare butterfly specimen under a magnifying glass.
6768.0,specimen,Doctors sent a urine specimen to the lab to test for infection.
6768.0,specimen,"This plant is a particularly robust specimen of its species, thriving even in poor soil."
6768.0,specimen,The geologist collected a rock specimen from the excavation site for further analysis.
6768.0,specimen,"Before the auction, experts authenticated the painting, declaring it a genuine specimen from the artist's early period."
6769.0,spike,There was a sudden spike in gas prices after the hurricane hit the Gulf Coast.
6769.0,spike,She tripped on a metal spike sticking out of the old wooden fence.
6769.0,spike,The company's stock price saw a significant spike following the announcement of their new product.
6769.0,spike,"To secure the tent, be sure to firmly hammer each spike into the ground."
6769.0,spike,My blood sugar levels spike dramatically if I eat too many sweets.
6770.0,spoke,He spoke eloquently about the need for environmental conservation.
6770.0,spoke,"The wheel's spoke was broken, making it difficult to ride the bicycle."
6770.0,spoke,"Although she was nervous, she spoke confidently during the presentation."
6770.0,spoke,"No one spoke out against the proposal, so it was approved unanimously."
6770.0,spoke,The lawyer spoke with the witness before the trial began.
6771.0,spur,The company's recent success should spur them to invest in further research and development.
6771.0,spur,"He used his heels to spur the horse forward, urging it to run faster."
6771.0,spur,The article served as a spur for me to finally start writing my own novel.
6771.0,spur,Rising energy prices are acting as a spur to the development of alternative fuel sources.
6771.0,spur,"Sometimes, a little friendly competition is all you need to spur you on to achieve your goals."
6772.0,staple,"Rice is a staple food in many Asian countries, providing a significant source of carbohydrates."
6772.0,staple,"The office supply closet always needs to be stocked with staples, paper clips, and pens."
6772.0,staple,"Her wardrobe consists of a few staple pieces, like a little black dress and a well-fitting blazer, that she can dress up or down."
6772.0,staple,"The band's live performances have become a staple of the local music scene, drawing crowds every weekend."
6772.0,staple,"Unfortunately, the stapler ran out of staples right when I needed to bind this important document."
6773.0,stapler,Could you please pass me the stapler? I need to fasten these documents together.
6773.0,stapler,"The office supply closet is out of staples, so the stapler is essentially useless right now."
6773.0,stapler,I accidentally stapled my finger while trying to quickly fix the presentation handouts with the stapler.
6773.0,stapler,"Before submitting your report, make sure to use the stapler to neatly bind all the pages."
6773.0,stapler,He slammed the stapler down on the desk in frustration after it jammed for the third time.
6774.0,stopper,I need a rubber stopper for this Erlenmeyer flask to prevent evaporation.
6774.0,stopper,The old wine bottle had a cork stopper that was difficult to remove.
6774.0,stopper,"He acted as a stopper on the team, preventing the other players from arguing and keeping them focused."
6774.0,stopper,The sink wouldn't drain because the stopper was stuck in the closed position.
6774.0,stopper,She used a decorative crystal stopper for her perfume bottle.
6775.0,strand,A single strand of hair fell across her forehead as she read.
6775.0,strand,The hikers were stranded on the mountain when the weather turned unexpectedly bad.
6775.0,strand,I found a beautiful strand of pearls at the antique market.
6775.0,strand,Don't let a minor disagreement strand your friendship.
6775.0,strand,Scientists are studying a specific strand of DNA to understand the genetic basis of the disease.
6776.0,submarine,The documentary explored the dangers faced by sailors aboard a nuclear submarine.
6776.0,submarine,Scientists used a remotely operated submarine to explore the deep-sea coral reefs.
6776.0,submarine,He always dreamed of joining the Navy and serving on a submarine.
6776.0,submarine,The old war movie featured a thrilling chase scene between a destroyer and a German U-boat submarine.
6776.0,submarine,The children were fascinated by the model submarine at the maritime museum.
6777.0,textile,The museum has a fascinating exhibit on the history of textile production in the region.
6777.0,textile,She chose a beautiful silk textile to make a flowing summer dress.
6777.0,textile,The company specializes in the design and manufacture of high-performance textiles for the automotive industry.
6777.0,textile,"This textile is incredibly durable and resistant to tearing, making it ideal for outdoor use."
6777.0,textile,We need to analyze the fiber content of the textile to determine its suitability for dyeing.
6778.0,timer,Set the timer for 20 minutes so we don't overcook the lasagna.
6778.0,timer,I need to buy a kitchen timer; I keep burning my toast.
6778.0,timer,The bomb disposal expert carefully examined the timer on the device.
6778.0,timer,"The runner glanced at the timer, pushing himself harder to beat his personal record."
6778.0,timer,"Our presentation is only five minutes long, so the speaker will use a timer to stay on schedule."
6779.0,valve,The plumber had to replace the faulty valve to stop the leaking pipe.
6779.0,valve,Make sure to close the gas valve completely before starting any repairs.
6779.0,valve,"The heart valve replacement surgery was successful, and the patient is recovering well."
6779.0,valve,This engine features a new valve design for improved efficiency.
6779.0,valve,He adjusted the pressure relief valve to prevent the system from over-pressurizing.
6780.0,wallpaper,"We decided to remove the old, floral wallpaper and paint the living room a modern gray."
6780.0,wallpaper,"Hanging wallpaper can be tricky, especially if you're trying to match the patterns at the seams."
6780.0,wallpaper,"She spent hours browsing online, trying to find the perfect wallpaper for her daughter's nursery."
6780.0,wallpaper,"The landlord wouldn't let us paint the walls, so we used removable wallpaper instead."
6780.0,wallpaper,"The vintage wallpaper in the hallway gave the old house a charming, albeit slightly faded, elegance."
6781.0,ware,"The hardware store stocks a wide variety of kitchenware, from pots and pans to baking dishes."
6781.0,ware,Be careful when handling the glassware; it's quite delicate and easily broken.
6781.0,ware,The museum has a fascinating collection of ancient pottery ware from various civilizations.
6781.0,ware,We need to purchase some new software to manage our customer database more efficiently.
6781.0,ware,The company specializes in the manufacture of custom metalware for industrial applications.
6782.0,yarn,She bought a skein of bright red yarn to knit a scarf for her daughter.
6782.0,yarn,Grandma always had a basket filled with colorful yarn for her various knitting projects.
6782.0,yarn,"He spun a long yarn about his adventures in the jungle, but I suspect he was exaggerating."
6782.0,yarn,"The cat loved to play with the loose end of the yarn, chasing it all over the living room."
6782.0,yarn,I'm looking for a specific type of yarn that is both soft and durable for making baby blankets.
6783.0,advantageous,"Taking the early train would be advantageous, as it would allow us to avoid the rush hour traffic."
6783.0,advantageous,Investing in renewable energy is not only environmentally responsible but also financially advantageous in the long run.
6783.0,advantageous,Negotiating a longer payment plan proved advantageous for the company's cash flow.
6783.0,advantageous,Her fluency in multiple languages was highly advantageous during her international travels and business dealings.
6783.0,advantageous,"From a strategic standpoint, positioning the new store closer to the university would be advantageous for attracting a younger clientele."
6784.0,centered,The discussion was centered around the company's new marketing strategy.
6784.0,centered,Her life is centered on her family and her work.
6784.0,centered,The town is centered in a valley surrounded by rolling hills.
6784.0,centered,The photo shows the subject perfectly centered in the frame.
6784.0,centered,This community project is centered on providing resources for underprivileged children.
6785.0,hind,"The deer bounded away, its white tail flashing as it disappeared into the woods, its hind legs propelling it forward."
6785.0,hind,The butcher carefully separated the hind quarter of beef from the rest of the carcass.
6785.0,hind,Many people prefer the flavor of lamb from the hind saddle.
6785.0,hind,Researchers are studying the muscle development in the hind limbs of tadpoles to understand the evolution of legs.
6785.0,hind,"He felt a sharp pain in his hind leg after the fall, and suspected he might have pulled a muscle."
6786.0,identical,"The two suspects gave identical descriptions of the getaway car, which helped solidify the case."
6786.0,identical,"My sister and I bought identical dresses for the party, but in different colors."
6786.0,identical,"Although they are twins, their personalities are far from identical."
6786.0,identical,"After careful analysis, the fingerprints found at the scene were proven to be identical to the suspect's."
6786.0,identical,"The software detected that two files contained identical code, suggesting a potential case of plagiarism."
6787.0,lofty,"The company set some lofty goals for the next quarter, including expanding into new markets and increasing revenue by 20%."
6787.0,lofty,"From the mountain peak, we had a lofty view of the valley stretching out below us."
6787.0,lofty,"He dismissed the concerns of his colleagues as unimportant, taking a lofty and condescending tone."
6787.0,lofty,Her lofty ambitions of becoming a world-renowned surgeon required years of dedication and sacrifice.
6787.0,lofty,The cathedral's lofty ceilings and stained-glass windows created a sense of awe and reverence.
6788.0,premier,"The city is home to several premier restaurants, known for their exquisite cuisine and impeccable service."
6788.0,premier,"As the premier of the province, she announced a new initiative to support local businesses."
6788.0,premier,"This museum boasts a premier collection of Impressionist art, attracting visitors from around the world."
6788.0,premier,The team is hoping to secure a spot in the premier league next season after a series of impressive wins.
6788.0,premier,"He is considered the premier expert in his field, often sought after for his insightful analysis and groundbreaking research."
6789.0,respective,The students went to their respective classrooms after the assembly.
6789.0,respective,The bride and groom thanked their respective families for their support.
6789.0,respective,Each department head will present their respective budget proposals at the meeting.
6789.0,respective,Please place the books in their respective sections on the shelves.
6789.0,respective,"The athletes lined up on the track, ready to begin their respective races."
6790.0,roundabout,"Instead of taking the direct route, we had to go the roundabout way because of construction."
6790.0,roundabout,The new roundabout seems to be easing traffic flow in the city center.
6790.0,roundabout,"She asked a roundabout question, trying to figure out my opinion without revealing hers."
6790.0,roundabout,"He gave a roundabout explanation, avoiding the main point of the argument."
6790.0,roundabout,"To get to the bakery, take the second exit at the roundabout near the park."
6791.0,uphill,"After the initial success, it was all uphill from there – our profits steadily increased."
6791.0,uphill,"The hike started easily enough, but soon we were struggling on an uphill climb."
6791.0,uphill,"Getting the project approved was an uphill battle, but we finally managed to convince the board."
6791.0,uphill,He faced an uphill task in trying to change the company's outdated policies.
6791.0,uphill,"The cyclist powered uphill, determined to reach the summit before sunset."
6792.0,vertical,The rock climber carefully ascended the vertical cliff face.
6792.0,vertical,The architect designed the building with strong vertical lines to emphasize its height.
6792.0,vertical,We need to adjust the blinds to block the harsh afternoon sun; make sure the slats are in a vertical position.
6792.0,vertical,The artist created a stunning abstract painting with bold strokes of color in a vertical arrangement.
6792.0,vertical,"The gardener trained the ivy to grow vertically up the trellis, creating a green wall."
6793.0,conceptual,"The artist's work is highly conceptual, often challenging viewers to think beyond the surface."
6793.0,conceptual,"Before starting the project, we need to develop a conceptual framework to guide our research."
6793.0,conceptual,"While he understood the practical aspects, he struggled with the more conceptual elements of the course."
6793.0,conceptual,"The architect presented a conceptual design for the new museum, focusing on the overall aesthetic and flow."
6793.0,conceptual,Understanding the conceptual difference between correlation and causation is crucial for data analysis.
6794.0,cultivated,"He cultivated a close relationship with his mentor, seeking advice and guidance whenever possible."
6794.0,cultivated,The fertile land was carefully cultivated for growing organic vegetables.
6794.0,cultivated,Her cultivated taste in art was evident in the sophisticated pieces she chose for her home.
6794.0,cultivated,"Through years of dedicated practice, she cultivated an impressive talent for playing the piano."
6794.0,cultivated,The company cultivated a positive image by supporting local charities and community events.
6795.0,knowledgeable,Our librarian is incredibly knowledgeable about rare books and their history.
6795.0,knowledgeable,"For advice on investing, it's best to speak with someone knowledgeable in the financial markets."
6795.0,knowledgeable,The professor was so knowledgeable that he could answer any question the students threw at him.
6795.0,knowledgeable,"Although she was new to the team, she quickly became knowledgeable about the company's products and services."
6795.0,knowledgeable,"Before embarking on a challenging hike, it's crucial to be knowledgeable about the terrain and potential hazards."
6796.0,linguistic,The professor specialized in linguistic analysis of ancient texts.
6796.0,linguistic,Her linguistic skills allowed her to quickly learn several foreign languages.
6796.0,linguistic,We need to consider the linguistic implications of this new terminology before widespread adoption.
6796.0,linguistic,The study explored the linguistic differences between dialects spoken in different regions of the country.
6796.0,linguistic,"Despite sharing a common ancestor, the two languages have undergone significant linguistic divergence over the centuries."
6797.0,papal,The museum displayed a collection of papal artifacts from the Vatican archives.
6797.0,papal,Negotiations between the government and the papal nuncio are ongoing to address the religious freedom concerns.
6797.0,papal,Many believe the Pope's recent statements signal a shift in papal policy on environmental issues.
6797.0,papal,The Swiss Guard is responsible for the safety and security of the Pope and the papal residence.
6797.0,papal,Historians debate the extent of papal influence during the medieval period.
6798.0,stylistic,"The director's stylistic choices, such as the use of slow-motion and unconventional camera angles, really set the film apart."
6798.0,stylistic,"While the essay was well-researched, it suffered from a lack of stylistic flair, making it somewhat dry to read."
6798.0,stylistic,"Different authors have distinct stylistic signatures, which can sometimes be used to identify anonymous works."
6798.0,stylistic,"The new apartment building incorporates several stylistic elements from the Art Deco period, including geometric patterns and metallic accents."
6798.0,stylistic,"Although the singer's vocal performance was technically perfect, some critics felt it lacked the stylistic nuances that would have made it truly memorable."
6799.0,theoretical,"While the new drug shows promise in theoretical models, we need more clinical trials to confirm its effectiveness."
6799.0,theoretical,"Her research is highly theoretical, focusing on abstract concepts rather than practical applications."
6799.0,theoretical,"The company's projected profits are based on a theoretical best-case scenario, which may not reflect reality."
6799.0,theoretical,"From a theoretical standpoint, time travel might be possible, but the practical implications are currently insurmountable."
6799.0,theoretical,"The course covered a lot of theoretical physics, but I wish there had been more hands-on experiments."
6800.0,barefoot,"She loves to walk barefoot on the beach, feeling the cool sand between her toes."
6800.0,barefoot,"The children were running barefoot through the park, enjoying the summer sunshine."
6800.0,barefoot,"He couldn't find his shoes, so he had to go barefoot to get the newspaper from the porch."
6800.0,barefoot,Please don't walk barefoot in the construction site; there could be sharp objects on the ground.
6800.0,barefoot,"After a long day of hiking in boots, it felt wonderful to be barefoot in the soft grass."
6801.0,breathless,"She arrived at the top of the hill breathless, but the view was worth the climb."
6801.0,breathless,The movie's suspenseful climax left the audience breathless with anticipation.
6801.0,breathless,"After running the marathon, he was completely breathless and collapsed onto the nearest bench."
6801.0,breathless,The singer's breathtaking performance left the entire crowd breathless and in awe.
6801.0,breathless,The news of his sudden promotion left her breathless with excitement and disbelief.
6802.0,brisk,The brisk morning air made me want to go for a run.
6802.0,brisk,We took a brisk walk through the park to warm up.
6802.0,brisk,"Sales have been brisk this quarter, exceeding all expectations."
6802.0,brisk,The doctor recommended a brisk 30-minute walk every day for exercise.
6802.0,brisk,"She answered the phone with a brisk, professional tone."
6803.0,challenged,"The old bridge, weakened by years of harsh weather, was structurally challenged."
6803.0,challenged,He felt challenged by the complex mathematical problem and dedicated hours to solving it.
6803.0,challenged,Our company is challenged to meet the increasing demands of our customers while maintaining high quality.
6803.0,challenged,"The teacher explained that some students might be challenged by the new curriculum, and offered extra support."
6803.0,challenged,"She challenged the referee's call, believing it was an unfair decision."
6804.0,clinical,The doctor recommended a clinical trial to explore the effectiveness of the new drug.
6804.0,clinical,"Her approach to the problem was very clinical, focusing solely on the data and ignoring any emotional factors."
6804.0,clinical,"The hospital provides clinical training for medical students, allowing them to gain hands-on experience."
6804.0,clinical,"He displayed a clinical detachment from the suffering of others, which made it difficult to empathize with him."
6804.0,clinical,The research team is conducting a clinical study to determine the long-term effects of the treatment.
6805.0,developmental,The preschool program focuses on developmental milestones in areas like language and motor skills.
6805.0,developmental,Concerns about his social interactions led the pediatrician to suggest a developmental assessment.
6805.0,developmental,Researchers are investigating the developmental origins of certain chronic diseases.
6805.0,developmental,She's taking a developmental psychology course to learn more about child and adolescent growth.
6805.0,developmental,The city council approved the new housing project despite concerns about its environmental impact and the potential for developmental sprawl.
6806.0,feverish,"After working all night to meet the deadline, he had a feverish energy that surprised everyone."
6806.0,feverish,The children were feverish with excitement as they waited for Santa Claus on Christmas Eve.
6806.0,feverish,"She had a feverish dream, filled with strange creatures and distorted landscapes."
6806.0,feverish,The debate became feverish as both sides passionately argued their points of view.
6806.0,feverish,"The detective conducted a feverish search for the missing evidence, knowing time was running out."
6807.0,husky,"The sled dogs were mostly huskies, bred for their strength and endurance in the Arctic climate."
6807.0,husky,He developed a husky voice after shouting over the crowd at the concert.
6807.0,husky,She adored her neighbor's husky puppy with its striking blue eyes and playful nature.
6807.0,husky,"The furniture mover was a big, husky guy who could easily lift the heavy sofa."
6807.0,husky,"Despite her small stature, she had a surprisingly husky laugh that filled the room."
6808.0,invalid,The parking ticket was deemed invalid because the date was illegible.
6808.0,invalid,Her argument was ultimately invalid due to a fundamental flaw in its logic.
6808.0,invalid,"If you enter an invalid email address, the system will reject your registration."
6808.0,invalid,The contract became invalid after the company filed for bankruptcy.
6808.0,invalid,"Due to unforeseen circumstances, my travel insurance claim was considered invalid."
6809.0,limp,"After twisting his ankle playing basketball, he had to limp off the court."
6809.0,limp,"The wilted flowers hung limp in the vase, desperately needing water."
6809.0,limp,"The old dog had a slight limp, a reminder of his younger days chasing squirrels."
6809.0,limp,"She tried to play it cool, but the guilt made her handshake limp and hesitant."
6809.0,limp,"The flag hung limp and still on the flagpole, as there was no wind that day."
6810.0,skinny,She always felt self-conscious because she thought she was too skinny.
6810.0,skinny,My jeans are too skinny for me now; I've gained some weight.
6810.0,skinny,The stray cat was skinny and covered in dirt when we found it.
6810.0,skinny,He managed to squeeze through the skinny opening in the fence.
6810.0,skinny,"After running the marathon, he looked incredibly skinny and exhausted."
6811.0,unhealthy,Spending too much time indoors and not getting enough sunlight can be unhealthy for both your physical and mental well-being.
6811.0,unhealthy,"The doctor warned him that his current lifestyle, filled with processed foods and a lack of exercise, was extremely unhealthy and needed to change."
6811.0,unhealthy,Maintaining unhealthy relationships can be just as damaging as having a poor diet or lack of sleep.
6811.0,unhealthy,"While it's okay to indulge in sweets occasionally, constantly eating sugary snacks is an unhealthy habit that can lead to various health problems."
6811.0,unhealthy,"Living in a city with high levels of air pollution can be incredibly unhealthy, especially for people with respiratory issues."
6812.0,wholesome,The family spent a wholesome afternoon baking cookies together and playing board games.
6812.0,wholesome,I appreciate that the movie promoted a wholesome message about friendship and perseverance.
6812.0,wholesome,She found solace in the wholesome simplicity of gardening and spending time in nature.
6812.0,wholesome,His grandfather's stories were always filled with wholesome advice and heartwarming anecdotes.
6812.0,wholesome,"After a stressful week, a good night's sleep and a wholesome breakfast made me feel completely refreshed."
6813.0,alarming,"The rapidly increasing number of hospitalizations is quite alarming, suggesting a new wave of infections."
6813.0,alarming,The rate at which the polar ice caps are melting is alarming and requires immediate action.
6813.0,alarming,"Her sudden weight loss was alarming, so we urged her to see a doctor."
6813.0,alarming,It was alarming to see how quickly the fire spread through the dry brush.
6813.0,alarming,The alarming drop in student test scores prompted the school board to re-evaluate the curriculum.
6814.0,amazed,I was amazed by the magician's incredible illusions; they seemed impossible.
6814.0,amazed,She was amazed to discover that she had won the lottery.
6814.0,amazed,We were amazed at how quickly the children learned to ski.
6814.0,amazed,"He looked at the intricate clockwork mechanism, utterly amazed by its complexity."
6814.0,amazed,"Amazed by the beauty of the sunset, they stood in silence and watched the sky transform into a canvas of vibrant colors."
6815.0,appetizing,The aroma of garlic and herbs made the pasta dish look incredibly appetizing.
6815.0,appetizing,"After a long hike, even a simple sandwich can seem appetizing."
6815.0,appetizing,"While the presentation was beautiful, the taste wasn't as appetizing as it looked."
6815.0,appetizing,"To make the vegetables more appetizing for children, she cut them into fun shapes and served them with a colorful dip."
6815.0,appetizing,The restaurant's online menu featured appetizing photos of all their signature dishes.
6816.0,comforting,The warm blanket and a cup of tea were surprisingly comforting after a long day.
6816.0,comforting,Her comforting words helped me to feel less anxious about the upcoming presentation.
6816.0,comforting,Listening to the familiar melody of the song was deeply comforting during the difficult time.
6816.0,comforting,It's comforting to know that I have friends who will always be there for me.
6816.0,comforting,The thought of returning home to a loving family is incredibly comforting when I'm traveling.
6817.0,disagreeable,The disagreeable smell of burnt toast filled the entire kitchen.
6817.0,disagreeable,I found his constant complaining to be extremely disagreeable.
6817.0,disagreeable,"The weather was particularly disagreeable that day, with cold rain and strong winds."
6817.0,disagreeable,"Although I respect her opinion, I find her political views disagreeable."
6817.0,disagreeable,Dealing with such a disagreeable customer put a damper on my entire afternoon.
6818.0,disgusted,I was disgusted by the amount of trash left on the beach after the holiday weekend.
6818.0,disgusted,She felt disgusted with herself for losing her temper in front of her colleagues.
6818.0,disgusted,The chef was disgusted when he saw how the kitchen staff were treating the fresh produce.
6818.0,disgusted,He looked disgusted as he described the unsanitary conditions of the restaurant.
6818.0,disgusted,Many viewers were disgusted by the graphic violence depicted in the film.
6819.0,dismal,"The weather forecast for the weekend is dismal, predicting rain and cold temperatures."
6819.0,dismal,The company's quarterly earnings report painted a dismal picture of declining sales and profits.
6819.0,dismal,"Despite her efforts, the play received dismal reviews from the critics."
6819.0,dismal,"He stared out the window at the dismal, gray landscape, feeling a deep sense of loneliness."
6819.0,dismal,The prospects for finding survivors after the earthquake are looking increasingly dismal as time passes.
6820.0,dreamy,The dreamy music and soft lighting created a romantic atmosphere.
6820.0,dreamy,She had a dreamy look in her eyes as she talked about her future plans.
6820.0,dreamy,"After a long day at work, a hot bath is the perfect way to drift off into a dreamy sleep."
6820.0,dreamy,"The coastal town had a dreamy, timeless quality that made me want to stay forever."
6820.0,dreamy,He's a bit of a dreamy character; always lost in his own thoughts and ideas.
6821.0,drowsy,The warm fire and soft music made me feel drowsy.
6821.0,drowsy,"After taking the cold medicine, I became incredibly drowsy and had to lie down."
6821.0,drowsy,"The long, monotonous lecture had a drowsy effect on the entire class."
6821.0,drowsy,She felt drowsy behind the wheel and decided to pull over for a quick nap.
6821.0,drowsy,"The drowsy cat stretched lazily in the sunbeam, completely unbothered by the noise around it."
6822.0,furious,She was furious when she discovered someone had scratched her new car.
6822.0,furious,The coach was absolutely furious with the team's lack of effort during the game.
6822.0,furious,"He sent a furious email to the customer service department, demanding a refund."
6822.0,furious,I was furious at myself for forgetting my wallet at home.
6822.0,furious,The villagers grew furious as the corporation continued to pollute their water supply.
6823.0,hearty,"After a long day of hiking, we enjoyed a hearty stew around the campfire."
6823.0,hearty,He let out a hearty laugh when he heard the joke.
6823.0,hearty,"The farmer was a hearty man, used to hard work and long hours in the sun."
6823.0,hearty,We received a hearty welcome from our hosts when we arrived at their home.
6823.0,hearty,"For breakfast, I prefer a hearty bowl of oatmeal with fruit and nuts to keep me going until lunchtime."
6824.0,insane,Driving that fast on a winding road is absolutely insane!
6824.0,insane,The amount of paperwork they require to get a permit is insane; it's enough to make anyone give up.
6824.0,insane,"After working back-to-back 16-hour shifts, I was so sleep-deprived I felt like I was going insane."
6824.0,insane,"The concert was insane, the energy from the crowd was unbelievable."
6824.0,insane,"Spending that much money on a single pair of shoes seems insane to me, but to each their own."
6825.0,ironical,It's ironical that the fire station burned down.
6825.0,ironical,"The comedian, known for his self-deprecating humor, found it ironical that he won an award for being confident."
6825.0,ironical,Isn't it ironical how much we complain about technology while constantly using it?
6825.0,ironical,She found it ironical that her fitness tracker was telling her to move more while she was training for a marathon.
6825.0,ironical,"It felt deeply ironical to preach about the importance of saving water while taking a long, hot shower."
6826.0,lonesome,"After her roommates moved out, she felt incredibly lonesome in the big apartment."
6826.0,lonesome,"The old lighthouse keeper led a lonesome existence, with only the sea and the gulls for company."
6826.0,lonesome,"He spent a lonesome Christmas Eve watching old movies, wishing he were with his family."
6826.0,lonesome,The sound of the train whistle made her feel even more lonesome as she waited on the empty platform.
6826.0,lonesome,"Even in a crowded city, it's possible to feel lonesome if you don't have meaningful connections."
6827.0,pitiful,"The stray dog looked so pitiful, with its ribs showing and its tail between its legs."
6827.0,pitiful,His attempt to impress her with a magic trick was pitiful; he completely botched the disappearing act.
6827.0,pitiful,"It was a pitiful excuse for an apology, barely acknowledging the harm he had caused."
6827.0,pitiful,The team's performance this season has been pitiful; they haven't won a single game.
6827.0,pitiful,I felt a little pitiful for him when he confessed his deepest fears to a room full of strangers.
6828.0,playful,"The playful kitten batted at the dangling string, completely engrossed in its game."
6828.0,playful,"Even though he's a senior executive, he has a playful side that comes out during team-building activities."
6828.0,playful,The children's playful laughter echoed through the park as they chased each other around the trees.
6828.0,playful,"She gave him a playful shove on the shoulder, signaling that she didn't take his teasing seriously."
6828.0,playful,The artist used bright colors and whimsical shapes to create a playful and inviting mural.
6829.0,regrettable,It's regrettable that the meeting had to be canceled at the last minute due to unforeseen circumstances.
6829.0,regrettable,The regrettable incident occurred because of a misunderstanding between the two parties involved.
6829.0,regrettable,"While the decision was difficult, it's regrettable that we had to let go of some employees."
6829.0,regrettable,His regrettable behavior at the party led to some serious consequences.
6829.0,regrettable,"Despite our best efforts, the outcome was regrettable, and we need to learn from our mistakes."
6830.0,sane,"After working all night on the project, I wasn't sure if I was still thinking sane thoughts."
6830.0,sane,Trying to understand the tax code can make even the most sane person feel completely lost.
6830.0,sane,"He managed to stay remarkably sane throughout the entire ordeal, which surprised everyone."
6830.0,sane,"With all the stress and pressure at work, it's important to find ways to stay sane and maintain a healthy work-life balance."
6830.0,sane,The therapist helped her develop coping mechanisms to remain sane while dealing with her difficult family situation.
6831.0,senseless,It seemed utterly senseless to argue about the details when the entire project was failing.
6831.0,senseless,The senseless violence in the movie made me uncomfortable and I had to turn it off.
6831.0,senseless,Trying to explain the situation to him was senseless; he simply refused to listen.
6831.0,senseless,"After hours of senseless wandering in the woods, they finally stumbled upon a familiar path."
6831.0,senseless,She described the accident as a senseless tragedy that could have been avoided.
6832.0,sentimental,"She kept all of her old concert tickets, not because they were valuable, but because she was sentimental about the memories attached to them."
6832.0,sentimental,"He knew it was just a stuffed animal, but he couldn't bring himself to throw it away; it held too much sentimental value from his childhood."
6832.0,sentimental,"I'm not usually sentimental, but watching my daughter graduate brought tears to my eyes."
6832.0,sentimental,"The old house, filled with antique furniture and family portraits, had a certain sentimental charm that made it feel warm and inviting."
6832.0,sentimental,"While some people might see it as clutter, she considered her collection of vintage postcards to be a sentimental journey through time."
6833.0,subjective,"Art is incredibly subjective; what one person finds beautiful, another might find unappealing."
6833.0,subjective,"Grading essays can be subjective, even with a rubric, as different teachers may emphasize different aspects of the writing."
6833.0,subjective,The best restaurant in town is completely subjective – it depends on your personal tastes and preferences.
6833.0,subjective,"While some aspects of scientific research are objective, the interpretation of data can sometimes be subjective and influenced by the researcher's biases."
6833.0,subjective,"His recollection of the events was highly subjective, colored by his own emotions and past experiences."
6834.0,tearful,She gave a tearful goodbye to her family as she boarded the plane.
6834.0,tearful,The movie's ending was so sad that the entire audience was tearful.
6834.0,tearful,"He offered a tearful apology for his mistake, clearly filled with remorse."
6834.0,tearful,"After losing the competition, she was tearful but determined to train harder for next time."
6834.0,tearful,"The reunion was a tearful occasion, filled with hugs and shared memories."
6835.0,wretched,"The wretched weather ruined our picnic plans, forcing us to stay inside all day."
6835.0,wretched,"He felt wretched after failing the exam, convinced he had let everyone down."
6835.0,wretched,"She lived in a wretched little apartment, barely big enough to turn around in."
6835.0,wretched,"The stray dog looked thin and wretched, begging for scraps of food near the market."
6835.0,wretched,"After the betrayal, she felt like the most wretched person alive, unable to trust anyone again."
6836.0,burnt,"The toast was burnt to a crisp, so I had to throw it away."
6836.0,burnt,She accidentally burnt her hand while taking the cake out of the oven.
6836.0,burnt,The forest fire left behind a landscape of burnt trees and ash.
6836.0,burnt,"I could smell something burning, and realized the popcorn in the microwave was burnt."
6836.0,burnt,He felt a sharp pain from the burnt end of the sparkler he was holding.
6837.0,chaotic,"The children's playroom was chaotic after the birthday party, with toys scattered everywhere."
6837.0,chaotic,"The city center became incredibly chaotic during the music festival, making it difficult to navigate."
6837.0,chaotic,"Her schedule was chaotic that week, filled with back-to-back meetings and urgent deadlines."
6837.0,chaotic,"The stock market's response to the unexpected news was chaotic, with prices fluctuating wildly."
6837.0,chaotic,Trying to organize the files on my computer felt like a chaotic task; I didn't know where to begin.
6838.0,cracked,The old vase cracked when I accidentally bumped it against the table.
6838.0,cracked,He cracked a joke that made everyone in the room laugh.
6838.0,cracked,"After hours of intense negotiations, the deal finally cracked, and an agreement was reached."
6838.0,cracked,She cracked the code on the difficult level of the video game.
6838.0,cracked,"The foundation of the house cracked during the earthquake, requiring extensive repairs."
6839.0,distorted,"The funhouse mirror distorted her reflection into a comical, elongated shape."
6839.0,distorted,Political debates often become distorted by misinformation and biased reporting.
6839.0,distorted,The artist used a special lens to create a distorted perspective in his photograph.
6839.0,distorted,His memory of the event was distorted by the trauma he experienced.
6839.0,distorted,"The speaker's voice was distorted by the faulty microphone, making it difficult to understand him."
6840.0,edible,"Are these wild berries edible, or are they poisonous?"
6840.0,edible,"The chef decorated the cake with edible flowers, making it both beautiful and delicious."
6840.0,edible,"While the packaging looks appealing, it's important to check if the product is actually edible before consuming it."
6840.0,edible,"During the survival training, we learned how to identify edible plants in the forest."
6840.0,edible,"The food critic declared the restaurant's innovative dish to be a masterpiece, praising its unique flavor and edible presentation."
6841.0,erotic,The artist's paintings often explore themes of desire and the erotic through subtle symbolism.
6841.0,erotic,"Some found the dance performance to be powerfully expressive, while others deemed it too erotic for a public audience."
6841.0,erotic,The author skillfully wove together elements of mystery and erotic tension to create a captivating narrative.
6841.0,erotic,"While the film contained some erotic scenes, they were essential to understanding the characters' motivations and the overall plot."
6841.0,erotic,"She appreciated the subtle erotic charge in the air, a silent understanding between herself and him."
6842.0,existent,The philosophical debate centers on whether free will is truly existent or merely an illusion.
6842.0,existent,"While physical evidence is lacking, many believe in the existent possibility of extraterrestrial life."
6842.0,existent,"Despite the company's financial troubles, an existent contract with a major client kept them afloat."
6842.0,existent,"The artist aimed to capture the raw emotion of a moment, making the intangible feel existent and palpable."
6842.0,existent,"For the project to succeed, a strong, existent communication network between the team members is absolutely crucial."
6843.0,forbidding,"The old mansion on the hill had a forbidding appearance, with its dark windows and overgrown yard."
6843.0,forbidding,"The sign at the entrance to the military base was quite forbidding, warning against unauthorized access with severe penalties."
6843.0,forbidding,"Despite the forbidding weather forecast, they decided to go hiking anyway."
6843.0,forbidding,His forbidding tone of voice made it clear that the discussion was over.
6843.0,forbidding,The dense jungle presented a forbidding barrier to further exploration.
6844.0,formidable,The sheer size of the project presented a formidable challenge to the engineering team.
6844.0,formidable,Her formidable intellect and sharp wit made her a feared opponent in any debate.
6844.0,formidable,"The ancient fortress, with its towering walls, looked formidable even in ruins."
6844.0,formidable,He built a formidable business empire from humble beginnings through hard work and determination.
6844.0,formidable,"Navigating the legal system can be a formidable task, especially without proper guidance."
6845.0,functional,"The old washing machine isn't pretty, but it's still functional after twenty years."
6845.0,functional,We need to ensure that the new software is fully functional before we roll it out to all employees.
6845.0,functional,"While the artistic design is impressive, the building's layout isn't very functional for a modern office."
6845.0,functional,"His recovery is slow, but he's now functional enough to perform basic daily tasks without assistance."
6845.0,functional,The committee's role is purely advisory and not functional; it cannot make any binding decisions.
6846.0,furnished,"We rented a fully furnished apartment near the university, which made moving in much easier."
6846.0,furnished,"The landlord said the house could be furnished or unfurnished, depending on our preference."
6846.0,furnished,The Airbnb listing stated that the cabin was comfortably furnished with rustic furniture and a fireplace.
6846.0,furnished,"Although the room was sparsely furnished, it had everything I needed for a short stay."
6846.0,furnished,"She decided to sell the house furnished, hoping to attract buyers looking for a move-in ready property."
6847.0,hairy,He had a hairy chest that peeked out from his unbuttoned shirt.
6847.0,hairy,"The dog was a hairy breed, shedding all over the furniture."
6847.0,hairy,That was a hairy situation when the car started skidding on the ice; I'm glad we made it through okay.
6847.0,hairy,She didn't like the hairy legs of the spiders she found in the basement.
6847.0,hairy,"The company's financial projections looked a little hairy, so they decided to postpone the expansion."
6848.0,identifiable,"The bird's song was easily identifiable, even from a distance."
6848.0,identifiable,The suspect left no identifiable fingerprints at the crime scene.
6848.0,identifiable,"Despite the heavy makeup, her birthmark was still slightly identifiable."
6848.0,identifiable,The website uses cookies to track identifiable information about its users.
6848.0,identifiable,"The archaeologist carefully brushed away the dirt, hoping to find identifiable markings on the pottery shards."
6849.0,imposing,The imposing cathedral dominated the city skyline.
6849.0,imposing,"Despite his imposing stature, he was actually quite gentle and kind."
6849.0,imposing,The company's imposing headquarters reflected its success and power in the industry.
6849.0,imposing,"The task seemed imposing at first, but breaking it down into smaller steps made it manageable."
6849.0,imposing,She found the professor's vast knowledge and experience to be quite imposing.
6850.0,ingenious,The engineer developed an ingenious solution to the problem of water scarcity in the desert region.
6850.0,ingenious,Her ingenious plan to raise money for the charity involved a series of creative and engaging events.
6850.0,ingenious,"The film's plot was praised for its ingenious twists and turns, keeping the audience guessing until the very end."
6850.0,ingenious,He built an ingenious device out of spare parts that automatically waters his plants while he's on vacation.
6850.0,ingenious,"With an ingenious combination of humor and insightful commentary, the comedian tackled complex social issues."
6851.0,intact,"Despite the rough landing, the package arrived completely intact."
6851.0,intact,The ancient vase was surprisingly found intact after being buried for centuries.
6851.0,intact,"After the storm, the old oak tree stood tall and intact, a testament to its strength."
6851.0,intact,"The archaeologist carefully brushed away the dirt, hoping to find the mosaic tiles intact."
6851.0,intact,"Although the car was totaled, the driver miraculously emerged from the wreckage intact."
6852.0,linear,"The plot of the movie was quite linear, following a straightforward chronological order without any major twists or flashbacks."
6852.0,linear,"We need to find a more linear approach to solving this problem, one that breaks down the complex task into smaller, manageable steps."
6852.0,linear,"The graph shows a linear relationship between the amount of fertilizer used and the yield of the crop, indicating a consistent increase."
6852.0,linear,"While the initial growth was exponential, it eventually plateaued and became more linear over time."
6852.0,linear,My commute is fairly linear; I just take the same train every morning and evening.
6853.0,messy,"His desk was always messy, piled high with papers, books, and coffee cups."
6853.0,messy,"After baking cookies, the kitchen was incredibly messy with flour scattered everywhere."
6853.0,messy,The divorce proceedings were messy and dragged on for months.
6853.0,messy,I apologize for the messy appearance of the house; we're in the middle of redecorating.
6853.0,messy,"Trying to untangle that fishing line was a messy job, but I eventually managed it."
6854.0,monstrous,"The traffic jam was monstrous this morning, adding an hour to my commute."
6854.0,monstrous,She accused him of a monstrous betrayal after he revealed her secrets to their rivals.
6854.0,monstrous,The cost of the renovations turned out to be a monstrous amount more than we had initially budgeted.
6854.0,monstrous,The storm unleashed a monstrous wave that crashed over the seawall and flooded the streets.
6854.0,monstrous,He has a monstrous appetite; he can easily eat two large pizzas by himself.
6855.0,motionless,"The deer stood motionless in the field, its ears twitching as it listened for any sign of danger."
6855.0,motionless,"After the accident, the driver remained motionless behind the wheel, seemingly in shock."
6855.0,motionless,"The ballerina held a motionless pose for what seemed like an eternity, demonstrating incredible strength and control."
6855.0,motionless,"I held my breath and remained motionless, hoping the mosquito would fly away without biting me."
6855.0,motionless,"The surface of the lake was perfectly motionless, reflecting the surrounding trees like a mirror."
6856.0,mute,Please mute your microphone if you're not speaking to avoid background noise.
6856.0,mute,The TV remote is broken; I can't mute the commercials.
6856.0,mute,"She remained mute throughout the entire meeting, offering no comments or suggestions."
6856.0,mute,The company decided to mute its social media accounts temporarily in response to the controversy.
6856.0,mute,He accidentally hit the mute button on his phone and didn't realize no one could hear him.
6857.0,operating,The hospital is operating at full capacity due to the flu season.
6857.0,operating,Are you familiar with operating this type of machinery?
6857.0,operating,The company is operating under a new management structure.
6857.0,operating,"Despite the challenges, the restaurant is still operating and serving customers."
6857.0,operating,The surgeon is operating on a patient with a serious heart condition.
6858.0,quaint,"We stumbled upon a quaint little village nestled in the mountains, complete with cobblestone streets and flower-filled window boxes."
6858.0,quaint,"The old bookstore had a quaint charm, with its creaky wooden floors and overflowing shelves."
6858.0,quaint,"She decorated her apartment in a quaint, vintage style, filled with antique furniture and delicate porcelain dolls."
6858.0,quaint,"Despite its outdated technology, the quaint family-run business had a loyal customer base who appreciated their personal service."
6858.0,quaint,"The bed and breakfast was absolutely quaint, offering homemade breakfasts and a cozy fireplace in each room."
6859.0,queer,The university has a queer student alliance that organizes social events and advocates for LGBTQ+ rights.
6859.0,queer,"Some people find the plot of that movie to be a bit queer, but I thought it was brilliant and original."
6859.0,queer,She identifies as queer and is actively involved in local LGBTQ+ activism.
6859.0,queer,That antique shop has a lot of queer old trinkets and oddities.
6859.0,queer,The professor gave a fascinating lecture on the history of queer theory and its influence on contemporary literature.
6860.0,resistant,This new strain of bacteria is resistant to most common antibiotics.
6860.0,resistant,"Despite my best efforts, the old door remained resistant to being opened."
6860.0,resistant,The company developed a fire-resistant material for use in aircraft construction.
6860.0,resistant,"He was initially resistant to the idea of moving to a new city, but eventually came around."
6860.0,resistant,"The plant is surprisingly resistant to drought, thriving even in the driest conditions."
6861.0,restrictive,"The new dress code felt very restrictive, not allowing any jeans or sneakers."
6861.0,restrictive,"Due to the ongoing drought, the city implemented restrictive water usage policies."
6861.0,restrictive,"His parents were quite restrictive, rarely letting him go out with friends on weeknights."
6861.0,restrictive,"The website had restrictive access, requiring a paid subscription to view most of its content."
6861.0,restrictive,"While the contract offered a good salary, the non-compete clause was too restrictive for my liking."
6862.0,rotten,The smell coming from the refrigerator indicated that the milk had gone rotten.
6862.0,rotten,He knew he'd made a rotten decision the moment he signed the contract.
6862.0,rotten,The heavy rain caused the wooden fence to slowly rot and become rotten over time.
6862.0,rotten,I had to throw out the apples because they were all rotten on the inside.
6862.0,rotten,That politician's rotten ethics and blatant corruption were finally exposed by the investigative journalist.
6863.0,rugged,"The rugged coastline of Maine is breathtaking, with its rocky cliffs and crashing waves."
6863.0,rugged,He preferred the rugged look of a worn leather jacket to something brand new.
6863.0,rugged,"The old truck was rugged and reliable, perfect for navigating the bumpy dirt roads."
6863.0,rugged,"After a week of camping in the mountains, his face was tanned and rugged."
6863.0,rugged,"Despite his rugged exterior, he had a surprisingly gentle heart."
6864.0,scarlet,The setting sun painted the clouds with hues of orange and scarlet.
6864.0,scarlet,She wore a scarlet dress that stood out dramatically against the muted tones of the room.
6864.0,scarlet,"A single scarlet poppy bloomed amidst the field of wheat, a vibrant splash of color."
6864.0,scarlet,He blushed scarlet when he realized he had accidentally called his teacher 'Mom'.
6864.0,scarlet,The autumn leaves turned a brilliant scarlet before falling to the ground.
6865.0,shadowy,"The detective followed the suspect into the shadowy alleyway, his hand resting on his gun."
6865.0,shadowy,"The old house had a shadowy past, rumored to be haunted by the family who lived there centuries ago."
6865.0,shadowy,The politician was forced to resign after details of his shadowy business dealings were revealed.
6865.0,shadowy,"Even though the sun was shining, a shadowy figure lingered near the entrance of the cave."
6865.0,shadowy,"The artist used dark blues and purples to create a shadowy effect in the painting, emphasizing the feeling of mystery."
6866.0,shining,"The sun was shining brightly, warming the sand on the beach."
6866.0,shining,She kept the silver teapot shining with regular polishing.
6866.0,shining,His shining example of courage inspired many others to act.
6866.0,shining,"With a little effort, you can get your shoes shining like new."
6866.0,shining,The city's skyline was shining with the lights of countless skyscrapers.
6867.0,silky,The lotion left my skin feeling incredibly silky smooth.
6867.0,silky,She admired the silky texture of the antique velvet curtains.
6867.0,silky,The chef created a silky chocolate mousse that melted in my mouth.
6867.0,silky,"He ran his fingers through her silky hair, enjoying its softness."
6867.0,silky,The jazz musician's silky saxophone playing filled the smoky club.
6868.0,sown,"The seeds were sown in early spring, hoping for a bountiful harvest."
6868.0,sown,"Little did they know, the seeds of discontent had already been sown within the community."
6868.0,sown,"Once the field was plowed, the wheat was sown by hand, a tradition passed down through generations."
6868.0,sown,"The farmer carefully checked the soil before the seeds were sown, ensuring the conditions were perfect."
6868.0,sown,Her inspiring speech sown the seeds of hope in the hearts of the discouraged students.
6869.0,sparkling,The sparkling cider was a refreshing alternative to champagne at the party.
6869.0,sparkling,Her eyes were sparkling with excitement as she opened the birthday present.
6869.0,sparkling,"The clear, sparkling water of the lake invited us for a swim on a hot summer day."
6869.0,sparkling,"He added a sparkling wit to the conversation, making everyone laugh."
6869.0,sparkling,"After a thorough cleaning, the windows were sparkling in the sunlight."
6870.0,spotted,"I spotted a rare bird in my backyard this morning, it had bright blue feathers."
6870.0,spotted,She was easily spotted in the crowd because of her bright red coat.
6870.0,spotted,The detective spotted a discrepancy in the suspect's alibi that raised his suspicions.
6870.0,spotted,He spotted an opportunity to invest in the company early on and made a fortune.
6870.0,spotted,Have you spotted my keys anywhere? I seem to have misplaced them again.
6871.0,sprung,"The old couch had sprung a leak, and feathers were poking out everywhere."
6871.0,sprung,"After hearing about the surprise party, a huge smile sprung to her face."
6871.0,sprung,The police investigation sprung into action as soon as the robbery was reported.
6871.0,sprung,He sprung to his feet when he heard the national anthem playing.
6871.0,sprung,The company sprung for a fancy dinner to celebrate the successful project completion.
6872.0,static,"The old radio produced a lot of static, making it hard to hear the news."
6872.0,static,"Economic growth has been largely static for the past few years, with little sign of improvement."
6872.0,static,The professor's lecture was so dry and static that many students struggled to stay awake.
6872.0,static,"Before painting, make sure to ground yourself to discharge any static electricity."
6872.0,static,"Despite the company's attempts to innovate, their sales figures have remained static."
6873.0,tasteful,"The living room was decorated in a tasteful manner, with subtle colors and elegant furniture."
6873.0,tasteful,"She always had a tasteful eye for fashion, choosing clothes that were both stylish and appropriate."
6873.0,tasteful,"Despite the sensitive topic, the comedian managed to tell jokes that were humorous yet tasteful."
6873.0,tasteful,"The wedding invitations were simple and tasteful, reflecting the couple's desire for a classic celebration."
6873.0,tasteful,"He made a tasteful donation to the local charity, requesting that his name remain anonymous."
6874.0,tranquil,"The tranquil lake reflected the surrounding mountains, creating a scene of perfect serenity."
6874.0,tranquil,"After a stressful week at work, a tranquil evening at home was exactly what I needed."
6874.0,tranquil,The monastery provided a tranquil retreat for monks seeking spiritual enlightenment.
6874.0,tranquil,"Despite the city's hustle and bustle, the park offered a surprisingly tranquil escape."
6874.0,tranquil,"She found the rhythmic sound of the waves incredibly tranquil, helping her to clear her mind."
6875.0,traveling,I'm traveling to Italy next month for a much-needed vacation.
6875.0,traveling,Traveling by train is a relaxing way to see the countryside.
6875.0,traveling,The traveling salesman had many interesting stories to tell about his adventures on the road.
6875.0,traveling,She makes a living traveling the world and documenting her experiences on her blog.
6875.0,traveling,Traveling with young children requires a lot of planning and patience.
6876.0,tricky,"That math problem was surprisingly tricky, and I spent ages trying to solve it."
6876.0,tricky,Negotiating a good price for the car proved to be tricky because the salesman was so persistent.
6876.0,tricky,"The path through the woods was quite tricky to navigate, especially with all the fallen branches."
6876.0,tricky,Getting the software to integrate with the existing system is proving to be a tricky task.
6876.0,tricky,"It's a tricky situation, and I'm not sure how to advise you without knowing all the details."
6877.0,unchanged,"Despite the renovations, the overall character of the building remained largely unchanged."
6877.0,unchanged,"The recipe has been passed down through generations, remaining virtually unchanged for over a century."
6877.0,unchanged,"The price of gasoline has been fluctuating wildly, but the cost of public transportation has remained unchanged."
6877.0,unchanged,"Even after the software update, the core functionality of the application remained unchanged."
6877.0,unchanged,"Her feelings for him had remained unchanged, despite the years that had passed since they last spoke."
6878.0,variable,"The weather in this region is highly variable, changing from sunny to stormy within hours."
6878.0,variable,Employee performance is a variable that significantly impacts the company's overall success.
6878.0,variable,"In the experiment, we carefully controlled all variables except for the amount of sunlight the plants received."
6878.0,variable,Her mood is quite variable; you never know whether she'll be happy or sad.
6878.0,variable,The cost of the project is variable depending on the materials we choose to use.
6879.0,weird,I had a weird dream last night where I was flying over a giant bowl of spaghetti.
6879.0,weird,It's a little weird that he hasn't called me back after the interview.
6879.0,weird,She has a weird habit of collecting rubber bands and keeping them in a jar.
6879.0,weird,"The weather has been so weird lately; it was sunny and warm yesterday, and now it's snowing."
6879.0,weird,That's a weird coincidence that you're wearing the same shirt as my brother!
6880.0,belated,"Please accept my belated birthday wishes; I know I'm a few weeks late, but I hope you had a wonderful day."
6880.0,belated,"After years of neglecting his health, he made a belated attempt to get in shape by joining a gym."
6880.0,belated,"She sent a belated thank-you note for the wedding gift, explaining that she had been overwhelmed with moving and settling into her new home."
6880.0,belated,"The company issued a belated apology for the data breach, promising to improve its security measures."
6880.0,belated,"Although the recognition was belated, the scientist was finally awarded the Nobel Prize for his groundbreaking research."
6881.0,bimonthly,"The newsletter is published bimonthly, so you'll receive it every other month."
6881.0,bimonthly,We have a bimonthly meeting to discuss project updates and address any concerns.
6881.0,bimonthly,"My subscription to that magazine is bimonthly, which means I get six issues a year."
6881.0,bimonthly,The local historical society hosts a bimonthly lecture series featuring different speakers and topics.
6881.0,bimonthly,Our bimonthly pest control service helps keep the house free of unwanted critters.
6882.0,consequent,"The heavy rain caused the river to flood, and the consequent damage was extensive."
6882.0,consequent,"He failed to study for the exam, and his consequent poor grade significantly lowered his overall average."
6882.0,consequent,"The company's decision to cut costs led to a reduction in staff, with the consequent decrease in productivity."
6882.0,consequent,"She didn't follow the doctor's orders, and the consequent complications required further medical intervention."
6882.0,consequent,"The city council approved the new development plan, but the consequent increase in traffic is already causing problems for residents."
6883.0,descendent,"As a direct descendent of the original settlers, she felt a strong connection to the town's history."
6883.0,descendent,"The historian meticulously traced the family tree, identifying each descendent of the influential lord."
6883.0,descendent,"While he admired his ancestor's accomplishments, he felt no pressure to live up to the legacy as a descendent."
6883.0,descendent,"The artist claimed to be a descendent of a famous Renaissance painter, though documentation was scarce."
6883.0,descendent,"Modern technology is a direct descendent of earlier inventions, each building upon the last to create something new and innovative."
6884.0,eventual,"After years of persistent effort, he achieved eventual success in his career."
6884.0,eventual,The eventual outcome of the negotiations remained uncertain despite the initial optimism.
6884.0,eventual,"Although she faced many challenges, her eventual recovery from the illness was a testament to her strength."
6884.0,eventual,"They knew that the merger was the eventual goal, but there were still many hurdles to overcome."
6884.0,eventual,The eventual decision rested on a careful evaluation of all the available evidence.
6885.0,hourly,The hotel charges an hourly rate for late check-out.
6885.0,hourly,"She's paid hourly, so her paycheck varies depending on how much she works."
6885.0,hourly,We need to monitor the patient's progress and record their vital signs on an hourly basis.
6885.0,hourly,"The parking garage has daily and monthly rates, but it also offers hourly parking."
6885.0,hourly,The bus to the city center runs hourly from this stop.
6886.0,innumerable,"Looking up at the night sky, I was overwhelmed by the innumerable stars stretching out into the infinite darkness."
6886.0,innumerable,"The old house had accumulated innumerable layers of paint over the decades, each telling a silent story."
6886.0,innumerable,"Due to the recent heavy rains, the mosquitoes seemed innumerable this year, making it difficult to enjoy the outdoors."
6886.0,innumerable,"He faced innumerable challenges while trying to build his business from the ground up, but his determination never wavered."
6886.0,innumerable,"The library holds innumerable books, covering every imaginable topic and genre."
6887.0,perpetual,"The small town seemed stuck in a perpetual state of quiet contentment, rarely experiencing any significant changes."
6887.0,perpetual,"She lived in perpetual fear of being discovered, constantly looking over her shoulder."
6887.0,perpetual,"The company struggled with a perpetual cycle of debt, borrowing money to pay off previous loans."
6887.0,perpetual,"Despite the doctor's best efforts, the patient remained in a perpetual vegetative state."
6887.0,perpetual,He fueled his artistic endeavors with a perpetual curiosity and a desire to explore new ideas.
6888.0,prior,"Prior to the meeting, please review the attached documents so we can have a productive discussion."
6888.0,prior,"I have a prior engagement this evening, so I won't be able to join you for dinner."
6888.0,prior,The company places a high value on prior experience when considering candidates for management positions.
6888.0,prior,We need to obtain the necessary permits prior to starting construction on the new building.
6888.0,prior,"Despite his prior successes, the artist struggled to replicate the same level of acclaim with his latest work."
6889.0,subsequent,"The initial report was inconclusive, but subsequent investigations revealed a clear pattern of fraud."
6889.0,subsequent,"After the earthquake, there were several subsequent aftershocks that kept residents on edge."
6889.0,subsequent,"We missed the first bus, and the subsequent delay made us late for our appointment."
6889.0,subsequent,"He received a promotion, and in subsequent years, he climbed the corporate ladder to become CEO."
6889.0,subsequent,"The first experiment failed, but she refined her approach, and the subsequent trials were successful."
6890.0,abusive,The employee reported his manager for abusive behavior in the workplace.
6890.0,abusive,She finally left her abusive relationship after years of suffering in silence.
6890.0,abusive,Critics argued that the new law was abusive to civil liberties and gave the government too much power.
6890.0,abusive,The coach was fired after parents complained about his abusive training methods.
6890.0,abusive,"It's important to recognize the signs of an abusive relationship, whether it's physical, emotional, or verbal."
6891.0,affectionate,"My dog is a very affectionate creature, always eager to cuddle and lick my face."
6891.0,affectionate,"She was an affectionate mother, showering her children with love and support."
6891.0,affectionate,"Despite his gruff exterior, he was a surprisingly affectionate man with a warm heart."
6891.0,affectionate,The affectionate letter from her grandmother brought tears to her eyes.
6891.0,affectionate,They shared an affectionate embrace after not seeing each other for many years.
6892.0,aimless,"After graduating, he felt aimless and unsure of what career path to pursue."
6892.0,aimless,"The lost dog wandered the streets, its movements aimless and without purpose."
6892.0,aimless,Their relationship drifted apart because their conversations became aimless and lacked substance.
6892.0,aimless,"Spending the afternoon watching television felt aimless, so I decided to go for a walk instead."
6892.0,aimless,"Without a clear strategy, the project team's efforts seemed aimless and unproductive."
6893.0,applicable,This discount is only applicable to purchases made before the end of the month.
6893.0,applicable,The new safety regulations are applicable to all employees working on the factory floor.
6893.0,applicable,"While the theory is interesting, its practical application isn't always applicable in real-world scenarios."
6893.0,applicable,Please review the terms and conditions to determine which clauses are applicable to your specific situation.
6893.0,applicable,That particular rule isn't applicable in this case because we're dealing with a unique set of circumstances.
6894.0,blunt,The comedian's jokes were a bit too blunt for my taste; they lacked subtlety.
6894.0,blunt,I'll be blunt: that presentation was nowhere near ready.
6894.0,blunt,"He used a blunt knife to spread the butter, which made the task much harder."
6894.0,blunt,The politician's blunt refusal to answer the question raised suspicions.
6894.0,blunt,"Sometimes, a blunt assessment is necessary to help someone see the reality of their situation."
6895.0,boastful,"He was a boastful man, constantly bragging about his wealth and accomplishments."
6895.0,boastful,"I tried to remain humble, but it's hard not to feel a little boastful after winning first place."
6895.0,boastful,Her boastful attitude made it difficult for others to collaborate with her on the project.
6895.0,boastful,"Despite his boastful claims, he hadn't actually finished the work."
6895.0,boastful,The candidate's boastful promises about economic growth were met with skepticism by many voters.
6896.0,clumsy,He felt clumsy trying to dance in such a crowded space.
6896.0,clumsy,The clumsy waiter spilled a glass of wine all over my new dress.
6896.0,clumsy,"Despite her clumsy attempts at gardening, she always managed to grow beautiful roses."
6896.0,clumsy,I'm so clumsy today; I've already dropped my phone twice!
6896.0,clumsy,"The script called for the actor to be deliberately clumsy, tripping over his own feet for comedic effect."
6897.0,communicative,She's a very communicative child and always tells us about her day at school.
6897.0,communicative,Good teamwork requires members to be communicative and share information openly.
6897.0,communicative,"Despite his initial shyness, he proved to be quite communicative once he felt comfortable."
6897.0,communicative,"The new software aims to be more communicative, providing users with clearer error messages and helpful tips."
6897.0,communicative,"While he understood the instructions, he wasn't very communicative about his progress, leaving us unsure of his status."
6898.0,courteous,"The hotel staff was exceptionally courteous, always ready to assist with a smile."
6898.0,courteous,"Even though he was frustrated, he remained courteous and explained the situation calmly."
6898.0,courteous,"It's important to be courteous to your colleagues, even when you disagree with them."
6898.0,courteous,A courteous driver will always yield to pedestrians in a crosswalk.
6898.0,courteous,"She sent a courteous thank-you note after the interview, which likely improved her chances of getting the job."
6899.0,crude,The comedian's crude jokes offended many members of the audience.
6899.0,crude,The process of refining crude oil is essential for producing gasoline and other fuels.
6899.0,crude,His crude attempt at flirting was unsuccessful and made everyone uncomfortable.
6899.0,crude,The sculpture was made from crude materials like scrap metal and clay.
6899.0,crude,We need to find a less crude method of measuring the water level in the tank.
6900.0,destined,"They met by chance, but some say they were destined to be together."
6900.0,destined,"Despite his early struggles, he was destined for greatness, eventually becoming a renowned scientist."
6900.0,destined,"The old lighthouse, destined for demolition, stood silently against the crashing waves."
6900.0,destined,"I wasn't sure if I'd get the job, but it felt like it was destined to be mine."
6900.0,destined,This project seems destined to fail unless we get more funding and support.
6901.0,dutiful,"The dutiful son always called his mother on Sundays, no matter how busy he was."
6901.0,dutiful,"As a dutiful employee, she stayed late to finish the report, even though she wasn't asked to."
6901.0,dutiful,He felt it was his dutiful responsibility to care for his aging parents in their time of need.
6901.0,dutiful,"The dog sat patiently by the door, a picture of dutiful obedience."
6901.0,dutiful,"Although she didn't agree with the new policy, she dutifully followed her supervisor's instructions."
6902.0,easygoing,"My roommate is pretty easygoing, so we rarely argue about chores or noise levels."
6902.0,easygoing,"The manager has an easygoing attitude, which makes the workplace a lot less stressful."
6902.0,easygoing,"Despite the challenges of raising three kids, she remained an easygoing and patient mother."
6902.0,easygoing,He's such an easygoing guy; he's always up for trying new things and goes with the flow.
6902.0,easygoing,"An easygoing approach to life can be beneficial, but sometimes you need to be more assertive to get what you want."
6903.0,elastic,"The waistband on these sweatpants is very elastic, making them comfortable to wear."
6903.0,elastic,"We need to find a material that is more elastic for this project, as the current one breaks easily under stress."
6903.0,elastic,Her skin has lost some of its elastic quality over the years.
6903.0,elastic,The rubber band was no longer elastic and snapped when I tried to stretch it.
6903.0,elastic,The price of gasoline is very elastic; it fluctuates wildly depending on global supply and demand.
6904.0,eloquent,The professor's eloquent lecture captivated the entire audience.
6904.0,eloquent,She delivered an eloquent plea for donations to the animal shelter.
6904.0,eloquent,"Despite the difficult circumstances, he remained eloquent and composed during the interview."
6904.0,eloquent,His eloquent writing style made even complex topics accessible to the average reader.
6904.0,eloquent,"The lawyer presented an eloquent defense, successfully arguing for his client's innocence."
6905.0,engaging,The professor's engaging lectures always kept the students interested in the subject matter.
6905.0,engaging,I found the novel surprisingly engaging; I couldn't put it down until I finished it.
6905.0,engaging,Creating engaging content for social media is crucial for attracting and retaining followers.
6905.0,engaging,"The museum offers engaging activities for children of all ages, making learning fun and interactive."
6905.0,engaging,We need to develop a more engaging strategy to motivate our team and improve overall performance.
6906.0,feminine,"The dress had a distinctly feminine silhouette, with its flowing lines and delicate lace."
6906.0,feminine,He appreciated her feminine intuition and often sought her advice on interpersonal matters.
6906.0,feminine,"Some perfumes are marketed as having a more feminine scent profile, characterized by floral and sweet notes."
6906.0,feminine,"While societal norms are changing, certain professions are still often associated with either masculine or feminine traits."
6906.0,feminine,"She decorated her apartment with a feminine touch, incorporating soft colors, floral patterns, and delicate accessories."
6907.0,gracious,"The host was incredibly gracious, making sure everyone felt welcome and comfortable."
6907.0,gracious,She accepted the award with a gracious smile and a heartfelt thank you to her supporters.
6907.0,gracious,"Even though he lost the game, he was gracious in defeat and congratulated the winner."
6907.0,gracious,"It was very gracious of you to offer your help with the project, I really appreciate it."
6907.0,gracious,The queen is known for her gracious demeanor and her ability to put people at ease.
6908.0,instinctive,His instinctive reaction was to shield the child from the falling debris.
6908.0,instinctive,"She had an instinctive understanding of animals, able to calm even the most skittish horses."
6908.0,instinctive,It's instinctive for parents to want to protect their children from harm.
6908.0,instinctive,"While logical reasoning is important, sometimes you have to trust your instinctive feeling about a situation."
6908.0,instinctive,"The dancer's movements were so fluid and natural, almost instinctive, as if she were born to perform."
6909.0,liable,"If you don't properly maintain your car, you are liable to have an accident."
6909.0,liable,The company is liable for any damages caused by its faulty products.
6909.0,liable,"Because he didn't pay his taxes, he is liable to face a penalty from the IRS."
6909.0,liable,"Without proper insurance, you could be held liable for the full cost of the medical bills."
6909.0,liable,"Due to her compromised immune system, she's more liable to catch a cold during the winter months."
6910.0,masculine,"He cultivated a deliberately masculine persona, affecting a gruff voice and a confident swagger."
6910.0,masculine,"The cologne had a strong, masculine scent with notes of leather and cedarwood."
6910.0,masculine,"While some believe that woodworking is a traditionally masculine hobby, many women find it incredibly rewarding."
6910.0,masculine,The artist explored themes of masculinity and vulnerability in his latest series of sculptures.
6910.0,masculine,"She preferred clothing with clean lines and a simple design, avoiding overly feminine details in favor of a more masculine aesthetic."
6911.0,merciful,The judge was merciful and gave the young offender a lighter sentence.
6911.0,merciful,It's important to be merciful to yourself when you make mistakes; everyone does.
6911.0,merciful,"After days of scorching heat, the clouds finally brought a merciful rain."
6911.0,merciful,"She pleaded with him to be merciful, begging him not to reveal her secret."
6911.0,merciful,"Thankfully, the storm was merciful and spared the small coastal town from major damage."
6912.0,obstinate,"Despite everyone telling him it was a bad idea, John remained obstinate and invested all his savings in the risky venture."
6912.0,obstinate,Her obstinate refusal to admit she was wrong frustrated her colleagues and stalled the project.
6912.0,obstinate,"The toddler was being particularly obstinate, refusing to put on his shoes no matter how much his mother pleaded."
6912.0,obstinate,Negotiations broke down because both sides were too obstinate to compromise on their demands.
6912.0,obstinate,"Even when faced with overwhelming evidence, the conspiracy theorist remained obstinate in his beliefs."
6913.0,outgoing,Sarah is an outgoing person who easily makes friends wherever she goes.
6913.0,outgoing,The outgoing CEO will be greatly missed for his innovative leadership and dedication to the company.
6913.0,outgoing,Our team is looking for an outgoing and enthusiastic individual to fill the sales representative position.
6913.0,outgoing,"Despite her initial shyness, she became more outgoing after joining the drama club."
6913.0,outgoing,The outgoing mail is picked up from the office every afternoon at 4 PM.
6914.0,pious,"The politician's pious pronouncements on family values rang hollow, given his well-known affairs."
6914.0,pious,She was raised in a pious household where religion played a central role in daily life.
6914.0,pious,"Despite his pious reputation, he was secretly involved in shady business dealings."
6914.0,pious,The book tells the story of a pious woman who dedicated her life to helping the poor and sick.
6914.0,pious,"He gave a pious nod, but I suspected he wasn't really listening to a word I said."
6915.0,responsive,"The customer service team was incredibly responsive to my inquiry, resolving the issue within hours."
6915.0,responsive,"A good teacher is responsive to the individual needs of their students, offering extra help where needed."
6915.0,responsive,"The engine felt very responsive, accelerating smoothly with even the slightest touch of the gas pedal."
6915.0,responsive,"The government needs to be more responsive to the concerns of its citizens, especially regarding healthcare and education."
6915.0,responsive,"Effective websites are designed to be responsive, adapting their layout to fit any screen size, from desktops to smartphones."
6916.0,sly,The fox gave a sly grin before snatching the unattended sandwich.
6916.0,sly,He had a sly way of getting information out of people without them realizing it.
6916.0,sly,I caught her casting a sly glance at my notes during the exam.
6916.0,sly,"With a sly wink, he suggested they skip the meeting and go for ice cream instead."
6916.0,sly,The politician's sly remarks hinted at a scandal without directly accusing anyone.
6917.0,spontaneous,The crowd erupted in spontaneous applause after the singer hit the high note.
6917.0,spontaneous,"We decided to take a spontaneous road trip to the coast, packing our bags with only the essentials."
6917.0,spontaneous,"Her spontaneous laughter was infectious, brightening up the entire room."
6917.0,spontaneous,He's not one for planning; he prefers to be spontaneous and see where the day takes him.
6917.0,spontaneous,"The project required careful planning, leaving little room for spontaneous changes or improvisations."
6918.0,straightforward,"The instructions were surprisingly straightforward, so I assembled the furniture in under an hour."
6918.0,straightforward,"She gave me a straightforward answer, admitting she hadn't completed the assignment."
6918.0,straightforward,"Finding a good mechanic can be tough, but this shop is known for its straightforward pricing and honest repairs."
6918.0,straightforward,"The professor explained the complex theory in a straightforward manner, making it easier for the students to understand."
6918.0,straightforward,"If you want to succeed in this role, you need to be straightforward with your colleagues and communicate your needs clearly."
6919.0,sullen,"After being told he couldn't go to the party, he sat in his room with a sullen expression."
6919.0,sullen,The waitress gave us a sullen look when we asked for separate checks.
6919.0,sullen,The teenager's sullen silence filled the car during the long drive home.
6919.0,sullen,Even the bright sunshine couldn't penetrate her sullen mood after the argument.
6919.0,sullen,"He just stood there, sullen and uncommunicative, refusing to participate in the game."
6920.0,talkative,My grandmother is incredibly talkative; she can chat for hours about anything and everything.
6920.0,talkative,"Even though he's usually quiet, he becomes quite talkative after a couple of drinks."
6920.0,talkative,The teacher had to separate the two students because they were too talkative during the lesson.
6920.0,talkative,"I prefer working in a quiet environment, so I try to avoid sitting near the more talkative colleagues."
6920.0,talkative,She's not normally this talkative; I wonder if something exciting happened to her today.
6921.0,tireless,The tireless efforts of the medical staff saved countless lives during the pandemic.
6921.0,tireless,"She is a tireless advocate for animal rights, dedicating all her free time to the cause."
6921.0,tireless,"Despite facing numerous setbacks, the entrepreneur remained tireless in his pursuit of success."
6921.0,tireless,"The gardener was tireless, spending hours each day tending to the flowers and vegetables."
6921.0,tireless,"He's a tireless researcher, always digging deeper to uncover new information."
6922.0,tolerant,She's always been very tolerant of her younger brother's annoying habits.
6922.0,tolerant,The city is known for being tolerant of different cultures and lifestyles.
6922.0,tolerant,We need to be more tolerant of differing opinions if we want to have a productive discussion.
6922.0,tolerant,"The new manager is quite tolerant, allowing employees to work flexible hours as long as they meet their deadlines."
6922.0,tolerant,"While I try to be tolerant, I find it difficult to accept such blatant disregard for the rules."
6923.0,virtuous,"She was praised for being a virtuous woman, always putting the needs of others before her own."
6923.0,virtuous,"Despite the temptations surrounding him, he remained virtuous and true to his moral principles."
6923.0,virtuous,The virtuous actions of the volunteers inspired others to contribute to the community.
6923.0,virtuous,"While some saw him as naive, others admired his virtuous commitment to honesty and integrity."
6923.0,virtuous,The novel explores the complex relationship between ambition and staying virtuous in a cutthroat business world.
6924.0,vulgar,His jokes were so vulgar that half the audience walked out.
6924.0,vulgar,"I found the decorations to be quite vulgar, especially the gold-plated toilet."
6924.0,vulgar,She accused him of making vulgar gestures during the performance.
6924.0,vulgar,"While some appreciate his art, others find it too vulgar and offensive."
6924.0,vulgar,The tabloid newspaper is known for its vulgar headlines and sensational stories.
6925.0,advisory,The government issued an advisory against swimming at the beach due to high levels of bacteria.
6925.0,advisory,"Before investing in cryptocurrency, it's wise to seek advisory services from a qualified financial planner."
6925.0,advisory,"Despite the weather advisory, the outdoor concert will proceed as scheduled, but attendees are urged to dress warmly."
6925.0,advisory,The company's legal advisory team reviewed the contract to ensure compliance with all applicable laws.
6925.0,advisory,We received an advisory from our travel agent suggesting we book our flights well in advance for the holiday season.
6926.0,allied,The United States and Great Britain were allied during World War II.
6926.0,allied,Several local businesses are allied in an effort to revitalize the downtown area.
6926.0,allied,"The two political parties found themselves allied on this particular issue, despite their usual disagreements."
6926.0,allied,She felt allied with her colleagues after working together on the challenging project for so long.
6926.0,allied,The company is allied with a major research institution to develop new technologies.
6927.0,armored,The armored car transported the valuable shipment across town.
6927.0,armored,We saw an armored vehicle on display at the military museum.
6927.0,armored,"The knight was fully armored from head to toe, ready for battle."
6927.0,armored,The delicate server room was armored against power surges and physical intrusion.
6927.0,armored,The company invested in armored laptops for their employees working in hazardous environments.
6928.0,binding,"The contract was legally binding, so both parties were obligated to fulfill its terms."
6928.0,binding,"She found the traditions of her small town to be somewhat binding, limiting her freedom to express herself."
6928.0,binding,The glue created a very strong binding between the two pieces of wood.
6928.0,binding,He felt a strong binding to his family and always prioritized their needs.
6928.0,binding,The lawyer argued that the previous court ruling was not binding in this new case because the circumstances were different.
6929.0,comprehensive,"The insurance policy offers comprehensive coverage for all types of damage, including flood and fire."
6929.0,comprehensive,"Before making a decision, we need a comprehensive understanding of the project's potential risks and rewards."
6929.0,comprehensive,This textbook provides a comprehensive overview of 20th-century art movements.
6929.0,comprehensive,The company conducted a comprehensive review of its security protocols after the recent data breach.
6929.0,comprehensive,"To ensure a fair evaluation, the judges used a comprehensive scoring rubric that considered multiple factors."
6930.0,factual,The documentary aimed to present a factual account of the events leading up to the war.
6930.0,factual,"While the movie was entertaining, it took considerable liberties with the factual details of the historical period."
6930.0,factual,"Before sharing the information, I need to verify that it is factual and not based on rumors."
6930.0,factual,The lawyer argued that the witness's testimony was not factual and should be disregarded by the jury.
6930.0,factual,Providing factual evidence is crucial for supporting your claims in a scientific research paper.
6931.0,idealistic,Her idealistic vision of a world without poverty motivated her to dedicate her life to social work.
6931.0,idealistic,"While his business plan was creative, some investors thought it was too idealistic to be practically implemented."
6931.0,idealistic,"The young graduate, still idealistic about his chosen profession, was quickly disillusioned by the harsh realities of the workplace."
6931.0,idealistic,"It's admirable to be idealistic, but you also need to be pragmatic and consider the potential obstacles."
6931.0,idealistic,"Despite the setbacks, she remained idealistic, believing that positive change was always possible."
6932.0,inactive,"The volcano has been inactive for centuries, but scientists are still monitoring it for any signs of renewed activity."
6932.0,inactive,My gym membership is currently inactive because I haven't had time to work out lately.
6932.0,inactive,"The suspect's online accounts were found to be inactive for the past year, making it difficult to track their movements."
6932.0,inactive,"After the software update, some features became inactive and needed to be re-enabled in the settings menu."
6932.0,inactive,"Prolonged periods of being inactive can lead to muscle atrophy and other health problems, so it's important to stay physically active."
6933.0,lawful,The company ensured all its operations were lawful to avoid potential fines and penalties.
6933.0,lawful,"As a law-abiding citizen, she always made sure to follow the lawful instructions of the police officer."
6933.0,lawful,He claimed the contract was not lawful because it was signed under duress.
6933.0,lawful,The protesters maintained that their demonstration was a lawful exercise of their right to free speech.
6933.0,lawful,The detective needed a lawful warrant before he could search the suspect's property.
6934.0,legislative,The president is expected to sign the legislative bill into law later this week.
6934.0,legislative,Our organization is closely monitoring the legislative process regarding environmental regulations.
6934.0,legislative,"She has extensive experience in legislative affairs, having worked as a lobbyist for several years."
6934.0,legislative,The committee is responsible for reviewing all legislative proposals before they are presented to the full assembly.
6934.0,legislative,He argued that the proposed changes would undermine the legislative intent of the original act.
6935.0,legitimate,The company needs to ensure its business practices are legitimate and comply with all regulations.
6935.0,legitimate,"He had a legitimate excuse for being late to the meeting, as his car had broken down."
6935.0,legitimate,"Is this website a legitimate source of information, or should I look elsewhere?"
6935.0,legitimate,"After years of debate, the government finally recognized the tribe's legitimate claim to the land."
6935.0,legitimate,"She questioned the legitimacy of the election results, citing irregularities in the voting process."
6936.0,patriotic,"He made a patriotic speech on Independence Day, emphasizing the importance of unity and freedom."
6936.0,patriotic,Some people believe that buying products made in your own country is a patriotic act.
6936.0,patriotic,"While I admire her patriotic spirit, I think her views on immigration are too extreme."
6936.0,patriotic,The patriotic fervor surrounding the Olympics always makes me feel proud to be from my country.
6936.0,patriotic,She felt it was her patriotic duty to serve in the military and defend her nation's values.
6937.0,payable,The invoice is payable within 30 days of the date of issue.
6937.0,payable,Rent is payable on the first of each month.
6937.0,payable,The bonus is payable to employees who meet their sales targets.
6937.0,payable,The prize money is payable in installments over a period of five years.
6937.0,payable,The outstanding balance is payable immediately to avoid late fees.
6938.0,qualified,"She is highly qualified for the position, possessing years of experience and a relevant degree."
6938.0,qualified,"Although he applied for the job, he wasn't qualified because he lacked the necessary certifications."
6938.0,qualified,Only qualified doctors are allowed to prescribe this medication due to its potential side effects.
6938.0,qualified,"The mechanic wasn't qualified to work on electric vehicles, so he referred me to a specialist."
6938.0,qualified,"To be considered for the scholarship, you must be a qualified student with a GPA of 3.5 or higher."
6939.0,revealing,"The politician's tax returns were quite revealing, showing a surprising number of offshore accounts."
6939.0,revealing,Her diary entries were revealing of her innermost thoughts and anxieties.
6939.0,revealing,The archaeological dig proved revealing about the daily life of people who lived in the region centuries ago.
6939.0,revealing,The model wore a revealing dress that turned heads at the party.
6939.0,revealing,The company's annual report was revealing in that it highlighted significant losses in overseas markets.
6940.0,unanimous,The committee reached a unanimous decision to approve the funding for the new project.
6940.0,unanimous,"After a brief discussion, the board of directors gave their unanimous consent to the proposed merger."
6940.0,unanimous,"The jury's verdict was unanimous, finding the defendant guilty on all counts."
6940.0,unanimous,"Although there were initial concerns, the team ultimately showed unanimous support for the new marketing strategy."
6940.0,unanimous,"The students were not unanimous in their opinion about the new school policy, with some in favor and others strongly opposed."
6941.0,unofficial,I heard an unofficial rumor that the company is planning a major restructuring next quarter.
6941.0,unofficial,"Although it's not the official policy, there's an unofficial dress code of business casual in the office."
6941.0,unofficial,The mayor held an unofficial meeting with community leaders to discuss the proposed development project.
6941.0,unofficial,He's been acting as the unofficial team captain since Sarah got injured.
6941.0,unofficial,We took an unofficial poll of the students to gauge their opinions on the new curriculum.
6942.0,warring,The warring factions finally agreed to a ceasefire after months of intense fighting.
6942.0,warring,My siblings were warring over who got to use the new video game first.
6942.0,warring,The warring colors of the sunset clashed dramatically across the horizon.
6942.0,warring,"Despite their warring personalities, they managed to build a successful business together."
6942.0,warring,The historian documented the complex web of alliances and betrayals between the warring tribes.
6943.0,wholesale,We buy our office supplies wholesale to save money.
6943.0,wholesale,The bakery gets its flour wholesale from a local distributor.
6943.0,wholesale,She's thinking of starting a business selling crafts wholesale to boutiques.
6943.0,wholesale,What's the wholesale price for these ceramic mugs?
6943.0,wholesale,They specialize in the wholesale distribution of organic produce to grocery stores across the state.
6944.0,arctic,The arctic fox has thick fur to survive the extreme cold.
6944.0,arctic,Shipping routes through the arctic are becoming more accessible due to melting ice.
6944.0,arctic,Scientists are concerned about the impact of climate change on the arctic ecosystem.
6944.0,arctic,We watched a fascinating documentary about the wildlife that thrives in the arctic.
6944.0,arctic,The research team is heading to the arctic to study permafrost thaw.
6945.0,atmospheric,"The old castle had a very atmospheric feel, especially in the evening fog."
6945.0,atmospheric,The band's atmospheric music created a sense of unease and anticipation during the film's climax.
6945.0,atmospheric,"We enjoyed sitting on the patio, as the restaurant had created an atmospheric setting with soft lighting and comfortable furniture."
6945.0,atmospheric,"The atmospheric pressure is lower at higher altitudes, which affects how well you can breathe."
6945.0,atmospheric,The author's descriptive writing was so vivid that I could almost feel the atmospheric conditions of the stormy night.
6946.0,foggy,"The drive up the mountain was incredibly foggy, making it hard to see the road."
6946.0,foggy,"My memory of that night is foggy, I can barely recall what happened."
6946.0,foggy,"A foggy morning blanketed the city, delaying flights at the airport."
6946.0,foggy,"He peered through the foggy window, trying to make out the shape of the approaching car."
6946.0,foggy,The details of the contract were deliberately made foggy to confuse investors.
6947.0,geographical,"The geographical features of the island, such as its volcanic mountains and coastal plains, make it a popular tourist destination."
6947.0,geographical,Understanding the geographical distribution of different languages helps linguists trace their historical development.
6947.0,geographical,"The company is expanding its reach into new markets, taking into account the geographical and cultural nuances of each region."
6947.0,geographical,His research focused on the geographical impact of climate change on coastal communities.
6947.0,geographical,"Due to its unique geographical location, the city has become a major trading hub between Europe and Asia."
6948.0,humid,The air was so humid that my glasses fogged up the moment I stepped outside.
6948.0,humid,Living in a humid climate like Florida means you have to get used to frizzy hair.
6948.0,humid,"I tried to dry my clothes on the line, but the air was too humid and they stayed damp all day."
6948.0,humid,The forecast predicts a hot and humid afternoon with a chance of thunderstorms.
6948.0,humid,"It's much easier to breathe when the humidity drops, especially after exercising."
6949.0,inland,The climate inland is much drier than along the coast.
6949.0,inland,We decided to move inland to find a larger property with more land.
6949.0,inland,The river is navigable for about 50 miles inland.
6949.0,inland,Many of the smaller inland towns rely on agriculture for their economy.
6949.0,inland,The hurricane weakened significantly as it moved inland.
6950.0,planetary,The discovery of water on Mars has renewed interest in the possibility of planetary colonization.
6950.0,planetary,Scientists are studying the planetary effects of asteroid impacts to better understand Earth's history.
6950.0,planetary,My daughter is fascinated by space and wants to learn everything about the different planetary systems.
6950.0,planetary,"The environmental consequences of industrial pollution are reaching planetary proportions, threatening the global ecosystem."
6950.0,planetary,He felt a planetary shift in his understanding of the universe after reading that book on astrophysics.
6951.0,polar,"The debate over the new policy became quite polar, with people strongly supporting or opposing it."
6951.0,polar,Scientists are studying the effects of climate change on polar bear populations.
6951.0,polar,"The polar opposite of love is often said to be hate, though indifference might be more accurate."
6951.0,polar,"To get a better understanding of Earth's magnetic field, researchers launched a satellite to orbit over the polar regions."
6951.0,polar,His views on politics are so polarising that it's difficult to have a calm conversation with him about current events.
6952.0,seasonal,"The restaurant offers a seasonal menu, changing its dishes to reflect the freshest available ingredients."
6952.0,seasonal,Many people experience seasonal affective disorder during the winter months due to the lack of sunlight.
6952.0,seasonal,Farmers markets are a great place to find seasonal produce directly from local growers.
6952.0,seasonal,We hired extra staff to handle the seasonal rush during the holiday shopping period.
6952.0,seasonal,The ski resort's seasonal opening depends on the amount of snowfall each year.
6953.0,supernatural,"She dismissed the strange occurrences as mere coincidence, refusing to believe in anything supernatural."
6953.0,supernatural,"The novel explores the blurred line between reality and the supernatural, leaving the reader questioning what is truly possible."
6953.0,supernatural,Many cultures have rich folklore filled with stories of supernatural beings and events.
6953.0,supernatural,"While some seek scientific explanations, others attribute unexplained phenomena to supernatural forces at work."
6953.0,supernatural,"He claims to have had a supernatural experience, witnessing a ghostly figure in the old abandoned house."
6954.0,temperate,The temperate climate of the Mediterranean is perfect for growing olives and grapes.
6954.0,temperate,"He was known for his temperate personality, rarely getting angry or overly excited."
6954.0,temperate,"The speaker urged the audience to take a more temperate approach to the controversial issue, avoiding extreme positions."
6954.0,temperate,"After years of excessive spending, she decided to adopt a more temperate lifestyle, focusing on saving money."
6954.0,temperate,"We enjoyed the temperate weather during our hike, with a gentle breeze and comfortable temperatures."
6955.0,tidal,"The incoming tidal surge flooded the low-lying coastal areas, causing significant damage."
6955.0,tidal,We planned our kayaking trip around the tidal charts to avoid getting stranded in the mud flats.
6955.0,tidal,The restaurant offered a delicious seafood platter featuring fresh catches from the tidal pools.
6955.0,tidal,"The power plant utilizes tidal energy to generate electricity, providing a sustainable source of renewable power."
6955.0,tidal,Scientists are studying the complex interactions between tidal currents and the local marine ecosystem.
6956.0,abnormal,"The doctor noticed an abnormal growth during the routine check-up, so he ordered further tests."
6956.0,abnormal,"It's abnormal for the temperature to be this high in October; usually, it's much cooler."
6956.0,abnormal,His behavior at the party was abnormal; he was unusually quiet and withdrawn.
6956.0,abnormal,"The lab results came back indicating an abnormal level of glucose in her blood, suggesting a potential health issue."
6956.0,abnormal,"Considering the circumstances, her reaction wasn't abnormal at all; in fact, it was quite understandable."
6957.0,approximate,The approximate cost of the repairs will be around $500.
6957.0,approximate,"We can only provide an approximate delivery date at this stage, as there are potential delays."
6957.0,approximate,The scientist used an approximate calculation to estimate the population size.
6957.0,approximate,Could you give me an approximate idea of how many people will be attending the conference?
6957.0,approximate,"Although it's not exact, this map provides an approximate layout of the hiking trails."
6958.0,commonplace,Smartphones are so commonplace now that even young children know how to use them.
6958.0,commonplace,"While grand gestures of love are nice, commonplace acts of kindness are just as meaningful."
6958.0,commonplace,"Unfortunately, discrimination, though less overt than in the past, is still commonplace in many industries."
6958.0,commonplace,"The once-revolutionary technology has become commonplace, integrated into almost every aspect of our lives."
6958.0,commonplace,"In the past, traveling long distances was a rare event, but today, it's a commonplace occurrence for many people."
6959.0,concise,"The professor asked us to write a concise summary of the chapter, focusing only on the main ideas."
6959.0,concise,"For the presentation, try to be concise and avoid unnecessary details that could bore the audience."
6959.0,concise,"The editor requested a more concise version of the article, cutting out any repetitive phrases."
6959.0,concise,"In business communication, it's important to be concise so that your message is clear and easily understood."
6959.0,concise,"Although the report was thorough, it could have been more concise, as the key findings were buried within pages of background information."
6960.0,confidential,The details of the merger are highly confidential and should not be discussed outside of this room.
6960.0,confidential,Please treat this document as confidential and return it to me after you've reviewed it.
6960.0,confidential,My therapist is legally obligated to keep our sessions confidential unless I pose a threat to myself or others.
6960.0,confidential,"The company's strategy for the upcoming product launch is confidential, so I can't share it with you."
6960.0,confidential,I need to speak with you in confidence; what I'm about to tell you is strictly confidential.
6961.0,eminent,"Professor Davies, an eminent historian of the Roman Empire, will be giving a lecture next week."
6961.0,eminent,The town council sought the advice of an eminent architect to design the new community center.
6961.0,eminent,Her eminent skills in negotiation helped the company secure a favorable deal.
6961.0,eminent,"Despite his young age, he's already becoming an eminent figure in the field of artificial intelligence."
6961.0,eminent,The award recognized her as an eminent contributor to cancer research.
6962.0,Fahrenheit,The recipe calls for baking the cake at 350 degrees Fahrenheit.
6962.0,Fahrenheit,Water freezes at 32 degrees Fahrenheit and boils at 212 degrees Fahrenheit.
6962.0,Fahrenheit,I prefer to set my thermostat to 72 degrees Fahrenheit to keep the house comfortable.
6962.0,Fahrenheit,"The weather forecast predicts a high of 95 degrees Fahrenheit tomorrow, so it's going to be a hot day."
6962.0,Fahrenheit,Is that temperature in Celsius or Fahrenheit? I always get them mixed up.
6963.0,faultless,"The pianist delivered a faultless performance, captivating the entire audience."
6963.0,faultless,Her logic was faultless; I couldn't find a single flaw in her argument.
6963.0,faultless,"The caterers provided faultless service, ensuring that every guest was well taken care of."
6963.0,faultless,"Despite the pressure, his execution of the complex maneuver was faultless."
6963.0,faultless,"While the design was creative, its construction wasn't faultless and needed some adjustments."
6964.0,forceful,"The lawyer delivered a forceful closing argument, leaving the jury with a clear understanding of his client's innocence."
6964.0,forceful,Her forceful personality often intimidated those who were less assertive.
6964.0,forceful,The wind was so forceful that it ripped the umbrella right out of my hand.
6964.0,forceful,"Despite his gentle demeanor, he could be surprisingly forceful when it came to defending his principles."
6964.0,forceful,The government issued a forceful statement condemning the recent terrorist attacks.
6965.0,given,"Given the circumstances, I think she handled the situation remarkably well."
6965.0,given,"Given that it's raining, we should probably take an umbrella."
6965.0,given,We were given a tour of the factory by the plant manager.
6965.0,given,"Given his experience in the field, he's the best candidate for the job."
6965.0,given,"Given the choice between pizza and pasta, I'd always choose pizza."
6966.0,improper,The company was fined for improper disposal of hazardous waste.
6966.0,improper,He was reprimanded for his improper language during the meeting.
6966.0,improper,"It's considered improper to wear a hat indoors, especially in a church."
6966.0,improper,The detective suspected improper influence in the judge's decision.
6966.0,improper,She felt it was improper to accept such an expensive gift from a client.
6967.0,inclusive,The company strives to create an inclusive environment where everyone feels valued and respected.
6967.0,inclusive,Our school is committed to providing an inclusive education for students of all abilities.
6967.0,inclusive,The museum's new exhibit aims to be more inclusive by representing a wider range of artists and perspectives.
6967.0,inclusive,We need to have a more inclusive discussion that takes into account the concerns of all stakeholders.
6967.0,inclusive,The community center offers inclusive programs designed to support families from diverse backgrounds.
6968.0,inconvenient,"It's inconvenient to have the meeting scheduled so late in the day, as many people have to leave early."
6968.0,inconvenient,The location of the new office is rather inconvenient for those who rely on public transportation.
6968.0,inconvenient,"While I appreciate the offer, it's inconvenient for me to change my plans at the last minute."
6968.0,inconvenient,Having to wait in line for hours just to renew my driver's license is incredibly inconvenient.
6968.0,inconvenient,"The road construction is inconvenient, but hopefully, it will be worth it in the long run when the traffic flow improves."
6969.0,indispensable,A reliable internet connection is indispensable for remote work.
6969.0,indispensable,"In the recipe, baking powder is indispensable; you can't skip it."
6969.0,indispensable,Honesty and integrity are indispensable qualities for any leader.
6969.0,indispensable,"During the expedition, a good map and compass proved indispensable."
6969.0,indispensable,"She's become an indispensable member of the team, always willing to help out."
6970.0,insignificant,The amount of money I lost was insignificant compared to my overall savings.
6970.0,insignificant,Don't worry about that tiny scratch on the car; it's insignificant.
6970.0,insignificant,He felt insignificant in the face of such overwhelming global problems.
6970.0,insignificant,"While the typo was technically an error, it was insignificant and didn't change the meaning of the sentence."
6970.0,insignificant,"The difference in test scores between the two groups was statistically insignificant, suggesting the new teaching method had no real impact."
6971.0,intelligible,The recording was so garbled that the message was barely intelligible.
6971.0,intelligible,"Although she spoke quickly, her explanation of the complex theory was surprisingly intelligible."
6971.0,intelligible,The instructions were poorly translated and not at all intelligible to the average user.
6971.0,intelligible,"He mumbled something under his breath, but it wasn't intelligible enough for me to understand what he said."
6971.0,intelligible,"The abstract painting, while visually interesting, wasn't intelligible as a representation of anything recognizable."
6972.0,miraculous,It was a miraculous recovery; the doctors had almost given up hope.
6972.0,miraculous,"The rescue team pulled the hikers from the blizzard, a miraculous event given the extreme conditions."
6972.0,miraculous,Many believe in the miraculous power of prayer to heal the sick.
6972.0,miraculous,Finding my lost wallet after a week felt like a miraculous stroke of luck.
6972.0,miraculous,"The play's success was almost miraculous, considering its troubled rehearsal period and lack of funding."
6973.0,monotonous,"The assembly line work was incredibly monotonous, day after day repeating the same simple task."
6973.0,monotonous,He found the professor's lectures monotonous and often dozed off in class.
6973.0,monotonous,The constant drone of the engine created a monotonous hum that lulled me to sleep.
6973.0,monotonous,"Without any changes or new challenges, her job became quite monotonous after a few years."
6973.0,monotonous,"To break up the monotonous routine, we decided to take a spontaneous weekend trip to the mountains."
6974.0,notable,The museum's collection includes several notable works by local artists.
6974.0,notable,"Her contributions to the project were particularly notable, leading to its ultimate success."
6974.0,notable,It's notable that the company's profits have increased despite the current economic downturn.
6974.0,notable,One notable feature of the new building is its energy-efficient design.
6974.0,notable,"While there were many talented applicants, only a few possessed the notable skills we were seeking."
6975.0,orderly,The librarian insisted that all the books be arranged in an orderly fashion on the shelves.
6975.0,orderly,"After the concert, the crowd dispersed in an orderly manner, following the directions of the security staff."
6975.0,orderly,Maintaining an orderly workspace helps me stay focused and productive throughout the day.
6975.0,orderly,The teacher praised the students for their orderly conduct during the fire drill.
6975.0,orderly,"Even though the children were excited about opening presents, they waited in an orderly line to receive them."
6976.0,prospective,We interviewed several prospective candidates for the marketing manager position.
6976.0,prospective,"The university sent brochures to prospective students, highlighting its academic programs and campus life."
6976.0,prospective,"Before investing, it's crucial to thoroughly research the prospective company's financial stability."
6976.0,prospective,The real estate agent showed the young couple several prospective homes in their desired neighborhood.
6976.0,prospective,A prospective buyer can arrange for a home inspection to identify any potential problems before finalizing the purchase.
6977.0,scanty,The evidence presented in court was rather scanty and didn't convincingly prove the defendant's guilt.
6977.0,scanty,"After the summer drought, the farmer worried about the scanty harvest of wheat and barley."
6977.0,scanty,"Her explanation for being late was scanty on details, leaving us all wondering what really happened."
6977.0,scanty,The hikers were forced to turn back when their supply of water became worryingly scanty.
6977.0,scanty,"Despite the cold weather, she wore a scanty dress, causing her to shiver throughout the evening."
6978.0,selective,"The college is highly selective, accepting only the top 5% of applicants."
6978.0,selective,"She's very selective about the restaurants she goes to, always looking for the best quality food."
6978.0,selective,He has a selective memory; he only remembers the things that benefit him.
6978.0,selective,"The software allows for selective deletion of files, so you can choose exactly what to remove."
6978.0,selective,Some studies suggest that selective serotonin reuptake inhibitors (SSRIs) can be effective in treating depression.
6979.0,steadfast,"Despite the constant criticism, she remained steadfast in her belief that she was doing the right thing."
6979.0,steadfast,"The old lighthouse stood steadfast against the crashing waves, a beacon of hope for sailors."
6979.0,steadfast,"He showed steadfast loyalty to his friends, always ready to lend a helping hand."
6979.0,steadfast,The company's steadfast commitment to quality has earned them a reputation for excellence.
6979.0,steadfast,"Even when faced with adversity, their love for each other remained steadfast and unwavering."
6980.0,sunk,"The treasure hunter was disappointed to discover that the old galleon had sunk long ago, leaving little behind."
6980.0,sunk,"After a long day of hiking, I sunk into the comfortable armchair and immediately fell asleep."
6980.0,sunk,The company's profits sunk dramatically after the new competitor entered the market.
6980.0,sunk,"He sunk all his savings into that risky investment, hoping for a big return."
6980.0,sunk,"The basketball player sunk the final shot, winning the game for his team at the buzzer."
6981.0,surplus,The company decided to donate its surplus inventory to local charities.
6981.0,surplus,"After the harvest, we had a surplus of apples, so we made cider and apple butter."
6981.0,surplus,The government is struggling to manage the budget surplus effectively.
6981.0,surplus,"Our department has a surplus of funding this year, which we plan to use for professional development."
6981.0,surplus,The farmer sold his surplus crops at the local market to avoid them going to waste.
6982.0,tolerable,"The noise from the construction site was barely tolerable, but I managed to get some work done."
6982.0,tolerable,"While I don't love my new job, the workload is tolerable and the pay is decent."
6982.0,tolerable,"The humidity made the summer heat barely tolerable, forcing us to stay inside most of the day."
6982.0,tolerable,"His behavior at the party was less than ideal, but it was tolerable considering the circumstances."
6982.0,tolerable,"With a strong cup of coffee and a good book, even the long train commute becomes tolerable."
6983.0,understandable,"Given the circumstances, her reluctance to speak about the incident is understandable."
6983.0,understandable,It's understandable that you're feeling overwhelmed with so much on your plate right now.
6983.0,understandable,"His decision to quit the project seems understandable in hindsight, considering the constant delays and lack of resources."
6983.0,understandable,"While I disagree with the method, the underlying motivation behind their actions is understandable."
6983.0,understandable,"After working a double shift, it's perfectly understandable if you're too tired to go out tonight."
6984.0,undesirable,The company considered his lack of experience an undesirable trait for the senior management position.
6984.0,undesirable,Living in such close proximity to the airport made the constant noise an undesirable aspect of the property.
6984.0,undesirable,Spreading rumors and gossiping are undesirable behaviors that can damage team morale.
6984.0,undesirable,The city council is trying to eliminate undesirable elements from the neighborhood to improve safety and attract new businesses.
6984.0,undesirable,"Unfortunately, the side effects of the medication proved to be undesirable, forcing her to discontinue its use."
6985.0,unpopular,The politician's stance on the issue proved to be deeply unpopular with the majority of voters.
6985.0,unpopular,Wearing socks with sandals is generally considered an unpopular fashion choice.
6985.0,unpopular,"Despite her best efforts, the new school principal's reforms remained unpopular among the teachers."
6985.0,unpopular,That restaurant is unpopular because it is overpriced and the food is mediocre.
6985.0,unpopular,"He knew his decision would be unpopular, but he felt it was the right thing to do in the long run."
6986.0,hereafter,The company will be known as Acme Corporation hereafter.
6986.0,hereafter,"The terms of this agreement, as outlined above, will be in effect hereafter."
6986.0,hereafter,"He promised to be a better husband hereafter, and she decided to give him another chance."
6986.0,hereafter,"We, the undersigned, agree to abide by these rules and regulations hereafter."
6986.0,hereafter,"Knowing what I know now, I will approach similar situations differently hereafter."
6987.0,invariably,"Whenever I try to bake a cake without following the recipe exactly, it invariably ends up a disaster."
6987.0,invariably,"The train is invariably late during rush hour, so I always plan to arrive at the station early."
6987.0,invariably,"Despite his best intentions, he invariably forgets to take out the trash on Tuesdays."
6987.0,invariably,She invariably orders the same dish at that restaurant because she knows she'll enjoy it.
6987.0,invariably,"When the temperature drops below freezing, the pipes in the old house invariably start to make strange noises."
6988.0,ordinarily,"Ordinarily, I take the train to work, but today I decided to drive."
6988.0,ordinarily,"The restaurant is ordinarily quite busy, but we were lucky enough to get a table right away."
6988.0,ordinarily,"Ordinarily, she's a very outgoing person, but she's been quiet lately."
6988.0,ordinarily,"Ordinarily, the package would have arrived by now, but there may be delays due to the weather."
6988.0,ordinarily,"We ordinarily have a meeting every Monday, but this week it's been rescheduled for Wednesday."
6989.0,subsequently,"The rain started unexpectedly, and subsequently, the baseball game was canceled."
6989.0,subsequently,"He failed his first exam, but subsequently dedicated more time to studying and improved his grade significantly."
6989.0,subsequently,"The company announced layoffs, and subsequently, the stock price plummeted."
6989.0,subsequently,"We had a disagreement about the project's direction, but subsequently came to a compromise that satisfied both of us."
6989.0,subsequently,She applied for the job online and subsequently received an invitation for an interview.
6990.0,broadly,"Broadly speaking, the new policy has been well-received by the employees."
6990.0,broadly,"The film is broadly based on historical events, though it takes some creative liberties."
6990.0,broadly,We can broadly categorize the applications into two groups: those that meet the criteria and those that don't.
6990.0,broadly,"The artist's work is broadly influenced by Impressionism, but with a modern twist."
6990.0,broadly,"While there are some minor differences, the two models are broadly equivalent in terms of performance."
6991.0,decidedly,"She was decidedly unhappy with the new arrangements, making her feelings quite clear to everyone involved."
6991.0,decidedly,"The weather was decidedly colder than the forecast had predicted, so we all bundled up in extra layers."
6991.0,decidedly,"His performance was decidedly improved from the last time, showing a clear dedication to practice."
6991.0,decidedly,"The restaurant, while charming, was decidedly too expensive for our budget."
6991.0,decidedly,"After a moment of hesitation, he decidedly agreed to join the team, a decision that surprised many."
6992.0,heartily,We heartily congratulated them on their engagement.
6992.0,heartily,The audience heartily applauded the orchestra's performance.
6992.0,heartily,"After a long hike, we heartily devoured the sandwiches we had packed."
6992.0,heartily,He heartily agreed with her proposal to renovate the old building.
6992.0,heartily,I can heartily recommend this restaurant; the food is excellent and the service is impeccable.
6993.0,oddly,"Oddly enough, the weather forecast was completely wrong, predicting sunshine when it rained all day."
6993.0,oddly,"She behaved oddly at the party, avoiding everyone and whispering to herself in the corner."
6993.0,oddly,"The painting was oddly compelling, despite its strange subject matter and unsettling colors."
6993.0,oddly,He found it oddly satisfying to organize his spice rack alphabetically.
6993.0,oddly,"Oddly, the door was unlocked, even though I distinctly remember locking it before I left."
6994.0,vaguely,I vaguely remember meeting him at a conference a few years ago.
6994.0,vaguely,"She vaguely gestured towards the back of the room, indicating where the refreshments were."
6994.0,vaguely,"The instructions were vaguely worded, making it difficult to understand what to do."
6994.0,vaguely,He had a vaguely familiar accent that I couldn't quite place.
6994.0,vaguely,"I felt vaguely uneasy about the whole situation, but I couldn't pinpoint why."
6995.0,hopefully,"Hopefully, the weather will be nice enough for us to have a picnic this weekend."
6995.0,hopefully,"Hopefully, I'll hear back from the hiring manager sometime next week regarding the job application."
6995.0,hopefully,"Hopefully, adding more memory to my computer will make it run faster."
6995.0,hopefully,"Hopefully, she remembers to bring her presentation slides to the conference tomorrow."
6995.0,hopefully,"Hopefully, by taking this medication, my allergies will be under control."
6996.0,incidentally,"I was planning to go to the grocery store later; incidentally, do you need anything?"
6996.0,incidentally,"Incidentally, I ran into Sarah at the coffee shop this morning, and she asked about you."
6996.0,incidentally,"The project is almost finished, but, incidentally, we're still waiting on approval from the legal department."
6996.0,incidentally,"We'll be discussing the budget at the meeting; incidentally, can you bring copies of your expense reports?"
6996.0,incidentally,"I'm reading a fascinating book about the history of Rome, and, incidentally, it mentions that particular monument we saw last summer."
6997.0,respectively,"John and Mary won first and second place, respectively."
6997.0,respectively,"The red, blue, and green wires connect to ports A, B, and C, respectively."
6997.0,respectively,"Our company's profits and revenue increased by 10% and 15%, respectively, compared to last year."
6997.0,respectively,"The students were asked to bring their laptops and notebooks on Monday and Tuesday, respectively."
6997.0,respectively,"The CEO and CFO received bonuses of $100,000 and $75,000, respectively, for their outstanding performance."
6998.0,virtually,The project is virtually complete; we just need to do some final testing.
6998.0,virtually,"Due to the heavy rain, the hiking trail was virtually impassable."
6998.0,virtually,"Since the company switched to remote work, we've been holding virtually all of our meetings online."
6998.0,virtually,"The two models are virtually identical, differing only in the color of the trim."
6998.0,virtually,"After the surgery, she was virtually pain-free thanks to the strong medication."
6999.0,notwithstanding,"Notwithstanding the rain, the outdoor concert will proceed as planned."
6999.0,notwithstanding,"Notwithstanding his lack of experience, he was hired for his enthusiasm and potential."
6999.0,notwithstanding,"The company's profits were down this quarter; notwithstanding, they are optimistic about the future."
6999.0,notwithstanding,"Notwithstanding her initial reluctance, she eventually agreed to join the team."
6999.0,notwithstanding,"Notwithstanding the challenges we faced, we managed to complete the project on time."
7000.0,amen,"After the pastor finished his heartfelt prayer for peace, the congregation responded with a resounding ""Amen!"""
7000.0,amen,"If we can all agree on this plan moving forward, let's say 'Amen' and get to work."
7000.0,amen,"She whispered a quiet ""Amen"" under her breath as the choir sang the final verse."
7000.0,amen,I'm hoping this new medication will finally alleviate my pain; amen to that.
7000.0,amen,"He concluded his speech about overcoming adversity with a powerful message of hope, to which the audience replied with a collective ""Amen!"""
