number,word,example
8001,drought,"The prolonged drought has devastated local farms, leading to widespread crop failures and economic hardship."
8001,drought,"After years of drought, the community finally celebrated the arrival of much-needed rain."
8001,drought,"The team is experiencing a scoring drought, having failed to score in their last three games."
8001,drought,California is particularly vulnerable to drought due to its Mediterranean climate and growing population.
8001,drought,"Experts warn that climate change will likely exacerbate drought conditions in many regions around the world, making water conservation even more critical."
8002,aggravate,Please try not to aggravate him; he's already in a bad mood.
8002,aggravate,Scratching that mosquito bite will only aggravate the itching.
8002,aggravate,The company's decision to cut benefits is likely to aggravate the already tense labor relations.
8002,aggravate,"To aggravate matters, the car broke down on the way to the airport."
8002,aggravate,His constant complaining really started to aggravate me.
8003,amplify,The new microphone will amplify your voice so everyone in the audience can hear you clearly.
8003,amplify,"Social media can amplify misinformation, making it difficult to discern fact from fiction."
8003,amplify,The governor hoped the new policy would amplify the positive effects of the economic stimulus package.
8003,amplify,"To amplify the flavor of the sauce, I added a pinch of smoked paprika."
8003,amplify,The news report seemed to amplify the sense of panic already gripping the city after the earthquake.
8004,acoustic,"The band played an acoustic set at the small coffee shop, drawing a large crowd eager to hear their stripped-down sound."
8004,acoustic,"The concert hall has excellent acoustics, making it a perfect venue for orchestral performances."
8004,acoustic,He's building a recording studio and is meticulously planning the acoustic treatment to minimize unwanted reverberation.
8004,acoustic,I'm thinking of buying an acoustic guitar to learn some folk songs.
8004,acoustic,The doctor used acoustic analysis of my breathing to help diagnose the respiratory problem.
8005,animate,"The comedian's lively performance really helped to animate the party, getting everyone involved and laughing."
8005,animate,"The animator worked tirelessly to animate the characters, giving them realistic movements and expressions."
8005,animate,Debate over the proposed legislation began to animate the usually quiet town hall meeting.
8005,animate,"While the historical records are dry, the historian's engaging writing style manages to animate the past, making it feel relevant to the present."
8005,animate,"The director sought actors who could truly animate their characters, bringing them to life with depth and nuance."
8006,unconventional,"Her unconventional approach to painting, using found objects instead of traditional brushes, has garnered her critical acclaim."
8006,unconventional,"We decided to have an unconventional wedding, opting for a potluck reception in a public park instead of a formal banquet hall."
8006,unconventional,"He's known for his unconventional business strategies, often taking risks that others wouldn't consider."
8006,unconventional,"While some found her ideas radical, others appreciated her unconventional thinking and willingness to challenge the status quo."
8006,unconventional,"The artist's unconventional use of materials, like incorporating recycled plastics into sculptures, made a powerful statement about environmental responsibility."
8007,assimilate,New immigrants often find it challenging to assimilate into a completely different culture.
8007,assimilate,"After moving to the countryside, it took me a while to assimilate to the slower pace of life."
8007,assimilate,The body needs time to assimilate nutrients from the food we eat.
8007,assimilate,"The company was acquired by a larger corporation, and it took some time to assimilate the new organizational structure."
8007,assimilate,"The spy managed to assimilate into the local community, adopting their customs and language seamlessly."
8008,painstaking,"The restoration of the antique car was a painstaking process, requiring hours of meticulous work on each individual part."
8008,painstaking,"He took painstaking notes during the lecture, wanting to ensure he captured every detail for his research paper."
8008,painstaking,"Crafting the intricate clockwork mechanism was a painstaking task, demanding a steady hand and unwavering focus."
8008,painstaking,"She described in painstaking detail how the accident occurred, hoping to provide a clear picture for the insurance company."
8008,painstaking,"After a painstaking investigation, the detective was finally able to piece together the evidence and solve the complex case."
8009,automate,The factory decided to automate the assembly line to increase production and reduce labor costs.
8009,automate,We need to automate the process of sending out invoices to save time each month.
8009,automate,Many companies are looking for ways to automate customer service using chatbots and AI.
8009,automate,"While I enjoy cooking, I wish I could automate the grocery shopping and meal planning."
8009,automate,The software helps automate many of the repetitive tasks involved in data analysis.
8010,semiconductor,"The global shortage of semiconductors has significantly impacted the automotive industry, causing production delays and price increases."
8010,semiconductor,Silicon is the most commonly used semiconductor material due to its abundance and favorable electrical properties.
8010,semiconductor,My friend works as an engineer designing new types of semiconductors for advanced computing applications.
8010,semiconductor,"Investing in semiconductor companies is considered a high-growth area, but it also comes with significant risk due to rapid technological advancements."
8010,semiconductor,The professor gave a fascinating lecture on the physics behind how a semiconductor diode works as a one-way valve for electrical current.
8011,blacken,"The careless cook let the onions blacken in the pan, filling the kitchen with a burnt smell."
8011,blacken,His reputation was unfairly blackened by the tabloid press after the scandal.
8011,blacken,"The fire blackened the walls of the old house, leaving behind a layer of soot."
8011,blacken,I'm going to blacken some chicken on the grill tonight; it's one of my favorite summer meals.
8011,blacken,The political campaign threatened to blacken the candidate's name with false accusations.
8012,steeple,The quaint village was known for its church with the tallest steeple in the county.
8012,steeple,"We could see the steeple of the cathedral from miles away, a beacon in the flat landscape."
8012,steeple,"The project's goal was to steeple the sales figures by the end of the quarter, aiming for a significant increase."
8012,steeple,"During the storm, we worried about the steeple of the old church being struck by lightning."
8012,steeple,"Climbing the ranks in the company felt like trying to steeple oneself, an arduous and challenging ascent."
8013,crumble,The old castle walls began to crumble after centuries of weathering storms and battles.
8013,crumble,He felt his resolve crumble under the immense pressure of the upcoming deadline.
8013,crumble,She added a delicious crumble topping to the apple pie before baking it.
8013,crumble,"The archaeologist carefully brushed away the dirt, hoping to salvage the fragments before they completely crumble to dust."
8013,crumble,"If we don't address the underlying issues, the whole peace process could crumble and fall apart."
8014,quartz,"The countertop was made of a beautiful slab of quartz, speckled with shimmering minerals."
8014,quartz,I bought a quartz watch because I wanted something reliable and accurate.
8014,quartz,Geologists often find quartz crystals in metamorphic rocks.
8014,quartz,The jeweler explained that rose quartz is believed to promote love and healing.
8014,quartz,"Her new age shop sold everything from amethyst to quartz, each crystal promising different spiritual benefits."
8015,ore,The geologist determined that the rock sample contained a significant amount of iron ore.
8015,ore,Mining companies are searching for new sources of rare earth ore to meet the growing demand for electronics.
8015,ore,The process of smelting ore extracts the valuable metal from the unwanted rock and minerals.
8015,ore,"After years of searching, they finally struck ore, discovering a rich vein of gold in the mountains."
8015,ore,"The abandoned mine was once a major producer of copper ore, but it's now just a historical site."
8016,gunpower,The old pirate film featured a dramatic scene where they used gunpowder to blow open the treasure chest.
8016,gunpower,The smell of gunpowder hung heavy in the air after the fireworks display.
8016,gunpower,"Historically, the invention of gunpowder revolutionized warfare and changed the course of many civilizations."
8016,gunpower,"He was always careful when handling antique firearms, knowing the dangers of deteriorated gunpowder."
8016,gunpower,"Figuratively speaking, the debate was a political powder keg, ready to explode with just a spark of gunpowder."
8017,badger,The journalist tried to badger the politician into revealing confidential information about the upcoming negotiations.
8017,badger,Stop trying to badger me into going to that party; I've already told you I'm not interested.
8017,badger,We saw a badger digging for insects in the field behind the house; it was quite a surprise.
8017,badger,Environmental groups are working to protect the badger population in the face of increasing habitat loss.
8017,badger,"After weeks of badgering, my boss finally agreed to give me a raise."
8018,deteriorate,"The old bridge began to deteriorate after years of neglect, becoming unsafe for heavy vehicles."
8018,deteriorate,"Our relationship started off strong, but it began to deteriorate after we stopped communicating effectively."
8018,deteriorate,"If you don't take care of your teeth, they will deteriorate, and you'll need expensive dental work."
8018,deteriorate,"The patient's condition began to deteriorate rapidly overnight, requiring immediate medical intervention."
8018,deteriorate,The value of the currency will deteriorate if the government doesn't address the rising inflation.
8019,contaminant,"The chemical spill introduced a dangerous contaminant into the city's water supply, making it unsafe to drink."
8019,contaminant,We need to thoroughly analyze the soil sample to determine if there are any contaminants present from the nearby factory.
8019,contaminant,"The doctor warned that even a small amount of the contaminant could cause serious health problems, especially for young children."
8019,contaminant,"Before using the equipment, be sure to wipe it down to remove any potential contaminants that could affect the experiment's results."
8019,contaminant,"Pesticides are a common contaminant in agricultural runoff, posing a threat to aquatic ecosystems."
8020,daffodil,The bright yellow daffodils were the first sign of spring in my garden.
8020,daffodil,"She wore a dress the color of a daffodil, vibrant and cheerful."
8020,daffodil,We bought a bunch of daffodils at the farmer's market to brighten up the kitchen table.
8020,daffodil,"Wordsworth's poem, 'I Wandered Lonely as a Cloud,' immortalized the image of a field full of golden daffodils."
8020,daffodil,"The children planted daffodil bulbs in the autumn, eagerly anticipating their blooms in the spring."
8021,droop,The flowers in the vase began to droop after a few days without water.
8021,droop,"After a long day at work, my eyelids started to droop and I could barely keep them open."
8021,droop,His shoulders drooped with disappointment when he heard the news.
8021,droop,"Despite his initial enthusiasm, his support for the project began to droop as deadlines approached and challenges mounted."
8021,droop,"The old flag on the pole drooped sadly in the wind, a symbol of neglect."
8022,electrify,"The band's energetic performance completely electrified the crowd, leaving everyone buzzing with excitement."
8022,electrify,The President's speech aimed to electrify the base and galvanize support for the upcoming election.
8022,electrify,The new high-speed rail line will electrify the region's economy by improving connectivity and facilitating trade.
8022,electrify,Scientists are working to electrify the transportation sector in an effort to reduce carbon emissions and combat climate change.
8022,electrify,"The discovery of a new energy source could electrify the world, providing clean and affordable power for all."
8023,gorge,"After hiking all day, we stopped at a diner and I proceeded to gorge myself on a huge burger and fries."
8023,gorge,"The Samaria Gorge in Crete is a popular hiking destination, known for its stunning natural beauty and challenging terrain."
8023,gorge,"We watched in horror as the river gorged itself on the surrounding land after days of heavy rain, overflowing its banks."
8023,gorge,"During the holidays, it's easy to gorge on sweets and end up feeling sluggish afterwards."
8023,gorge,"The vultures began to gorge on the carrion, a grim but necessary part of the ecosystem."
8024,icon,The actress became a style icon for a generation with her bold fashion choices and unconventional beauty.
8024,icon,"On my computer desktop, each of those little pictures is an icon that I can click to open a program."
8024,icon,"For many, Nelson Mandela is an icon of peace and reconciliation, embodying the struggle against apartheid."
8024,icon,"When you open the app, tap the settings icon – it looks like a gear – to adjust your preferences."
8024,icon,"The classic car is a true American icon, representing a bygone era of automotive design and innovation."
8025,embody,"He seems to embody all the qualities of a good leader: intelligence, empathy, and decisiveness."
8025,embody,The statue is meant to embody the spirit of freedom and justice.
8025,embody,Her latest performance embodied the pain and resilience of the characters she portrayed so well.
8025,embody,"This car embodies everything the company stands for: luxury, performance, and innovation."
8025,embody,The principles of fair play and sportsmanship are embodied in the Olympic Games.
8026,motherhood,"She embraced motherhood with open arms, finding joy in the everyday moments of raising her children."
8026,motherhood,The museum exhibit explored the diverse experiences of motherhood throughout history and across different cultures.
8026,motherhood,Balancing a demanding career with the responsibilities of motherhood can be a significant challenge for many women.
8026,motherhood,"After years of infertility struggles, Sarah finally achieved motherhood through IVF, a dream come true."
8026,motherhood,"The politician's stance on childcare policies clearly demonstrated her understanding, or lack thereof, of the realities of modern motherhood."
8027,erupt,"The volcano could erupt at any moment, so scientists are closely monitoring its activity."
8027,erupt,"If you keep bottling up your feelings, you're going to erupt in anger eventually."
8027,erupt,"News of the scandal began to erupt across social media platforms, spreading rapidly."
8027,erupt,The crowd erupted in cheers when the home team scored the winning goal.
8027,erupt,"After days of simmering tensions, a fight erupted between the two rival gangs."
8028,reef,"The scuba divers explored the vibrant coral reef, marveling at the diverse marine life."
8028,reef,We need to reef the sails; the wind is picking up and the boat is starting to heel over too much.
8028,reef,"The ship ran aground on a hidden reef, causing significant damage to its hull."
8028,reef,"The Great Barrier Reef is a natural wonder and a popular tourist destination, but it's facing serious threats from climate change."
8028,reef,"He made a reef knot to secure the rope, ensuring it wouldn't come undone easily."
8029,humane,The animal shelter is committed to providing humane treatment to all the animals in its care.
8029,humane,"Many believe that capital punishment is not a humane way to deal with criminals, arguing for rehabilitation instead."
8029,humane,It's important to find a humane solution to the problem of homelessness that respects the dignity of every individual.
8029,humane,"The company's decision to offer severance packages was a humane gesture, considering the difficult economic circumstances."
8029,humane,"We strive to create a humane workplace where employees feel valued and supported, promoting both their well-being and productivity."
8030,enmity,The long-standing enmity between the Montagues and Capulets ultimately led to tragedy.
8030,enmity,"Despite their initial enmity, the two companies eventually realized they could benefit from a strategic partnership."
8030,enmity,"After years of bitter legal battles, the enmity between the siblings remained palpable."
8030,enmity,His outspoken criticism of the government fostered enmity among certain political factions.
8030,enmity,The seed of enmity was sown when he betrayed his best friend's trust.
8031,evaporate,The morning dew began to evaporate quickly in the hot sun.
8031,evaporate,Her hopes of winning the lottery seemed to evaporate as soon as she saw the winning numbers.
8031,evaporate,"Negotiations between the two companies began with promise, but the goodwill quickly evaporated due to disagreements over key terms."
8031,evaporate,"If you leave the water boiling for too long, it will completely evaporate and burn the pot."
8031,evaporate,"The politician's lead in the polls began to evaporate after the scandal broke, leaving his campaign struggling to recover."
8032,freshen,Let me freshen your drink; would you like some more ice?
8032,freshen,"After a long day at work, I like to freshen up with a quick shower before dinner."
8032,freshen,The marketing team needs to freshen up their approach; the current campaign is stale.
8032,freshen,We should freshen the air in this room by opening a window.
8032,freshen,Could you freshen my memory about where we left off in the report?
8033,dreary,The dreary weather made me want to stay inside all day with a good book and a cup of tea.
8033,dreary,"After weeks of dreary meetings and little progress, the team's morale was at an all-time low."
8033,dreary,"She described her childhood in the small, industrial town as relentlessly dreary and devoid of excitement."
8033,dreary,"Despite the dreary outlook for the economy, he remained optimistic about his company's future."
8033,dreary,"The old, abandoned house had a dreary atmosphere, filled with cobwebs and the scent of decay."
8034,showroom,"We spent the afternoon at the car showroom, test driving a few different models before making a decision."
8034,showroom,"The furniture showroom was beautifully arranged, making it easy to imagine how the pieces would look in my own home."
8034,showroom,"Before committing to the purchase, I want to see the tiles in the showroom to get a better sense of their texture and color."
8034,showroom,The company is planning to open a new showroom in the city center to showcase their latest product line.
8034,showroom,"He landed a job as a sales representative at the local motorcycle showroom, a dream come true for a lifelong enthusiast."
8035,muscular,The bodybuilder's muscular physique was the result of years of dedicated training and a strict diet.
8035,muscular,"He had a muscular build, which made him a natural athlete."
8035,muscular,The company is trying to flex its muscular power in the market by acquiring smaller competitors.
8035,muscular,"Even though she's quite petite, she's surprisingly muscular and can lift a lot of weight."
8035,muscular,"After the accident, he had to undergo physical therapy to regain muscular strength in his leg."
8036,tatto,I want to tatto my name on my arm.
8036,tatto,I want to tatto a heart on my arm.
8036,tatto,He decided to tatto his favorite quote on his back as a reminder of his journey.
8036,tatto,Many people choose to tatto images or symbols that hold personal significance for them.
8036,tatto,She plans to tatto a delicate floral design around her wrist as a symbol of her connection to nature.
8037,glisten,"After the rain, the leaves on the trees glistened in the sunlight, creating a beautiful, shimmering effect."
8037,glisten,"The athlete's forehead glistened with sweat as he crossed the finish line, exhausted but triumphant."
8037,glisten,"Her eyes glistened with tears as she recounted the emotional story, revealing the depth of her feelings."
8037,glisten,"The freshly polished silverware glistened under the chandelier, adding an elegant touch to the formal dinner setting."
8037,glisten,"The baker brushed the warm pastries with melted butter, causing them to glisten invitingly in the display case."
8038,manifesto,The political party released its manifesto outlining their key policies on healthcare and education.
8038,manifesto,Her personal manifesto for the year included goals like learning a new language and traveling to Southeast Asia.
8038,manifesto,The artist's manifesto declared a rejection of traditional forms and an embrace of abstract expressionism.
8038,manifesto,"The company's 'customer-first' manifesto is displayed prominently in the lobby, reminding employees of their core values."
8038,manifesto,He jokingly referred to his detailed grocery list as his 'manifesto for a successful dinner party'.
8039,incur,"If you cancel your subscription after the trial period, you will incur a cancellation fee."
8039,incur,"By not paying your taxes on time, you will incur penalties and interest charges."
8039,incur,The company decided to incur significant debt to finance its expansion into new markets.
8039,incur,"I hate to incur your wrath, but I accidentally deleted that important file."
8039,incur,The reckless driver incurred the anger of other motorists when he cut them off.
8040,condemnation,The international community issued a strong condemnation of the terrorist attack.
8040,condemnation,"Her condemnation of his actions was swift and unwavering, leaving no room for doubt about her disapproval."
8040,condemnation,The old building was marked for condemnation due to structural damage and safety concerns.
8040,condemnation,"Despite the overwhelming evidence, he refused to accept the condemnation of his peers and continued to defend his controversial theory."
8040,condemnation,"He faced widespread condemnation for his insensitive remarks, forcing him to issue a public apology."
8041,constituency,"The MP worked tirelessly to address the concerns of his constituency, holding regular town hall meetings."
8041,constituency,The politician's stance on the issue alienated a significant portion of her traditional constituency.
8041,constituency,"As a newly elected official, she was eager to connect with her constituency and understand their needs."
8041,constituency,"The local community center serves a wide constituency, offering programs for children, seniors, and families."
8041,constituency,The senator's unwavering support for the bill demonstrated his loyalty to a key constituency within his state.
8042,modernize,The company decided to modernize its outdated computer systems to improve efficiency.
8042,modernize,"To attract younger residents, the city council plans to modernize the downtown area with new shops and restaurants."
8042,modernize,"My grandmother is hesitant to modernize her kitchen, preferring her classic appliances."
8042,modernize,The museum is undergoing renovations to modernize its exhibits and make them more interactive.
8042,modernize,We need to modernize our approach to marketing if we want to stay competitive in today's market.
8043,headdress,"The tribal chief wore an elaborate headdress adorned with feathers and beads, signifying his status."
8043,headdress,"For the historical reenactment, she crafted a historically accurate headdress based on museum artifacts."
8043,headdress,"The dancer's vibrant headdress shimmered under the stage lights, adding to the drama of the performance."
8043,headdress,I'm thinking of wearing a simple floral headdress to the garden party; nothing too extravagant.
8043,headdress,The museum exhibit featured a stunning collection of headdresses from various indigenous cultures around the world.
8044,vogue,"Brightly colored clothing is back in vogue this summer, so expect to see a lot of neon pink and electric blue."
8044,vogue,"The minimalist aesthetic, once considered cutting-edge, is no longer in vogue."
8044,vogue,"While online learning is increasingly popular, traditional classroom settings are still very much in vogue at many universities."
8044,vogue,She's a fashion icon known for setting the vogue rather than following it.
8044,vogue,Reading physical books has experienced a resurgence; it seems the printed word is back in vogue.
8045,constituent,The senator made sure to listen to the concerns of every constituent in her district.
8045,constituent,"Water is a key constituent of the human body, making up approximately 60% of our weight."
8045,constituent,"The recipe called for flour, sugar, and eggs – the essential constituents of a basic cake."
8045,constituent,"As a responsible citizen, I feel it's my duty to be an informed constituent and vote in every election."
8045,constituent,The chemical analysis revealed that the compound was primarily composed of two constituents: carbon and hydrogen.
8046,cauliflower,"I'm trying to eat healthier, so I'm going to roast some cauliflower with turmeric and cumin for dinner."
8046,cauliflower,"The farmer's market had a beautiful array of fresh vegetables, including several varieties of cauliflower: purple, green, and white."
8046,cauliflower,"My grandmother always made a delicious cauliflower cheese, but I could never get her to share the recipe."
8046,cauliflower,"Some people find the smell of cooking cauliflower quite unpleasant, but I don't mind it so much."
8046,cauliflower,The chef experimented with cauliflower rice as a gluten-free alternative to traditional rice in his new menu.
8047,neutralize,"The baking soda will neutralize the acid in the tomato sauce, making it less bitter."
8047,neutralize,The UN is attempting to neutralize the conflict between the two countries by sending in peacekeepers.
8047,neutralize,He tried to neutralize the negative press by holding a press conference and addressing the rumors directly.
8047,neutralize,We need to neutralize the threat posed by the virus by developing an effective vaccine.
8047,neutralize,"After the argument, she tried to neutralize the tension with a joke, but it didn't quite land."
8048,cholesterol,My doctor wants me to lower my cholesterol through diet and exercise.
8048,cholesterol,The nutrition label clearly states the amount of cholesterol per serving in this product.
8048,cholesterol,"High cholesterol often has no symptoms, so it's important to get your levels checked regularly."
8048,cholesterol,He's been on statins for years to manage his cholesterol and reduce his risk of heart disease.
8048,cholesterol,"Eating too much saturated fat can raise your LDL cholesterol, which is considered the 'bad' cholesterol."
8049,vendor,We need to choose a reliable vendor for our office supplies to ensure we don't run out of paper again.
8049,vendor,"The street fair had dozens of food vendors, each offering unique and delicious treats."
8049,vendor,Our company is a major vendor of software solutions for the healthcare industry.
8049,vendor,"Before signing the contract, the legal team needs to thoroughly vet the vendor and their compliance history."
8049,vendor,"The hot dog vendor on the corner always has a long line, so his product must be good!"
8050,outnumber,"In the small town, dogs vastly outnumber cats, making it a haven for dog lovers."
8050,outnumber,"The protesters, though passionate, were unfortunately outnumbered by the counter-protesters, making their voices harder to hear."
8050,outnumber,"During the summer months, tourists outnumber local residents, causing traffic congestion and long lines at popular attractions."
8050,outnumber,"Despite being the underdogs, our team managed to win because our determination and teamwork outnumber their individual talent."
8050,outnumber,"Female students now outnumber male students in many university programs, reflecting a significant shift in educational demographics."
8051,shopper,The store was packed with shoppers looking for last-minute Christmas gifts.
8051,shopper,"As a savvy shopper, she always compares prices before making a purchase."
8051,shopper,Our marketing team is trying to understand the modern shopper's behavior and preferences.
8051,shopper,He's a regular window shopper; he enjoys looking at things but rarely buys anything.
8051,shopper,"The mystery shopper gave the store a positive review, praising the helpful staff and clean environment."
8052,boulevard,"We took a leisurely stroll down the boulevard, enjoying the late afternoon sunshine and the vibrant atmosphere."
8052,boulevard,"The accident caused a major traffic jam on the boulevard, delaying commuters for over an hour."
8052,boulevard,"Many luxury boutiques and upscale restaurants line the Champs-Élysées, the most famous boulevard in Paris."
8052,boulevard,He dreamed of escaping his small-town life and making a name for himself on the grand boulevard of Hollywood.
8052,boulevard,The city council is proposing to widen the boulevard to accommodate the increasing volume of traffic.
8053,racist,His comments were widely condemned as racist and insensitive.
8053,racist,The company is facing accusations of racist hiring practices.
8053,racist,I refuse to tolerate racist jokes or prejudice of any kind.
8053,racist,"She didn't mean to be racist, but her words had a harmful impact."
8053,racist,The report detailed the systemic racist policies that have historically disadvantaged minority communities.
8054,perpetuate,The company's outdated policies only perpetuate inequality in the workplace.
8054,perpetuate,We must be careful not to perpetuate harmful stereotypes about different cultures.
8054,perpetuate,The constant media coverage of the scandal served to perpetuate public outrage.
8054,perpetuate,"By ignoring the problem, you're just perpetuating the cycle of neglect."
8054,perpetuate,Investing in education is crucial to breaking the cycle of poverty and preventing it from perpetuating itself through generations.
8055,supremacy,The company aimed for market supremacy by releasing innovative products and aggressive marketing campaigns.
8055,supremacy,The ongoing debate centers around whether individual rights should take precedence over the perceived supremacy of the state.
8055,supremacy,"Some believe in the inherent supremacy of one culture over others, a dangerous and divisive ideology."
8055,supremacy,"After years of training, the athlete finally achieved supremacy in the sport, dominating every competition."
8055,supremacy,"The political party's platform promoted the idea of national supremacy, emphasizing the importance of protecting the country's interests above all else."
8056,militant,"The animal rights group is known for its militant tactics, including disrupting fur coat fashion shows."
8056,militant,"After years of peaceful protesting, some members of the movement became more militant and advocated for direct action."
8056,militant,"The union leader warned against taking a militant stance in negotiations, suggesting a more collaborative approach would be more effective."
8056,militant,"Her militant defense of her beliefs often alienated those who disagreed with her, even when they were open to discussion."
8056,militant,"Despite facing significant opposition, the activist remained a militant advocate for environmental protection, never backing down from a challenge."
8057,pervade,"A feeling of unease seemed to pervade the abandoned house, making us reluctant to go inside."
8057,pervade,"The smell of freshly baked bread began to pervade the kitchen, signaling that breakfast was almost ready."
8057,pervade,"Despite their efforts to remain professional, a sense of excitement began to pervade the team as the deadline approached."
8057,pervade,"Corruption seemed to pervade every level of the government, making it difficult to trust anyone."
8057,pervade,The philosopher argued that a fundamental sense of interconnectedness pervades all of existence.
8058,enrollment,The university saw a significant drop in enrollment this year due to rising tuition costs.
8058,enrollment,"Online enrollment for the summer courses begins next Monday, so be sure to register early."
8058,enrollment,"After completing the trial period, you'll need to complete your enrollment to gain full access to the gym facilities."
8058,enrollment,"Despite the challenging economy, our preschool enrollment numbers have remained surprisingly consistent."
8058,enrollment,The sudden increase in enrollment forced the school board to consider building a new elementary school to accommodate all the students.
8059,preparatory,The students were given preparatory homework to complete before the first day of class.
8059,preparatory,She attended a preparatory school to improve her chances of getting into a good university.
8059,preparatory,"After the initial preparatory meetings, the real work on the project could begin."
8059,preparatory,The lawyer conducted a preparatory interview with the witness to ensure they were ready for the trial.
8059,preparatory,"We need to take some preparatory steps before we launch the new marketing campaign, such as finalizing the budget and securing all necessary approvals."
8060,plummet,"After the CEO's scandal was revealed, the company's stock price began to plummet rapidly."
8060,plummet,"If you drop a rock from a great height, it will plummet to the ground with increasing speed."
8060,plummet,The team's morale plummeted after their star player suffered a season-ending injury.
8060,plummet,"Sales figures plummeted during the economic recession, forcing the company to lay off employees."
8060,plummet,Her spirits plummeted when she received the rejection letter from her dream university.
8061,intrinsic,"Creativity is intrinsic to human nature, and we should encourage it in our schools and workplaces."
8061,intrinsic,"The intrinsic value of a diamond, beyond its aesthetic appeal, lies in its rarity and durability."
8061,intrinsic,"Even though the job was challenging, the intrinsic rewards of helping others made it worthwhile."
8061,intrinsic,"For many artists, the act of creation itself is an intrinsic motivation, far outweighing any desire for fame or fortune."
8061,intrinsic,"Honesty possesses an intrinsic worth, meaning it's valuable regardless of its consequences."
8062,kidney,The doctor ordered blood tests to check my kidney function after I complained of back pain.
8062,kidney,He's on dialysis because his kidneys failed due to complications from diabetes.
8062,kidney,My aunt is waiting for a kidney transplant; it's been a long and difficult process.
8062,kidney,"I'm so hungry I could eat a horse, and I've got room for a kidney pie too!"
8062,kidney,"She really put the pressure on him to finish the project; she was riding him like a rented mule, and even went for his kidney at one point."
8063,purify,"The water filter is designed to purify tap water, removing sediment and harmful chemicals."
8063,purify,"Meditation can help to purify the mind, clearing away negative thoughts and promoting inner peace."
8063,purify,"The ancient ritual was meant to purify the temple, cleansing it of any evil spirits."
8063,purify,"Before performing the experiment, he had to purify the sample to ensure accurate results."
8063,purify,"Sometimes, a good cry is all you need to purify your soul and release pent-up emotions."
8064,tumor,The doctor ordered an MRI to check for any signs of a tumor in her brain.
8064,tumor,"After the surgery, the biopsy confirmed that the tumor was benign and not cancerous."
8064,tumor,"He's been feeling fatigued and experiencing headaches, so his family is worried it could be a tumor."
8064,tumor,"The oncologist explained the different treatment options available to shrink the tumor, including chemotherapy and radiation."
8064,tumor,"Although the initial diagnosis was frightening, advancements in medical technology have greatly improved the prognosis for patients with this type of tumor."
8065,recur,"Unfortunately, the problem seems to recur every time we update the software."
8065,recur,"The theme of lost innocence tends to recur throughout her novels, giving them a sense of melancholy."
8065,recur,"If the symptoms recur, you should schedule another appointment with your doctor immediately."
8065,recur,We've planned a recurring weekly meeting to discuss project updates and address any emerging issues.
8065,recur,"Old habits die hard, and sometimes I find myself letting the same negative thought patterns recur despite my best efforts to avoid them."
8066,lethal,"The combination of those two chemicals is potentially lethal, so handle them with extreme caution."
8066,lethal,"That snake's venom is considered lethal to humans, even in small doses."
8066,lethal,The company's negligence in safety protocols created a lethal environment for its workers.
8066,lethal,"His sarcastic wit can be lethal in a debate, even though he doesn't raise his voice."
8066,lethal,"Too much sugar can be lethal to your diet, but a little bit can be nice."
8067,forefinger,"She pointed her forefinger accusingly at the broken vase, demanding to know who was responsible."
8067,forefinger,The nurse gently placed her forefinger on the baby's wrist to check his pulse.
8067,forefinger,He used his forefinger to swipe through the photos on his smartphone.
8067,forefinger,"Following the recipe, I carefully measured a pinch of salt between my forefinger and thumb."
8067,forefinger,"The artist dabbed a tiny amount of paint onto the canvas with the tip of his forefinger, adding a subtle highlight."
8068,redden,His face began to redden with embarrassment when he realized he had called her by the wrong name.
8068,redden,"The setting sun began to redden the clouds, painting the sky with vibrant hues of orange and crimson."
8068,redden,"After a day at the beach without sunscreen, her skin started to redden and feel sore."
8068,redden,"The chef explained that searing the meat would redden the outside, creating a delicious crust."
8068,redden,A wave of anger caused his knuckles to redden as he clenched his fists.
8069,inflammation,The doctor said my sore throat was caused by inflammation of the tonsils.
8069,inflammation,She's been taking ibuprofen to reduce the inflammation in her knee after the marathon.
8069,inflammation,"Chronic inflammation has been linked to a number of serious diseases, including heart disease and cancer."
8069,inflammation,"His skin condition was characterized by redness, itching, and inflammation."
8069,inflammation,"To prevent further inflammation, it's important to avoid irritating the affected area and follow a healthy diet."
8070,sliding,The kids were having fun sliding down the grassy hill on cardboard boxes.
8070,sliding,The company's profits have been sliding for the past quarter due to increased competition.
8070,sliding,He installed sliding doors in the kitchen to save space.
8070,sliding,My plans for the weekend are sliding into place; I just need to confirm a few details.
8070,sliding,"After the heavy rain, there was a risk of mud sliding down the mountain."
8071,depot,"The bus depot was surprisingly clean, considering how many people pass through it each day."
8071,depot,"During the war, the town's train depot served as a crucial point for troop deployment and supply distribution."
8071,depot,We need to drop off these supplies at the supply depot before heading back to base.
8071,depot,"The old depot has been converted into a charming antique shop, preserving some of its historical features."
8071,depot,I missed my train because I went to the wrong depot; there are two in the city!
8072,squeak,"I heard a mouse squeak behind the refrigerator last night, so I think we need to set some traps."
8072,squeak,"The old wooden door gave a loud squeak every time someone opened it, which was quite annoying."
8072,squeak,"He managed to squeak through the final exam with a passing grade, even though he hadn't studied much."
8072,squeak,"The brakes on my car started to squeak, so I need to get them checked out by a mechanic."
8072,squeak,"Despite the company's financial troubles, they managed to squeak out a small profit this quarter."
8073,contamination,The accidental contamination of the water supply forced the city to issue a boil water advisory.
8073,contamination,"We need to be careful to avoid cross-contamination when preparing food, especially when handling raw meat and vegetables."
8073,contamination,The investigation revealed that the soil contamination was due to years of industrial waste being improperly disposed of.
8073,contamination,Rumors of political contamination swirled around the candidate after his association with a known lobbyist was revealed.
8073,contamination,The lab technician wore gloves and a mask to prevent contamination of the samples during the experiment.
8074,stink,The garbage in the alley really began to stink after a week in the summer heat.
8074,stink,"His excuse for being late just didn't ring true; in fact, it stank of lies."
8074,stink,"This whole situation stinks, and I want no part of it."
8074,stink,"Critics said the movie stank, but I actually enjoyed it."
8074,stink,"I hate to say it, but your breath really stinks this morning; perhaps you should brush again."
8075,sardine,The tiny apartment felt like a sardine can after all the relatives arrived for the holidays.
8075,sardine,"For a quick and easy lunch, I often just have a can of sardines on toast with some lemon juice."
8075,sardine,"The fishing boat returned to port with a bountiful catch of sardines, ready to be processed and sold."
8075,sardine,"During the camping trip, we played a game of 'sardines' in the woods, where one person hides and everyone else tries to find and squeeze in with them."
8075,sardine,"The pungent smell of sardines cooking on the grill filled the air, reminding me of summers spent by the sea."
8076,tart,"The lemon curd was surprisingly tart, which balanced the sweetness of the meringue perfectly."
8076,tart,"She made a tart remark about his messy desk, causing an awkward silence in the office."
8076,tart,"I love a good apple tart, especially when it's served warm with a scoop of vanilla ice cream."
8076,tart,"The berries were a little too tart for my liking, so I added some sugar to sweeten them up."
8076,tart,"Despite her tart demeanor, she has a kind heart and always helps those in need."
8077,muffin,I grabbed a blueberry muffin and a coffee on my way to work this morning.
8077,muffin,"For the bake sale, Sarah volunteered to make chocolate chip muffins, which always sell out quickly."
8077,muffin,"He looked like a muffin top spilling over the top of his jeans, so he decided to start exercising."
8077,muffin,"The bakery down the street is famous for its enormous, decadent muffins – they're practically cakes!"
8077,muffin,Could you please pick up a six-pack of bran muffins from the grocery store when you go?
8078,taint,"The scandal threatened to taint the company's reputation, making investors nervous."
8078,taint,"His past mistakes continue to taint his present achievements, no matter how successful he becomes."
8078,taint,I suspect that the water supply was tainted with bacteria after the heavy rainfall.
8078,taint,"The slightest hint of corruption can taint an entire political system, eroding public trust."
8078,taint,"Although the painting was beautiful, the artist's controversial past tainted its reception in some circles."
8079,taper,The candle will taper to a thin point as it burns down.
8079,taper,"As the marathon approached, the runner began to taper her training, reducing the intensity and duration of her workouts."
8079,taper,"The architect designed the building with columns that taper slightly towards the top, creating a more elegant appearance."
8079,taper,"After a period of high growth, the company expects sales to taper off in the coming months due to increased competition."
8079,taper,"The tailor will need to taper the trousers at the ankles to give them a more modern, fitted look."
8080,unprecedented,"The company experienced unprecedented growth in the last quarter, exceeding all previous sales records."
8080,unprecedented,"Due to the unprecedented demand for the new product, we are currently experiencing shipping delays."
8080,unprecedented,"The level of political polarization in the country is unprecedented in recent history, making compromise increasingly difficult."
8080,unprecedented,"After the hurricane, the community came together with unprecedented generosity to help those who had lost their homes."
8080,unprecedented,"The scientist's discovery was hailed as an unprecedented breakthrough in the field of medicine, offering hope for treating previously incurable diseases."
8081,sanction,The government decided to sanction the company for violating environmental regulations.
8081,sanction,The teacher threatened to sanction misbehaving students with extra homework.
8081,sanction,"Without the boss's sanction, we can't proceed with this new marketing campaign."
8081,sanction,Many countries have imposed economic sanctions on Russia in response to the invasion of Ukraine.
8081,sanction,I don't sanction that kind of behavior; it's disrespectful and unacceptable.
8082,chronic,She suffers from chronic back pain that makes it difficult to sleep at night.
8082,chronic,"The company is facing a chronic shortage of skilled workers, hindering its growth."
8082,chronic,"He's a chronic procrastinator; he always leaves things to the last minute, which causes him a lot of stress."
8082,chronic,Chronic exposure to loud noises can lead to permanent hearing damage.
8082,chronic,"Despite trying various treatments, her doctor diagnosed her with a chronic condition that requires ongoing management."
8083,ailment,"She's been complaining of a mysterious ailment for weeks, but the doctors can't seem to pinpoint the cause."
8083,ailment,Many elderly people suffer from age-related ailments such as arthritis and osteoporosis.
8083,ailment,The local clinic offers free check-ups to detect common childhood ailments early on.
8083,ailment,"After returning from his trip to the jungle, he developed a strange ailment that caused him to break out in hives."
8083,ailment,"He attributed his constant fatigue to a minor ailment, but his doctor suspected something more serious."
8084,void,The contract was declared void after it was discovered that one of the parties had misrepresented their financial situation.
8084,void,"After her cat died, a void opened up in her life that she didn't know how to fill."
8084,void,"He tried to void the parking ticket, claiming the sign was obscured by a tree branch, but the clerk wouldn't budge."
8084,void,"The astronaut gazed out at the void of space, a vast and silent emptiness."
8084,void,We need to void this transaction immediately; the customer accidentally entered the wrong amount.
8085,undermine,Constant criticism can undermine a person's confidence and self-esteem.
8085,undermine,The senator accused his opponent of trying to undermine the democratic process with false accusations.
8085,undermine,"Heavy rains have begun to undermine the foundations of the old bridge, making it unsafe for traffic."
8085,undermine,"His constant joking started to undermine the seriousness of the meeting, frustrating the project manager."
8085,undermine,"By spreading rumors, she tried to undermine her colleague's reputation and chances for promotion."
8086,validate,The software engineer needed to validate the user's input to prevent errors in the program.
8086,validate,I felt so relieved when my professor validated my research findings by citing them in her own paper.
8086,validate,"Before you can withdraw the funds, you need to validate your account by clicking the link in the email we sent you."
8086,validate,"Sometimes, all a person needs is for someone to validate their feelings and let them know they're not alone."
8086,validate,The study aims to validate the hypothesis that regular exercise improves cognitive function in older adults.
8087,segregation,The historical segregation of schools based on race in the United States had long-lasting effects on educational opportunities.
8087,segregation,The animal shelter practices segregation of newly arrived animals to prevent the spread of disease.
8087,segregation,"Despite legal advancements, some argue that economic segregation continues to perpetuate inequality in many cities."
8087,segregation,Strict segregation protocols are necessary in the lab to avoid cross-contamination between samples.
8087,segregation,"The band decided on a temporary segregation of duties, with one member focusing on writing and the other on production."
8088,holocaust,"The Holocaust, in which six million Jews were systematically murdered, remains a stark reminder of the dangers of unchecked hatred and prejudice."
8088,holocaust,"Many historians consider the Cambodian genocide a holocaust, though it targeted a different group than the Nazi regime's victims."
8088,holocaust,"The forest fire was a holocaust, leaving behind a barren landscape where once vibrant ecosystems thrived."
8088,holocaust,"He lost everything in the economic holocaust of 2008, including his house and his life savings."
8088,holocaust,We must never forget the Holocaust and continue to educate future generations about its horrors to prevent such atrocities from ever happening again.
8089,scrutiny,Every aspect of the company's finances came under intense scrutiny after the accounting scandal.
8089,scrutiny,The new policy will face considerable scrutiny from both the public and the opposition party before it is implemented.
8089,scrutiny,Her performance during the audition was subjected to careful scrutiny by the panel of judges.
8089,scrutiny,I'm not sure I want to pursue this project; the potential benefits don't seem worth the level of scrutiny I'd be under.
8089,scrutiny,Put the contract under scrutiny; make sure there aren't any hidden clauses before you sign.
8090,attest,I can attest to the fact that John worked tirelessly on this project; I saw him staying late every night.
8090,attest,Several witnesses will attest to the defendant's whereabouts on the night of the crime.
8090,attest,The historical documents attest to the existence of a thriving community in this area centuries ago.
8090,attest,The quality of their products attest to their commitment to excellence.
8090,attest,I need a notary public to attest my signature on this legal document.
8091,validity,The validity of the contract was called into question after new evidence surfaced suggesting it was signed under duress.
8091,validity,"While the experiment yielded interesting results, the small sample size raises concerns about the validity of the conclusions."
8091,validity,"Before accepting the job offer, I wanted to check the validity of the company's claims about their growth potential with an independent financial advisor."
8091,validity,"The professor challenged the validity of the student's argument, pointing out several logical fallacies in their reasoning."
8091,validity,"Her driver's license lost its validity last week, so she needs to renew it before she can legally drive again."
8092,socioeconomic,The city's high crime rate is often attributed to complex socioeconomic factors like poverty and lack of opportunity.
8092,socioeconomic,"Access to quality healthcare is heavily influenced by socioeconomic status, creating disparities in health outcomes."
8092,socioeconomic,The government is implementing new policies aimed at improving the socioeconomic conditions of marginalized communities.
8092,socioeconomic,"Researchers are studying the socioeconomic impact of automation on the workforce, particularly in manufacturing."
8092,socioeconomic,"During the town hall meeting, residents expressed concerns about the socioeconomic consequences of the proposed factory closure."
8093,barter,"Long before the invention of money, people used to barter goods and services directly."
8093,barter,The isolated community still relies on barter for essential items like food and tools.
8093,barter,"Instead of paying cash, they tried to barter their old car for a new one at the dealership."
8093,barter,"Some argue that social media has created a 'barter economy' of attention, where users exchange their personal data for access to services."
8093,barter,I'm willing to barter my expertise in graphic design for your help with website development.
8094,poultry,"The farmer raised a variety of poultry, including chickens, ducks, and geese."
8094,poultry,"I'm making a simple poultry seasoning blend with thyme, rosemary, and sage for the roast chicken."
8094,poultry,Concerns about avian flu have led to stricter biosecurity measures on poultry farms.
8094,poultry,"The restaurant specializes in Southern cuisine, with fried chicken and other poultry dishes being their most popular items."
8094,poultry,"Due to the outbreak of salmonella, the company issued a recall for all of its processed poultry products."
8095,collaborate,The software development team will collaborate closely with the marketing department to ensure the new product launch is a success.
8095,collaborate,We need to collaborate on this project if we want to meet the deadline; let's schedule a meeting to discuss our individual contributions.
8095,collaborate,"Several artists collaborated to create the mural, each bringing their unique style and perspective to the piece."
8095,collaborate,"The police are collaborating with the FBI on the investigation into the bank robbery, sharing resources and information."
8095,collaborate,"For this assignment, you'll collaborate with a partner to research and present on a topic of your choice."
8096,vegetation,The dense vegetation of the Amazon rainforest makes it difficult to navigate.
8096,vegetation,"After the fire, it will take years for the vegetation to fully recover."
8096,vegetation,The park's diverse vegetation provides a habitat for a wide variety of animal species.
8096,vegetation,We cleared the overgrown vegetation from around the old shed to prevent further damage.
8096,vegetation,"The arid climate supports only sparse vegetation, mostly consisting of cacti and shrubs."
8097,converse,"We spent the evening sitting on the porch, enjoying the cool breeze and conversing about our childhood memories."
8097,converse,The professor encouraged the students to converse with each other during the group activity to foster collaboration.
8097,converse,"The converse is also true: if you don't study, you will likely fail the exam."
8097,converse,"After the heated argument, they refused to converse with each other for days."
8097,converse,Many find it difficult to converse fluently in a foreign language without extensive practice.
8098,organizer,She's such a good organizer; she keeps all the project files meticulously arranged and easily accessible.
8098,organizer,I need a new desk organizer to help me manage all the bills and paperwork piling up.
8098,organizer,"The union acted as an organizer, bringing together workers from different factories to fight for better wages."
8098,organizer,"He's the main organizer of the annual neighborhood block party, so he's responsible for everything from permits to entertainment."
8098,organizer,Our company hired a professional organizer to declutter the office and improve overall productivity.
8099,malicious,"The hacker planted a malicious virus in the company's system, causing widespread data loss."
8099,malicious,She spread malicious gossip about her coworker in an attempt to sabotage her promotion.
8099,malicious,"The judge dismissed the case, stating that the plaintiff's claims were malicious and without merit."
8099,malicious,"He denied the rumors, stating that any suggestion of malicious intent on his part was completely unfounded."
8099,malicious,I think someone is leaving malicious comments on my blog posts just to stir up trouble.
8100,degrade,"The constant exposure to sunlight can degrade the plastic over time, making it brittle."
8100,degrade,I refuse to degrade myself by arguing with someone who isn't listening to reason.
8100,degrade,The quality of the water has been severely degraded by industrial pollution.
8100,degrade,He felt that the comedian's jokes were intended to degrade women and perpetuate harmful stereotypes.
8100,degrade,"If we continue to overuse the land, we will further degrade the soil and reduce its ability to support crops."
8101,broadcaster,The famous sports broadcaster announced his retirement after 30 years on air.
8101,broadcaster,"She dreams of becoming a political broadcaster, interviewing world leaders and shaping public opinion."
8101,broadcaster,Our local public broadcaster relies heavily on donations to keep its programming free and accessible.
8101,broadcaster,The government regulates broadcasters to ensure they adhere to certain standards of accuracy and impartiality.
8101,broadcaster,"He worked as a technical assistant for the broadcaster, responsible for setting up the microphones and sound equipment."
8102,denounce,The human rights organization denounced the government's brutal crackdown on protesters.
8102,denounce,"Many countries quickly denounced the act of terrorism, calling it a senseless attack on innocent civilians."
8102,denounce,She decided to publicly denounce her former business partner's unethical practices to protect her own reputation.
8102,denounce,I strongly denounce any form of discrimination and believe everyone deserves to be treated with respect.
8102,denounce,The politician's inflammatory remarks were widely denounced as divisive and harmful to community relations.
8103,superstar,LeBron James is a basketball superstar known for his incredible athleticism and leadership.
8103,superstar,"The company is hoping their new product will be a superstar in the market, driving significant revenue growth."
8103,superstar,"After her breakout performance in the lead role, everyone is calling her the next big superstar."
8103,superstar,"He's a superstar in his own mind, but his actual performance doesn't quite match the hype."
8103,superstar,"Even though she's a global superstar, she always remains humble and down-to-earth with her fans."
8104,misfit,"He always felt like a misfit in his family, never quite understanding their obsession with sports."
8104,misfit,"The abandoned dog, a clear misfit from its original purebred litter, was eventually adopted by a kind elderly woman."
8104,misfit,"The art collective celebrated the misfits and outcasts, showcasing works that defied conventional standards."
8104,misfit,"In high school, she found her tribe among the other self-proclaimed misfits in the drama club."
8104,misfit,The company's culture of conformity made anyone with unconventional ideas feel like a complete misfit.
8105,dub,They decided to dub the foreign film into English to reach a wider audience.
8105,dub,"After years of dedicated service, she was dubbed 'Employee of the Month'."
8105,dub,The knight was dubbed Sir Reginald by the Queen in a grand ceremony.
8105,dub,I'm going to dub a new track over this old video to make it more interesting.
8105,dub,"That new song is so catchy, I've already dubbed it 'Song of the Summer' in my head."
8106,mindless,The work was so repetitive and mindless that I started to feel like a machine.
8106,mindless,I'm tired of watching these mindless reality shows; I need something with substance.
8106,mindless,"He accused the protesters of engaging in mindless violence, damaging property with no clear purpose."
8106,mindless,"Sometimes, after a long day, I just need to do something mindless like scroll through social media to unwind."
8106,mindless,Don't make a mindless decision you'll regret later; take some time to consider all the options.
8107,earthworm,"After the rain, the sidewalk was covered in earthworms trying to escape the flooded soil."
8107,earthworm,My grandmother always said that a healthy garden needs plenty of earthworms to aerate the soil and break down organic matter.
8107,earthworm,"The robin was diligently pulling an earthworm from the lawn, its head cocked to one side."
8107,earthworm,The science class dissected an earthworm to learn about its anatomy and its role in the ecosystem.
8107,earthworm,"I'm not a fan of fishing, but I know that earthworms are a very effective bait for catching trout."
8108,empower,The new training program aims to empower employees with the skills they need to advance in their careers.
8108,empower,Reading and learning new things can empower you to make more informed decisions about your life.
8108,empower,The organization works to empower women in developing countries by providing access to education and microloans.
8108,empower,Our company culture values empowering employees to take ownership of their projects and contribute their unique perspectives.
8108,empower,Volunteering at the local community center can empower individuals to make a positive impact on the lives of others.
8109,inhuman,"The prisoners were subjected to inhuman conditions, with little food and no medical care."
8109,inhuman,It's inhuman to treat animals that way; they deserve our respect and compassion.
8109,inhuman,"The efficiency of the factory was impressive, but the repetitive tasks felt almost inhuman."
8109,inhuman,"After working three shifts in a row, I felt exhausted and utterly inhuman."
8109,inhuman,Some people argue that artificial intelligence could become inhuman if it lacks empathy and moral considerations.
8110,sovereignty,The country fiercely defended its sovereignty against any foreign interference.
8110,sovereignty,Brexit was largely driven by a desire to regain national sovereignty and control over borders.
8110,sovereignty,Indigenous groups are fighting for sovereignty over their ancestral lands and resources.
8110,sovereignty,"As a sovereign nation, we have the right to determine our own laws and policies."
8110,sovereignty,The question of Quebec's sovereignty remains a contentious issue in Canadian politics.
8111,entice,"The aroma of freshly baked bread wafted from the bakery, hoping to entice customers inside."
8111,entice,The travel agency used stunning photographs of exotic beaches to entice people to book their summer vacations.
8111,entice,"He tried to entice the stray cat with a piece of tuna, but it remained wary."
8111,entice,The company offered a generous signing bonus to entice qualified candidates to accept the job offer.
8111,entice,Don't let him entice you into making a risky investment; always do your research first.
8112,meek,"Despite his meek demeanor, he possessed a sharp intellect and a quiet determination."
8112,meek,"The protesters were peaceful and meek, offering no resistance to the police."
8112,meek,"He was raised to be meek and obedient, always deferring to his elders."
8112,meek,She's not usually so meek; I wonder what's bothering her.
8112,meek,"Some might interpret his politeness as meekness, but I see it as genuine respect."
8113,prank,The students pulled a harmless prank on their teacher by filling his office with balloons.
8113,prank,"He's known for being a prankster, always planning some elaborate joke."
8113,prank,"Don't fall for it, it's probably just a prank!"
8113,prank,"The online article turned out to be a prank advertisement, designed to fool readers."
8113,prank,"Due to the serious nature of the incident, the university deemed the student's actions more than just a prank and initiated disciplinary proceedings."
8114,northwestern,The northwestern part of the island is known for its rugged coastline and secluded beaches.
8114,northwestern,"She attended Northwestern University, a prestigious school known for its journalism and business programs."
8114,northwestern,"We're expecting a cold front to move in from the northwestern states later this week, bringing snow and icy conditions."
8114,northwestern,"The archaeological dig site is located in the northwestern corner of the property, near the old oak tree."
8114,northwestern,"The company's northwestern regional office is responsible for all sales and marketing activities in Washington, Oregon, and Idaho."
8115,herald,"The robin's return is often seen as a herald of spring, a welcome sign that warmer weather is on its way."
8115,herald,"These initial job losses could herald a larger economic downturn, so we need to monitor the situation closely."
8115,herald,"The trumpets heralded the arrival of the Queen, announcing her presence to the assembled crowd."
8115,herald,"Despite the team's recent successes, experts caution that they don't necessarily herald a long-term dynasty."
8115,herald,The company's new innovation is being heralded as a breakthrough in renewable energy technology.
8116,herring,We bought a jar of pickled herring from the deli for our Scandinavian-themed appetizer platter.
8116,herring,"The detective argued that the seemingly important clue was just a red herring, meant to distract them from the real suspect."
8116,herring,"My grandfather always enjoyed eating kippers, which are herring that have been split, salted, and smoked."
8116,herring,The documentary explored the environmental impact of overfishing herring populations in the Baltic Sea.
8116,herring,"Despite the strong smell, she found the taste of the grilled herring with lemon and dill surprisingly delicious."
8117,impeach,The president faced a serious threat of impeachment after the scandal broke.
8117,impeach,"Several witnesses testified in the impeachment hearings, providing conflicting accounts of the events."
8117,impeach,"While some argued for impeachment, others believed censure was a more appropriate response to the senator's actions."
8117,impeach,The governor's alleged misuse of public funds led to calls to impeach him from his position.
8117,impeach,"If the evidence continues to mount, it will be difficult to avoid the conclusion that impeachment proceedings are necessary."
8118,petty,"Don't be so petty; let him borrow your stapler, it's not a big deal."
8118,petty,The argument started over something petty like who used the last of the milk.
8118,petty,The manager was known for his petty rules and micromanaging.
8118,petty,It seems petty to complain about the hotel room when we're getting it for free.
8118,petty,The politician was accused of engaging in petty personal attacks instead of addressing the real issues.
8119,immeasurable,The value of a good education is immeasurable; it opens doors and expands horizons in ways you can't quantify.
8119,immeasurable,Her kindness had an immeasurable impact on the lives of the children at the orphanage.
8119,immeasurable,"The suffering caused by the war was immeasurable, leaving scars that would last for generations."
8119,immeasurable,Scientists are still trying to understand the immeasurable vastness of the universe and its many mysteries.
8119,immeasurable,"The love a parent feels for their child is often described as immeasurable, a bond that transcends all boundaries."
8120,constable,"The village constable patrolled the streets on his bicycle, making sure everything was quiet."
8120,constable,"In the old Western movie, the constable was the only law enforcement in the entire territory."
8120,constable,The lawyer argued that the constable had overstepped his authority during the arrest.
8120,constable,"After graduating from the police academy, she was sworn in as a constable and assigned to the night shift."
8120,constable,"During the historical reenactment, I played the role of a constable tasked with maintaining order at the town fair."
8121,interrogate,The police decided to interrogate the suspect after finding inconsistencies in his initial statement.
8121,interrogate,I felt like my parents were going to interrogate me when I got home late last night.
8121,interrogate,"Reporters tried to interrogate the CEO about the company's recent financial losses, but he avoided answering directly."
8121,interrogate,"Before making a significant investment, it's wise to interrogate your own assumptions and biases."
8121,interrogate,The border agents will interrogate you about the purpose of your visit and your intended length of stay.
8122,unidentified,The police are investigating the discovery of an unidentified body found near the riverbank.
8122,unidentified,"During the air show, several witnesses reported seeing an unidentified flying object (UFO) hovering above the airfield."
8122,unidentified,"Unfortunately, the sender of the anonymous package remains unidentified, making it difficult to determine their motives."
8122,unidentified,"The archaeologist carefully brushed away the dirt, revealing an unidentified tool made of bone."
8122,unidentified,"I found this key on the street; it's unidentified, so I'll leave it at the lost and found in case someone is looking for it."
8123,metro,"Taking the metro is often the quickest way to get around the city, especially during rush hour."
8123,metro,"The new metro line will connect the airport directly to the downtown core, which should ease traffic congestion."
8123,metro,"I always feel a bit claustrophobic in the metro, especially when it's crowded."
8123,metro,"The ""Washington Metro"" system is known for its iconic vaulted ceilings and clean design."
8123,metro,Living close to a metro station significantly increases property values in this area.
8124,dictatorship ,"The country suffered under a brutal dictatorship for over three decades, with no free press or fair elections."
8124,dictatorship ,"He argued that a benevolent dictatorship might be necessary to implement swift economic reforms, though many disagreed with his premise."
8124,dictatorship ,"The professor drew parallels between the company's top-down management style and a mild form of corporate dictatorship, where employee input was rarely considered."
8124,dictatorship ,Escaping the dictatorship was the only way for them to find freedom and a better life for their children.
8124,dictatorship ,History is filled with examples of dictatorships collapsing under the weight of popular resistance and international pressure.
8125,intimidate,The gang leader tried to intimidate the shopkeeper into paying protection money.
8125,intimidate,Don't let his aggressive tone intimidate you; just stand your ground and state your case clearly.
8125,intimidate,The sheer scale of the project was enough to intimidate even the most experienced engineers.
8125,intimidate,She refused to be intimidated by the company's lawyers and fought for her rights.
8125,intimidate,"He tried to intimidate me with threats, but I knew he was all bark and no bite."
8126,stereotype,It's dangerous to stereotype people based on their appearance or background.
8126,stereotype,"The film perpetuated the harmful stereotype of the dumb blonde, which was really disappointing."
8126,stereotype,He was determined to break the stereotype that all librarians are quiet and introverted.
8126,stereotype,We need to be careful not to fall into the trap of stereotyping entire groups of people because of the actions of a few.
8126,stereotype,"Despite her initial reservations, she found her new colleagues to be quite different from the stereotype she had in mind."
8127,patriotism,"While some see waving the flag as an act of patriotism, others believe true patriotism lies in critically examining the nation's flaws and working towards improvement."
8127,patriotism,"The politician's speech was filled with appeals to patriotism, urging citizens to support the new economic policy for the good of the country."
8127,patriotism,"During times of war, displays of patriotism often surge, with people uniting behind their nation and its soldiers."
8127,patriotism,"He felt a deep sense of patriotism, which motivated him to volunteer for community service projects and advocate for local businesses."
8127,patriotism,"Despite living abroad for many years, she never lost her sense of patriotism and always spoke fondly of her homeland."
8128,freak,"Don't freak out, but I accidentally scratched your car."
8128,freak,He's a real health freak; he only eats organic food and exercises every day.
8128,freak,"The sudden storm was a complete freak of nature, unlike anything we'd ever seen before."
8128,freak,I used to feel like a total freak in high school because I loved reading and learning.
8128,freak,"The accident was a freak occurrence, a series of unfortunate coincidences that led to a tragic outcome."
8129,mimic,The parrot's ability to mimic human speech is truly astonishing.
8129,mimic,Children often learn by mimicking the behavior of their parents and older siblings.
8129,mimic,"The comedian's act included a hilarious mimic of several famous politicians, complete with exaggerated voices and gestures."
8129,mimic,Some insects mimic the appearance of leaves or twigs to avoid being detected by predators.
8129,mimic,"The software program can mimic the functionality of a traditional spreadsheet, but with added features."
8130,affected,The heavy rain significantly affected the crop yield this year.
8130,affected,She was deeply affected by the tragic news.
8130,affected,His pretentious accent is so affected; I can't believe anyone falls for it.
8130,affected,"The new regulations affected everyone in the department, so we had a meeting to discuss them."
8130,affected,"Despite the criticism, he remained unaffected and continued with his work."
8131,disobedient,The teacher sent Mark to the principal's office because he was being disobedient and disrupting the class.
8131,disobedient,"My dog is usually well-behaved, but sometimes he gets disobedient when he sees a squirrel."
8131,disobedient,The general warned the soldiers that disobedient behavior would not be tolerated and would result in severe punishment.
8131,disobedient,"Despite her parents' warnings, Sarah remained disobedient and snuck out of the house late at night."
8131,disobedient,He was labeled a disobedient child due to his constant refusal to follow instructions and respect authority.
8132,misdirect,The magician used clever patter to misdirect the audience's attention while performing the trick.
8132,misdirect,The company tried to misdirect investors by exaggerating their profits in the annual report.
8132,misdirect,Don't let his charm misdirect you; he's not as innocent as he seems.
8132,misdirect,The police suspected the suspect was trying to misdirect them with false leads and a fabricated alibi.
8132,misdirect,The politician accused his opponent of using inflammatory rhetoric to misdirect voters from the real issues.
8133,mystify,The magician's disappearing act completely mystified the audience.
8133,mystify,Quantum physics continues to mystify even the most brilliant minds.
8133,mystify,"His sudden change of heart mystified everyone who knew him; one minute he was against the project, the next he was its biggest advocate."
8133,mystify,"The complex instructions for assembling the furniture mystified me, so I ended up hiring a professional."
8133,mystify,I was mystified by her cryptic message; I couldn't decipher what she was trying to say.
8134,incoherent,"After the accident, his speech was incoherent, and he couldn't remember his own name."
8134,incoherent,"The professor dismissed the student's argument as incoherent rambling, lacking any logical structure."
8134,incoherent,"I tried to follow his explanation, but it was so incoherent I couldn't understand what he was trying to say."
8134,incoherent,The politician's incoherent response to the reporter's question only fueled speculation about his involvement in the scandal.
8134,incoherent,"Stressed and sleep-deprived, she found herself writing incoherent emails, which she quickly deleted before sending."
8135,soaked,"After falling into the lake, I was soaked to the bone and shivering uncontrollably."
8135,soaked,The baker soaked the dried fruit in rum overnight to give the Christmas cake a richer flavor.
8135,soaked,"The sponge was completely soaked with soapy water, ready to wash the car."
8135,soaked,"Despite wearing a raincoat, my jeans were soaked from walking in the downpour."
8135,soaked,The negotiation team was soaked in sweat as they finalized the deal after hours of intense discussion.
8136,widower,"After the loss of his wife, he became a widower, navigating the complexities of single parenthood."
8136,widower,The support group offered solace and understanding to the newly widowed and widowers alike.
8136,widower,"It took the widower years to adjust to life without his beloved spouse, but he eventually found happiness again."
8136,widower,The elderly widower decided to sell his large family home and move into a smaller apartment closer to his grandchildren.
8136,widower,"Local charities often provide assistance to vulnerable populations, including single mothers, orphans, and widowers."
8137,pester,My little brother used to pester me constantly to play video games with him.
8137,pester,I hate telemarketers who pester you with unwanted calls during dinner.
8137,pester,"The reporter continued to pester the politician with questions about the scandal, hoping for a slip-up."
8137,pester,Please stop pestering me about the report; I'll finish it as soon as I can.
8137,pester,"If you pester the dog too much, he might bite you."
8138,publicize,The company decided to publicize its new eco-friendly initiative with a nationwide advertising campaign.
8138,publicize,We need to publicize the event more effectively; attendance was much lower than expected last year.
8138,publicize,The whistleblower chose to publicize the documents anonymously to avoid retaliation.
8138,publicize,"Despite the artist's reservations, the gallery owner insisted on publicizing her personal life to generate more interest in her work."
8138,publicize,The university is working to publicize the groundbreaking research being conducted in its science department.
8139,merchandising,The store's merchandising strategy focuses on impulse buys near the checkout counters.
8139,merchandising,"She works in visual merchandising, creating eye-catching displays to attract customers."
8139,merchandising,"Effective merchandising can significantly boost sales, especially during the holiday season."
8139,merchandising,We need to review our merchandising plan to ensure it aligns with the current market trends.
8139,merchandising,He's attending a workshop on digital merchandising to learn how to optimize online product presentation.
8140,prototype,"Before mass production, the engineers built a prototype of the new smartphone to test its functionality and identify any potential flaws."
8140,prototype,The software company released a prototype of their AI assistant to a select group of users for beta testing and feedback.
8140,prototype,"This prototype vehicle is still under development, so we can't disclose its top speed or fuel efficiency yet."
8140,prototype,The architect presented a 3D printed prototype of the building to the city council for approval.
8140,prototype,We need to build a working prototype to secure funding from investors; a theoretical design just won't cut it.
8141,cameraman,The cameraman zoomed in on the athlete's face as he crossed the finish line.
8141,cameraman,"During the interview, the director kept glancing at the cameraman, signaling him to adjust the lighting."
8141,cameraman,The documentary crew included a seasoned cameraman who had worked in conflict zones for over a decade.
8141,cameraman,"Hey, can you ask the cameraman to avoid shooting from that angle? It doesn't look very flattering."
8141,cameraman,The awards show was briefly interrupted when a cameraman tripped over a cable.
8142,seduce,The promise of a higher salary can often seduce people into accepting a job they're not truly passionate about.
8142,seduce,"He tried to seduce her with expensive gifts and lavish dinners, but she wasn't interested in superficial gestures."
8142,seduce,"The dark side of the Force is a tempting path, as it seduces its followers with promises of power."
8142,seduce,Don't let the ease of fast food seduce you; it's important to maintain a healthy diet.
8142,seduce,The travel brochure used stunning photography to seduce potential customers into booking a vacation to the exotic island.
8143,naïve,It was a bit naïve of her to think she could get the promotion without any prior experience.
8143,naïve,He had a naïve belief that everyone was inherently good and honest.
8143,naïve,"I was young and naïve back then, and I trusted everyone I met."
8143,naïve,"The company's marketing strategy seemed rather naïve, relying on outdated trends and ignoring the current market."
8143,naïve,"Don't be so naïve; sometimes, things are not as simple as they appear on the surface."
8144,snub,She felt snubbed when he walked right past her in the hallway without saying hello.
8144,snub,The committee's decision to snub his proposal was a major setback for his career.
8144,snub,"He tried to apologize, but she continued to snub him, refusing to even make eye contact."
8144,snub,Don't snub your nose at this opportunity; it might be exactly what you need.
8144,snub,"Despite her efforts to network, she felt snubbed by the industry veterans at the conference."
8145,psychiatry,"After the accident, he needed both physical therapy and psychiatry to help him recover."
8145,psychiatry,She decided to specialize in child and adolescent psychiatry after her clinical rotations.
8145,psychiatry,The documentary explored the history of psychiatry and its evolving understanding of mental illness.
8145,psychiatry,"Is psychiatry really the best approach, or should we consider alternative therapies?"
8145,psychiatry,My doctor recommended I see someone in psychiatry because I've been experiencing persistent anxiety and sleep problems.
8146,assassination,The assassination of Archduke Franz Ferdinand in 1914 is widely considered the spark that ignited World War I.
8146,assassination,Conspiracy theories surrounding the assassination of JFK continue to fascinate and divide people decades later.
8146,assassination,The political climate was so volatile that many feared an assassination attempt on the president.
8146,assassination,"While the company restructure was brutal, it wasn't exactly an assassination of my career; I can still find other opportunities."
8146,assassination,The ruthless CEO was known for the career assassination of anyone who threatened his position within the company.
8147,stun,The news of her sudden departure completely stunned us.
8147,stun,I was stunned by the beauty of the Grand Canyon at sunset.
8147,stun,The boxer aimed to stun his opponent with a quick jab before going for the knockout.
8147,stun,He was stunned into silence by her unexpected confession.
8147,stun,The company's innovative new product is designed to stun the competition.
8148,discoverer,"Columbus is often mistakenly credited as the discoverer of America, though indigenous peoples had lived there for millennia."
8148,discoverer,"The archaeologist considered himself a discoverer of lost civilizations, carefully unearthing artifacts from the past."
8148,discoverer,She felt like a discoverer when she stumbled upon a hidden gem of a restaurant in that little side street.
8148,discoverer,"As a child, he was a constant discoverer, always exploring the woods behind his house and bringing home fascinating finds."
8148,discoverer,"The company is marketing their new AI tool as a 'discoverer' of insights, claiming it can find patterns in data that humans would miss."
8149,unveil,The company will unveil its new electric car at the Geneva Motor Show next month.
8149,unveil,"After years of research, the scientists are finally ready to unveil their groundbreaking discovery."
8149,unveil,The artist decided to unveil the painting only when she felt it was completely finished and reflected her vision.
8149,unveil,"The investigation sought to unveil the truth behind the scandal, no matter how uncomfortable it might be."
8149,unveil,"With a dramatic flourish, the magician prepared to unveil the hidden object, keeping the audience in suspense."
8150,affluent,The town is known for its affluent residents and well-maintained estates.
8150,affluent,"Growing up in an affluent suburb, she had access to excellent schools and extracurricular activities."
8150,affluent,"He made his fortune in tech and now leads an affluent lifestyle, traveling the world and indulging in luxury goods."
8150,affluent,"While some believe that an affluent society is a sign of progress, others worry about the growing gap between the rich and poor."
8150,affluent,"The charity primarily focuses on providing resources to underprivileged communities, but they also accept donations from affluent benefactors."
8151,rectangular,"The artist framed the landscape painting with a simple, rectangular wooden border."
8151,rectangular,Could you please measure the dimensions of the table? I need to know if it's rectangular and what its length and width are.
8151,rectangular,"The city block was perfectly rectangular, making it easy to navigate."
8151,rectangular,We decided to install rectangular tiles in the bathroom to create a more modern look.
8151,rectangular,"The conference room featured a large, rectangular table suitable for seating at least twelve people."
8152,activate,"To activate your account, please click the link we sent to your email address."
8152,activate,The fire alarm will activate automatically if it detects smoke.
8152,activate,The company decided to activate its contingency plan after the unexpected market crash.
8152,activate,I need to activate my new credit card before I can use it.
8152,activate,Let's activate our imaginations and brainstorm some creative solutions to this problem.
8153,generator,The construction site used a powerful diesel generator to provide electricity when the main power grid went down.
8153,generator,Many modern websites use a static site generator to improve performance and security.
8153,generator,He's a real idea generator; he always comes up with creative solutions in our brainstorming sessions.
8153,generator,The university is investing in a new wind turbine generator to produce renewable energy for the campus.
8153,generator,We need to find a suitable random number generator for this statistical simulation to ensure the results are unbiased.
8154,boarder,My grandmother used to take in boarders to help make ends meet when my grandfather passed away.
8154,boarder,The old house had a separate entrance for the boarder who lived in the attic.
8154,boarder,The boarding school had a strict policy against boarders leaving campus after curfew.
8154,boarder,He felt like a boarder in his own home after his sister and her family moved in.
8154,boarder,"The company is currently looking for new board members to help guide its strategic direction, so they're accepting applications from qualified candidates."
8155,crunch,I love the satisfying crunch of a freshly baked baguette.
8155,crunch,The company is facing a serious cash crunch and may need to lay off employees.
8155,crunch,"During the final crunch before the deadline, we were working around the clock to finish the project."
8155,crunch,He heard the crunch of tires on gravel as a car pulled into the driveway.
8155,crunch,"After adding the granola, the yogurt provided a delightful mix of creamy texture and a satisfying crunch."
8156,pickle,I'm in a real pickle; I accidentally deleted the presentation and it's due tomorrow morning.
8156,pickle,"She loves to pickle vegetables from her garden, especially cucumbers and green beans."
8156,pickle,He ordered a burger with extra pickles and onions.
8156,pickle,"The antique books were in a pickle of a condition, covered in dust and showing signs of water damage."
8156,pickle,"After the argument, their friendship was in a bit of a pickle, and it took some time to resolve the tension."
8157,rocker,My grandfather spends his afternoons relaxing in his favorite rocker on the porch.
8157,rocker,"The band's lead singer is a true rocker, known for his wild stage presence and rebellious attitude."
8157,rocker,"She bought a comfortable rocker for the baby's nursery, hoping it would help soothe him to sleep."
8157,rocker,"Despite being in his seventies, he's still a rocker at heart, attending concerts and listening to loud music."
8157,rocker,"The old wooden rocker had been in the family for generations, a cherished heirloom passed down through time."
8158,granddad,My granddad used to tell the best stories about his time in the navy.
8158,granddad,We're going to visit Granddad at the nursing home this weekend.
8158,granddad,"Granddad always said, 'A penny saved is a penny earned,' and I've tried to live by that."
8158,granddad,"Despite his age, Granddad is still incredibly active and enjoys gardening every day."
8158,granddad,"The old clock in the hallway, a granddad clock, has been in our family for generations."
8159,cuddle,"After a long day at work, all I wanted to do was cuddle up on the couch with a good book and a cup of tea."
8159,cuddle,The baby loves to cuddle with her teddy bear before going to sleep.
8159,cuddle,"It was a cold winter night, so we decided to cuddle by the fireplace to stay warm."
8159,cuddle,"Despite their initial disagreements, the couple eventually learned to cuddle and support each other through thick and thin."
8159,cuddle,"The orphaned kitten needed a lot of care and attention, so the shelter volunteers made sure to cuddle it frequently to provide comfort."
8160,throng,"A huge throng of people waited outside the stadium, eager to get in for the concert."
8160,throng,The celebrity was immediately surrounded by a throng of fans as they exited the airport.
8160,throng,"Despite the rain, a large throng gathered in the town square for the annual Christmas tree lighting."
8160,throng,We had to push our way through the throng to get to the front of the stage.
8160,throng,"During the holiday season, the shopping mall is always filled with a bustling throng of shoppers."
8161,encircle,The protestors planned to encircle the government building to demonstrate their opposition to the new policy.
8161,encircle,She used her arms to encircle her child in a warm embrace.
8161,encircle,A ring of ancient stones was said to encircle the sacred grove.
8161,encircle,"To protect the fragile sapling, they decided to encircle it with a small fence."
8161,encircle,"The enemy forces attempted to encircle our troops, cutting off our supply lines and escape routes."
8162,legislature,The state legislature is debating a new bill on education funding.
8162,legislature,"After years of public pressure, the legislature finally passed the environmental protection act."
8162,legislature,Lobbyists are actively trying to influence the legislature's decision on the proposed tax reform.
8162,legislature,The governor has the power to veto legislation passed by the legislature.
8162,legislature,Critics argue that the legislature is too slow to respond to the needs of the people.
8163,thrush,The doctor prescribed an antifungal cream to treat her thrush.
8163,thrush,I think I have thrush; my mouth is really sore and has white patches.
8163,thrush,We heard the beautiful song of a thrush in the garden this morning.
8163,thrush,The birdwatcher identified it as a song thrush by its speckled breast and melodic call.
8163,thrush,"Due to the antibiotics, she developed oral thrush as a side effect."
8164,hover,Butterflies hover around the brightly colored flowers in the garden.
8164,hover,The police helicopter began to hover over the scene of the accident.
8164,hover,"I could see the cursor hover over the 'submit' button, but I hesitated to click it."
8164,hover,The idea of quitting my job had been hovering in my mind for weeks.
8164,hover,"He tended to hover over his children, which they found quite suffocating as they got older."
8165,caterpillar,"The hungry caterpillar munched on leaves, leaving a trail of holes in the garden."
8165,caterpillar,"My daughter is fascinated by the life cycle of a butterfly, especially the transformation from caterpillar to chrysalis."
8165,caterpillar,Some caterpillars have bright colors as a warning to predators that they are poisonous.
8165,caterpillar,The slow-moving caterpillar was almost stepped on as it crossed the hiking trail.
8165,caterpillar,"He felt like a caterpillar stuck in a rut, unable to break free and transform his life."
8166,psychiatrist,"After the accident, she started seeing a psychiatrist to help her cope with the trauma."
8166,psychiatrist,My doctor recommended I consult a psychiatrist because I've been experiencing persistent anxiety and insomnia.
8166,psychiatrist,"The defense argued that the defendant was not of sound mind at the time of the crime, and requested an evaluation by a forensic psychiatrist."
8166,psychiatrist,"He's a brilliant psychiatrist, renowned for his work on treating complex personality disorders."
8166,psychiatrist,"I'm a little nervous about my appointment with the psychiatrist, but I know it's important for my mental health."
8167,waistcoat,He looked quite dapper in his tweed suit and matching waistcoat.
8167,waistcoat,"The magician pulled a rabbit out from under his waistcoat, much to the children's delight."
8167,waistcoat,"For the wedding, the groom and groomsmen all wore navy suits with a contrasting grey waistcoat."
8167,waistcoat,I'm afraid that waistcoat is a bit too tight; you might want to consider a larger size.
8167,waistcoat,She embroidered a delicate floral pattern onto the waistcoat she was making for her son's Renaissance fair costume.
8168,jot,I need to jot down the address before I forget it.
8168,jot,Could you jot a quick note to remind me to buy milk?
8168,jot,"He didn't even jot down my phone number, so I doubt he'll call."
8168,jot,The secretary jotted the minutes of the meeting in her notebook.
8168,jot,I'll just jot that down on my to-do list so I don't lose track of it.
8169,respondent,The survey had a low response rate; only 20% of the respondents completed all the questions.
8169,respondent,"As a respondent to the lawsuit, the company is required to file a formal answer within 30 days."
8169,respondent,The interviewer thanked the respondent for their time and valuable insights during the focus group.
8169,respondent,"According to one respondent, the new policy has significantly improved employee morale."
8169,respondent,"The defendant was respondent in the appeal case, tasked with defending the original court's decision."
8170,chunk,I spent a good chunk of the afternoon trying to fix the computer.
8170,chunk,The hikers carried a large chunk of firewood to the campsite.
8170,chunk,The software divides the data into manageable chunks for processing.
8170,chunk,He's bitten off more than he can chew; that project is a huge chunk of work.
8170,chunk,Let's take it one chunk at a time so it doesn't seem so overwhelming.
8171,munch,"During the movie, all I could hear was the loud crunching and munching of popcorn from the people behind me."
8171,munch,"The squirrel sat on the branch, happily munching on an acorn it had found."
8171,munch,"After a long day of hiking, I was ready to sit down and munch on a sandwich."
8171,munch,"He likes to munch on carrot sticks while he works, a much healthier alternative to chips."
8171,munch,The company's aggressive expansion plans threaten to munch into the market share of its smaller competitors.
8172,nutritious,"A balanced diet of fruits, vegetables, and whole grains is essential for a nutritious lifestyle."
8172,nutritious,"My doctor recommended I add more nutritious snacks, like almonds and yogurt, to my daily routine."
8172,nutritious,"Although fast food is convenient, it's rarely a nutritious choice compared to a home-cooked meal."
8172,nutritious,"For a quick and nutritious breakfast, try blending a smoothie with spinach, berries, and protein powder."
8172,nutritious,"The school cafeteria is working to provide more nutritious options for students, focusing on locally sourced ingredients."
8173,buck,I need to save up a few more bucks before I can buy that new video game.
8173,buck,He's always trying to pass the buck instead of taking responsibility for his actions.
8173,buck,"The rodeo was a wild ride, with cowboys trying to stay on the bucking broncos for eight seconds."
8173,buck,"For just a buck, you can get a cup of coffee at the gas station."
8173,buck,The company is investing a lot of bucks into research and development to stay competitive.
8174,breeding,The dog breeder specialized in breeding golden retrievers with excellent temperaments.
8174,breeding,Her good manners are a result of her excellent breeding; she always knows the right thing to say.
8174,breeding,Rumors were breeding like wildfire after the company announced unexpected layoffs.
8174,breeding,The farmer decided to stop breeding cattle due to the rising cost of feed.
8174,breeding,That kind of negativity only breeds resentment and distrust within the team.
8175,nip,I'm just going outside for a quick nip of fresh air.
8175,nip,The puppy tried to nip at my heels as I walked past.
8175,nip,"She felt a nip in the air, signaling that autumn was approaching."
8175,nip,He enjoys a nip of whiskey before dinner to help him relax.
8175,nip,The editor had to nip several sections from the article to meet the word count.
8176,assassin,The assassin was hired to eliminate the corrupt politician before he could reveal sensitive information.
8176,assassin,Historians still debate whether Lee Harvey Oswald was the sole assassin of President John F. Kennedy.
8176,assassin,"He moved with the silence and precision of an assassin, carefully navigating the crowded room."
8176,assassin,"The video game allows you to play as an assassin, completing stealth missions and eliminating targets."
8176,assassin,Rumors circulated that the company's aggressive marketing tactics were an 'assassin' of small businesses in the local community.
8177,revolver,"The old Western movie featured a classic showdown, with the hero drawing his revolver in a cloud of dust."
8177,revolver,"He kept a loaded revolver in his nightstand drawer for self-defense, a practice I found incredibly unsettling."
8177,revolver,"The detective carefully examined the revolver, looking for fingerprints that might identify the shooter."
8177,revolver,"In a sudden turn of events, the suspect pulled a revolver and threatened to harm the hostages."
8177,revolver,The museum's exhibit on antique firearms included a beautifully engraved Colt revolver from the 19th century.
8178,peek,"I took a quick peek at the report before the meeting, but I didn't have time to read it thoroughly."
8178,peek,Don't peek at your presents before Christmas!
8178,peek,"The curtains were slightly ajar, allowing a sliver of light to peek through."
8178,peek,Let's take a peek behind the scenes to see how they make the special effects for the movie.
8178,peek,"He gave me a sneak peek of his new invention, but wouldn't reveal all the details."
8179,poke,Don't poke the bear; you don't want to provoke it.
8179,poke,I used a toothpick to poke a hole in the plastic wrap.
8179,poke,"He decided to poke fun at his friend's new haircut, but he regretted it when his friend got upset."
8179,poke,The doctor will poke you with a needle to draw some blood for testing.
8179,poke,"I felt a sharp poke in my back, and when I turned around, I saw my little brother grinning."
8180,toothpick,He used a toothpick to dislodge a piece of meat stuck between his teeth.
8180,toothpick,"After the elaborate meal, the restaurant thoughtfully provided a small cup of toothpicks on the table."
8180,toothpick,The miniature house was painstakingly constructed from popsicle sticks and toothpicks.
8180,toothpick,"I'm so full, I feel like I could be held up with a toothpick!"
8180,toothpick,"The detective carefully collected the toothpick from the crime scene, hoping it might contain DNA evidence."
8181,yolk,I prefer my fried eggs with a runny yolk so I can dip my toast in it.
8181,yolk,Separate the egg white from the yolk before adding the yolk to the hollandaise sauce.
8181,yolk,The vibrant orange color of the egg yolk indicates that the hens were fed a diet rich in beta-carotene.
8181,yolk,Adding egg yolks to the dough will make the cookies richer and more tender.
8181,yolk,"She was so nervous about the presentation that she felt a knot forming in the pit of her stomach, right down to the yolk of her being."
8182,pry,"I didn't mean to pry, but I couldn't help overhearing your conversation."
8182,pry,The burglars used a crowbar to pry open the back door.
8182,pry,"She didn't want to pry into his personal life, but she was genuinely concerned about his well-being."
8182,pry,Reporters tried to pry information from the senator regarding the ongoing investigation.
8182,pry,"It took considerable effort to pry the old, rusted bolts loose from the engine block."
8183,roadside,We stopped at a roadside diner for a quick bite after a long drive.
8183,roadside,The roadside assistance company arrived promptly to help us change the flat tire.
8183,roadside,The environmental group organized a roadside cleanup to remove litter and improve the area's appearance.
8183,roadside,He planted wildflowers along the roadside to attract bees and butterflies.
8183,roadside,"The abandoned car was left rusting on the roadside, a sad testament to neglect."
8184,boulder,"The hikers had to carefully navigate the trail, which was littered with loose rocks and the occasional massive boulder."
8184,boulder,We used a powerful winch to move the boulder blocking the entrance to the old mine shaft.
8184,boulder,"The artist plans to incorporate the large granite boulder into his sculpture, showcasing its natural texture and form."
8184,boulder,The force of the landslide sent a boulder crashing through the roof of the abandoned cabin.
8184,boulder,"Facing seemingly insurmountable obstacles can feel like pushing a boulder uphill, but perseverance is key."
8185,rehearse,The actors need to rehearse their lines at least three times before the dress rehearsal.
8185,rehearse,"Before making the presentation, I like to rehearse my talking points in front of a mirror."
8185,rehearse,We don't need to rehearse the argument again; I know exactly what I'm going to say.
8185,rehearse,The band will rehearse all weekend to make sure they're ready for the concert next week.
8185,rehearse,"Although he had rehearsed the speech many times, he still felt nervous when he stepped onto the stage."
8186,animated,"The children were completely captivated by the animated movie, laughing and cheering at all the funny parts."
8186,animated,"During the debate, the candidate became quite animated when discussing his plans for education reform, gesturing emphatically and raising his voice."
8186,animated,We need to create some animated graphics for the website to make it more engaging and visually appealing to visitors.
8186,animated,"The artist's drawings have an almost animated quality, as if the characters are about to jump off the page and come to life."
8186,animated,"After a long day at work, she was happy to see her dog, who greeted her with an animated wag of its tail and enthusiastic barks."
8187,monologue,"The play opened with a powerful monologue delivered by the protagonist, setting the stage for the entire story."
8187,monologue,"After listening to his extended monologue about his problems, I politely excused myself; I just didn't have the energy to engage."
8187,monologue,"During the job interview, she launched into a monologue about her qualifications, barely pausing to let the interviewer ask questions."
8187,monologue,"He's known for his long, rambling monologues on any topic that comes to mind, which can be quite exhausting to listen to."
8187,monologue,The comedian's stand-up routine included a hilarious monologue about the absurdities of modern life.
8188,bellboy,The bellboy helped us carry our heavy suitcases up to our room on the sixth floor.
8188,bellboy,"After a long day of traveling, I tipped the bellboy generously for his assistance with our luggage."
8188,bellboy,"In the old movie, the bellboy was always eavesdropping on the guests' conversations, trying to uncover secrets."
8188,bellboy,"My first job was as a bellboy at the Grand Majestic Hotel, and I learned a lot about customer service."
8188,bellboy,The manager called for a bellboy to assist the elderly woman with her bags as she checked out.
8189,retrace,"After realizing he'd dropped his keys, he had to retrace his steps all the way back to the coffee shop."
8189,retrace,Investigators are trying to retrace the victim's movements in the hours leading up to the incident.
8189,retrace,"To understand the artist's current style, it's important to retrace the development of their earlier works."
8189,retrace,"I tried to retrace the argument to figure out where we went wrong, but it all seemed so trivial now."
8189,retrace,"Sometimes, the only way to solve a problem is to retrace your reasoning and identify the flawed assumption."
8190,blizzard,"The unexpected blizzard shut down the entire city, leaving thousands stranded and without power."
8190,blizzard,"We were supposed to go skiing this weekend, but the forecast is predicting a blizzard, so we'll have to reschedule."
8190,blizzard,"Figuratively speaking, the company faced a blizzard of negative press after the product recall."
8190,blizzard,"Despite the blizzard conditions, the rescue team braved the storm to reach the stranded hikers."
8190,blizzard,The sheer intensity of the blizzard was unlike anything I had ever experienced; the wind howled and the snow was blinding.
8191,sling,"After breaking his arm, he had to wear his arm in a sling for six weeks."
8191,sling,The hikers decided to sling their hammocks between two sturdy trees for the night.
8191,sling,She can sling insults with the best of them; you don't want to get on her bad side.
8191,sling,The restaurant critic didn't just dislike the food; he proceeded to sling mud at the entire establishment in his scathing review.
8191,sling,"The quarterback, known for his powerful arm, can sling the football a good sixty yards."
8192,snowball,"The children were having a blast in the park, throwing snowballs at each other and building a snowman."
8192,snowball,"We need to be careful about this small initial investment, as it could snowball into a much larger commitment down the line."
8192,snowball,"The scandal started with a minor accusation, but it quickly snowballed into a full-blown crisis for the company."
8192,snowball,I'm feeling completely overwhelmed; the amount of work I have to do just keeps snowballing!
8192,snowball,The classic 'snowball' microphone is still favored by many podcasters for its ease of use and decent audio quality.
8193,rustic,"The wedding venue had a rustic charm, with exposed wooden beams and wildflowers in mason jars."
8193,rustic,"We spent the weekend in a rustic cabin in the mountains, far away from the noise of the city."
8193,rustic,"The chef's rustic apple tart, though not perfectly formed, was bursting with flavor."
8193,rustic,"Although the furniture was rustic, it was surprisingly comfortable and well-made."
8193,rustic,"The artist's paintings often depict rustic scenes of rural life, capturing the beauty of the countryside."
8194,intolerant,"The manager was incredibly intolerant of any mistakes, creating a stressful work environment."
8194,intolerant,"My grandmother is intolerant to lactose, so she has to be careful about what dairy products she consumes."
8194,intolerant,Some people are intolerant of opposing viewpoints and refuse to engage in constructive dialogue.
8194,intolerant,He was intolerant of tardiness; anyone arriving late to his lectures would be locked out.
8194,intolerant,The political climate has become so polarized that many are intolerant of even moderate positions.
8195,spank,The waves began to spank against the hull of the boat as the storm intensified.
8195,spank,"I'm not advocating for physical punishment, but in my parents' generation, it wasn't uncommon to spank children for misbehaving."
8195,spank,"He gave the baseball a good spank, sending it soaring over the center field fence."
8195,spank,The politician's controversial remarks are sure to spank up a debate among voters.
8195,spank,"After losing the first set, the tennis player needed to spank himself into action and play with more energy."
8196,signing,"The band is signing autographs after the show, so get in line if you want one."
8196,signing,She's taking a class to learn American Sign Language because she wants to be able to communicate with her deaf neighbor.
8196,signing,The company is signing a new lease on their office space downtown next week.
8196,signing,"After weeks of negotiations, the athlete is finally signing with his new team tomorrow morning."
8196,signing,There was some confusion at the border due to inadequate road signing in the area.
8197,pact,"The warring nations signed a peace pact, hoping to end decades of conflict."
8197,pact,"They made a pact to always be honest with each other, no matter how difficult the truth might be."
8197,pact,Our company has a pact with a local charity to donate a portion of our profits each year.
8197,pact,The environmental organizations forged a pact to protect the endangered rainforest from deforestation.
8197,pact,He felt betrayed when his friend broke their childhood pact to travel the world together after graduation.
8198,surge,There was a sudden surge of electricity that briefly knocked out the lights.
8198,surge,"After the celebrity endorsement, we saw a huge surge in sales of the product."
8198,surge,The hospital prepared for a potential surge in patients during flu season.
8198,surge,I felt a surge of adrenaline as I stepped onto the stage.
8198,surge,A wave of nostalgia surged through me as I listened to that old song.
8199,swoop,The hawk suddenly swooped down from the tree and snatched the mouse from the field.
8199,swoop,"As soon as the concert tickets went on sale, scalpers tried to swoop in and buy them all up."
8199,swoop,The police are planning to swoop on the gang's headquarters early tomorrow morning.
8199,swoop,"She moved with such grace, it was as if she could swoop through the air like a bird."
8199,swoop,Investors should be cautious about swooping in to buy stocks just because the market is down; do your research first.
8200,reservoir,The city's main water reservoir is running low due to the prolonged drought.
8200,reservoir,"He's a reservoir of knowledge about ancient history, always ready to share fascinating facts."
8200,reservoir,We need to tap into the reservoir of goodwill that exists within the community to support this project.
8200,reservoir,The company built a reservoir to collect rainwater for irrigation purposes.
8200,reservoir,"After years of suppressing his emotions, he became a reservoir of pent-up anger."
8201,carp,He's always carping about something; it's exhausting to be around him.
8201,carp,"The lake is well-stocked with carp, making it a popular spot for anglers."
8201,carp,"Despite the team's success, the manager continued to carp about minor details in their performance."
8201,carp,"We spent the afternoon fishing, but only managed to catch a couple of small carp."
8201,carp,Don't carp at me for being late; the traffic was terrible!
8202,sled,The kids were excited to take their new sled to the park after the heavy snowfall.
8202,sled,We used a sled to haul firewood down the hill to the cabin.
8202,sled,My grandfather told stories of how he used to sled down the steepest hill in town as a child.
8202,sled,"He bought a vintage wooden sled at the antique store, intending to restore it to its former glory."
8202,sled,"The dog loved pulling the sled, especially when it was loaded with lightweight packages."
8203,thump,I could feel my heart thump in my chest as I waited for the exam results.
8203,thump,"He set the heavy bag down with a thump, startling the cat."
8203,thump,"The band's music was just a repetitive thump, thump, thump that gave me a headache."
8203,thump,"The boxer landed a solid thump to his opponent's ribs, sending him reeling."
8203,thump,She gave the watermelon a thump to see if it was ripe.
8204,lamppost,"The cat was perched precariously on top of the lamppost, seemingly unfazed by the traffic below."
8204,lamppost,"He leaned against the cold lamppost, waiting for the bus in the pouring rain."
8204,lamppost,"The old-fashioned lamppost cast a warm, inviting glow on the cobblestone street."
8204,lamppost,"As part of the city's revitalization project, they're replacing all the outdated lampposts with energy-efficient LED models."
8204,lamppost,The missing dog posters were plastered all over the lamppost on the corner of Elm Street and Maple Avenue.
8205,twitch,A nervous twitch in his eye betrayed his anxiety during the job interview.
8205,twitch,I felt a sudden twitch in my leg as I was drifting off to sleep.
8205,twitch,The old dog gave a slight twitch of his tail when he heard his owner's voice.
8205,twitch,"He's a bit of a control freak; everything has to be perfect, and that makes people twitch around him."
8205,twitch,The detective noticed the suspect's hand twitch as he denied having been at the crime scene.
8206,pang,I felt a pang of guilt when I realized I'd forgotten my friend's birthday.
8206,pang,She experienced a sharp pang of jealousy when she saw her ex with someone new.
8206,pang,"Despite the years that had passed, he still felt a pang of longing for his childhood home."
8206,pang,Reading the old letters brought back a pang of nostalgia for simpler times.
8206,pang,A sudden pang of hunger reminded him that he had skipped lunch.
8207,forearm,"He winced as the doctor palpated his forearm, checking for any signs of a fracture after the fall."
8207,forearm,"The tattoo artist carefully applied the intricate design to her forearm, following the stenciled lines."
8207,forearm,"She rested her chin on her forearm, lost in thought as she gazed out the window."
8207,forearm,"To forearm themselves against potential criticism, the team meticulously documented every step of the project."
8207,forearm,"The weightlifter strained as he curled the barbell, feeling the burn in his biceps and forearms."
8208,showy,"The celebrity arrived in a showy limousine, complete with flashing lights and a personalized license plate."
8208,showy,"I thought the decorations were a little too showy for a small, intimate wedding; they seemed more appropriate for a grand gala."
8208,showy,"Although he was talented, his showy behavior and constant boasting made him unpopular with his colleagues."
8208,showy,"She preferred simple, elegant jewelry to anything too showy or ostentatious."
8208,showy,"The peacock's showy plumage is a classic example of sexual selection, designed to attract a mate."
8209,unbutton,"He started to unbutton his shirt, feeling the heat of the summer sun on his skin."
8209,unbutton,"Could you unbutton my dress for me, please? I can't quite reach the back."
8209,unbutton,The politician seemed more relaxed after he unbuttoned his suit jacket and loosened his tie.
8209,unbutton,"Feeling uncomfortable with the formal atmosphere, Sarah wanted to unbutton the top button of her blouse but hesitated."
8209,unbutton,"Unbutton the flap of the tent to let some fresh air in, it's getting stuffy in here."
8210,snug,"After a long day of hiking, there's nothing better than being snug in a warm sleeping bag."
8210,snug,"The cafe was small and snug, with comfortable armchairs and the smell of freshly baked bread."
8210,snug,"We managed to fit all the furniture into the apartment, but it was a snug fit, leaving little room to move around."
8210,snug,"Wrapped in a thick blanket, she felt snug and content as she watched the snow fall outside."
8210,snug,He invested in some snug-fitting thermal underwear to prepare for the upcoming ski trip.
8211,mornful,The mornful silence of the cemetery was broken only by the rustling of leaves.
8211,mornful,"A mornful melody drifted from the old church, its notes carrying a sense of deep sorrow."
8211,mornful,"She cast a mornful glance at the photograph, remembering happier times."
8211,mornful,"His mornful expression betrayed the weight of his grief, even as he tried to appear strong."
8211,mornful,"The poem ended on a mornful note, reflecting the author's contemplation of loss and mortality."
8212,hoot,The audience let out a hoot of laughter when the comedian told the unexpected punchline.
8212,hoot,We could hear owls hooting in the woods behind our house late at night.
8212,hoot,The professor didn't give a hoot about the students' complaints regarding the difficult exam.
8212,hoot,"Some critics hooted at the artist's avant-garde paintings, but others praised their originality."
8212,hoot,"He thought he had a brilliant plan, but everyone else hooted it down as completely impractical."
8213,wail,The baby began to wail loudly after being left alone in his crib.
8213,wail,You could hear the mournful wail of the train whistle as it approached the station.
8213,wail,"After losing the championship game, the team could only wail in despair."
8213,wail,"The wind began to wail through the trees, signaling the approach of a storm."
8213,wail,"Some investors will wail and gnash their teeth over this market correction, but others see it as an opportunity."
8214,supersonic,The fighter jet broke the sound barrier and reached a supersonic speed in a matter of seconds.
8214,supersonic,Rumors spread through the office at supersonic speed after the announcement of the merger.
8214,supersonic,Developing a commercially viable supersonic passenger plane remains a significant engineering challenge.
8214,supersonic,"She zipped through the report with supersonic efficiency, finishing hours ahead of schedule."
8214,supersonic,The vibrations from the supersonic boom rattled the windows of houses near the airbase.
8215,abbreviate,Please abbreviate 'United States of America' to 'USA' when space is limited.
8215,abbreviate,"In academic writing, you should not abbreviate words like 'because' or 'that is'."
8215,abbreviate,The doctor decided to abbreviate the patient's hospital stay after seeing significant improvement.
8215,abbreviate,Can you abbreviate this long list of ingredients for the recipe instructions?
8215,abbreviate,It's common to abbreviate titles like 'Doctor' to 'Dr.' in formal correspondence.
8216,abort,The mission had to be aborted due to the unexpected engine failure.
8216,abort,"If the software installation encounters too many errors, it will automatically abort the process."
8216,abort,"After several failed attempts to revive the patient, the doctors made the difficult decision to abort the resuscitation efforts."
8216,abort,The politician decided to abort his campaign after the scandal broke.
8216,abort,Let's abort this whole ridiculous plan; I have a better idea.
8217,envoironment,The company is committed to minimizing its impact on the environment through sustainable practices.
8217,envoironment,We need to create a supportive learning environment where all students feel comfortable participating.
8217,envoironment,Living in a polluted environment can have serious consequences for your health.
8217,envoironment,The government is introducing new regulations to protect the environment from industrial waste.
8217,envoironment,"She thrives in a fast-paced work environment, but I prefer something more relaxed."
8218,affix,Please affix a recent photograph to your application form before submitting it.
8218,affix,The contractor will affix the new sign to the building's facade tomorrow morning.
8218,affix,Don't forget to affix the return address label to the package before you drop it off at the post office.
8218,affix,"Many English words, like 'unhappy' and 'rewrite,' affix prefixes to modify their meanings."
8218,affix,"I tried to affix the broken piece of the vase back on with superglue, but it didn't hold."
8219,censorship,The author accused the publishing house of censorship after they requested significant changes to her manuscript.
8219,censorship,Many people believe that internet censorship is a violation of free speech and access to information.
8219,censorship,"The government denied accusations of censorship, claiming the media restrictions were necessary for national security."
8219,censorship,The museum director resigned in protest against what he saw as censorship of a controversial art exhibit.
8219,censorship,"While some argue that certain content requires moderation, others worry about the slippery slope of censorship and its potential abuse."
8220,anarchist,"The professor argued that while some critics labeled him an anarchist, his ideas were actually rooted in a deep concern for individual liberty and social justice."
8220,anarchist,"After the demonstration turned violent, the media began to portray the protesters as a mob of anarchists bent on destruction."
8220,anarchist,"He considered himself an anarchist, believing that all forms of government were inherently oppressive and should be dismantled."
8220,anarchist,The small town was thrown into chaos when a self-proclaimed anarchist group threatened to disrupt their annual festival.
8220,anarchist,"While I understand the frustration with the current political system, I don't think embracing anarchism is a realistic or sustainable solution."
8221,agitate,The constant noise from the construction site really started to agitate my anxiety.
8221,agitate,He promised not to agitate the political situation further by making inflammatory speeches.
8221,agitate,Don't agitate the baby after he's finally fallen asleep; just let him rest.
8221,agitate,Some people believe that the media often agitates for war by sensationalizing conflicts.
8221,agitate,The union members voted to agitate for better wages and working conditions.
8222,commercialism,"Many people feel that Christmas has become too focused on commercialism, losing its original spiritual meaning."
8222,commercialism,The film festival managed to avoid the pitfalls of commercialism by showcasing independent and experimental works.
8222,commercialism,She worried that joining a large corporation would expose her to the worst aspects of commercialism and compromise her artistic integrity.
8222,commercialism,"The band refused to sign with a major label, fearing the intense commercialism would force them to change their sound."
8222,commercialism,"Despite its reputation for commercialism, Times Square is still a vibrant and exciting place to visit."
8223,alienate,"His constant complaining and negativity started to alienate his friends, who eventually stopped inviting him to social gatherings."
8223,alienate,"The CEO's decision to cut employee benefits, while simultaneously awarding himself a large bonus, served to alienate the entire workforce."
8223,alienate,Politicians often risk alienating moderate voters when they adopt extreme positions on controversial issues.
8223,alienate,"She didn't want to alienate her family, so she kept her true feelings about her career choice to herself."
8223,alienate,"The company's aggressive marketing tactics, which targeted a specific demographic to the exclusion of others, ended up alienating a large segment of potential customers."
8224,ruthless,The dictator was known for his ruthless suppression of any dissent.
8224,ruthless,"In the corporate world, you often have to be ruthless to climb the ladder."
8224,ruthless,"The lawyer conducted a ruthless cross-examination, tearing apart the witness's testimony."
8224,ruthless,"She was a ruthless competitor, stopping at nothing to win the championship."
8224,ruthless,"He made the ruthless decision to close down the factory, knowing it would leave many people unemployed."
8225,allot,The teacher will allot each student a specific topic for their research paper.
8225,allot,We need to allot a certain amount of the budget to marketing and advertising this quarter.
8225,allot,"I try to allot at least an hour each day for exercise, but sometimes life gets in the way."
8225,allot,The conference organizers will allot seating based on the order in which registrations were received.
8225,allot,How much time should we allot for questions at the end of the presentation?
8226,laborious,"The process of applying for a visa can be quite laborious, requiring countless documents and forms."
8226,laborious,"After a week of laborious digging, they finally struck water."
8226,laborious,"He undertook the laborious task of translating the ancient manuscript, a job that took him several years."
8226,laborious,Proofreading a book is a laborious but essential part of the publishing process.
8226,laborious,"Although it was a laborious climb, the breathtaking view from the summit made it all worthwhile."
8227,sheriff,The sheriff and his deputies arrived on the scene to investigate the reported robbery.
8227,sheriff,"In the old Western movies, the sheriff was always the one to bring law and order to the town."
8227,sheriff,"He's running for sheriff in the upcoming election, promising to crack down on crime."
8227,sheriff,"""There's a new sheriff in town,"" the CEO announced, signaling a major shift in company policy."
8227,sheriff,The county sheriff's department provides essential law enforcement services to the rural communities.
8228,apprehend,The police were able to apprehend the suspect after a high-speed chase through the city.
8228,apprehend,I apprehend that this project will be more challenging than we initially anticipated.
8228,apprehend,"He failed to apprehend the full significance of the historical event, focusing only on the superficial details."
8228,apprehend,I didn't fully apprehend what she meant until she explained it more clearly.
8228,apprehend,"Seeing the dark clouds gathering, I began to apprehend that a storm was brewing."
8229,notorious,The pirate Blackbeard was notorious for his cruelty and fearsome appearance.
8229,notorious,This neighborhood is notorious for its heavy traffic and lack of parking.
8229,notorious,He's become notorious around the office for always arriving late and missing deadlines.
8229,notorious,The software bug was notorious for causing unexpected system crashes.
8229,notorious,"The restaurant critic gave the new bistro a scathing review, calling their signature dish a 'notorious culinary disaster'."
8230,villain,"In the movie, the villain's elaborate plan was foiled at the last minute by the unlikely hero."
8230,villain,"He was painted as the villain in the media, but I think there's more to the story than they're letting on."
8230,villain,"I love a good story where you almost sympathize with the villain, even though you know they're doing bad things."
8230,villain,The company's CEO has become a real-life villain to many after announcing massive layoffs.
8230,villain,She always plays the villain in our improv games; she's so good at being deliciously evil!
8231,avert,He managed to avert a collision by swerving sharply to the left.
8231,avert,The company took several measures to avert a financial crisis.
8231,avert,"She averted her eyes when he walked into the room, feeling embarrassed."
8231,avert,Negotiators worked around the clock to avert a strike.
8231,avert,The quick thinking of the lifeguard helped avert a potential tragedy at the beach.
8232,dynasty,The Ming dynasty is known for its exquisite porcelain and intricate artwork.
8232,dynasty,"The family built a business dynasty that lasted for generations, controlling much of the local industry."
8232,dynasty,"He hoped to start his own coaching dynasty, leading his team to multiple championships."
8232,dynasty,There's a real political dynasty in that town; the same family has held power for decades.
8232,dynasty,"After years of dominance, it looks like their tennis dynasty is finally coming to an end."
8233,unrest,The sudden price hike on essential goods sparked widespread social unrest throughout the country.
8233,unrest,"Following the controversial verdict, a palpable sense of unrest settled over the city, with protests planned for the weekend."
8233,unrest,The employee's unrest was evident in his constant complaining and declining productivity.
8233,unrest,Political unrest in the region has made it unsafe for tourists to visit.
8233,unrest,There's a growing feeling of unrest among the students regarding the proposed changes to the curriculum.
8234,censor,"The government tried to censor the journalist's report, claiming it contained sensitive information."
8234,censor,Some streaming services automatically censor explicit language in songs and movies.
8234,censor,The parents decided to censor their children's internet access to protect them from harmful content.
8234,censor,"Do you think it's right to censor art, even if it's controversial?"
8234,censor,The editor had to censor several paragraphs of the manuscript to meet the publisher's guidelines for acceptable content.
8235,pretext,"He called under the pretext of needing help with his homework, but really he just wanted to talk to her."
8235,pretext,"The company used a minor accounting error as a pretext to fire him, even though his performance was excellent."
8235,pretext,"Under the pretext of conducting a routine inspection, the detectives searched the building for evidence."
8235,pretext,"She accepted his invitation to dinner, using the pretext of needing to discuss the project, but she was secretly hoping for something more."
8235,pretext,"They fabricated a pretext for the war, claiming they were acting in self-defense when their true motives were economic gain."
8236,oversight,The contract was cancelled due to an oversight in the legal department; they failed to include a crucial clause.
8236,oversight,Leaving the oven on was a careless oversight that could have had serious consequences.
8236,oversight,The project's success hinges on careful oversight from the management team to ensure all deadlines are met.
8236,oversight,"As chairman, he provided strong oversight of the company's finances, preventing any potential fraud."
8236,oversight,"It was a simple oversight on my part – I completely forgot to send the email, but I'll do it right away."
8237,decree,The king issued a decree that all citizens must pay higher taxes.
8237,decree,"By presidential decree, the national park was expanded to include the adjacent forest."
8237,decree,The council decreed that all dogs must be kept on leashes in public areas.
8237,decree,It felt like the universe had decreed that we should never be together.
8237,decree,The judge will decree the final settlement in the divorce case next week.
8238,centralize,The company decided to centralize its operations in the new headquarters to improve efficiency.
8238,centralize,We need to centralize the database to avoid data silos and ensure consistency across departments.
8238,centralize,The government's attempt to centralize power was met with strong opposition from regional authorities.
8238,centralize,"Instead of having separate customer service teams in each country, they want to centralize it all in one global call center."
8238,centralize,One of the key arguments for the merger was the opportunity to centralize resources and reduce overhead costs.
8239,illogical,"It seems illogical to invest all your savings in a single, unproven startup."
8239,illogical,"Her sudden change of heart felt illogical, as she had been so opposed to the idea just yesterday."
8239,illogical,The company's decision to cut marketing during a sales slump is completely illogical.
8239,illogical,"While I appreciate your enthusiasm, your proposal is illogical and doesn't take the practical limitations into account."
8239,illogical,Don't be illogical; think about the consequences before you act impulsively.
8240,bonfire,"We gathered around the bonfire, roasting marshmallows and telling spooky stories."
8240,bonfire,The village held a huge bonfire to celebrate the end of the harvest season.
8240,bonfire,The protesters symbolically burned copies of the new law in a bonfire outside the government building.
8240,bonfire,"The heat from the bonfire was intense, so we had to stand back a few feet."
8240,bonfire,Organizers cancelled the annual beach bonfire due to concerns about dry conditions and the risk of wildfires.
8241,chant,The protesters began to chant slogans demanding political reform.
8241,chant,The monks would chant for hours each day as part of their spiritual practice.
8241,chant,"The crowd started to chant his name, urging him to perform an encore."
8241,chant,"During the game, the home team fans would chant, 'Defense! Defense!' to motivate their players."
8241,chant,The children began to chant a silly rhyme as they skipped down the street.
8242,grandeur,The sheer grandeur of the Rocky Mountains took our breath away as we drove through the national park.
8242,grandeur,"Despite its former grandeur, the old mansion now stands dilapidated and overgrown with weeds."
8242,grandeur,"She always dreamed of living in a palace, surrounded by opulence and grandeur."
8242,grandeur,"The coronation ceremony was a spectacle of royal grandeur, with elaborate costumes and centuries-old traditions."
8242,grandeur,"While I appreciate the grandeur of the opera house, I personally prefer smaller, more intimate venues."
8243,gravel,"The driveway was covered in loose gravel, making it difficult to walk on in heels."
8243,gravel,"His voice was low and gravelly, like rocks grinding together."
8243,gravel,We spread a layer of gravel around the flowerbeds to help with drainage and prevent weeds.
8243,gravel,The road gradually turned from asphalt to gravel as we drove further into the countryside.
8243,gravel,"After the accident, the cyclist had gravel rash on his arms and legs."
8244,pulp,"The orange juice had a lot of pulp, which I personally enjoy."
8244,pulp,"He devoured the latest pulp novel, a thrilling detective story with a predictable plot."
8244,pulp,The paper mill processes wood into pulp for making various paper products.
8244,pulp,"After the apple was juiced, the remaining pulp was composted to enrich the garden soil."
8244,pulp,"The scandal was sensationalized in the tabloid press, which thrives on sensationalism and pulp stories."
8245,clog,"The drain is clogged with hair, so the water isn't going down."
8245,clog,"Heavy snowfall can clog the roads, making it difficult for commuters to get to work."
8245,clog,"Figuratively speaking, bureaucratic red tape can clog the wheels of progress."
8245,clog,"If you eat too much fatty food, it can clog your arteries and lead to heart problems."
8245,clog,She decided to wear clogs to the garden because they're easy to slip on and off.
8246,sewer,The city workers are inspecting the sewer system for leaks and blockages.
8246,sewer,"After the heavy rain, the sewer overflowed, flooding the street with dirty water."
8246,sewer,He wouldn't be caught dead wearing that outfit; he said it looked like something you'd find in a sewer.
8246,sewer,The documentary explored the lives of people who live and work in the Paris sewers.
8246,sewer,"We could smell the sewer gas coming from the drain in the basement, so we called a plumber immediately."
8247,townspeople,The townspeople gathered in the square to celebrate the annual Harvest Festival.
8247,townspeople,"Despite the mayor's reassurances, the townspeople remained anxious about the proposed factory construction near the river."
8247,townspeople,Gossip spread like wildfire among the townspeople after Mrs. Henderson won the lottery.
8247,townspeople,The traveling salesman charmed the townspeople with his witty stories and persuasive sales pitches.
8247,townspeople,"In a show of solidarity, the townspeople organized a fundraiser to help the family who lost their home in the fire."
8248,commemorate,"Every year, we commemorate Veterans Day to honor those who served in the armed forces."
8248,commemorate,The city plans to erect a statue to commemorate the life and achievements of its most famous artist.
8248,commemorate,Let's commemorate this special occasion with a toast to our future success!
8248,commemorate,A plaque was placed at the site of the historic battle to commemorate the soldiers who fought and died there.
8248,commemorate,The museum is hosting a special exhibition to commemorate the 100th anniversary of the discovery of King Tutankhamun's tomb.
8249,bust,The police were able to bust the drug ring after months of investigation.
8249,bust,I need to bust out of this boring routine and try something new.
8249,bust,"The old pipe finally gave way and burst, sending water everywhere."
8249,bust,The company announced it was going to bust up into smaller independent units to increase efficiency.
8249,bust,He worked his bust to create a realistic sculpture of the Roman emperor.
8250,loyalist,"During the American Revolution, the loyalist population faced harassment and persecution for their allegiance to the British crown."
8250,loyalist,"He remained a staunch loyalist to the company, refusing to entertain offers from competitors even when his own career stalled."
8250,loyalist,"The political landscape in Northern Ireland is still heavily influenced by the historical divisions between unionists, who are often considered loyalists, and nationalists."
8250,loyalist,"Despite the scandal surrounding the CEO, she remained a loyalist, publicly defending his actions and integrity."
8250,loyalist,"The book explores the complex motivations of loyalist paramilitaries during the Troubles, examining their social and political backgrounds."
8251,confound,The complex instructions completely confounded me; I had no idea where to start.
8251,confound,His seemingly contradictory statements only served to confound the issue further.
8251,confound,The magician's trick was designed to confound the audience and leave them wondering how it was done.
8251,confound,Don't confound correlation with causation; just because two things happen together doesn't mean one causes the other.
8251,confound,The unexpected results of the experiment confounded all our initial hypotheses.
8252,deceptive,"The calm surface of the lake was deceptive; underneath, the currents were strong and dangerous."
8252,deceptive,"His charming smile and friendly demeanor were deceptive, hiding his true manipulative nature."
8252,deceptive,"The advertisement made deceptive claims about the product's capabilities, leading many customers to feel cheated."
8252,deceptive,"Appearances can be deceptive, so it's important to look beyond the surface and understand the underlying facts."
8252,deceptive,"That politician's carefully crafted speech was intentionally deceptive, designed to mislead voters about his true intentions."
8253,hypocrite,"He called me lazy, but he never does any housework himself; what a hypocrite!"
8253,hypocrite,"The politician promised to lower taxes for everyone, but then voted for a bill that only benefited the wealthy – he's such a hypocrite."
8253,hypocrite,It's hypocritical to preach about environmentalism while simultaneously driving a gas-guzzling SUV.
8253,hypocrite,Don't be a hypocrite and criticize others for doing things you do yourself.
8253,hypocrite,"She accused him of being disloyal, but many saw her actions as equally deceitful, making her a bit of a hypocrite in the situation."
8254,amenity,"The apartment complex boasts a wide range of amenities, including a swimming pool, gym, and clubhouse."
8254,amenity,"Living in a rural area has its charms, but you often have to sacrifice access to basic amenities like reliable internet and public transportation."
8254,amenity,The city council is focusing on improving local amenities such as parks and libraries to enhance the quality of life for residents.
8254,amenity,"Before booking the hotel, I checked online to make sure it offered the amenities I needed, specifically free Wi-Fi and breakfast."
8254,amenity,"Despite the high cost of living, many people choose to live in the city for its abundance of cultural amenities and entertainment options."
8255,dabble,"She likes to dabble in different art forms, from painting to pottery, but hasn't committed to mastering any one in particular."
8255,dabble,"I've been thinking about taking a pottery class, but I'll probably just dabble for a while before deciding if I want to get serious."
8255,dabble,"The politician was accused of dabbling in corruption, though the evidence was largely circumstantial."
8255,dabble,"He's always been a bit of a dilettante, dabbling in various business ventures without ever achieving lasting success."
8255,dabble,I wouldn't call myself a programmer; I just dabble in Python occasionally for small personal projects.
8256,billiards,"After dinner, we headed to the pub for a friendly game of billiards."
8256,billiards,He's a shark when it comes to billiards; I wouldn't bet against him.
8256,billiards,The billiards room in the old mansion was filled with antique cues and a well-worn table.
8256,billiards,Learning the physics of billiards can actually improve your game significantly.
8256,billiards,My grandfather always said that life is like a game of billiards – you have to plan your shots carefully.
8257,stepmother,"Although she wasn't her biological mother, Sarah always considered her stepmother to be a loving and supportive figure in her life."
8257,stepmother,"The fairy tale portrayed the stepmother as a cruel and wicked woman, a trope that has persisted in popular culture for centuries."
8257,stepmother,My stepmother is a fantastic cook; her lasagna is always the highlight of family gatherings.
8257,stepmother,"Adjusting to a new family dynamic after my father remarried was difficult, but eventually, I developed a close relationship with my stepmother."
8257,stepmother,"After her father's death, she discovered her stepmother had been secretly managing the family's finances, revealing a hidden talent for business."
8258,darn,I darn near missed my flight this morning because of the traffic.
8258,darn,Darn it! I spilled coffee all over my new shirt.
8258,darn,I don't give a darn what he thinks; I'm doing it my way.
8258,darn,She had to darn a hole in her favorite sweater to make it wearable again.
8258,darn,"The antique tapestry was beautifully darned, a testament to the skill of the restorer."
8259,zigzag,"The path to the summit was a challenging zigzag, winding back and forth across the steep mountainside."
8259,zigzag,The toddler's crayon drawing featured a chaotic zigzag of colors across the page.
8259,zigzag,"To avoid the pothole, I had to zigzag across the road, hoping no one was behind me."
8259,zigzag,"The stock market's performance this week has been a complete zigzag, making it difficult to predict any long-term trends."
8259,zigzag,The tailor created a decorative zigzag stitch along the hem of the skirt.
8260,nick,He managed to nick a pen from the office without anyone noticing.
8260,nick,"The old bridge was starting to show its age, with a few nicks and scratches on its surface."
8260,nick,The police managed to nick the suspect after a high-speed chase through the city.
8260,nick,I gave myself a nasty nick while shaving this morning.
8260,nick,He goes by the nick 'Sparky' because of his fiery personality.
8261,extended,The library has extended its opening hours until 9 PM on weekdays to accommodate students.
8261,extended,"After some debate, the city council voted to extend the highway bypass another five miles."
8261,extended,We'd like to extend our deepest sympathies to the family during this difficult time.
8261,extended,"The company offered him an extended warranty on the new refrigerator, covering parts and labor for five years."
8261,extended,She needed an extended break from work to recover from burnout and recharge her batteries.
8262,deduct,The company will deduct taxes and social security contributions from your paycheck each month.
8262,deduct,"If you return the rental car late, they will deduct a late fee from your deposit."
8262,deduct,"From what I can deduct, the meeting didn't go very well, based on her facial expressions."
8262,deduct,We can deduct the cost of office supplies from our taxable income as a business expense.
8262,deduct,"After a poor performance, the coach decided to deduct points from the team's overall ranking."
8263,tuition,"Paying for my children's college tuition is a significant financial burden, but I believe it's a worthwhile investment in their future."
8263,tuition,"The university announced a 5% increase in tuition fees for the upcoming academic year, sparking protests from students and their families."
8263,tuition,"I'm considering taking a pottery class, but I need to check the tuition costs and the class schedule first."
8263,tuition,Many students rely on scholarships and student loans to cover the high cost of tuition and living expenses while attending university.
8263,tuition,She tutors students in math to help pay for her own tuition and books.
8264,loading,The website is still loading; I hope it doesn't take too much longer.
8264,loading,"I'm loading the dishwasher now, so please clear your plates."
8264,loading,The dockworkers were busy loading cargo onto the ship for its next voyage.
8264,loading,He's been loading up on carbs before the marathon to maximize his energy.
8264,loading,Be careful when loading the truck; we don't want anything to fall out.
8265,eform,Please complete the eform and submit it by the end of the day; it's required for processing your application.
8265,eform,"Instead of printing and mailing, you can fill out the expense report using the online eform."
8265,eform,The website's eform for requesting technical support is much more efficient than emailing.
8265,eform,"Before attending the workshop, make sure to pre-register using the eform available on the conference website."
8265,eform,Could you check if the eform is properly configured to automatically send confirmation emails after submission?
8266,detain,The police decided to detain the suspect for questioning after finding him near the crime scene.
8266,detain,"I'm sorry to detain you, but could you please sign this form before you leave?"
8266,detain,Customs officials may detain travelers if they suspect them of carrying prohibited items.
8266,detain,"The unexpected traffic jam threatened to detain us, making us late for our appointment."
8266,detain,The school has a policy to not detain students after school for disciplinary reasons unless parents are notified.
8267,solicitor,We need to instruct a solicitor to handle the conveyancing for our new house purchase.
8267,solicitor,"My neighbour is a solicitor specializing in family law, so I often see distraught clients coming and going."
8267,solicitor,"Before signing the contract, it's wise to seek legal advice from a qualified solicitor."
8267,solicitor,The company's in-house solicitor reviewed the merger agreement before it was finalized.
8267,solicitor,"He acted as a solicitor for the charity, helping them navigate the complex regulations surrounding fundraising."
8268,cocaine,The police investigation revealed a large amount of cocaine hidden in the suspect's apartment.
8268,cocaine,"He spiraled into addiction, eventually losing everything to cocaine and other drugs."
8268,cocaine,The DEA is working to disrupt the flow of cocaine across the border.
8268,cocaine,"Rumors circulated that the celebrity's erratic behavior was due to cocaine use, but nothing was ever proven."
8268,cocaine,The war on drugs has had a limited impact on the availability of cocaine in many urban areas.
8269,insecurity,Her constant need for reassurance stemmed from deep-seated insecurity about her abilities.
8269,insecurity,The company's financial insecurity was exacerbated by the recent market crash.
8269,insecurity,Teenagers often experience insecurity about their appearance and social standing.
8269,insecurity,"Despite his success, he still battled feelings of insecurity, always wondering if he was good enough."
8269,insecurity,The political instability in the region created a sense of insecurity among the citizens.
8270,deter,The high cost of the repairs didn't deter him from buying the vintage car; he was determined to own it.
8270,deter,"Hopefully, the new security cameras will deter shoplifters from stealing merchandise."
8270,deter,The pouring rain didn't deter us from going for a hike; we just put on our raincoats and went anyway.
8270,deter,The threat of a hefty fine is meant to deter companies from polluting the environment.
8270,deter,"Despite the initial setbacks, nothing could deter her from pursuing her dream of becoming a doctor."
8271,heiress,"She was an heiress to a vast fortune, inheriting millions from her grandfather's shipping empire."
8271,heiress,The tabloid magazines were obsessed with the heiress's lavish lifestyle and scandalous romances.
8271,heiress,Rumor had it that the struggling artist was secretly dating an heiress in hopes of securing financial backing.
8271,heiress,"While she was indeed an heiress, she was determined to make her own way in the world and not rely solely on her inheritance."
8271,heiress,The old mansion was finally sold to a foreign heiress who planned to restore it to its former glory.
8272,extravagance,Buying a private jet is an extravagance that few can afford.
8272,extravagance,"The wedding was a lavish affair, bordering on pure extravagance."
8272,extravagance,Her extravagance with company funds eventually led to her dismissal.
8272,extravagance,"While I appreciate the gesture, a diamond necklace is a bit of an extravagance for my birthday; a simple dinner would have been perfect."
8272,extravagance,"Some might see it as an extravagance, but I consider my daily latte a necessary indulgence."
8273,contestant,Each contestant in the spelling bee looked nervous as they approached the microphone.
8273,contestant,"After a grueling week, only three contestants remained on the reality TV show, battling it out for the grand prize."
8273,contestant,"The contestant argued that the judge's decision was unfair, claiming there was a clear bias against her performance."
8273,contestant,"Despite being a strong contestant, he ultimately lost because he didn't connect with the audience."
8273,contestant,"The gameshow host announced, ""And now, let's meet our final contestant!"""
8274,devalue,The company's poor performance in recent years has started to devalue its stock.
8274,devalue,I didn't mean to devalue your contributions to the project; I just wanted to offer a different perspective.
8274,devalue,Constant criticism can devalue a person's self-esteem and make them feel inadequate.
8274,devalue,The government's decision to print more money will likely devalue the national currency.
8274,devalue,Don't devalue the importance of a good night's sleep; it's crucial for your physical and mental health.
8275,myriad,"The reasons for the company's failure are myriad, ranging from poor management to a lack of innovation."
8275,myriad,"Looking up at the night sky, I was overwhelmed by the myriad stars twinkling in the darkness."
8275,myriad,There are a myriad of options available to you when choosing a career path; it's important to explore your interests.
8275,myriad,Dealing with the myriad of details involved in planning a wedding can be incredibly stressful.
8275,myriad,The internet offers a myriad of opportunities for learning and connecting with people from around the world.
8276,diffuse,"The essential oils were diffused into the air, creating a relaxing atmosphere in the spa."
8276,diffuse,The company tried to diffuse the tension between the striking workers and management by offering a compromise.
8276,diffuse,"Sunlight streamed through the frosted glass, creating a soft, diffuse light in the room."
8276,diffuse,"The protest started peacefully, but anger began to diffuse through the crowd, leading to some minor clashes with police."
8276,diffuse,Authorities are working to diffuse the bomb threat before it can cause any harm.
8277,dioxide,The scientist measured the levels of carbon dioxide in the atmosphere to assess the impact of deforestation.
8277,dioxide,We need to reduce our carbon dioxide emissions to combat climate change effectively.
8277,dioxide,"During photosynthesis, plants absorb carbon dioxide and release oxygen."
8277,dioxide,"The fire extinguisher released a cloud of carbon dioxide, quickly smothering the flames."
8277,dioxide,"The geologist analyzed the rock sample, looking for traces of titanium dioxide."
8278,dilute,You need to dilute the concentrated orange juice with water before drinking it.
8278,dilute,The company's rapid expansion plans could dilute the value of existing shares.
8278,dilute,"The artist used a solvent to dilute the paint, making it easier to apply thin glazes."
8278,dilute,Critics argued that the proposed amendments would dilute the power of the environmental protection agency.
8278,dilute,"To dilute the strong taste of the vinegar, I added a little honey and more olive oil to the salad dressing."
8279,porridge,I like to add a dollop of honey and some berries to my porridge in the morning.
8279,porridge,Goldilocks tasted the three bears' porridge and found Baby Bear's to be just right.
8279,porridge,"After a long hike in the cold, a bowl of warm porridge was exactly what I needed to feel better."
8279,porridge,The chef experimented with different grains and spices to create a unique and flavorful porridge.
8279,porridge,"Despite her initial hesitation, she found that the creamy texture of the oat porridge was surprisingly comforting."
8280,trolley,Could you grab a trolley from the entrance? I have quite a few groceries to carry.
8280,trolley,"In some parts of the city, you can still ride a historic trolley that takes you on a tour of the landmarks."
8280,trolley,"The nurse wheeled the medication trolley down the hospital corridor, stopping at each patient's room."
8280,trolley,"I'm just popping to the shops, do you need anything? I'll take a trolley bag so I don't have to carry heavy things."
8280,trolley,"The waiter cleared the table, piling dirty dishes onto a serving trolley before wheeling it back to the kitchen."
8281,disconnect,I felt a real disconnect between what the company was saying and what they were actually doing.
8281,disconnect,"Before you start working on the computer, please disconnect it from the power outlet for safety reasons."
8281,disconnect,"Sometimes, it's important to disconnect from social media and just enjoy the present moment."
8281,disconnect,The phone call was abruptly cut short when we experienced a sudden disconnect.
8281,disconnect,There seems to be a disconnect in communication between the sales and marketing teams; they need to align their strategies.
8282,upland,The hikers enjoyed the panoramic views from the upland meadows.
8282,upland,Many of the local farmers depend on upland rice cultivation for their livelihood.
8282,upland,The proposed development threatens the delicate ecosystem of the upland bog.
8282,upland,"After the flood, we sought refuge in the upland areas, away from the rising waters."
8282,upland,"The estate included both fertile lowland and rugged upland grazing land, offering a diverse landscape for livestock."
8283,conditioner,"After shampooing, I always use conditioner to make my hair softer and easier to manage."
8283,conditioner,"The doctor said my knee injury is a manageable condition, but I'll need physical therapy and maybe a brace."
8283,conditioner,"Before applying the wood stain, I used a wood conditioner to ensure even absorption and prevent blotching."
8283,conditioner,"To get the best deal on the car, I tried to negotiate better terms and conditions with the dealer."
8283,conditioner,This conditioner has a lovely scent and leaves my hair feeling incredibly hydrated.
8284,disfigure,The vandals used spray paint to disfigure the statue in the park.
8284,disfigure,"Acid can severely disfigure the skin, leaving permanent scars."
8284,disfigure,Years of heavy smoking had begun to disfigure his face with deep wrinkles and a leathery texture.
8284,disfigure,The developer's plan to build a shopping mall would disfigure the natural beauty of the coastline.
8284,disfigure,"He worried that the surgery, while necessary, would disfigure his appearance."
8285,allergic,"I'm allergic to cats, so I can't come over to your place."
8285,allergic,She discovered she was allergic to peanuts after experiencing a severe reaction to a candy bar.
8285,allergic,"Some people are allergic to the idea of change, preferring to stick with the familiar."
8285,allergic,The doctor asked if I was allergic to any medications before prescribing the antibiotic.
8285,allergic,"Despite being allergic to dairy, he occasionally indulges in a slice of pizza, much to his stomach's dismay."
8286,distill,The speaker tried to distill his complex argument into a few key points for the audience to grasp.
8286,distill,"After years of research, the scientist was finally able to distill the active compound from the plant extract."
8286,distill,We need to distill the essential information from these reports to present a concise summary to the board.
8286,distill,The process of making whiskey involves carefully distilling the fermented mash.
8286,distill,He managed to distill the wisdom of his grandfather's advice into a simple mantra: 'Always be honest.'
8287,prohibition,The prohibition of alcohol during the 1920s in the United States led to a rise in organized crime.
8287,prohibition,There's a strict prohibition against using cell phones during the exam.
8287,prohibition,"Despite the prohibition, many people still try to sneak cigarettes into the concert venue."
8287,prohibition,The environmental group is advocating for a complete prohibition on the use of certain pesticides.
8287,prohibition,A total prohibition on smoking in public places is now the norm in many cities.
8288,tribunal,The employee decided to take his case to an employment tribunal after being unfairly dismissed.
8288,tribunal,An international tribunal was established to investigate the war crimes.
8288,tribunal,The planning application was rejected after a hearing at the local planning tribunal.
8288,tribunal,I'm worried about the outcome; appearing before a tribunal is a daunting prospect.
8288,tribunal,The journalist argued that the tribunal's decision violated the principles of free speech.
8289,diverge ,"The two roads diverge in the woods, and I wasn't sure which path to take."
8289,diverge ,Our opinions on the matter began to diverge sharply after the first round of discussions.
8289,diverge ,The evolutionary paths of birds and reptiles began to diverge millions of years ago.
8289,diverge ,"While we started with the same goal, our approaches to achieving it started to diverge over time."
8289,diverge ,"The artist's later works diverge significantly from his earlier, more traditional style."
8290,verdict,"After a week-long trial, the jury finally reached a verdict of guilty on all counts."
8290,verdict,"The public's verdict on the new policy is overwhelmingly negative, judging by the online reaction."
8290,verdict,What's your verdict on the new restaurant? Is it worth the hype?
8290,verdict,The judge instructed the jury to consider all the evidence carefully before delivering their verdict.
8290,verdict,"Despite the compelling arguments, the jury remained deadlocked, unable to reach a unanimous verdict."
8291,intern,She worked as an intern at a law firm last summer to gain practical experience.
8291,intern,The company has a well-structured intern program that provides valuable training and mentorship.
8291,intern,My daughter is hoping to intern at Google next year; it's a very competitive program.
8291,intern,"As an intern, he was responsible for basic administrative tasks, but he also got to shadow senior executives."
8291,intern,"I told him to intern his thoughts for the time being, and wait for the appropriate moment to speak."
8292,doze,"After a large lunch, I tend to doze off in my armchair."
8292,doze,"The monotonous lecture made it hard not to doze, even though the material was important."
8292,doze,"He didn't mean to be rude, but he'd been up all night and started to doze during the meeting."
8292,doze,The gentle rocking of the train helped the baby doze peacefully in her mother's arms.
8292,doze,"Grandpa often dozes in front of the television, waking up only when the program changes."
8293,intermission,"During the intermission, we grabbed some snacks and stretched our legs before the second act began."
8293,intermission,The play was so captivating that I almost didn't want the intermission to start; I was eager to see what happened next.
8293,intermission,Let's use this intermission to quickly discuss our strategy for the next part of the presentation.
8293,intermission,"After a brief intermission, the orchestra returned to the stage and launched into a powerful rendition of the final movement."
8293,intermission,"The band announced an intermission, giving the roadies time to set up for the acoustic set."
8294,enlighten,Could you enlighten me on the company's new policy regarding remote work?
8294,enlighten,The documentary aimed to enlighten viewers about the plight of endangered species.
8294,enlighten,"His explanation didn't enlighten me at all; in fact, I'm even more confused now."
8294,enlighten,Perhaps a conversation with a financial advisor would enlighten you about the best investment strategies.
8294,enlighten,"After reading several books on the subject, I felt truly enlightened and ready to tackle the challenge ahead."
8295,sinner,"Even the most devout among us are sinners in the eyes of God, constantly striving for redemption."
8295,sinner,"He confessed his sins to the priest, hoping to atone for his actions and be seen as less of a sinner."
8295,sinner,"The novel explores the complex morality of a seemingly virtuous character, slowly revealing the sinner beneath the surface."
8295,sinner,"She acted like a saint, but deep down she knew she was a sinner just like everyone else, harboring secrets and regrets."
8295,sinner,"The old western movie portrayed the town as a haven for sinners and outlaws, far from the reach of law and order."
8296,scripture,The passage from scripture speaks of love and compassion for all beings.
8296,scripture,Scholars have debated the interpretation of this particular scripture for centuries.
8296,scripture,"He knew the scripture so well, he could quote entire passages from memory."
8296,scripture,"While the movie was inspired by the book, it deviated significantly from the original scripture."
8296,scripture,"According to scripture, humanity was created in God's image."
8297,insensitive,"It was incredibly insensitive of you to ask about her divorce at the party, especially since she clearly didn't want to talk about it."
8297,insensitive,His insensitive remarks about her weight made her feel deeply ashamed and self-conscious.
8297,insensitive,"The company's response to the environmental disaster was seen as insensitive and uncaring, leading to a public relations crisis."
8297,insensitive,"Some people are naturally more insensitive to cold weather than others; I can wear a t-shirt in 50-degree weather, but my wife needs a jacket."
8297,insensitive,"While well-intentioned, his attempt at humor was completely insensitive to the cultural context and caused offense."
8298,sarcasm,"When I asked if he enjoyed the three-hour meeting, his response, dripping with sarcasm, was, ""Oh, absolutely, it was the highlight of my week."""
8298,sarcasm,Her constant sarcasm made it difficult to have a serious conversation with her; everything was a joke to her.
8298,sarcasm,"Detecting sarcasm in text can be tricky for AI, as it often relies on context and tone."
8298,sarcasm,"Despite his attempt at sarcasm, I could tell he was genuinely hurt by my comment."
8298,sarcasm,"The comedian's routine was filled with political sarcasm, cleverly disguised as observational humor."
8299,enrage,The politician's blatant lie about tax cuts enraged the voters.
8299,enrage,It enrages me when people are inconsiderate on public transport.
8299,enrage,His constant humming in the library was enough to enrage even the most patient person.
8299,enrage,The company's decision to cut benefits without warning enraged the union workers.
8299,enrage,"Being constantly interrupted during my presentation began to enrage me, so I politely asked for everyone's attention."
8300,stepfather,"My stepfather, Robert, has been a positive influence in my life since my mother remarried."
8300,stepfather,"She was hesitant to introduce her boyfriend to her children, fearing how they would react to a new stepfather figure."
8300,stepfather,"Despite not being his biological father, he acted as a stepfather to her children, providing love and support."
8300,stepfather,"The legal documents listed him as her stepfather, granting him certain rights and responsibilities regarding her upbringing."
8300,stepfather,Having a supportive stepfather helped him navigate the challenges of adolescence after his father passed away.
8301,enthrust,I wouldn't entrust him with the responsibility of organizing the entire conference; he's too disorganized.
8301,enthrust,The museum decided to entrust the delicate artifact to a team of experienced conservators for restoration.
8301,enthrust,She felt deeply honored that her mentor would entrust her with such a sensitive and important project.
8301,enthrust,"Having proven himself reliable, he was eventually entrusted with the company's financial records."
8301,enthrust,We entrust our children's safety to the school and expect them to provide a secure learning environment.
8302,caretaker,The elderly woman needed a full-time caretaker to help with her daily activities.
8302,caretaker,"After the fire, the school was temporarily placed under the care of a caretaker government until new elections could be held."
8302,caretaker,"He worked as a caretaker at the old estate, responsible for maintaining the grounds and ensuring the property remained secure."
8302,caretaker,My neighbor is a real caretaker; she's always looking out for everyone on the block and organizing community events.
8302,caretaker,The museum is looking for a dedicated caretaker to oversee the artifact collection and ensure its preservation for future generations.
8303,fixture,"The old oak tree in the park is a beloved fixture of the community, having stood there for over a century."
8303,fixture,The light fixture in the bathroom needs to be replaced; it's been flickering for weeks.
8303,fixture,"After playing quarterback for the team for fifteen years, he became a fixture of the franchise."
8303,fixture,"According to the Premier League fixture list, Manchester United will play Liverpool next Saturday."
8303,fixture,"The antique chandelier was a permanent fixture in the dining room, adding a touch of elegance to every meal."
8304,evacuate,"Due to the approaching hurricane, residents along the coast were ordered to evacuate immediately."
8304,evacuate,"When the fire alarm went off, we had to evacuate the building as quickly and calmly as possible."
8304,evacuate,The police decided to evacuate the area surrounding the bomb threat as a safety precaution.
8304,evacuate,"After the chemical spill, they had to evacuate everyone within a five-mile radius of the factory."
8304,evacuate,"If the volcano shows signs of increased activity, we might have to evacuate the island."
8305,occupant,The police are trying to determine the identity of the vehicle's occupant.
8305,occupant,"The new occupant of the apartment seems nice, but I haven't spoken to them much yet."
8305,occupant,"As the legal occupant of the property, you are responsible for maintaining the yard."
8305,occupant,"The building's previous occupant had left the place in a terrible state, requiring extensive cleaning."
8305,occupant,"The house stood empty for years, untouched by any occupant after the family moved away."
8306,avalanche,"The sudden thaw triggered a massive avalanche in the Alps, burying several ski chalets."
8306,avalanche,"After the company announced the new product, they received an avalanche of orders, completely overwhelming their customer service department."
8306,avalanche,The politician faced an avalanche of criticism after his controversial remarks were made public.
8306,avalanche,We need to be careful when skiing off-piste; even a small disturbance can start an avalanche.
8306,avalanche,The professor was buried under an avalanche of paperwork at the end of the semester.
8307,evade,The suspect tried to evade the police by running through the crowded market.
8307,evade,She skillfully evaded answering the reporter's direct question about her political views.
8307,evade,To evade taxes is a serious crime with significant penalties.
8307,evade,"Despite my best efforts, I couldn't evade the feeling that something was wrong."
8307,evade,"The company used loopholes to evade environmental regulations, causing considerable damage."
8308,briefing,The CEO will hold a press briefing this afternoon to address the recent allegations.
8308,briefing,"Before the mission, we received a thorough briefing on the target and potential risks."
8308,briefing,Could you give me a quick briefing on the current status of the project before the meeting?
8308,briefing,The lawyer requested a private briefing with the client to discuss the upcoming trial.
8308,briefing,"He gave me a very brief briefing, just enough to get me started on the task."
8309,layoff,"The company announced a major layoff, affecting nearly 10% of its workforce due to declining sales."
8309,layoff,Rumors of a potential layoff have been circulating around the office ever since the merger was announced.
8309,layoff,"Despite the company's assurances, I'm worried about the possibility of a layoff, especially with the current economic climate."
8309,layoff,"She received a generous severance package after the layoff, which helped her transition to a new job."
8309,layoff,The unexpected layoff left him scrambling to update his resume and start networking immediately.
8310,marijuana,The debate over the legalization of marijuana continues to be a contentious issue in many states.
8310,marijuana,"I've heard that marijuana can be helpful for managing chronic pain, but I'm still hesitant to try it."
8310,marijuana,He got arrested for possession of marijuana after the police searched his car.
8310,marijuana,Some people use marijuana recreationally to relax and unwind after a long day.
8310,marijuana,"With the increasing acceptance of marijuana, many entrepreneurs are exploring opportunities in the cannabis industry."
8311,impair,"Drinking alcohol can significantly impair your judgment and reaction time, making it dangerous to drive."
8311,impair,"The medication I'm taking might impair my ability to concentrate, so I'll need to adjust my workload."
8311,impair,"Chronic sleep deprivation can impair cognitive function, affecting memory and decision-making skills."
8311,impair,"His vision was severely impaired after the accident, but he's learning to adapt with the help of assistive technology."
8311,impair,The scandal threatened to impair the company's reputation and damage investor confidence.
8312,cheeky,He gave me a cheeky grin and then ran off with my hat.
8312,cheeky,The newspaper ran a cheeky headline about the politician's blunder.
8312,cheeky,"Don't get cheeky with me, young man, or you'll be grounded!"
8312,cheeky,She made a cheeky suggestion that we skip the meeting and go to the beach instead.
8312,cheeky,"Despite the reprimand, he had a cheeky glint in his eyes, suggesting he wasn't truly sorry."
8313,infuriate,His constant humming during the meeting started to infuriate me.
8313,infuriate,The company's blatant disregard for customer service is sure to infuriate its loyal clientele.
8313,infuriate,It infuriates me when people are inconsiderate of others in public spaces.
8313,infuriate,The politician's inflammatory remarks were designed to infuriate his opponents and rally his base.
8313,infuriate,Don't let him infuriate you; he's just trying to get a reaction.
8314,godmother,"My godmother, Aunt Carol, always sends the most thoughtful birthday gifts."
8314,godmother,She was chosen as the godmother because she's been a close friend of the family for years.
8314,godmother,The fairy godmother in Cinderella is a classic example of a magical helper.
8314,godmother,Becoming a godmother is a significant responsibility; you're agreeing to support the child's spiritual and personal growth.
8314,godmother,He jokingly referred to his wealthy business partner as his 'godmother' because she funded his startup.
8315,irrigate,Farmers in the Nile River Valley have been using canals to irrigate their fields for centuries.
8315,irrigate,"To ensure a successful harvest, we need to irrigate the crops regularly, especially during the dry season."
8315,irrigate,The golf course superintendent decided to irrigate the greens overnight to combat the effects of the intense summer heat.
8315,irrigate,"After the surgery, the doctor will irrigate the wound with saline solution to prevent infection."
8315,irrigate,The government is investing in new infrastructure to irrigate the arid regions and boost agricultural production.
8316,heath,"The novel's protagonist often wandered alone across the windswept heath, contemplating his future."
8316,heath,"We enjoyed a long walk on the heath, admiring the purple heather and the diverse birdlife."
8316,heath,"The old manor house stood isolated on the edge of the heath, a rather bleak and forbidding sight."
8316,heath,Heath Ledger's portrayal of the Joker remains one of the most iconic performances in cinematic history.
8316,heath,"After years of neglecting his health, he was advised to seek professional help in order to return to good heath."
8317,beet,I'm going to roast some beet slices with goat cheese and walnuts for a colorful salad.
8317,beet,"The farmer's market had a beautiful selection of root vegetables, including several varieties of beet."
8317,beet,She turned as red as a beet when she realized she had called her boss 'Dad'.
8317,beet,Beet juice is a popular natural remedy some athletes use to improve their performance.
8317,beet,"The borscht, a traditional Eastern European soup, was a vibrant crimson color, thanks to the generous addition of beet."
8318,resourceful,She's incredibly resourceful; she can always find a way to fix things with whatever she has on hand.
8318,resourceful,Our team needs a more resourceful approach to problem-solving if we want to meet these tight deadlines.
8318,resourceful,"He proved to be a resourceful negotiator, securing a deal that benefited both parties."
8318,resourceful,"The library is a valuable resource for students, offering books, computers, and research assistance."
8318,resourceful,"In times of crisis, it's important to be resourceful and think outside the box to find solutions."
8319,juggle,"It's difficult to juggle work, family, and social life, especially when you're just starting out."
8319,juggle,"The street performer was able to juggle five balls while riding a unicycle, which drew a large crowd."
8319,juggle,"The company is trying to juggle multiple projects at once, which is straining their resources."
8319,juggle,He had to juggle his schedule to fit in both his morning meetings and his daughter's school play.
8319,juggle,Politicians often have to juggle the demands of different interest groups to reach a compromise.
8320,sibling,"Having a sibling is like having a built-in best friend, even if you fight sometimes."
8320,sibling,The inheritance was divided equally among the siblings after their parents passed away.
8320,sibling,My younger sibling is constantly borrowing my clothes without asking!
8320,sibling,"Despite their contrasting personalities, the siblings share a strong bond and always support each other."
8320,sibling,"In the animal kingdom, sibling rivalry can be fierce, especially when resources are scarce."
8321,aerobic,She attends an aerobic exercise class three times a week to stay in shape.
8321,aerobic,"Aerobic bacteria thrive in oxygen-rich environments, playing a crucial role in decomposition."
8321,aerobic,The doctor recommended aerobic activity like brisk walking to improve my cardiovascular health.
8321,aerobic,"While strength training is important, don't forget the benefits of aerobic workouts for overall well-being."
8321,aerobic,The study investigated the effects of prolonged aerobic training on the participants' VO2 max.
8322,aborable,The puppy was so aborable with its floppy ears and clumsy paws.
8322,aborable,Her aborable habit of humming while she works always brings a smile to my face.
8322,aborable,"Despite his gruff exterior, he has an aborable soft spot for his grandchildren."
8322,aborable,The children put on an aborable performance of 'Twinkle Twinkle Little Star' at the school concert.
8322,aborable,"I found an aborable vintage dress at the flea market, perfect for the summer."
8323,kindle,He hoped a shared love of literature would kindle a romance between them.
8323,kindle,The dry leaves and twigs were perfect to kindle a fire for our campsite.
8323,kindle,Her inspiring speech kindled a passion for social justice in the hearts of many students.
8323,kindle,Reading about the explorers of old kindled my own desire to travel and see the world.
8323,kindle,The company's innovative approach to marketing helped kindle interest in their new product line.
8324,bomber,The Air Force deployed a squadron of B-2 Spirit stealth bombers to the region.
8324,bomber,He wore a stylish bomber jacket with a fur collar to the party.
8324,bomber,Police are still searching for the bomber responsible for the downtown explosion.
8324,bomber,Our star striker is a real bomber; he can score from anywhere on the field!
8324,bomber,"During the war, the bomber crews faced incredible dangers on their missions over enemy territory."
8325,localize,"We need to localize the software for the Japanese market, including translating the text and adapting the user interface."
8325,localize,The company decided to localize its production to be closer to its consumers and reduce shipping costs.
8325,localize,"The doctor suspected the infection was localized to the patient's knee joint, which helped narrow down the possible causes."
8325,localize,"While the protests started in the capital, activists are now trying to localize the movement by focusing on issues specific to different regions."
8325,localize,"The recipe calls for exotic ingredients, but you can often localize it by substituting similar, locally-sourced alternatives."
8326,battllefield,"The historical society organized a tour of the Gettysburg battlefield, providing detailed accounts of the pivotal battle."
8326,battllefield,"Social media has become a new battlefield for political ideologies, where opinions clash and misinformation spreads rapidly."
8326,battllefield,"After years of struggling with addiction, he finally won the battle and emerged victorious from the battlefield of his own mind."
8326,battllefield,"The company's marketing team prepared for the competitive battlefield of the holiday season, launching an aggressive advertising campaign."
8326,battllefield,"While the negotiation was tense, both parties agreed to avoid turning the discussion into a personal battlefield and focused on finding common ground."
8327,madden,The constant delays and lack of communication began to madden the project team.
8327,madden,It would madden anyone to have their hard work constantly criticized without any constructive feedback.
8327,madden,Don't let his rude remarks madden you; he's just trying to get a reaction.
8327,madden,The unfairness of the situation was enough to madden even the most patient person.
8327,madden,"The unsolved mystery continued to madden investigators, with no new leads emerging for years."
8328,inning,"After a slow start, the team scored three runs in the seventh inning, finally taking the lead."
8328,inning,"This new policy marks the beginning of a new inning for the company, with a renewed focus on innovation."
8328,inning,He's really made a name for himself this season; I think he's earned a chance to pitch the ninth inning and close out the game.
8328,inning,"It felt like the negotiation would never end, but we're finally in the bottom of the ninth inning, and hopefully close to a deal."
8328,inning,"The visiting team batted around in the second inning, scoring seven runs and putting the home team in a deep hole."
8329,tabloid,The tabloid newspapers were full of scandalous stories about the celebrity's divorce.
8329,tabloid,I wouldn't believe everything you read in the tabloids; they often exaggerate or fabricate information.
8329,tabloid,The politician sued the tabloid for libel after they published false accusations about his personal life.
8329,tabloid,"Her latest album was a critical success, a welcome change after years of being fodder for tabloid gossip."
8329,tabloid,"While the documentary explored serious social issues, its sensationalist approach felt more like a tabloid exposé."
8330,defenseless,The newborn fawn was defenseless against the approaching predator.
8330,defenseless,"Without proper legal representation, the defendant felt defenseless in court."
8330,defenseless,The charity works to protect defenseless animals from cruelty and neglect.
8330,defenseless,"Seeing the young child lost and alone made her feel fiercely protective, hating that they were so defenseless."
8330,defenseless,The politician's reputation was left defenseless after the damaging accusations were made public.
8331,manipulate,He tried to manipulate the data to show a more favorable outcome for the company.
8331,manipulate,Don't let him manipulate you into doing something you don't want to do; stand your ground.
8331,manipulate,The politician was accused of manipulating public opinion through carefully crafted speeches and misleading statistics.
8331,manipulate,"With the right tools, you can manipulate digital images to create stunning visual effects."
8331,manipulate,She skillfully manipulated the conversation to avoid answering the difficult question.
8332,subcommittee,The environmental protection bill was sent to a subcommittee for further review and amendments.
8332,subcommittee,Our team will present its findings to the subcommittee on budget appropriations next Tuesday.
8332,subcommittee,"After the main committee meeting, we'll break into subcommittees to tackle the specific action items."
8332,subcommittee,The subcommittee's report on the proposed changes to the healthcare system is due next month.
8332,subcommittee,She chairs the subcommittee responsible for investigating the allegations of misconduct within the department.
8333,chronicle,The local newspaper aims to chronicle the daily lives and events of the town's residents.
8333,chronicle,"Her diary served as a personal chronicle of her travels through Southeast Asia, detailing every adventure and mishap."
8333,chronicle,"The documentary chronicles the rise and fall of the Roman Empire, from its glorious beginnings to its eventual decline."
8333,chronicle,"Historians often rely on ancient texts to chronicle the history of civilizations, piecing together fragments of the past."
8333,chronicle,"The museum's exhibit chronicles the evolution of photography, showcasing cameras and images from different eras."
8334,pagan,"Many ancient cultures, often labeled as 'pagan' by later monotheistic societies, had complex and sophisticated belief systems."
8334,pagan,The historical accuracy of associating all pre-Christian traditions with a single 'pagan' identity is often debated among scholars.
8334,pagan,"She was fascinated by Wicca and other forms of modern paganism, drawn to their reverence for nature."
8334,pagan,"The old church was built on what was rumored to be a pagan burial ground, giving rise to local legends."
8334,pagan,His interest in Norse mythology led him to explore various pagan practices and beliefs surrounding the ancient gods.
8335,massacre,"The historical accounts detailed the massacre of unarmed civilians during the war, a truly horrific event."
8335,massacre,"The critics described the film as a 'massacre' of the original novel, complaining that it completely butchered the plot and characters."
8335,massacre,The Battle of Wounded Knee is remembered as a tragic massacre of Lakota people by the U.S. Army.
8335,massacre,"The visiting team suffered a complete massacre on the field, losing by a score of 50 to 0."
8335,massacre,"Figuratively speaking, my garden is a massacre – the weeds have completely taken over and killed all my flowers."
8336,unification,The unification of East and West Germany was a monumental event in European history.
8336,unification,The company is undergoing a system unification project to streamline its data management processes.
8336,unification,Achieving party unification before the election is crucial for a strong showing at the polls.
8336,unification,The physicist dedicated his life to the unification of general relativity and quantum mechanics into a single theory.
8336,unification,Efforts towards linguistic unification are often met with resistance due to regional dialects and cultural identities.
8337,maximize,"To maximize your chances of getting the job, tailor your resume to the specific requirements listed in the job description."
8337,maximize,We need to maximize efficiency in the production process to reduce costs and increase profitability.
8337,maximize,"During the summer, I try to maximize my time outdoors by going hiking and swimming as much as possible."
8337,maximize,The company is investing in new technology to maximize the return on investment for its shareholders.
8337,maximize,"To maximize space in our small apartment, we installed shelving units that reach all the way to the ceiling."
8338,exemption,"Due to her medical condition, she received an exemption from mandatory vaccinations."
8338,exemption,The company applied for a tax exemption to encourage investment in the local community.
8338,exemption,Students with documented disabilities may be eligible for an exemption from certain standardized testing requirements.
8338,exemption,He argued that his religious beliefs should grant him an exemption from military service.
8338,exemption,"While most employees are required to work overtime, she has a special exemption based on her family commitments."
8339,misuse,"The company was criticized for its misuse of funds, leading to a full audit."
8339,misuse,I think you're misusing the word 'ironic' – it doesn't mean what you think it means.
8339,misuse,"He warned against the misuse of antibiotics, which can lead to antibiotic-resistant bacteria."
8339,misuse,Don't misuse my trust by sharing my secrets with others.
8339,misuse,The politician was accused of misusing his power for personal gain.
8340,pesticide,The farmer sprayed the crops with pesticide to protect them from insects.
8340,pesticide,Environmental groups are advocating for a reduction in pesticide use to protect pollinators like bees.
8340,pesticide,Regulations on the sale and application of pesticides are becoming increasingly strict.
8340,pesticide,I'm trying to buy organic vegetables to avoid ingesting harmful pesticides.
8340,pesticide,"The pesticide residue found on the fruit exceeded the legal limit, prompting a product recall."
8341,robin,"A robin hopped across the lawn, searching for worms after the rain."
8341,robin,My grandmother loved robins and always put out breadcrumbs for them in the winter.
8341,robin,"The park warden identified a number of different bird species, including the American robin, during our nature walk."
8341,robin,"I saw a robin's nest high up in the oak tree, carefully constructed with mud and twigs."
8341,robin,Robin Hood is a legendary figure known for robbing from the rich and giving to the poor.
8342,regiment,The soldiers were assigned to a new regiment known for its rigorous training.
8342,regiment,"Her daily life is a regiment of exercise, healthy eating, and early bedtimes."
8342,regiment,"He stuck to his skincare regiment religiously, hoping to see improvement in his complexion."
8342,regiment,The company's sales team operates under a strict regiment of daily quotas and performance reviews.
8342,regiment,"After years of undisciplined spending, she decided to impose a financial regiment on herself to pay off her debts."
8343,mobilize,The charity is trying to mobilize volunteers to help with the upcoming food drive.
8343,mobilize,"If the strike continues, the union will mobilize its members for a large-scale demonstration."
8343,mobilize,The general needed to mobilize the troops quickly to defend the border against the enemy advance.
8343,mobilize,"After the devastating earthquake, the international community began to mobilize aid and resources to the affected region."
8343,mobilize,We need to mobilize support for this important bill if we want it to pass through Congress.
8344,monopolize,"He tends to monopolize the conversation at parties, making it difficult for others to get a word in."
8344,monopolize,The tech giant is accused of trying to monopolize the market by acquiring all its smaller competitors.
8344,monopolize,Don't monopolize the bathroom; other people need to use it too!
8344,monopolize,"She didn't mean to monopolize your time, but she really needed someone to listen to her problems."
8344,monopolize,"The company's aggressive pricing strategy effectively allowed them to monopolize the industry, leaving little room for new businesses."
8345,petroleum,The country's economy is heavily reliant on petroleum exports.
8345,petroleum,Scientists are exploring alternative energy sources to reduce our dependence on petroleum.
8345,petroleum,"A major oil spill occurred when a petroleum tanker ran aground, causing significant environmental damage."
8345,petroleum,The price of gasoline at the pump is directly affected by fluctuations in the global petroleum market.
8345,petroleum,"The chemical industry uses petroleum as a raw material to produce a wide range of products, including plastics and synthetic fibers."
8346,phenomenal,"The actress gave a phenomenal performance, captivating the audience from beginning to end."
8346,phenomenal,"The growth of the company has been phenomenal this year, exceeding all expectations."
8346,phenomenal,He's got a phenomenal memory; he remembers every detail from years ago.
8346,phenomenal,"The view from the mountaintop was simply phenomenal, stretching for miles in every direction."
8346,phenomenal,"Honestly, the support we've received from the community has been phenomenal, and we're incredibly grateful."
8347,moor ,We need to moor the boat securely before the storm hits.
8347,moor ,"The bleak and windswept moor stretched for miles, offering a desolate beauty."
8347,moor ,"I felt lost and isolated, wandering alone across the moor."
8347,moor ,The ship was able to moor alongside the pier without any difficulty.
8347,moor ,He spent his childhood exploring the rugged moorland behind his house.
8348,steamboat,"The old steamboat whistle echoed across the lake, a sound that transported me back to another era."
8348,steamboat,"We took a steamboat tour down the Mississippi River, learning about the history and ecology of the region."
8348,steamboat,"My grandfather always told stories about working on a steamboat as a young man, hauling goods up and down the river."
8348,steamboat,The steamboat 'Natchez' is a famous symbol of New Orleans and the city's rich musical heritage.
8348,steamboat,"Despite the advent of modern transportation, some people still dream of a leisurely life aboard a paddlewheel steamboat."
8349,hazy,"The morning was hazy, making it difficult to see the mountains in the distance."
8349,hazy,"After a long day of studying, my memory of the lecture became hazy and indistinct."
8349,hazy,The detective had only a hazy recollection of the events leading up to the crime.
8349,hazy,"The future of the company remains hazy, with many uncertainties in the market."
8349,hazy,"The air was thick and hazy with smoke from the nearby wildfires, making it hard to breathe."
8350,gravestone,We placed flowers on the gravestone to honor her memory on the anniversary of her death.
8350,gravestone,"The old cemetery was filled with weathered gravestones, some dating back to the 18th century."
8350,gravestone,"After years of research, the historian finally found the gravestone of the town's founder."
8350,gravestone,"He felt a chill as he read the inscription on the gravestone, a stark reminder of mortality."
8350,gravestone,"Vandals had toppled several gravestones in the churchyard, causing considerable damage and distress to the community."
8351,obstruct,"The fallen tree began to obstruct the road, causing a significant traffic jam."
8351,obstruct,Please don't obstruct my view; I'm trying to watch the game.
8351,obstruct,The defendant was charged with obstruction of justice for attempting to hinder the police investigation.
8351,obstruct,His constant negativity seemed to obstruct any progress the team was trying to make.
8351,obstruct,"Heavy snow can obstruct visibility, making driving conditions very dangerous."
8352,bog,"The hikers had to carefully navigate the treacherous bog, stepping from one clump of grass to another to avoid sinking in the mud."
8352,bog,He got bogged down in the details of the project and missed the deadline.
8352,bog,"The investigation quickly became bogged down in bureaucratic red tape, with no progress being made."
8352,bog,We need to drain the bog behind the house; it's attracting too many mosquitoes.
8352,bog,Don't bog yourself down with negativity; focus on the positive aspects of the situation.
8353,opt,Many students opt to study abroad during their junior year to gain international experience.
8353,opt,"After considering all the factors, we decided to opt for the extended warranty on the new washing machine."
8353,opt,She didn't opt in to the company's health insurance plan because she was already covered by her spouse's policy.
8353,opt,"If you opt out of receiving promotional emails, you'll no longer receive updates about our sales and new products."
8353,opt,"Rather than face the legal battle, the company may opt for an out-of-court settlement."
8354,renowned,Chef Antoine is renowned for his innovative approach to classic French cuisine.
8354,renowned,The university's physics department is renowned as a center of cutting-edge research.
8354,renowned,"Although relatively new to the music scene, she is quickly becoming renowned for her powerful vocals and songwriting."
8354,renowned,The city is renowned for its vibrant nightlife and diverse cultural attractions.
8354,renowned,"He sought advice from the renowned lawyer, Ms. Eleanor Vance, hoping for a favorable outcome in his case."
8355,recreational,The city council is planning to build a new recreational center with a swimming pool and gymnasium.
8355,recreational,Many people find gardening to be a relaxing and recreational activity.
8355,recreational,"After a long week of work, I enjoy some recreational reading to unwind."
8355,recreational,"The lake is a popular spot for recreational boating and fishing, especially during the summer months."
8355,recreational,"Access to recreational marijuana is now legal in several states, though regulations vary."
8356,auditor,"The internal auditor discovered discrepancies in the expense reports, suggesting potential fraud."
8356,auditor,"As a volunteer, he worked as an auditor for the local community center, ensuring their financial records were accurate."
8356,auditor,The company hired a new external auditor to provide an independent assessment of their financial statements.
8356,auditor,The auditor will be presenting their findings to the board of directors next week.
8356,auditor,"After the concert, I overheard someone saying they were an 'auditor' of the band, meaning they meticulously tracked and documented all their performances."
8357,overestimate,I think you overestimate your ability to handle that project on your own; it's more complex than it looks.
8357,overestimate,Don't overestimate the importance of this one meeting; there will be other opportunities to make your case.
8357,overestimate,Analysts often overestimate the impact of short-term market fluctuations on long-term investment strategies.
8357,overestimate,"We may have overestimated the demand for the new product, leading to a surplus in inventory."
8357,overestimate,"He tends to overestimate his own intelligence, which can sometimes lead to embarrassing situations."
8358,duchess,The Duchess of Cambridge is known for her elegant style and charitable work.
8358,duchess,I'm reading a historical novel about the intrigues and scandals surrounding a powerful duchess in 18th-century France.
8358,duchess,"Did you hear? Apparently, the local baker named his prize-winning cake 'The Duchess' because it's so rich and decadent."
8358,duchess,"Even though she's not actually royalty, everyone calls her 'Duchess' because of her bossy attitude and extravagant tastes."
8358,duchess,The Duke and Duchess released a statement expressing their condolences for the victims of the recent tragedy.
8359,superintendent,The school superintendent announced new policies regarding student absences at the town hall meeting.
8359,superintendent,Our apartment building's superintendent is incredibly helpful and always responds quickly to maintenance requests.
8359,superintendent,"After years of dedicated service, Superintendent Davis is retiring from the police force next month."
8359,superintendent,The construction superintendent carefully reviewed the blueprints before giving the crew the go-ahead to start the next phase of the project.
8359,superintendent,"During the wildfire, the park superintendent worked tirelessly to coordinate evacuation efforts and protect the park's natural resources."
8360,oversee,"As project manager, Sarah will oversee the entire construction process from start to finish."
8360,oversee,The board of directors is responsible for overseeing the company's financial performance and strategic direction.
8360,oversee,"I've been asked to oversee the volunteer program this year, making sure everything runs smoothly."
8360,oversee,Can you oversee the children for a few minutes while I step out to grab some groceries?
8360,oversee,The United Nations sends observers to oversee elections in many countries to ensure fairness and transparency.
8361,spinner,"The fidget spinner craze may be over, but they're still fun to play with sometimes."
8361,spinner,Our team needs a good leg spinner to improve our chances in the upcoming cricket match.
8361,spinner,"The political candidate's communications director is a master spinner, always able to put a positive spin on bad news."
8361,spinner,"After the car accident, my head was in a spinner, and I couldn't remember what had happened."
8361,spinner,The cotton mill employed many spinners to produce yarn for the textile industry.
8362,reluctantly,He reluctantly agreed to help with the dishes after being reminded it was his turn.
8362,reluctantly,"Reluctantly, she admitted that her initial assessment of the project had been wrong."
8362,reluctantly,The company reluctantly laid off several employees due to unforeseen economic circumstances.
8362,reluctantly,"I reluctantly handed over my credit card, knowing I was about to overspend."
8362,reluctantly,"She reluctantly broke off the engagement, realizing they were fundamentally incompatible."
8363,persevere,"Despite facing numerous setbacks, the team decided to persevere with their original strategy."
8363,persevere,"If you persevere with your studies, you'll eventually achieve your academic goals."
8363,persevere,She had to persevere through a long and difficult rehabilitation process after her injury.
8363,persevere,"The company is determined to persevere in the face of economic hardship, focusing on innovation and customer satisfaction."
8363,persevere,"Even though the project seemed impossible at times, we knew we had to persevere to deliver the results we promised."
8364,diabete,"My grandfather was recently diagnosed with diabetes, so he's had to make significant changes to his diet."
8364,diabete,She's managing her diabetes with a combination of medication and regular exercise.
8364,diabete,"Due to a family history of diabetes, I get my blood sugar levels checked annually as a preventative measure."
8364,diabete,"The doctor explained that uncontrolled diabetes can lead to serious complications, including kidney disease and nerve damage."
8364,diabete,"There's a lot of misinformation out there, but it's important to remember that diabetes is a serious condition that requires careful management."
8365,hormone,"During puberty, a surge of hormones causes significant physical and emotional changes."
8365,hormone,"The doctor suspects my thyroid isn't functioning properly, which could be affecting my hormone levels."
8365,hormone,She's been prescribed hormone replacement therapy to manage the symptoms of menopause.
8365,hormone,"Stress can trigger the release of cortisol, a hormone that prepares the body for fight or flight."
8365,hormone,Scientists are studying how certain environmental factors can disrupt endocrine systems and interfere with hormone production in wildlife.
8366,pinpoint,"The doctor was able to pinpoint the exact location of the pain, which helped him make a diagnosis."
8366,pinpoint,It's difficult to pinpoint the precise moment when their relationship started to deteriorate.
8366,pinpoint,Investigators are trying to pinpoint the source of the contamination that caused the outbreak.
8366,pinpoint,"With the new satellite technology, we can pinpoint your location to within a few meters."
8366,pinpoint,"She could pinpoint exactly what was wrong with the design, offering constructive criticism that improved the final product."
8367,extinction,The dodo bird is a classic example of extinction caused by human activity.
8367,extinction,"Many scientists believe we are currently experiencing a sixth mass extinction event, driven by climate change and habitat loss."
8367,extinction,"Unless we take drastic action to protect their habitat, these endangered species face imminent extinction."
8367,extinction,The sudden extinction of the dinosaurs 66 million years ago is still a source of fascination for paleontologists.
8367,extinction,"The library's funding was cut, leading to the extinction of several vital community programs."
8368,emigrant,"My great-grandmother was an emigrant from Ireland, seeking a better life in America."
8368,emigrant,"The small village slowly depopulated as more and more people became emigrants, drawn to the opportunities of the city."
8368,emigrant,He wrote a poignant letter home describing his experiences as an emigrant in a new and unfamiliar land.
8368,emigrant,The government implemented new policies to support emigrants and maintain ties with its diaspora.
8368,emigrant,"She felt a pang of guilt leaving her family behind, but knew that becoming an emigrant was the best decision for her future."
8369,ply,"The ferrymen ply their trade across the river, shuttling passengers and goods from shore to shore."
8369,ply,"The salesperson attempted to ply me with free samples, hoping I'd eventually buy the product."
8369,ply,She had to ply her daughter with promises of ice cream to get her to finish her homework.
8369,ply,The seasoned carpenter expertly used pliers to ply the stubborn nail from the wood.
8369,ply,We must ply every available resource to ensure the success of this project.
8370,gutter,"The heavy rain caused the water to overflow from the gutter, cascading down the side of the house."
8370,gutter,"He spent his entire life in the gutter, struggling with addiction and poverty."
8370,gutter,"The newspaper ran a story about the political candidate's dirty tactics, suggesting he was willing to drag his opponent through the gutter."
8370,gutter,We need to clean the gutters this weekend; they're full of leaves and debris.
8370,gutter,"After losing his job and his family, he felt like his life was heading down the gutter."
8371,horrid,The weather today is horrid; I think I'll stay inside and read a book.
8371,horrid,"She had a horrid experience at the dentist yesterday; apparently, the root canal was excruciating."
8371,horrid,"I made a horrid mistake in the calculation, which completely skewed the final results of the experiment."
8371,horrid,"The play was a complete disaster; the acting was amateurish, the script was horrid, and the costumes were ill-fitting."
8371,horrid,"He had a horrid feeling that something terrible was about to happen, a premonition that made him incredibly uneasy."
8372,din,The din of the construction site made it impossible to concentrate on my work.
8372,din,I couldn't hear myself think over the din at the rock concert.
8372,din,"As soon as the teacher left the room, the classroom erupted in a din of chatter and laughter."
8372,din,The constant din of city traffic can be quite overwhelming for newcomers.
8372,din,"Despite the din of battle, he remained focused on his objective."
8373,punctuate,The speaker would often pause to punctuate his points with dramatic hand gestures.
8373,punctuate,Her career has been punctuated by periods of intense activity and quiet reflection.
8373,punctuate,"To punctuate the end of the performance, the band launched fireworks into the night sky."
8373,punctuate,It's important to punctuate your writing correctly so that your meaning is clear.
8373,punctuate,The constant interruptions seemed to punctuate the meeting with unnecessary stress and frustration.
8374,privileged,"Growing up in a wealthy neighborhood, I was privileged to have access to excellent schools and resources."
8374,privileged,"As a journalist, I feel privileged to be able to share important stories with the public."
8374,privileged,"He comes from a privileged background, which has opened many doors for him throughout his career."
8374,privileged,We were privileged to witness such a rare and beautiful natural phenomenon during our trip.
8374,privileged,It's important to acknowledge your privileged position and use it to advocate for those who are less fortunate.
8375,purge,"After the scandal, the company decided to purge its management team of anyone suspected of corruption."
8375,purge,She needed to purge her closet of all the clothes she hadn't worn in the past year.
8375,purge,The dictator initiated a brutal purge of political opponents to consolidate his power.
8375,purge,I'm trying to purge my system of caffeine to see if it helps with my anxiety.
8375,purge,"Sometimes, a good cry is all you need to purge your emotions and feel better."
8376,fatherland,"The soldiers swore an oath to defend their fatherland against all enemies, foreign and domestic."
8376,fatherland,He felt a deep sense of longing for his fatherland after living abroad for so many years.
8376,fatherland,"For many immigrants, the new country becomes their fatherland, even though they still cherish memories of their birthplace."
8376,fatherland,The propaganda emphasized the importance of sacrificing everything for the fatherland during the war.
8376,fatherland,"Although he disagreed with the government's policies, he never stopped considering himself a loyal son of the fatherland."
8377,aggressor,The international community condemned the nation as the aggressor in the border conflict.
8377,aggressor,"In the playground, the bigger boy was clearly the aggressor, constantly pushing and shoving the younger children."
8377,aggressor,"Historically, identifying the true aggressor in a war can be a complex and highly debated issue."
8377,aggressor,"She felt like she was constantly on the defensive, as her roommate was always the aggressor in their arguments."
8377,aggressor,"He tried to de-escalate the situation, knowing that reacting aggressively would only reinforce the perception of him as the aggressor."
8378,ravage,"The hurricane ravaged the coastline, leaving many homes in ruins."
8378,ravage,"Years of drug abuse had ravaged his health, leaving him a shadow of his former self."
8378,ravage,"The invading army ravaged the countryside, looting villages and destroying crops."
8378,ravage,"The scandal threatened to ravage the company's reputation, potentially leading to significant financial losses."
8378,ravage,I was so hungry after the hike that I ravaged the entire pizza in minutes!
8379,rearrange,Could you please rearrange the chairs in the conference room so that everyone has a clear view of the projector screen?
8379,rearrange,"After the earthquake, we had to rearrange our living room furniture to make the space feel safe and comfortable again."
8379,rearrange,The editor decided to rearrange the order of the chapters in the book to improve the narrative flow.
8379,rearrange,"Let's rearrange our schedules so we can all attend the meeting next week; I know everyone is busy, but it's important."
8379,rearrange,I need to rearrange my priorities; I've been focusing too much on minor tasks and neglecting the important ones.
8380,partition,The office space was divided into smaller cubicles using a temporary partition.
8380,partition,Historians often discuss the partition of India and its lasting consequences.
8380,partition,"Before installing the new operating system, I need to partition my hard drive."
8380,partition,"The political party is deeply divided, with some members calling for a partition into separate factions."
8380,partition,Let's partition the pizza fairly so everyone gets an equal share.
8381,rebuke,The teacher rebuked the student for consistently talking out of turn during class.
8381,rebuke,"My boss gave me a stern rebuke for missing the deadline, emphasizing the importance of time management."
8381,rebuke,"He opened his mouth to offer a sarcastic comment, but a look from his mother made him swallow the rebuke he was about to utter."
8381,rebuke,"Despite her efforts, the committee issued a formal rebuke of the proposal, citing concerns about its financial viability."
8381,rebuke,"Feeling rebuked by her silence, he knew he had said something to offend her."
8382,chauffeur,"""I'm not going to take the subway; I'll just get my chauffeur to drive me."""
8382,chauffeur,"The company provides a chauffeur service for all senior executives, ensuring they arrive at meetings on time and in comfort."
8382,chauffeur,"After winning the lottery, he hired a chauffeur and finally felt like he was living the high life."
8382,chauffeur,"In the old movies, the wealthy lady always had a chauffeur waiting outside in a long, black car."
8382,chauffeur,"She jokingly told her husband that if he wanted to impress her, he should learn to chauffeur her around town."
8383,indecent,"The comedian's jokes were considered indecent by many in the audience, prompting several walkouts."
8383,indecent,He was arrested for indecent exposure after behaving inappropriately in the park.
8383,indecent,The magazine was fined for publishing indecent images that violated community standards.
8383,indecent,I found his proposition to be utterly indecent and refused to entertain it for even a moment.
8383,indecent,"While some may find it provocative, I don't believe the artwork is necessarily indecent; it's a matter of personal interpretation."
8384,squad,The bomb disposal squad arrived quickly and secured the area.
8384,squad,"My friends and I are going out tonight; it's a full squad, so it'll be fun."
8384,squad,The coach is hoping his squad can maintain their winning streak throughout the playoffs.
8384,squad,She's part of the debate squad and travels to competitions every weekend.
8384,squad,"After failing the test, he was kicked out of the elite special forces squad."
8385,pickup,Could you give me a pickup from the airport around 6 PM?
8385,pickup,The pickup truck was loaded with furniture and boxes as they prepared to move.
8385,pickup,"Her latest novel had a slow start, but the sales started to pickup after the author did a series of interviews."
8385,pickup,The archaeologist carefully used a small brush to pickup the delicate fragments of pottery.
8385,pickup,"He tried to use some cheesy pickup lines at the bar, but they didn't work."
8386,recapture,The zookeeper had to recapture the escaped monkey before it caused any damage to the park.
8386,recapture,The old photographs helped me recapture some of the happiest moments of my childhood.
8386,recapture,"After losing the lead in the fourth quarter, the team fought hard to recapture their momentum and win the game."
8386,recapture,The police are offering a reward for information leading to the recapture of the escaped convict.
8386,recapture,"He tried to recapture the feeling of excitement he had felt when he first started his business, but it seemed impossible now."
8387,rectify,The company promised to rectify the billing error and issue a refund promptly.
8387,rectify,I need to rectify my mistake on the application form before submitting it.
8387,rectify,The software update is intended to rectify a security vulnerability that was recently discovered.
8387,rectify,Let's sit down and discuss how we can rectify this situation and move forward constructively.
8387,rectify,He tried to rectify his past wrongdoings by dedicating his life to charitable work.
8388,warranty,"The new car comes with a three-year or 36,000-mile warranty, whichever comes first."
8388,warranty,"Before you buy that used appliance, make sure it still has an active warranty from the manufacturer."
8388,warranty,I'm sending the broken blender back because it's still under warranty.
8388,warranty,The company provides a limited warranty against defects in materials and workmanship.
8388,warranty,I doubt their claims about the product's lifespan have any warranty in reality; it sounds too good to be true.
8389,thermostat,I adjusted the thermostat because I was freezing in here.
8389,thermostat,The office thermostat seems to be broken; it's either too hot or too cold.
8389,thermostat,"He set the thermostat to 72 degrees, hoping to save on the energy bill."
8389,thermostat,The smart thermostat learns your preferences and automatically adjusts the temperature.
8389,thermostat,Maintaining a consistent temperature with a properly functioning thermostat is crucial for preserving the integrity of the museum's artifacts.
8390,redeem,I need to redeem my credit card points before they expire next month.
8390,redeem,"The team played poorly in the first half, but they hoped to redeem themselves in the second."
8390,redeem,You can redeem this coupon for 20% off your next purchase.
8390,redeem,He tried to redeem his reputation after the scandal by donating generously to charity.
8390,redeem,The only thing that could redeem this awful day is a large slice of chocolate cake.
8391,armful,She came in from the garden with an armful of freshly cut flowers.
8391,armful,"He struggled to open the door, juggling an armful of groceries."
8391,armful,The librarian staggered under an armful of oversized art books.
8391,armful,"After the performance, the actress was presented with an armful of roses by an adoring fan."
8391,armful,He was holding the baby with one arm while carrying an armful of toys and a diaper bag with the other.
8392,blooming,"The roses in her garden are absolutely blooming this year, a riot of color and fragrance."
8392,blooming,"After a difficult childhood, she's really blooming into a confident and successful young woman."
8392,blooming,"Honestly, sometimes I think my neighbor is a blooming idiot; he tried to unclog his sink with a hammer!"
8392,blooming,"The economy is blooming again after the recession, with new businesses and job opportunities emerging."
8392,blooming,"Despite the challenges, her artistic talent is blooming, and her paintings are gaining recognition."
8393,pensioner,"My grandfather is a pensioner now, enjoying his retirement after working for the same company for 40 years."
8393,pensioner,The government is considering increasing the state pension for all pensioners to help them cope with rising living costs.
8393,pensioner,"The local community center offers a range of activities specifically designed for pensioners, including yoga and computer classes."
8393,pensioner,"As a pensioner, she relies heavily on her fixed income and is very careful with her spending."
8393,pensioner,"He became a pensioner last year, but he's still very active, volunteering at the library and traveling around the world."
8394,reenter,"After the intermission, the audience began to reenter the theater to find their seats."
8394,reenter,"The astronaut will reenter Earth's atmosphere in approximately 30 minutes, according to mission control."
8394,reenter,I had to reenter my password because I forgot it the first time.
8394,reenter,"Feeling refreshed after a short break, I decided to reenter the workforce and start looking for a new job."
8394,reenter,"The debate was getting heated, so I tried to reenter the conversation with a more neutral point of view."
8395,biotechnology,"The advancements in biotechnology are revolutionizing medicine, offering new treatments for previously incurable diseases."
8395,biotechnology,"Farmers are increasingly adopting biotechnology, such as genetically modified crops, to increase yields and reduce pesticide use."
8395,biotechnology,"My sister is studying biotechnology at university, hoping to work in pharmaceutical research after graduation."
8395,biotechnology,"Ethical concerns surrounding biotechnology, particularly gene editing, are a subject of ongoing debate and regulation."
8395,biotechnology,"Investing in biotechnology companies can be risky, but the potential for high returns is attracting significant capital."
8396,reestablish,"After the power outage, it took several hours to reestablish internet connectivity throughout the building."
8396,reestablish,The company is working hard to reestablish its reputation after the recent scandal.
8396,reestablish,Diplomats are trying to reestablish peace talks between the two warring nations.
8396,reestablish,Let's reestablish contact with our old college friends; it's been too long!
8396,reestablish,The therapist helped her reestablish a healthy sense of self-worth after the traumatic experience.
8397,prewar,"Many of the buildings in the old city center are from the prewar era, showcasing beautiful architecture."
8397,prewar,"My grandmother often reminisces about life in the prewar years, before everything changed."
8397,prewar,The museum has a fascinating exhibit dedicated to prewar fashion and culture.
8397,prewar,Finding a prewar car in such good condition is quite a rare and valuable discovery.
8397,prewar,"The political climate became increasingly unstable in the prewar period, ultimately leading to conflict."
8398,parish,"The old church is the heart of our parish, serving the community for over a century."
8398,parish,"He grew up in a small rural parish in Louisiana, where everyone knew everyone else."
8398,parish,The council is responsible for providing services to all residents within the parish boundaries.
8398,parish,Are you registered to vote in this parish? It's important to participate in local elections.
8398,parish,"After the flood, many volunteers came from neighboring parishes to help with the cleanup efforts."
8399,renounce,"After years of struggling with addiction, he decided to renounce his old habits and embrace a healthier lifestyle."
8399,renounce,The prince made the difficult decision to renounce his claim to the throne in order to marry a commoner.
8399,renounce,The company was forced to renounce its previous statement after the evidence proved it to be false.
8399,renounce,She chose to renounce her citizenship and apply for residency in her adopted country.
8399,renounce,You can't just renounce responsibility for the project now; we're counting on you to see it through.
8400,exertion,The doctor advised him to avoid any strenuous exertion after his heart surgery.
8400,exertion,Climbing the steep hill required a considerable exertion of effort and willpower.
8400,exertion,"Despite the exertion, she felt energized after her morning run."
8400,exertion,He won the argument without any noticeable exertion; his calm demeanor and logical points carried the day.
8400,exertion,The company's success was due to the team's collective exertion and dedication to the project.
8401,justifiable,The company argued that the layoffs were a justifiable response to the economic downturn.
8401,justifiable,"While I understand his anger, his violent reaction was not justifiable under any circumstances."
8401,justifiable,"Some see the government's actions as a justifiable intervention to protect vulnerable citizens, while others view it as overreach."
8401,justifiable,"Given the circumstances, I think her decision to quit her job was perfectly justifiable; she was being treated unfairly."
8401,justifiable,"Is it ever justifiable to lie to protect someone's feelings, even if it's a small white lie?"
8402,lighthearted,"The movie was a lighthearted comedy, perfect for a relaxing evening."
8402,lighthearted,"Despite the serious nature of the meeting, his lighthearted comments helped to ease the tension."
8402,lighthearted,"She has a lighthearted approach to life, always finding the humor in difficult situations."
8402,lighthearted,"We enjoyed a lighthearted conversation over coffee, catching up on each other's lives."
8402,lighthearted,The professor's lighthearted lecture made the complex topic surprisingly easy to understand.
8403,jest,I only said that in jest; I didn't mean to offend anyone.
8403,jest,"The comedian's entire act was a jest, poking fun at politicians and celebrities."
8403,jest,Don't take his comments so seriously; he's always speaking in jest.
8403,jest,"Despite the serious atmosphere of the meeting, a small jest from the CEO eased the tension."
8403,jest,The old king's jester was known for his witty jests and clever observations.
8404,repress,He tried to repress a smile when he saw her ridiculous hat.
8404,repress,The government used force to repress the rebellion and maintain order.
8404,repress,She had to repress the urge to scream when the spider crawled across her arm.
8404,repress,It's unhealthy to repress your emotions; you need to find a way to express them.
8404,repress,The new law seeks to repress free speech and limit public dissent.
8405,retrieve,I need to retrieve my jacket from the lost and found before they close for the day.
8405,retrieve,The dog is trained to retrieve a ball thrown into the lake.
8405,retrieve,Detectives are trying to retrieve deleted data from the suspect's computer to find incriminating evidence.
8405,retrieve,"After a system failure, the IT department worked tirelessly to retrieve lost files from the server backup."
8405,retrieve,You can retrieve your password by clicking the 'Forgot Password' link and following the instructions sent to your email address.
8406,inventory,"Before we start the sale, we need to take a complete inventory of all the items in the warehouse."
8406,inventory,The company decided to reduce its inventory of slow-moving products to free up capital.
8406,inventory,Let's take an inventory of our skills and resources before committing to this project.
8406,inventory,"After the fire, the insurance company requested a detailed inventory of the damaged property."
8406,inventory,He took inventory of his life and decided it was time for a change.
8407,woodwork,"The old house was full of beautiful woodwork, including intricate carvings around the fireplace and windows."
8407,woodwork,"I'm not very good at woodwork, but I can manage to build a simple birdhouse."
8407,woodwork,"She came out of the woodwork after hearing about the inheritance, claiming to be a long-lost relative."
8407,woodwork,The damp weather caused the woodwork around the window frames to rot.
8407,woodwork,"The carpenter specialized in custom woodwork, creating unique furniture pieces for his clients."
8408,admittedly,"Admittedly, I haven't read the book, but I've heard good things about it."
8408,admittedly,"The project was, admittedly, more challenging than we initially anticipated."
8408,admittedly,"Admittedly, my cooking skills are not the best, but I can make a mean grilled cheese."
8408,admittedly,"While the company's profits have declined, admittedly due to unforeseen circumstances, we are confident in our recovery plan."
8408,admittedly,"Admittedly, he has a point; we should have considered the environmental impact more carefully."
8409,rig,They tried to rig the election by submitting fraudulent ballots.
8409,rig,"He spent the afternoon in the garage, trying to rig up a new antenna for his radio."
8409,rig,The oil rig workers faced dangerous conditions on the platform.
8409,rig,I think the whole game is rigged against us; we never seem to get a fair chance.
8409,rig,"Before setting sail, the sailors carefully inspected the rig of the ship."
8410,anarchy,The sudden resignation of the government led to a period of virtual anarchy as different factions vied for control.
8410,anarchy,"Without a teacher present, the classroom descended into anarchy within minutes, with paper airplanes flying and students shouting."
8410,anarchy,"Some political theorists believe that anarchy, in the sense of self-governance and voluntary cooperation, is the ideal form of social organization."
8410,anarchy,"The festival organizers were worried that the lack of security personnel would result in complete anarchy, with people ignoring the rules and causing damage."
8410,anarchy,"The internet, in its early days, was often described as a digital frontier, a place of both immense opportunity and potential anarchy."
8411,breeder,"She's a reputable dog breeder, known for her healthy and well-socialized golden retrievers."
8411,breeder,The debate over factory farming often touches on the ethical considerations of treating animals as mere breeder stock.
8411,breeder,"He was born and raised in Kentucky, the heartland of thoroughbred horse breeders."
8411,breeder,"Are you looking for a specific breed of cat, or are you considering adopting from a local animal shelter instead of going to a breeder?"
8411,breeder,"The company is a breeder of innovation, constantly developing new technologies and approaches to solve complex problems."
8412,segregate,"The school board voted to desegregate the district, ending the practice of sending students to different schools based on their race."
8412,segregate,"In the lab, we need to segregate the contaminated samples from the clean ones to prevent cross-contamination."
8412,segregate,"During the pandemic, many elderly individuals chose to segregate themselves from others to minimize their risk of infection."
8412,segregate,"Historically, some societies have attempted to segregate people based on ethnicity or religion, leading to significant social injustice."
8412,segregate,The recycling plant uses a series of machines to segregate different types of plastics before they are processed.
8413,rascal,That little rascal has been sneaking cookies from the jar again!
8413,rascal,"Despite his mischievous reputation, he's actually quite a charming rascal when you get to know him."
8413,rascal,"The old sea captain was a lovable rascal, full of tall tales and rum-soaked adventures."
8413,rascal,"The company's CEO was exposed as a financial rascal, having embezzled millions from investors."
8413,rascal,"My dog, the furry rascal, chewed up my favorite pair of shoes this morning."
8414,shoplift,He was caught trying to shoplift a bottle of wine from the liquor store.
8414,shoplift,The store installed new security cameras to deter people from trying to shoplift.
8414,shoplift,"Shoplifting is a serious crime, and if you're caught, you could face jail time."
8414,shoplift,I can't believe she would shoplift; it's so out of character for her.
8414,shoplift,"The security guard suspected the teenager was going to shoplift something, so he kept a close eye on him."
8415,shun,"After the scandal broke, the politician was shunned by many of his former allies."
8415,shun,The Amish community will shun anyone who chooses to leave and embrace modern technology.
8415,shun,"Many people shun processed foods in favor of a healthier, more natural diet."
8415,shun,"He had always been a loner, shunning social gatherings and preferring his own company."
8415,shun,Don't shun responsibility for your actions; own up to your mistakes and learn from them.
8416,unavailable,"I'm sorry, but the tickets you requested are currently unavailable due to high demand."
8416,unavailable,The manager is unavailable at the moment; can I take a message?
8416,unavailable,"Unfortunately, the software update you need is unavailable for your operating system."
8416,unavailable,"He was unavailable for comment on the allegations, according to his spokesperson."
8416,unavailable,My phone service is temporarily unavailable because I'm traveling in a remote area.
8417,sift,We need to sift the flour to remove any lumps before we start baking.
8417,sift,The detective had to sift through the evidence carefully to find the crucial clue.
8417,sift,"After the earthquake, volunteers worked tirelessly to sift through the rubble in search of survivors."
8417,sift,The company's human resources department must sift through hundreds of applications to find the best candidates for the job.
8417,sift,"It's important to sift fact from fiction when reading articles online, especially those from unreliable sources."
8418,sampling,The chef was sampling the soup to ensure it had the perfect balance of spices before serving it to the guests.
8418,sampling,We are conducting a random sampling of the population to determine the overall satisfaction with the new healthcare plan.
8418,sampling,The music producer was experimenting with sampling old vinyl records to create a unique and modern sound.
8418,sampling,"Before committing to a large order, the company requested sampling of the raw materials to check for quality and consistency."
8418,sampling,"For further analysis, we need to increase the sampling rate to capture the full range of data."
8419,parasite,The doctor suspects I might have a parasite because I've been experiencing stomach cramps and unexplained weight loss.
8419,parasite,"In the animal kingdom, the cuckoo bird is a classic example of a brood parasite, laying its eggs in other birds' nests."
8419,parasite,"Some critics argue that the wealthy elite have become a parasite on society, benefiting without contributing their fair share."
8419,parasite,"The tiny tick is a common parasite that feeds on the blood of mammals, often transmitting diseases in the process."
8419,parasite,Don't be a parasite; contribute to the group project instead of letting everyone else do all the work!
8420,inexplicable,"The sudden disappearance of the antique clock was inexplicable, as all the doors and windows were locked."
8420,inexplicable,"For some inexplicable reason, the computer started working perfectly again after I gave up trying to fix it."
8420,inexplicable,"Her inexplicable aversion to cats, despite never having had a bad experience with one, always puzzled her friends."
8420,inexplicable,"The team's inexplicable loss in the final game, after dominating the entire season, left the coach speechless."
8420,inexplicable,"There was an inexplicable delay at the airport, and no one could tell us why our flight was being held up."
8421,smelt,The air around the steel mill always smelt strongly of sulfur and hot metal.
8421,smelt,I could smell the delicious aroma of bacon frying as soon as I walked in the door; it smelt heavenly.
8421,smelt,"The fisherman had a good catch of smelt, which he planned to fry up for dinner."
8421,smelt,"After the accident, the car smelt strongly of gasoline, a sure sign of potential danger."
8421,smelt,The iron ore was smelted in the furnace to extract the pure metal.
8422,solicit,The charity sent out letters to solicit donations for their annual fundraising campaign.
8422,solicit,Reporters are not allowed to solicit information from jurors after a trial has concluded.
8422,solicit,"I received an email soliciting me to invest in a new cryptocurrency, but I deleted it immediately – it seemed like a scam."
8422,solicit,The politician began to solicit votes by promising lower taxes and improved public services.
8422,solicit,It is illegal to solicit for prostitution in this neighborhood.
8423,transfusion,"After the accident, the patient required an immediate blood transfusion to stabilize their condition."
8423,transfusion,"The struggling company hoped that the new investment would provide a financial transfusion, revitalizing their operations."
8423,transfusion,The doctor explained that a platelet transfusion was necessary to help my blood clot properly after the surgery.
8423,transfusion,That old movie needed a transfusion of fresh ideas; the plot felt stale and predictable.
8423,transfusion,The team's morale received a transfusion of energy after the coach's inspiring halftime speech.
8424,distracted,The loud music and flashing lights completely distracted me from my work.
8424,distracted,He was so distracted by his phone that he almost walked into a lamppost.
8424,distracted,I get easily distracted when I'm trying to read in a noisy environment.
8424,distracted,The teacher warned the students not to be distracted by the construction outside the window during the exam.
8424,distracted,"She seemed distracted and preoccupied, as if something was weighing heavily on her mind."
8425,stifle,"The heavy blanket seemed to stifle me in my sleep, making it hard to breathe."
8425,stifle,The company's rigid policies tend to stifle creativity and innovation among its employees.
8425,stifle,"She tried to stifle a yawn during the long and boring lecture, but it escaped anyway."
8425,stifle,He had to stifle the urge to laugh when he saw his friend trip and fall.
8425,stifle,The government's censorship laws threaten to stifle free speech and open debate within the country.
8426,sickly,"The sickly sweet smell of artificial vanilla filled the air, making me feel nauseous."
8426,sickly,He had a sickly pallor and hadn't eaten anything in days; I was worried he might be coming down with something.
8426,sickly,"The plant's leaves were a sickly yellow, indicating it wasn't getting enough sunlight or nutrients."
8426,sickly,"Despite his sickly appearance, he insisted on going to work, claiming he couldn't afford to take a day off."
8426,sickly,The comedian's joke had a sickly sense of humor that made the audience uncomfortable rather than amused.
8427,subscribe,Did you subscribe to Netflix to watch the new season of that show we were talking about?
8427,subscribe,I'd like to subscribe to your newsletter so I can stay updated on your latest articles.
8427,subscribe,"Many people subscribe to the belief that hard work always leads to success, though that's not always the case."
8427,subscribe,You can subscribe to the print edition of the magazine for a discounted rate if you also get the digital version.
8427,subscribe,"Before installing the software, you'll need to subscribe to their terms and conditions."
8428,jigsaw,Putting together the jigsaw puzzle was a relaxing way to spend the afternoon.
8428,jigsaw,"The detective felt like he was missing a crucial piece of the jigsaw, preventing him from solving the case."
8428,jigsaw,The company used a jigsaw to cut intricate designs into the wooden panels.
8428,jigsaw,"Her memories of that summer were like a fragmented jigsaw, with only a few pieces clear and vivid."
8428,jigsaw,"The economic recovery is a complex jigsaw, with many different factors influencing its progress."
8429,lovable,"Despite his grumpy exterior, the old man was actually quite lovable once you got to know him."
8429,lovable,The puppy was so small and clumsy; he was instantly lovable.
8429,lovable,"She played the role of the quirky, lovable aunt in the movie, and everyone adored her character."
8429,lovable,The main reason the show was so popular was because of its cast of flawed but lovable characters.
8429,lovable,"He has a lovable personality, always cracking jokes and making people feel comfortable."
8430,penguin,The children giggled as the penguin waddled across the icy exhibit.
8430,penguin,I saw a documentary about emperor penguins and their incredible journey to breed.
8430,penguin,He looked so awkward in his suit that he reminded me of a penguin trying to fly.
8430,penguin,The zoo has started a new penguin feeding program that allows visitors to get up close to the birds.
8430,penguin,Studies suggest that penguin populations are declining due to climate change and habitat loss.
8431,adversity,"Facing adversity head-on, she turned her financial struggles into a successful business venture."
8431,adversity,"Despite the adversity they faced as refugees, they never lost hope for a better future."
8431,adversity,The coach emphasized that overcoming adversity builds character and strengthens team bonds.
8431,adversity,His art became a powerful expression of resilience in the face of personal adversity.
8431,adversity,"Through hard work and determination, she managed to triumph over adversity and achieve her lifelong goals."
8432,swap,I'm happy to swap shifts with you next week if you cover mine this Saturday.
8432,swap,The two countries decided to swap prisoners as a gesture of goodwill.
8432,swap,Let's swap recipes; I'm always looking for new dinner ideas.
8432,swap,"He offered to swap his old car for a newer model, but I declined."
8432,swap,"After the accident, the insurance companies had to swap information to determine liability."
8433,banjo,He picked up the banjo and started playing a lively bluegrass tune.
8433,banjo,The movie featured a memorable scene with a lone figure playing a haunting melody on the banjo under the moonlight.
8433,banjo,Learning to play the banjo is harder than it looks; the fingerpicking requires a lot of practice.
8433,banjo,"After a long day of hiking, we sat around the campfire, and someone pulled out a banjo for a singalong."
8433,banjo,The band's unique sound comes from the combination of traditional instruments like the fiddle and the banjo with modern electronic elements.
8434,synthesize,The historian had to synthesize information from various primary sources to create a coherent narrative of the event.
8434,synthesize,"Before presenting her findings, the scientist needed to synthesize the data collected from all the experiments."
8434,synthesize,Can you synthesize the main points of the article into a short summary for me?
8434,synthesize,The company is trying to synthesize a new material that is both strong and lightweight.
8434,synthesize,He attempted to synthesize his love for art and his aptitude for technology by creating digital paintings.
8435,vaccine,The doctor recommended I get the flu vaccine every year to protect myself during flu season.
8435,vaccine,There's been a lot of debate surrounding the safety and efficacy of the new COVID-19 vaccine.
8435,vaccine,"To travel to certain countries, you might need proof of vaccination against diseases like yellow fever."
8435,vaccine,Scientists are working tirelessly to develop a vaccine that can effectively combat the spread of malaria.
8435,vaccine,"My arm was a little sore after getting the vaccine, but it only lasted for a day."
8436,immunity,"After recovering from the chickenpox, I developed a lifelong immunity to the virus."
8436,immunity,"The diplomat was granted diplomatic immunity, protecting him from prosecution under the host country's laws."
8436,immunity,Widespread vaccination is crucial for achieving herd immunity and protecting vulnerable populations from infectious diseases.
8436,immunity,"Some people seem to have a natural immunity to certain types of persuasion, making them resistant to advertising."
8436,immunity,The witness was offered immunity from prosecution in exchange for their testimony against the mob boss.
8437,terminate,The company decided to terminate his employment due to consistent poor performance.
8437,terminate,"If you don't pay your bills, the electricity company will terminate your service."
8437,terminate,We need to terminate this discussion; we're not getting anywhere.
8437,terminate,"The highway will terminate at the next town, so you'll have to take a different route."
8437,terminate,The contract will automatically terminate after one year unless both parties agree to renew it.
8438,uninterrupted,The artist needed an uninterrupted block of time to finish the painting before the deadline.
8438,uninterrupted,We enjoyed an uninterrupted view of the ocean from our hotel balcony.
8438,uninterrupted,Could you please hold all my calls? I need an uninterrupted hour to concentrate on this report.
8438,uninterrupted,"After months of interrupted sleep due to the baby, I finally got eight hours of uninterrupted rest last night."
8438,uninterrupted,The speaker requested that questions be held until the end of the presentation to ensure an uninterrupted flow of information.
8439,siege,"The city was under siege for months, with residents struggling to find food and water."
8439,siege,"After the company announced layoffs, the remaining employees felt like they were under siege, constantly worried about their jobs."
8439,siege,"The lawyer planned a legal siege, filing motion after motion to wear down the opposing side."
8439,siege,"The protesters laid siege to the government building, demanding immediate action on climate change."
8439,siege,"He felt like he was under siege from all sides, with demands coming from his boss, his family, and his friends."
8440,linguist,"As a linguist, she's fascinated by the evolution of language and how it reflects cultural shifts."
8440,linguist,"The professor, a renowned linguist, lectured on the complexities of Indo-European grammar."
8440,linguist,"To understand the nuances of the text, we need a linguist who specializes in ancient Sumerian."
8440,linguist,"My dream is to become a linguist and travel the world, documenting endangered languages."
8440,linguist,He's not just a translator; he's a linguist with a deep understanding of the underlying structures of both languages.
8441,transcribe,"The court reporter will transcribe the entire trial, creating a written record of everything that was said."
8441,transcribe,Could you transcribe this audio recording of the interview? I need a written version for my notes.
8441,transcribe,Historians painstakingly transcribe ancient texts to preserve them and make them accessible to modern scholars.
8441,transcribe,"She's learning how to transcribe medical dictation, which is a highly specialized skill."
8441,transcribe,It's important to accurately transcribe musical notation from the original manuscript to avoid errors in performance.
8442,dogma,The company's adherence to outdated dogma prevented them from adapting to the changing market.
8442,dogma,"He challenged the prevailing dogma of the time, advocating for a more compassionate approach to social issues."
8442,dogma,"In science, questioning dogma is essential for progress and the discovery of new truths."
8442,dogma,The political party's rigid dogma made it difficult to compromise with opposing viewpoints.
8442,dogma,"Despite the evidence, some people stubbornly cling to the dogma they were raised with."
8443,fingertip,"She had the entire database at her fingertips, ready to answer any question."
8443,fingertip,"The detective carefully picked up the glass, holding it only by the edges to preserve any possible fingertip prints."
8443,fingertip,"He ran his fingertip along the dusty shelf, leaving a clean streak in its wake."
8443,fingertip,"With the new app, all the information you need is right at your fingertips."
8443,fingertip,The surgeon's delicate fingertip control was essential for the success of the intricate operation.
8444,pane,"The baseball shattered the window pane, sending shards of glass across the lawn."
8444,pane,I could see the rain streaking down the window pane as I waited for the bus.
8444,pane,The stained-glass pane in the cathedral depicted a scene from the Bible.
8444,pane,The new software allows you to view multiple documents in separate panes within the same window.
8444,pane,"He spent the afternoon staring out the window pane, lost in thought and contemplation."
8445,trickle,"After the heavy rain stopped, water continued to trickle down the windowpane."
8445,trickle,"The company hoped that the tax cuts would trickle down to the working class, but so far, that hasn't happened."
8445,trickle,Only a trickle of customers visited the store during the power outage.
8445,trickle,News of the celebrity's divorce began to trickle out on social media before any official announcement.
8445,trickle,A small trickle of blood ran from the cut on his finger.
8446,unleash,The company plans to unleash a new marketing campaign next quarter to boost sales.
8446,unleash,"With the proper training, you can unleash your inner potential and achieve great things."
8446,unleash,"The storm unleashed its fury upon the coastal town, causing widespread damage."
8446,unleash,"After years of suppression, the artist finally felt free to unleash his creativity."
8446,unleash,The government's decision to deregulate the industry could unleash a wave of innovation and competition.
8447,egoistic,His egoistic tendencies made it difficult for him to collaborate effectively with his teammates; he always wanted to take the lead and receive all the credit.
8447,egoistic,"While some might see her ambition as admirable, others view it as purely egoistic, driven only by a desire for personal gain."
8447,egoistic,"The CEO's decision to award himself a massive bonus, while the company struggled and employees faced layoffs, was widely condemned as egoistic and insensitive."
8447,egoistic,"I try to avoid being too egoistic, but it's hard not to feel proud when I achieve a significant accomplishment."
8447,egoistic,"The philosopher argued that all human actions, even seemingly altruistic ones, are ultimately rooted in egoistic motivations."
8448,barbarism,The bombing of civilian targets was an act of utter barbarism and a clear violation of international law.
8448,barbarism,"Some critics viewed the violent video game as a descent into barbarism, arguing that it desensitized players to real-world suffering."
8448,barbarism,"Despite advancements in technology, the internet can sometimes feel like a return to a digital barbarism, with rampant online harassment and misinformation."
8448,barbarism,"The historical accounts depicted the invading tribe as engaging in acts of barbarism, including looting and enslavement."
8448,barbarism,"While some argue that capital punishment is a necessary deterrent, others consider it a form of barbarism that has no place in a civilized society."
8449,unpack,"After a long flight, the first thing I wanted to do was unpack my suitcase and take a shower."
8449,unpack,"The politician's speech was dense, and it took experts hours to unpack his complex arguments."
8449,unpack,Let's unpack this issue further to understand the root causes of the problem.
8449,unpack,"I helped my neighbor unpack the moving truck, and we even managed to assemble her new bed."
8449,unpack,The developer needed to unpack the zipped file to access the program's source code.
8450,bin,Please put your empty coffee cup in the bin.
8450,bin,The council provides each household with a blue bin for recycling.
8450,bin,I'm going to bin this old computer; it's completely useless.
8450,bin,He was relegated to the lower bin of performers after his disastrous audition.
8450,bin,The company has a large data bin where it stores all customer information.
8451,mayonnaise,I like my BLT with extra mayonnaise; it makes it nice and creamy.
8451,mayonnaise,Could you please pick up some light mayonnaise from the grocery store? I'm trying to cut back on calories.
8451,mayonnaise,The potato salad was a disaster; it had way too much mayonnaise and tasted overwhelmingly sweet.
8451,mayonnaise,"While some prefer mustard, I find that a simple ham sandwich is best complemented by a generous spread of mayonnaise."
8451,mayonnaise,"For the deviled eggs, carefully mix the yolks with mayonnaise, mustard, and a dash of paprika."
8452,verify,Could you please verify my account information before I proceed with the transaction?
8452,verify,I need to verify the accuracy of these figures before submitting the report to the board.
8452,verify,The police are working to verify the suspect's alibi.
8452,verify,"Before we finalize the deal, let's verify that all the terms and conditions are clearly stated."
8452,verify,I'll need to verify your identity with a photo ID before you can enter the building.
8453,copylight,The company decided to copylight their new logo to prevent unauthorized use by competitors.
8453,copylight,"Before publishing your research paper, make sure you copylight all original figures and tables."
8453,copylight,"I need to copylight this song before I release it online; otherwise, someone else might claim it as their own."
8453,copylight,"She spent weeks working on her novel, and her agent advised her to copylight it immediately to protect her intellectual property."
8453,copylight,"Even though it's just a simple blog post, it's still a good idea to copylight your original content to deter plagiarism."
8454,linguistics,Her fascination with languages led her to pursue a degree in linguistics.
8454,linguistics,"The professor specialized in sociolinguistics, examining the relationship between language and society."
8454,linguistics,Recent advances in computational linguistics have greatly improved machine translation.
8454,linguistics,"While I find history interesting, I'm more drawn to the analytical aspects of linguistics, like phonology and morphology."
8454,linguistics,The debate over generative linguistics versus usage-based approaches continues to shape the field.
8455,programmer ,The company is looking for a skilled programmer to develop their new mobile app.
8455,programmer ,"As a programmer, she spends most of her day writing and debugging code."
8455,programmer ,He started out as a junior programmer and worked his way up to lead architect.
8455,programmer ,"My brother is a programmer, so he's always the one we call when our computer breaks down."
8455,programmer ,"Becoming a successful programmer requires dedication, continuous learning, and a passion for problem-solving."
8456,browse,"I like to browse antique shops on weekends, hoping to find a hidden gem."
8456,browse,Feel free to browse our online catalog and see if anything catches your eye.
8456,browse,"She spent the afternoon browsing through travel blogs, dreaming of her next vacation."
8456,browse,The librarian suggested I browse the reference section for information on the topic.
8456,browse,"He tried to browse the internet at work, but the firewall blocked access to most websites."
8457,specification,"The builder didn't follow the architect's specification for the window placement, so we had to have it redone."
8457,specification,"Before we start development, let's review the software specification to ensure we're all on the same page regarding functionality and features."
8457,specification,"Could you please provide the exact specification of the engine you need, including horsepower and fuel type?"
8457,specification,"The job specification clearly stated that experience with Python was essential, which is why I highlighted it in my application."
8457,specification,I'm worried that this generic part doesn't meet the original manufacturer's specification; it might affect the machine's performance.
8458,knockout,Her performance in the play was a knockout; the audience gave her a standing ovation.
8458,knockout,"The boxer delivered a knockout punch in the final round, winning the championship."
8458,knockout,That red dress is a total knockout; you look stunning in it!
8458,knockout,"The new product launch was a knockout success, exceeding all sales projections."
8458,knockout,"He's using Knockout.js for data binding in the web application, which simplifies the development process."
8459,captivate,"The magician's dazzling illusions completely captivated the audience, leaving them gasping in amazement."
8459,captivate,Her captivating smile and warm personality instantly made everyone feel at ease.
8459,captivate,"The intricate details of the ancient tapestry captivated the historian, who spent hours studying its threads."
8459,captivate,"Despite the long and complex lecture, Professor Davies's passion for the subject managed to captivate even the sleepiest students."
8459,captivate,"The breathtaking scenery of the Swiss Alps captivated us, and we spent the entire day hiking and taking photographs."
8460,playwright,Shakespeare is arguably the most famous playwright in the English language.
8460,playwright,The aspiring playwright nervously submitted her first script to the theater company.
8460,playwright,Critics praised the playwright's innovative use of dialogue and unconventional plot structure.
8460,playwright,"As a playwright, she often draws inspiration from her own life experiences and observations of the world around her."
8460,playwright,The university's drama department hosted a workshop led by a renowned playwright to help students hone their writing skills.
8461,crave,"After a long day at work, I crave a hot shower and a quiet evening."
8461,crave,"Many pregnant women crave unusual food combinations, like pickles and ice cream."
8461,crave,"The athlete craved the gold medal, dedicating years of training to achieve it."
8461,crave,"Despite having just eaten, he still craved something sweet to finish his meal."
8461,crave,The refugees craved stability and security after fleeing their war-torn country.
8462,renown,The chef achieved international renown for his innovative approach to traditional French cuisine.
8462,renown,She gained renown as a fierce advocate for environmental protection.
8462,renown,"Despite his renown as a brilliant scientist, he remained a humble and approachable person."
8462,renown,The university boasts a faculty of scholars of considerable renown.
8462,renown,"He sought renown and recognition, but ultimately found peace in a quiet, anonymous life."
8463,cynical,"After years of broken promises, it's hard not to be cynical about politicians and their motives."
8463,cynical,His cynical remarks about the company's new initiative made it clear he didn't believe it would succeed.
8463,cynical,"The journalist's cynical worldview colored every article she wrote, often highlighting the negative aspects of any situation."
8463,cynical,"Don't be so cynical! Try to see the good in people, even if you've been disappointed before."
8463,cynical,"I know it sounds cynical, but I suspect their sudden generosity has an ulterior motive."
8464,denote,"In cartography, blue lines typically denote rivers and streams."
8464,denote,The term 'Renaissance man' is used to denote someone with a wide range of skills and knowledge.
8464,denote,A red flag on the beach will denote dangerous swimming conditions.
8464,denote,The use of the word 'shall' in legal documents is intended to denote an obligation.
8464,denote,"While the symbol once denoted a specific political affiliation, its meaning has become more ambiguous over time."
8465,gratification,He felt a surge of instant gratification after finally beating the difficult video game boss.
8465,gratification,"Delaying gratification is a key skill for success in many areas of life, from saving money to achieving long-term goals."
8465,gratification,"Volunteering at the animal shelter gave her a deep sense of gratification, knowing she was making a difference in the lives of neglected animals."
8465,gratification,"While some find gratification in material possessions, others find it in experiences and relationships."
8465,gratification,"The politician's empty promises were designed to appeal to the public's desire for immediate gratification, rather than addressing the root causes of their problems."
8466,epic,The party last night was epic; I don't think I've ever seen so many people having so much fun.
8466,epic,"After an epic journey across three continents, she finally returned home, filled with stories and memories."
8466,epic,"The film's soundtrack was truly epic, perfectly capturing the grandeur and emotional depth of the story."
8466,epic,We had an epic fail trying to bake a cake from scratch – it ended up completely burnt and inedible.
8466,epic,"His detailed analysis of the economic crisis was an epic undertaking, requiring months of research and careful consideration."
8467,evoke,The old photograph album served to evoke memories of my childhood summers at the lake.
8467,evoke,The artist's use of vibrant colors in the painting was intended to evoke a feeling of joy and optimism in the viewer.
8467,evoke,His speech was carefully crafted to evoke a sense of patriotism and unity among the citizens.
8467,evoke,The scent of cinnamon always evokes thoughts of Christmas baking with my grandmother.
8467,evoke,"The politician's comments evoked a strong reaction from the public, leading to protests and widespread debate."
8468,reminiscence,The old photograph triggered a flood of reminiscences about her childhood summers at the lake.
8468,reminiscence,"During their annual reunion, the veterans shared reminiscences of their time serving together overseas."
8468,reminiscence,His memoir is filled with poignant reminiscences of his early life and struggles.
8468,reminiscence,The scent of cinnamon always brings back reminiscences of my grandmother's baking.
8468,reminiscence,"Lost in reminiscence, she smiled softly as she recalled her first love and the carefree days of youth."
8469,sage,My grandmother always burns sage to cleanse the house of negative energy.
8469,sage,He sought the sage advice of his professor before making a decision about graduate school.
8469,sage,"The walls were painted a calming sage green, creating a serene atmosphere in the bedroom."
8469,sage,"As the company navigated the difficult merger, the CEO's sage leadership proved invaluable."
8469,sage,Rubbing a little bit of sage on the chicken before roasting it adds a wonderful earthy flavor.
8470,antiquity,"The museum houses a vast collection of artifacts from classical antiquity, including pottery shards and marble sculptures."
8470,antiquity,"My professor specializes in the study of late antiquity, focusing on the transition from the Roman Empire to the early Middle Ages."
8470,antiquity,"Despite its age, the well-preserved Roman aqueduct stands as a testament to the engineering prowess of antiquity."
8470,antiquity,"We found an old coin in the garden, probably dropped there centuries ago – a real piece of antiquity!"
8470,antiquity,"Compared to the sleek designs of modern technology, the tools of antiquity seem incredibly rudimentary."
8471,foretell,The ancient prophecies claimed to foretell the coming of a great king.
8471,foretell,"Meteorologists use complex models to foretell the weather, but they're not always accurate."
8471,foretell,"I can't foretell what will happen in the future, but I hope things get better."
8471,foretell,Some economists are attempting to foretell whether there will be a recession next year.
8471,foretell,Don't try to foretell my actions; I like to keep people guessing.
8472,hospice,"After a long battle with cancer, she decided to enter hospice care to focus on comfort and quality of life in her final days."
8472,hospice,The hospice volunteers provided invaluable emotional support to the family during a very difficult time.
8472,hospice,"My grandfather worked as a nurse in a hospice, dedicating his life to helping others find peace at the end of their journey."
8472,hospice,"We are grateful for the compassionate care the hospice team provided to our mother, ensuring she was comfortable and pain-free."
8472,hospice,"Knowing he was nearing the end, he made the difficult but ultimately peaceful decision to transition to hospice at home."
8473,harass,The company was fined for allowing its employees to harass female workers.
8473,harass,I felt like the paparazzi were starting to harass me every time I left my house.
8473,harass,"If you continue to harass me with these phone calls, I will file a police report."
8473,harass,Don't harass your younger brother; leave him alone to do his homework.
8473,harass,The online trolls used anonymous accounts to harass her with hateful messages.
8474,hygiene,"Good personal hygiene, such as regular handwashing, is crucial for preventing the spread of germs and staying healthy."
8474,hygiene,The restaurant received a poor rating due to concerns about food hygiene and cleanliness in the kitchen.
8474,hygiene,Dental hygiene is important; remember to brush and floss daily to maintain healthy gums and teeth.
8474,hygiene,"After working in the garden, it's a good idea to practice some basic hygiene by washing your hands thoroughly before eating."
8474,hygiene,The public health campaign focused on promoting menstrual hygiene among young women in developing countries.
8475,infer,"From her teary eyes and shaky voice, I infer that she's had some bad news."
8475,infer,The detective was able to infer the suspect's motive by carefully examining the evidence at the crime scene.
8475,infer,We can infer from the rising interest rates that the economy is starting to overheat.
8475,infer,Don't infer too much from a single data point; look at the overall trend to get a clearer picture.
8475,infer,"Based on the CEO's ambiguous statement, analysts inferred that a merger was imminent, causing the stock price to fluctuate wildly."
8476,speck,I noticed a tiny speck of dust on the otherwise pristine surface of the table.
8476,speck,"From the airplane window, the cars below looked like mere specks moving along the highway."
8476,speck,There isn't a speck of evidence to support his outlandish claims.
8476,speck,He felt a speck of hope when he heard the rescue team was searching nearby.
8476,speck,"The astronomer pointed out a faint speck of light in the distance, which he believed to be a distant galaxy."
8477,butler,"The grand estate was impeccably maintained, thanks to the diligent butler and his team of staff."
8477,butler,"He always dreamt of living a life of luxury, complete with a personal butler to attend to his every need."
8477,butler,"I'm not expecting you to act like a butler, just help clear the table after dinner."
8477,butler,"In the movie, the butler was secretly the mastermind behind the entire plot."
8477,butler,"The robot vacuum cleaner is no substitute for a real butler, but it does a decent job keeping the floors clean."
8478,cult,The documentary explored the inner workings of a religious cult and its influence on its members' lives.
8478,cult,That new fitness program has almost a cult following; people are obsessed with it.
8478,cult,"He accused the company of fostering a cult of personality around the CEO, where dissent was not tolerated."
8478,cult,Some critics argue that certain fanbases for movies or video games can become cult-like in their devotion.
8478,cult,The ancient civilization seemed to have a unique cult dedicated to the worship of the sun god.
8479,infuse,The chef decided to infuse the olive oil with rosemary and garlic for a more complex flavor.
8479,infuse,We need to infuse some energy and enthusiasm into this project if we want it to succeed.
8479,infuse,"Her paintings infuse a sense of calm and tranquility, making them perfect for a meditation room."
8479,infuse,The new coach hopes to infuse the team with a winning attitude and a renewed sense of confidence.
8479,infuse,The author's personal experiences infuse the novel with authenticity and emotional depth.
8480,conformity,The pressure to maintain conformity within the group was so strong that no one dared to voice their dissenting opinions.
8480,conformity,"In many traditional societies, there's a high value placed on conformity to established customs and norms."
8480,conformity,He admired her ability to think outside the box and resist the mindless conformity that seemed to grip everyone else.
8480,conformity,The building plans were rejected because they lacked conformity with local zoning regulations.
8480,conformity,"While some argue that individuality is stifled by conformity, others believe it's essential for social cohesion and order."
8481,alpine,We're planning an alpine skiing trip to Switzerland next winter.
8481,alpine,"The alpine meadows were carpeted with wildflowers, a breathtaking sight after the long hike."
8481,alpine,The climbers faced treacherous conditions as they ascended the alpine slopes of Mount Everest.
8481,alpine,"This particular species of gentian is only found in alpine environments above 2,500 meters."
8481,alpine,"The architect designed the house with an alpine aesthetic, incorporating exposed wood beams and a steeply pitched roof."
8482,intrigue,"The old map, with its cryptic symbols and faded ink, held an undeniable intrigue for the historian."
8482,intrigue,"What started as a casual conversation began to intrigue her, as he revealed details about his mysterious past."
8482,intrigue,"Political intrigue and backstabbing were rampant during the election, making it difficult to discern the truth."
8482,intrigue,The plot of the new movie didn't intrigue me at all; it felt predictable and uninspired.
8482,intrigue,The possibility of finding hidden treasure continues to intrigue explorers and adventurers around the world.
8483,botanist,My aunt is a botanist specializing in the flora of the Amazon rainforest; she spends months there each year conducting research.
8483,botanist,The local botanical garden employs several botanists to maintain their diverse collection of plants and educate the public.
8483,botanist,"To identify this rare species of orchid, we need to consult a qualified botanist."
8483,botanist,"As a budding botanist, I'm fascinated by the intricate relationships between plants and their environment."
8483,botanist,"Dr. Ramirez, a renowned botanist, will be giving a lecture on the medicinal properties of native herbs next week."
8484,archbishop,The Archbishop of Canterbury is the head of the Church of England.
8484,archbishop,"Following the scandal, the archbishop issued a public apology on behalf of the diocese."
8484,archbishop,My grandmother always admired Archbishop Desmond Tutu for his work fighting apartheid.
8484,archbishop,The local archbishop presided over the confirmation ceremony at our parish church.
8484,archbishop,Rumors circulated that the archbishop was considering retiring due to health concerns.
8485,ponder,I need some time to ponder whether or not to accept the job offer.
8485,ponder,"She sat by the window, lost in thought, pondering the mysteries of the universe."
8485,ponder,The committee will ponder the proposed changes to the policy before making a final decision.
8485,ponder,"As I walked along the beach, I began to ponder the meaning of life."
8485,ponder,"He paused, a thoughtful expression on his face, as if pondering a difficult question."
8486,discord,The constant discord between the two political parties made it impossible to reach a consensus on the budget.
8486,discord,The unexpected guitar solo created a jarring discord in the otherwise harmonious melody.
8486,discord,"There was a palpable sense of discord within the team after the project failed, with members blaming each other for the shortcomings."
8486,discord,"Their marriage began to unravel, fueled by increasing discord over finances and differing life goals."
8486,discord,"Despite their initial agreement, a sharp discord arose when they started discussing the specific terms of the contract."
8487,childless,"After years of trying to conceive, they came to terms with being childless and decided to focus on their careers and travel."
8487,childless,The novel explores the complex emotions of a childless woman navigating societal expectations and personal fulfillment.
8487,childless,"While some view a large family as the ultimate goal, others are perfectly content with a childless marriage."
8487,childless,"The Queen's reign was notable, but also marked by tragedy as she remained childless throughout her life."
8487,childless,"She devoted her life to teaching, becoming a mentor and role model for countless students, effectively filling the void of being childless with purpose and passion."
8488,rediscover,"After years of neglect, the archaeological team hopes to rediscover the lost city's ancient artifacts."
8488,rediscover,"During my vacation, I want to rediscover the joy of reading without any distractions."
8488,rediscover,Many people who return to their hometowns rediscover a sense of belonging and community.
8488,rediscover,The artist sought to rediscover the techniques of the old masters to bring a new dimension to his work.
8488,rediscover,"With advancements in technology, we can rediscover and analyze data that was previously considered irretrievable."
8489,lengthy,"The professor gave a lengthy lecture on the history of the Roman Empire, and many students struggled to stay awake."
8489,lengthy,"After a lengthy discussion, the committee finally reached a consensus on the proposed budget cuts."
8489,lengthy,We had a lengthy delay at the airport due to the severe weather conditions.
8489,lengthy,"The novel was quite lengthy, over 800 pages, but I found myself completely engrossed in the story."
8489,lengthy,"Applying for the visa involved a lengthy and complicated application process, requiring numerous documents and interviews."
8490,marital,The couple sought marital counseling to address their communication issues and rebuild trust.
8490,marital,Her marital status changed from single to married after a beautiful ceremony in Italy.
8490,marital,"Despite their long years together, they never formalized their relationship with a marital agreement or legal union."
8490,marital,"After the affair, reconciliation seemed impossible, and the future of their marital relationship hung in the balance."
8490,marital,The judge considered their marital history when deciding on the terms of the divorce settlement.
8491,surmise,"Looking at the empty plate and crumbs on the table, I surmise that someone already ate the last cookie."
8491,surmise,"Based on his evasive answers, I surmise he's hiding something from us."
8491,surmise,"We can only surmise what happened to the missing hikers, as no trace of them was ever found."
8491,surmise,"From the data presented, one might surmise a direct correlation between exercise and improved mental health, though further research is needed to confirm this."
8491,surmise,I surmise that the reason she hasn't called is because she's busy preparing for her presentation.
8492,runaway,The runaway success of the new app surprised everyone on the development team.
8492,runaway,"After a fight with his parents, the teenager threatened to become a runaway."
8492,runaway,We need to stop this project from becoming a runaway train; it's consuming resources too quickly.
8492,runaway,The runaway inflation made it difficult for families to afford basic necessities.
8492,runaway,My dog is a bit of a runaway; he always tries to escape the yard when the gate is open.
8493,boarding,The airline announced that boarding for flight BA249 to London will begin in 15 minutes at gate 32.
8493,boarding,"Are you boarding with your family, or are you staying in a hotel during your study abroad program?"
8493,boarding,"We need to get to the train station soon, or we'll miss the boarding time."
8493,boarding,"The old house was boarded up after the fire, making it look even more desolate."
8493,boarding,"After boarding the dogs for a week, we were so happy to pick them up from the kennel."
8494,enlargement,The doctor recommended an ultrasound to investigate the enlargement of my thyroid gland.
8494,enlargement,"The art gallery featured a stunning enlargement of a vintage photograph, showcasing incredible detail."
8494,enlargement,"The European Union underwent a significant enlargement in 2004, welcoming ten new member states."
8494,enlargement,He requested an enlargement of the map so he could see the smaller towns more clearly.
8494,enlargement,"After the company's recent success, they are planning an enlargement of their office space to accommodate more employees."
8495,unsettle,"The strange phone call late at night began to unsettle her, and she couldn't shake the feeling that something was wrong."
8495,unsettle,"His constant staring and uncomfortable questions started to unsettle me, so I made an excuse to leave the party."
8495,unsettle,"The news of the company's potential merger with a much larger firm began to unsettle the employees, who worried about job security."
8495,unsettle,"Seeing the abandoned house on the hill, with its broken windows and overgrown garden, had an unsettling effect on him."
8495,unsettle,"The economic downturn and rising unemployment rates continue to unsettle investors, leading to volatility in the stock market."
8496,placid,"The placid lake reflected the clear blue sky, creating a scene of perfect tranquility."
8496,placid,"Despite the chaos around her, she maintained a placid demeanor, radiating calmness and control."
8496,placid,"The cow grazed in the placid pasture, seemingly undisturbed by the passing cars."
8496,placid,"He had a placid temperament, rarely getting angry or upset about anything."
8496,placid,"The once turbulent river became placid after the dam was built, making it safe for recreational activities."
8497,commune,"They decided to leave the city and join a rural commune, hoping for a simpler life closer to nature."
8497,commune,The artists sought to commune with their muses in the quiet solitude of the countryside.
8497,commune,The small French commune is known for its vineyards and charming architecture.
8497,commune,Many people find that spending time in nature allows them to commune with their inner selves and find peace.
8497,commune,"Although the residents of the commune shared resources, they still valued individual autonomy and decision-making."
8498,dreamer,"He's a dreamer, always coming up with grand ideas that never quite materialize."
8498,dreamer,"Even though she's a dreamer at heart, she also understands the importance of hard work and dedication."
8498,dreamer,"The politician was dismissed as a naive dreamer, out of touch with the realities of governing."
8498,dreamer,"As a young girl, she was a dreamer, spending hours lost in her own imaginary worlds."
8498,dreamer,"Many successful entrepreneurs started as dreamers, envisioning a future that others couldn't see."
8499,visualize,"Try to visualize the beach: the warm sand, the sound of the waves, and the salty air."
8499,visualize,"Before writing the report, take some time to visualize the finished product and how you want it to look."
8499,visualize,The architect used computer software to visualize the proposed building design.
8499,visualize,I can't quite visualize him working as a software engineer; I always thought he'd be a musician.
8499,visualize,"If you close your eyes and visualize success, you'll be more likely to achieve your goals."
8500,utopia,"The idea of a completely classless society, a true utopia, has always seemed unrealistic to me."
8500,utopia,"While the new technology promised a utopia of leisure, it actually led to increased working hours and stress."
8500,utopia,"Many science fiction stories explore the dangers of striving for utopia, often highlighting the sacrifices made in the pursuit of perfection."
8500,utopia,"He described his vision for the future as a utopia where everyone had access to education, healthcare, and affordable housing."
8500,utopia,"For some, a small cabin in the woods, far from the noise and chaos of modern life, represents their personal utopia."
8501,flea,The dog was scratching incessantly; it probably has fleas.
8501,flea,"I went to that antique shop, but it was a real flea market, full of dusty junk."
8501,flea,"After the company's financial troubles, many employees decided to flee to more stable jobs."
8501,flea,"He felt like a flea on an elephant, insignificant and powerless against the corporation's might."
8501,flea,Let's go flea-hopping this weekend and see what treasures we can find at the local estate sales.
8502,grasshopper,The children were chasing a grasshopper through the tall grass in the meadow.
8502,grasshopper,"My grandfather always said, 'Don't count your chickens before they hatch, young grasshopper,' offering a bit of wisdom."
8502,grasshopper,The farmer was concerned about the grasshopper infestation and the damage it would cause to his crops.
8502,grasshopper,"After years of dedicated training, the martial arts student was finally ready to graduate from grasshopper to master."
8502,grasshopper,I found a vibrant green grasshopper clinging to the screen door this morning.
8503,lioness,"The lioness stealthily stalked the gazelle, her movements precise and deadly."
8503,lioness,"As a mother, she was a lioness protecting her children from any perceived threat."
8503,lioness,Wildlife photographers often spend weeks in the African savanna trying to capture the perfect shot of a lioness hunting.
8503,lioness,"The team captain, a fierce competitor, was described as a lioness on the court, defending her teammates with unwavering resolve."
8503,lioness,"The documentary highlighted the crucial role the lioness plays in the pride, often leading the hunts and raising the cubs."
8504,mare,The farmer's prize-winning mare foaled a healthy colt this morning.
8504,mare,That political scandal was a real nightmare for the candidate and his campaign.
8504,mare,The ancient mariners told tales of sea monsters and treacherous storms they had faced.
8504,mare,The old sea dog was a mariner all his life and had many tales of the sea to tell.
8504,mare,His constant complaining was a real nightmare; I couldn't wait for him to leave.
8505,reindeer,"Every Christmas Eve, children eagerly anticipate seeing Santa's reindeer pull his sleigh across the night sky."
8505,reindeer,"Reindeer are well-adapted to the harsh Arctic climate, with thick fur and wide hooves for navigating snow."
8505,reindeer,The Sami people of Scandinavia have a long tradition of herding reindeer for sustenance and trade.
8505,reindeer,Scientists are studying the impact of climate change on reindeer populations and their migration patterns.
8505,reindeer,I'm making a festive stew for dinner; I think I'll add some reindeer sausage for a unique flavor.
8506,acceleration,The car's acceleration was impressive; it went from 0 to 60 mph in under 5 seconds.
8506,acceleration,We've seen an acceleration in the pace of technological innovation over the last decade.
8506,acceleration,The government is trying to stimulate economic acceleration through tax cuts and infrastructure spending.
8506,acceleration,"After a slow start, the runner showed great acceleration in the final stretch, overtaking several competitors."
8506,acceleration,The doctor warned that any acceleration of his symptoms would require immediate medical attention.
8507,casting,The casting director is looking for someone with a strong stage presence for the lead role.
8507,casting,"They are casting their votes in the local election, hoping for a change in leadership."
8507,casting,The sculptor used the lost-wax casting method to create the intricate bronze statue.
8507,casting,I'm going fishing this weekend and hoping to practice my casting technique to get a longer throw.
8507,casting,The sudden news cast a shadow of doubt over the company's future prospects.
8508,distortion,"The politician accused the media of a deliberate distortion of his words, claiming they took his statement out of context."
8508,distortion,"The funhouse mirror created a hilarious distortion of everyone's appearance, stretching and shrinking their features."
8508,distortion,"The old recording suffered from significant audio distortion, making it difficult to understand the singer's lyrics."
8508,distortion,"Her perception of the event was colored by her own biases, leading to a distortion of the truth."
8508,distortion,"Living in a big city can create a distortion of reality, where it's easy to forget about the struggles faced by people in rural communities."
8509,elasticity,"The waistband on these leggings has great elasticity, so they won't dig into your skin."
8509,elasticity,Economists are studying the price elasticity of gasoline to understand how demand changes with fluctuating prices.
8509,elasticity,The company needs to improve its operational elasticity to quickly adapt to changing market conditions and customer demands.
8509,elasticity,"Due to its high elasticity, rubber is an ideal material for manufacturing tires and other shock-absorbing products."
8509,elasticity,"While the initial shock was devastating, the community showed remarkable elasticity in rebuilding after the hurricane."
8510,momentum,"The team gained significant momentum in the second half, scoring three goals in quick succession."
8510,momentum,"Once the project lost momentum, it was difficult to get everyone re-engaged and back on track."
8510,momentum,The politician's campaign is hoping to build momentum with a series of rallies leading up to the election.
8510,momentum,"Despite initial setbacks, the scientific community is slowly gaining momentum in the fight against climate change."
8510,momentum,"The heavy flywheel provided the momentum needed to keep the machine running smoothly, even under fluctuating load."
8511,mountaineering,"After years of training and smaller climbs, she finally attempted mountaineering on Everest."
8511,mountaineering,"The museum exhibit showcased the history of mountaineering, from its early pioneers to modern-day expeditions."
8511,mountaineering,He decided to take a break from mountaineering after a near-fatal accident in the Himalayas.
8511,mountaineering,"While rock climbing and hiking are popular, mountaineering requires a higher level of skill, experience, and specialized equipment."
8511,mountaineering,"I've always been fascinated by mountaineering, but I'm not sure I have the physical endurance for it."
8512,takeoff,The airplane's takeoff was delayed due to the heavy fog rolling in.
8512,takeoff,My business idea really took off after I started using social media marketing.
8512,takeoff,I'm looking forward to my vacation; our flight's takeoff is scheduled for 6 AM tomorrow.
8512,takeoff,Let's grab a quick coffee before we head to the airport for your takeoff.
8512,takeoff,He did a hilarious takeoff of the president during the comedy show.
8513,transit,The package is currently in transit and should arrive within the next two days.
8513,transit,"Public transit is a convenient and affordable way to get around the city, especially during rush hour."
8513,transit,We had to wait in transit at Amsterdam Schiphol Airport for a four-hour layover before our connecting flight to Nairobi.
8513,transit,The mayor is proposing a new transit plan to alleviate traffic congestion and improve accessibility for all residents.
8513,transit,"During the planetary transit of Venus, scientists were able to gather valuable data about the planet's atmosphere."
8514,allegry,"I have a severe allergy to peanuts, so I always carry an EpiPen."
8514,allegry,She suspects she has a milk allergy because she gets stomach cramps after eating dairy products.
8514,allegry,The doctor performed an allergy test to determine the cause of my skin rash.
8514,allegry,"Despite his allergy to cats, he couldn't resist petting the fluffy kitten."
8514,allegry,"Many people develop seasonal allergies in the spring, triggered by pollen from trees and flowers."
8515,childbirth,She decided to take a natural childbirth class to prepare for labor and delivery.
8515,childbirth,The hospital offered excellent care to both mother and baby throughout the entire childbirth process.
8515,childbirth,"After a difficult childbirth, she experienced postpartum depression and sought professional help."
8515,childbirth,The documentary explored the cultural differences in approaches to childbirth around the world.
8515,childbirth,Advances in medical technology have significantly reduced the risks associated with childbirth in developed countries.
8516,colon,"The recipe calls for the following ingredients: flour, sugar, and eggs."
8516,colon,He suffered from an inflamed colon and had to undergo surgery.
8516,colon,"I'm not sure what to think about the movie; some critics loved it, colon, others hated it."
8516,colon,"In the bibliographic entry, the city and publisher are separated by a colon."
8516,colon,She decided to see a gastroenterologist to investigate her persistent colon problems.
8517,germ,The doctor warned us about the spread of germs in the hospital waiting room.
8517,germ,"I had a germ of an idea for a new business, but I need to develop it further."
8517,germ,Be sure to wash your hands thoroughly to kill any germs you might have picked up.
8517,germ,That negative comment planted a germ of doubt in my mind about whether I was making the right decision.
8517,germ,The laboratory is studying the effects of different antibiotics on specific types of germ.
8518,heredity,"Eye color is often determined by heredity, with brown eyes typically being dominant."
8518,heredity,"While environmental factors play a role, a predisposition to heart disease can be significantly influenced by heredity."
8518,heredity,The study explored the complex interplay between heredity and environment in shaping human behavior.
8518,heredity,"He believes his talent for music is a matter of heredity, as many members of his family are accomplished musicians."
8518,heredity,"Despite his efforts, he couldn't escape the consequences of heredity, as the family curse seemed to follow him."
8519,intestine,The doctor ordered a colonoscopy to examine the large intestine for any signs of polyps or cancer.
8519,intestine,"After eating the contaminated food, I experienced severe cramps and knew something was wrong with my intestines."
8519,intestine,Scientists are studying the complex microbiome within the human intestine to understand its role in overall health and immunity.
8519,intestine,"He had the guts, the very intestines, to stand up to the bully and defend his friend."
8519,intestine,The surgeon had to remove a section of the patient's small intestine due to a blockage.
8520,longevity,The company's longevity is a testament to its adaptability and customer service.
8520,longevity,Proper diet and exercise are crucial for increasing longevity and overall well-being.
8520,longevity,"While some argue about the quality of the show in later seasons, its longevity on television is undeniable."
8520,longevity,"The tortoise is famous for its longevity, often living for over a hundred years."
8520,longevity,We hope that the new peace treaty will ensure the longevity of the ceasefire and prevent further conflict.
8521,nudity,"The museum exhibit featured classical sculptures, including several depicting scenes of nudity."
8521,nudity,The controversy surrounding the film centered on its depictions of nudity and violence.
8521,nudity,Many argue that artistic nudity should be viewed differently than exploitative pornography.
8521,nudity,"She felt uncomfortable with the level of nudity in the music video, so she changed the channel."
8521,nudity,"The director defended the film's brief nudity, arguing that it was essential to the character's vulnerability."
8522,receptor,"The drug works by binding to specific receptors in the brain, blocking the transmission of pain signals."
8522,receptor,"As a customer service representative, I'm often the first receptor of complaints, so I've learned to be patient and understanding."
8522,receptor,"The radio telescope acts as a receptor, capturing faint signals from distant galaxies."
8522,receptor,Scientists are studying how these receptors on immune cells respond to different types of infections.
8522,receptor,"She's a great receptor of new ideas, always open to considering different perspectives and approaches."
8523,recurrence,The doctor warned me about the potential recurrence of the infection if I didn't finish the full course of antibiotics.
8523,recurrence,The recurrence of these economic crises is a major concern for policymakers.
8523,recurrence,We are trying to prevent a recurrence of the problems we experienced last year by implementing stricter quality control measures.
8523,recurrence,His nightmares were a disturbing recurrence of the trauma he experienced during the war.
8523,recurrence,The annual recurrence of the town's Founder's Day festival is always a cause for celebration.
8524,stimulant,Caffeine is a common stimulant found in coffee and energy drinks.
8524,stimulant,The doctor prescribed a mild stimulant to help manage the patient's ADHD symptoms.
8524,stimulant,"The fast-paced music acted as a stimulant, motivating her to finish her workout with extra energy."
8524,stimulant,He found the constant pressure at work to be more of a stressor than a stimulant for productivity.
8524,stimulant,The government is considering stricter regulations on the sale of stimulants due to concerns about their potential for abuse.
8525,syndrome,"After years of working in that toxic environment, he started exhibiting signs of burnout syndrome."
8525,syndrome,"She was diagnosed with Down syndrome shortly after birth, but she's a happy and thriving child."
8525,syndrome,"The economic downturn has led to a 'boom and bust' syndrome in the housing market, characterized by rapid growth followed by sudden collapse."
8525,syndrome,"Many returning veterans struggle with post-traumatic stress syndrome (PTSD), which can significantly impact their mental health."
8525,syndrome,The 'not invented here' syndrome often prevents companies from adopting valuable ideas and technologies developed elsewhere.
8526,abstraction,"The artist's work was a complete abstraction, with no recognizable figures or objects."
8526,abstraction,"In software development, abstraction allows us to hide complex implementation details and focus on the essential functionality."
8526,abstraction,He spoke about love in such an abstraction that it was difficult to understand his true feelings.
8526,abstraction,Let's move away from the theoretical abstraction and discuss the practical applications of this technology.
8526,abstraction,Poverty is not an abstraction for those who experience it daily; it's a harsh reality.
8527,alienation,The constant criticism from her boss led to a feeling of alienation from her work and colleagues.
8527,alienation,Political alienation is on the rise as many people feel their voices aren't being heard by the government.
8527,alienation,"After moving to a new country, he experienced a profound sense of alienation due to the language barrier and cultural differences."
8527,alienation,"The author explores themes of alienation and isolation in his novel, highlighting the protagonist's struggle to connect with others."
8527,alienation,"Despite being surrounded by people, she felt a deep sense of alienation, as if she were an outsider looking in."
8528,apathy,The student's apathy towards schoolwork was evident in his consistently low grades and lack of participation in class.
8528,apathy,"Widespread apathy among voters is a major concern during elections, as it can lead to low turnout and a government that doesn't truly represent the people's will."
8528,apathy,"Despite the urgent warnings about climate change, public apathy remains a significant obstacle to implementing effective solutions."
8528,apathy,I was shocked by the general apathy shown by bystanders when they witnessed the accident; no one seemed willing to help.
8528,apathy,"His apathy towards his future was worrying; he had no goals, no ambitions, and no plans for what he wanted to do with his life."
8529,compulsion,"He felt a sudden compulsion to check the locks on all the doors, even though he knew he had already done it."
8529,compulsion,The charity drive relies on the moral compulsion people feel to help those less fortunate.
8529,compulsion,"Driven by an overwhelming compulsion, she confessed everything to the police."
8529,compulsion,"Despite the doctor's warnings, he continued to smoke out of sheer compulsion."
8529,compulsion,Her shopping sprees weren't just for fun; they were fueled by a deep-seated compulsion she couldn't control.
8530,conjecture,Her conjecture about the company's financial troubles proved to be accurate when they announced layoffs the following week.
8530,conjecture,"The Goldbach Conjecture, a famous unsolved problem in number theory, states that every even integer greater than 2 can be expressed as the sum of two primes."
8530,conjecture,"While we don't have concrete evidence, my conjecture is that the heavy rain caused the landslide."
8530,conjecture,The detective refused to base his investigation on conjecture and insisted on gathering solid facts before making any accusations.
8530,conjecture,"Without more data, any explanation for the strange anomaly is pure conjecture."
8531,consolation,"Although he didn't win the race, he took some consolation in knowing he'd given it his best shot."
8531,consolation,"The warm fire and a good book were a small consolation after a long, stressful day at work."
8531,consolation,"In times of grief, the sympathy of friends and family can offer a great deal of consolation."
8531,consolation,"She found consolation in her faith after losing her job, believing that everything happens for a reason."
8531,consolation,"As a consolation prize, everyone who participated received a gift certificate."
8532,cowardice,"Accusations of cowardice flew after the politician voted against the popular bill, fearing backlash from his party."
8532,cowardice,"His cowardice in the face of danger led him to abandon his friends, a decision he would forever regret."
8532,cowardice,"The general refused to label the retreat as cowardice, instead calling it a tactical maneuver to regroup and fight another day."
8532,cowardice,"Despite his tough talk, when faced with a real threat, his true cowardice was revealed."
8532,cowardice,Don't let fear and cowardice hold you back from pursuing your dreams; take a leap of faith!
8533,daze,"After the car accident, she wandered around in a daze, unable to remember what had happened."
8533,daze,The bright lights and loud music left me in a bit of a daze after the concert.
8533,daze,"He was still in a daze from the news of his promotion, barely able to process the implications."
8533,daze,"The boxer was clearly dazed after taking that hard blow to the head, and the referee stopped the fight."
8533,daze,"Following the intense meditation retreat, she emerged in a peaceful daze, feeling profoundly connected to the universe."
8534,distaste,I have a strong distaste for reality television; I find it exploitative and often poorly produced.
8534,distaste,"Despite her attempts to be polite, her tone of voice betrayed her distaste for the entire situation."
8534,distaste,"The politician's blatant hypocrisy left a bad taste in my mouth, and I felt a profound distaste for his actions."
8534,distaste,"He tried to hide his distaste, but a slight wrinkle of his nose gave him away."
8534,distaste,The chef's experimental dish was met with general distaste around the table; the combination of flavors simply didn't work.
8535,inference,"From her tone of voice, I made the inference that she was unhappy with the decision."
8535,inference,"The detective drew an important inference from the suspect's alibi, which ultimately led to his arrest."
8535,inference,"Based on the data presented, the most logical inference is that climate change is accelerating."
8535,inference,"While the report doesn't explicitly state it, the clear inference is that budget cuts are imminent."
8535,inference,"Can you follow my inference here? If A is true, and B follows from A, then C must also be true."
8536,mistrust,"After the company's repeated failures to deliver on its promises, a deep sense of mistrust began to grow among the employees."
8536,mistrust,I generally mistrust politicians who make overly simplistic promises during election campaigns.
8536,mistrust,Their constant whispering made me mistrust their motives; I couldn't shake the feeling they were plotting something.
8536,mistrust,"The scandal eroded public trust in the government, leading to widespread mistrust of all elected officials."
8536,mistrust,It's important to be careful when dealing with strangers online; it's healthy to approach new relationships with a degree of mistrust until you know them better.
8537,objectivity,"Reporters strive for objectivity in their reporting, presenting facts without personal bias."
8537,objectivity,"Achieving complete objectivity is often seen as an ideal, as everyone has their own perspective and experiences."
8537,objectivity,The judge's impartiality and objectivity were crucial in ensuring a fair trial.
8537,objectivity,"To maintain objectivity, the research team used a double-blind study design, preventing them from knowing which participants received the treatment."
8537,objectivity,"Can we really say that any historical account possesses true objectivity, given that it is always written from a particular point of view?"
8538,obsession,Her obsession with cleanliness meant she spent hours each day scrubbing the house.
8538,obsession,"He developed an unhealthy obsession with the stock market, constantly checking prices and news."
8538,obsession,The media's current obsession with celebrity gossip is overshadowing important political issues.
8538,obsession,"For years, his one and only obsession was to climb Mount Everest."
8538,obsession,"Some argue that modern society has an obsession with youth and beauty, leading to unrealistic expectations."
8539,repentance,"After realizing the damage he had caused, he felt a deep sense of repentance and vowed to make amends."
8539,repentance,The priest urged the congregation to seek repentance for their sins during the Lenten season.
8539,repentance,"She showed no repentance for her actions, which only further angered those she had wronged."
8539,repentance,"His tearful apology seemed genuine, and I believed he felt true repentance for betraying my trust."
8539,repentance,"Many believe that true repentance involves not just feeling sorry, but also actively changing one's behavior."
8540,retrospect,"In retrospect, I should have taken that job offer; it would have been a much better fit for my skills."
8540,retrospect,"With the benefit of retrospect, it's easy to see that the company's decision to invest in that technology was a major misstep."
8540,retrospect,"Looking back in retrospect, the summer we spent traveling through Europe was truly magical."
8540,retrospect,"Retrospectively, the initial marketing campaign was poorly conceived and executed, leading to disappointing sales figures."
8540,retrospect,"While I was disappointed at the time, in retrospect, getting rejected from that program was probably for the best, as it pushed me to pursue other opportunities that were a better match for my interests."
8541,tact,It takes a lot of tact to tell someone they didn't get the job without crushing their spirit.
8541,tact,"She handled the sensitive situation with remarkable tact, avoiding any unnecessary conflict."
8541,tact,"Perhaps with a little more tact, you could have convinced him to change his mind."
8541,tact,Diplomacy requires tact and understanding of different cultural perspectives.
8541,tact,"He's a brilliant scientist, but sometimes lacks the tact to communicate his ideas effectively to a general audience."
8542,tumult,The announcement of the new policy caused a great tumult among the employees.
8542,tumult,"After the controversial verdict, a tumult of angry voices rose from the crowd outside the courthouse."
8542,tumult,"Her mind was in a tumult, filled with conflicting thoughts and emotions after the unexpected proposal."
8542,tumult,"Despite the tumult of the city, she found peace in her small apartment overlooking the park."
8542,tumult,"The political landscape is currently in a state of tumult, with parties vying for power and public opinion shifting rapidly."
8543,willingness,Her willingness to help others made her a valuable member of the team.
8543,willingness,"Despite his initial reluctance, he showed a willingness to compromise during the negotiations."
8543,willingness,The company's willingness to invest in new technologies demonstrates its commitment to innovation.
8543,willingness,I appreciate your willingness to listen to my concerns; it means a lot to me.
8543,willingness,Success in this project hinges on our willingness to work together and overcome any obstacles.
8544,woe,"The country's economic woes continue to plague the government, making it difficult to implement necessary reforms."
8544,woe,"She recounted her tale of woe, detailing every setback and disappointment she had faced in the last year."
8544,woe,"After losing his job and getting evicted, he was a picture of utter woe."
8544,woe,"Oh, woe is me! I completely forgot about the deadline for the project."
8544,woe,"Despite their financial woes, they managed to maintain a positive outlook and support each other."
8545,yearning,She felt a deep yearning for her childhood home whenever she smelled freshly baked bread.
8545,yearning,"Despite his success, he couldn't shake the yearning for a simpler life in the countryside."
8545,yearning,The documentary captured the yearning of the refugees to return to their homeland and rebuild their lives.
8545,yearning,His music expressed a profound yearning for connection and understanding in a disconnected world.
8545,yearning,"I have a yearning to travel through Southeast Asia next year, experiencing different cultures and cuisines."
8546,anecdote,"He told a funny anecdote about his first day at work, which had everyone laughing."
8546,anecdote,The professor used a personal anecdote to illustrate the complexities of the economic theory.
8546,anecdote,"While the data is compelling, a single anecdote doesn't represent the entire population's experience."
8546,anecdote,"During the interview, she shared an anecdote about overcoming a challenging project, showcasing her problem-solving skills."
8546,anecdote,"My grandfather always had an anecdote for every situation, usually involving some humorous mishap from his youth."
8547,aptitude,"She showed a remarkable aptitude for languages, picking up new vocabulary and grammar with ease."
8547,aptitude,"While he lacked experience, his aptitude for problem-solving made him a valuable asset to the team."
8547,aptitude,The career counselor suggested aptitude tests to help students identify their strengths and potential career paths.
8547,aptitude,He has a natural aptitude for music; he can hear a melody once and play it back perfectly on the piano.
8547,aptitude,"Despite his hard work, he didn't seem to have much aptitude for mathematics, consistently struggling with complex equations."
8548,collaboration,The success of the project hinged on effective collaboration between the marketing and engineering teams.
8548,collaboration,"This research paper is a collaboration between several universities, bringing together diverse expertise."
8548,collaboration,"For the school play, we need active collaboration from all the students and teachers involved."
8548,collaboration,The software company announced a new collaboration with a leading artificial intelligence firm to enhance its products.
8548,collaboration,"Despite their initial disagreements, they found that collaboration was the only way to achieve their shared goal."
8549,elaboration,"The professor requested an elaboration on my initial research proposal, particularly regarding the methodology."
8549,elaboration,Could you provide further elaboration on why you think this marketing strategy will be successful?
8549,elaboration,"Her storytelling skills were impressive; she added vivid elaboration to even the simplest anecdotes, making them captivating."
8549,elaboration,"The recipe was simple, but the chef offered an optional elaboration involving truffle oil and parmesan shavings for a more sophisticated flavor."
8549,elaboration,"Without further elaboration, I'm afraid I can't approve this budget request; I need more details on where the money will be allocated."
8550,excerpt,"The textbook included a lengthy excerpt from Martin Luther King Jr.'s ""Letter from Birmingham Jail."""
8550,excerpt,"I only read an excerpt of the novel online, but it was enough to convince me to buy the whole book."
8550,excerpt,"The actor performed a short excerpt from Shakespeare's ""Hamlet"" during the audition."
8550,excerpt,Could you read this excerpt and tell me if you think it captures the overall tone of the report?
8550,excerpt,"The documentary featured an excerpt from a rare interview with the artist, providing insight into his creative process."
8551,footnote,The author used a footnote to clarify the etymology of the word 'ubiquitous'.
8551,footnote,I added a footnote to the end of the chapter to cite all of my sources properly.
8551,footnote,"In the contract, there was a crucial detail hidden away in a footnote, which we almost missed."
8551,footnote,Her career as a singer was just a footnote in her long and varied life; she was much more interested in her work as an activist.
8551,footnote,"Let me just add a quick footnote to that discussion: while the data is compelling, more research is needed before we can draw definitive conclusions."
8552,italic,The book titles in the bibliography should be written in *italic*.
8552,italic,Could you please *italicize* the foreign words in this document?
8552,italic,I used *italic* font to emphasize the key points in my presentation.
8552,italic,"The stage direction '(aside, *italic*)' indicates that the character is speaking to the audience but not to the other characters on stage."
8552,italic,Some style guides recommend using *italics* for the names of ships and aircraft.
8553,motif,"The floral motif on the wallpaper gave the room a cheerful, springtime feel."
8553,motif,"Betrayal is a recurring motif throughout Shakespeare's tragedies, often leading to the downfall of the protagonist."
8553,motif,"I noticed a distinct nautical motif in the restaurant's decor, with anchors, ropes, and blue and white stripes everywhere."
8553,motif,"The composer skillfully weaves a simple melodic motif throughout the entire symphony, unifying the different movements."
8553,motif,"While the artist used various techniques, the underlying motif of nature's resilience was consistently present in all her paintings."
8554,photocopy,Could you please photocopy these documents and give me the originals back?
8554,photocopy,I need a photocopy of your driver's license and insurance card for our records.
8554,photocopy,The quality of the photocopy was so poor that the text was barely legible.
8554,photocopy,"Before you send in the application, make sure you keep a photocopy for your own reference."
8554,photocopy,"Instead of rewriting the whole report, I'll just photocopy the relevant sections and attach them as an appendix."
8555,punctuation,Correct punctuation is essential for clear and effective communication in writing.
8555,punctuation,"The student lost marks on the essay for frequent errors in punctuation, especially misplaced commas."
8555,punctuation,"I'm terrible at remembering the rules of punctuation, so I always double-check my writing."
8555,punctuation,The lack of punctuation in his text messages often makes them difficult to understand; I have to guess what he means.
8555,punctuation,Using excessive exclamation marks is considered poor punctuation and can make your writing seem unprofessional.
8556,sequel,I'm really looking forward to the sequel to that movie; the first one was fantastic!
8556,sequel,"The author has hinted at a sequel, but hasn't confirmed any details about its plot or release date."
8556,sequel,"After the successful launch of their initial product, the company is now working on a sequel that will offer even more features."
8556,sequel,"The politician's controversial remarks were a sequel to his earlier inflammatory statements, further damaging his reputation."
8556,sequel,It's often difficult for a sequel to live up to the hype and expectations set by the original.
8557,sonata,"She practiced the Beethoven sonata for hours, hoping to perfect the allegro movement."
8557,sonata,"The concert featured a beautiful sonata for violin and piano, showcasing the composer's lyrical style."
8557,sonata,He always puts on a Mozart sonata when he needs to focus and study; the structure helps him concentrate.
8557,sonata,"Although she enjoyed the overall performance, she felt the pianist's interpretation of the sonata lacked emotional depth."
8557,sonata,My favorite part of the program was the Debussy sonata; its impressionistic harmonies were truly captivating.
8558,beta ,"The software is currently in beta, so expect some bugs and occasional crashes."
8558,beta ,"As an investor, I'm interested in companies with a high beta, as they tend to offer higher returns, albeit with greater risk."
8558,beta ,"She's always been the beta in their friendship, following her friend's lead and rarely asserting her own opinions."
8558,beta ,We're looking for beta testers to provide feedback on our new mobile app before its official launch.
8558,beta ,"In the world of astrophysics, beta decay plays a crucial role in the formation of heavier elements within stars."
8559,canon,"Shakespeare's plays are considered part of the literary canon, studied by students for centuries."
8559,canon,Whether or not the new Star Wars movies are considered 'canon' by hardcore fans is a hotly debated topic.
8559,canon,The church established a canon of laws to govern its members' behavior and resolve disputes.
8559,canon,The composer adhered strictly to the canon of classical harmony in his compositions.
8559,canon,"According to company canon, employees are not allowed to accept gifts from clients."
8560,carol,"Every year, our church choir performs a candlelight carol service on Christmas Eve."
8560,carol,"We went caroling door-to-door, spreading holiday cheer and collecting donations for the local food bank."
8560,carol,"The children's sweet voices rose in a beautiful carol, filling the room with festive spirit."
8560,carol,"I'm not a religious person, but I still enjoy the tradition of singing carols during the Christmas season."
8560,carol,The radio station played a constant stream of Christmas carols throughout December.
8561,coherence,The essay lacked coherence; the ideas jumped around without a clear connection.
8561,coherence,"For the project to succeed, we need to ensure coherence between the different teams' efforts."
8561,coherence,"Despite the stress, she managed to maintain a remarkable coherence in her explanation of the events."
8561,coherence,"The witness's statement lacked coherence, making it difficult for the jury to understand what actually happened."
8561,coherence,"To improve the coherence of the report, let's add transition words and summarize each section's main point at the end."
8562,discourse,The online discourse surrounding the new movie has been surprisingly negative.
8562,discourse,Her insightful discourse on the economic impact of climate change impressed the audience.
8562,discourse,We need to encourage open discourse on sensitive topics like race and religion.
8562,discourse,"After a lengthy discourse, the committee finally reached a consensus on the proposed policy."
8562,discourse,Let's move away from personal attacks and focus on constructive discourse about the issues at hand.
8563,ethic,The company's strong work ethic is evident in the dedication of its employees and the quality of its products.
8563,ethic,"As a journalist, she adhered to a strict code of ethics, ensuring objectivity and fairness in her reporting."
8563,ethic,"He struggled with the ethics of using artificial intelligence in warfare, questioning the potential consequences for humanity."
8563,ethic,"Do you think it's an ethic we should instill in our children, to always tell the truth, even when it's difficult?"
8563,ethic,"Despite the pressure to cut corners, the engineer refused, citing his professional ethic of prioritizing safety above all else."
8564,flair,"She decorated the wedding cake with a real flair, adding delicate sugar flowers and intricate piping."
8564,flair,"He has a real flair for languages, picking up new vocabulary and grammar with ease."
8564,flair,"The chef added a touch of chili oil to the pasta, giving it a little extra flair."
8564,flair,"Despite the simple ingredients, she prepared the meal with such flair that it felt like a gourmet experience."
8564,flair,"The dancer moved across the stage with a natural flair, captivating the audience with every step."
8565,illiteracy,The high rate of illiteracy in the region is a major obstacle to economic development.
8565,illiteracy,"Functional illiteracy prevents many adults from fully participating in society, as they struggle with everyday tasks like reading medication labels or understanding public transportation schedules."
8565,illiteracy,"While basic literacy rates have improved, digital illiteracy is becoming a growing concern in the age of technology."
8565,illiteracy,The government is launching a new initiative to combat illiteracy by providing free adult education classes.
8565,illiteracy,His complete illiteracy when it came to financial matters led to some disastrous investment decisions.
8566,ingenuity,The escape room designers showed incredible ingenuity in creating such complex and surprising puzzles.
8566,ingenuity,"Faced with a broken-down car and limited tools, the mechanic relied on his ingenuity to get us back on the road."
8566,ingenuity,Her solution to the problem demonstrated a level of ingenuity that impressed the entire team.
8566,ingenuity,We need to foster ingenuity and creativity in our students to prepare them for the challenges of the future.
8566,ingenuity,The artist's ingenuity was evident in the way she repurposed everyday objects into stunning sculptures.
8567,laser,"The surgeon used a laser to precisely remove the tumor, minimizing damage to surrounding tissue."
8567,laser,"I'm getting laser hair removal next week; hopefully, it will save me time in the long run."
8567,laser,The speaker had a laser pointer that he used to highlight key points on the presentation slides.
8567,laser,"She focused on the problem with laser-like intensity, determined to find a solution before the deadline."
8567,laser,"During the concert, a dazzling laser light show accompanied the band's performance, creating a spectacular visual experience."
8568,maxim,"He lived by the maxim ""look before you leap,"" which explains his cautious approach to every decision."
8568,maxim,"The old maxim, ""honesty is the best policy,"" still rings true, even in today's complex world."
8568,maxim,"My grandfather always told me, ""a penny saved is a penny earned,"" a maxim he followed religiously throughout his life."
8568,maxim,"While that sounds good in theory, it clashes with the business maxim that profit is the primary goal."
8568,maxim,"The company's guiding maxim is continuous improvement, so they're always looking for ways to streamline processes and enhance customer satisfaction."
8569,mechanics,"The car started making a strange noise, so I took it to the mechanics to get it checked out."
8569,mechanics,She aced the physics exam because she had a solid understanding of the mechanics of motion.
8569,mechanics,The mechanics of the voting system are complex and often misunderstood by the general public.
8569,mechanics,"Even though the plot was captivating, the mechanics of the storytelling felt a bit clunky and predictable."
8569,mechanics,He understands the mechanics of a good joke; he knows exactly how to deliver the punchline for maximum comedic effect.
8570,mythology,"Greek mythology is full of fascinating stories about gods, heroes, and monsters."
8570,mythology,"The company's success has become something of a mythology within the industry, with people exaggerating the founder's humble beginnings."
8570,mythology,Her research focused on the role of birds in various indigenous mythologies around the world.
8570,mythology,"He dismissed the idea of a quick fix as pure mythology, arguing that real change requires sustained effort."
8570,mythology,I'm reading a book that explores the connections between Norse mythology and modern fantasy literature.
8571,participle,The dangling participle in that sentence makes it grammatically incorrect and confusing.
8571,participle,Identifying the past participle form of irregular verbs can be tricky for English language learners.
8571,participle,The phrase 'generally speaking' is a present participle phrase acting as an adverbial modifier.
8571,participle,"As a grammar enthusiast, she was always quick to point out a misplaced modifier or a misused participle."
8571,participle,"Having finished the report, he felt a sense of accomplishment; the participle phrase 'having finished' explains why he felt that way."
8572,piety,The monk was known for his deep piety and devotion to prayer.
8572,piety,"While she admired her grandmother's piety, she found some of her religious beliefs to be outdated."
8572,piety,The politician spoke of family values and traditional piety in an attempt to win over conservative voters.
8572,piety,"Despite his outward show of piety, many suspected his actions were motivated by personal gain rather than genuine faith."
8572,piety,"The local community valued piety and hard work, believing these virtues would lead to a prosperous future."
8573,predicate,The success of the project is predicated on securing sufficient funding in the next quarter.
8573,predicate,"In logic, the predicate expresses what is said about the subject of a proposition."
8573,predicate,His controversial opinions often predicate heated debates among his colleagues.
8573,predicate,The detective believed the suspect's motive was predicated on a long-standing grudge.
8573,predicate,"While the evidence was circumstantial, it allowed them to predicate a strong case against the defendant."
8574,providence,"By some stroke of providence, we managed to find the last available room in the hotel during the festival."
8574,providence,"He thanked providence for his good fortune, attributing his success to divine intervention."
8574,providence,The early settlers relied heavily on providence to guide them through the harsh winters and uncertain harvests.
8574,providence,"While we plan diligently, we must also acknowledge that providence plays a role in shaping our destinies."
8574,providence,"The city of Providence, Rhode Island, is known for its rich history and vibrant arts scene."
8575,salvation,"After the devastating fire, the community saw the new community center as their salvation, a place to rebuild and reconnect."
8575,salvation,"Many believe that faith is the only path to salvation, offering eternal life after death."
8575,salvation,"For the struggling artist, winning the prestigious award was his salvation, finally bringing recognition to his work."
8575,salvation,"The company's innovative new product line proved to be its salvation, rescuing it from near bankruptcy."
8575,salvation,"In his darkest hour, he found salvation in helping others, realizing that focusing on their needs eased his own suffering."
8576,skepticism,"The proposal was met with skepticism from the board members, who questioned the projected return on investment."
8576,skepticism,"Despite the politician's promises, there's a healthy dose of skepticism among voters, given his past record."
8576,skepticism,"While I admire her optimism, I approach these claims with a degree of skepticism until I see solid evidence."
8576,skepticism,"He expressed skepticism about the existence of ghosts, stating that he needed more than anecdotal stories to be convinced."
8576,skepticism,"After being burned by several get-rich-quick schemes, she now views all investment opportunities with profound skepticism."
8577,spectrum,The political spectrum in this country ranges from far-left socialist to ultra-conservative right-wing.
8577,spectrum,"My doctor suspects I might be somewhere on the autism spectrum, so he's recommending further testing."
8577,spectrum,The company's new marketing campaign aims to appeal to a broader spectrum of consumers.
8577,spectrum,The colours of the rainbow represent just a small part of the electromagnetic spectrum.
8577,spectrum,"The artist's work explores the full spectrum of human emotions, from joy and love to grief and despair."
8578,syllabus,"The professor handed out the syllabus on the first day of class, outlining all the readings and assignments for the semester."
8578,syllabus,I need to check the syllabus to see when the midterm exam is scheduled; I completely forgot.
8578,syllabus,"The syllabus for this course is incredibly detailed, even including a breakdown of how each assignment contributes to the final grade."
8578,syllabus,"Before committing to the workshop, I reviewed the syllabus to ensure the content aligned with my learning objectives."
8578,syllabus,"Is the syllabus flexible, or are the dates for the projects set in stone?"
8579,synonym,Is there a synonym for 'happy' that better captures the feeling of pure joy?
8579,synonym,"In academic writing, avoid using the same word repeatedly; try to find a synonym to add variety."
8579,synonym,The thesaurus is a helpful tool for finding a synonym when you're stuck for the right word.
8579,synonym,"While 'big' and 'large' are often used as synonyms, there can be subtle differences in their connotations depending on the context."
8579,synonym,"For 'artificial intelligence', a common synonym is simply 'AI'."
8580,wording,"The wording of the contract was ambiguous, leading to a dispute between the parties."
8580,wording,I didn't like the wording of his apology; it sounded insincere.
8580,wording,Could you please check the wording of this email before I send it?
8580,wording,The politician carefully chose his wording to avoid making any promises he couldn't keep.
8580,wording,"After several revisions, we finally agreed on the wording of the press release."
8581,cedar,"The antique chest was made of cedar, its aromatic wood still fragrant after all these years."
8581,cedar,We decided to build a cedar fence around the garden to keep the deer out.
8581,cedar,"The faint, clean scent of cedar wafted from the closet, a natural moth repellent."
8581,cedar,Many traditional pencil manufacturers prefer to use cedar wood because it sharpens easily and provides a smooth writing experience.
8581,cedar,"The architect specified cedar shingles for the roof, valuing their durability and natural resistance to decay."
8582,coastline,The rugged coastline of Maine is dotted with charming fishing villages.
8582,coastline,"We drove along the Pacific coastline, stopping at several scenic overlooks."
8582,coastline,Rising sea levels pose a significant threat to vulnerable coastlines around the world.
8582,coastline,The oil spill severely damaged the fragile coastline ecosystem.
8582,coastline,"They decided to build their dream home on the coastline, hoping for breathtaking ocean views every morning."
8583,crescent,"The moon hung in the sky as a silver crescent, barely illuminating the dark landscape."
8583,crescent,"The bakery specialized in crescent rolls, flaky and buttery pastries perfect for breakfast."
8583,crescent,"We followed the crescent-shaped path along the beach, enjoying the ocean breeze."
8583,crescent,The flag of Turkey features a prominent star and crescent symbol.
8583,crescent,The new housing development was designed with a central crescent of green space for residents to enjoy.
8584,ebb,"The tide began to ebb, revealing more of the sandy beach."
8584,ebb,"After the initial excitement, the crowd's enthusiasm started to ebb."
8584,ebb,Her confidence seemed to ebb away as she faced the panel of judges.
8584,ebb,"There is an ebb and flow to the stock market, so don't panic during temporary downturns."
8584,ebb,"The river's waters ebb and flow daily, following the rhythm of the sea."
8585,eclipse,The sudden popularity of streaming services caused traditional cable television to go into an eclipse.
8585,eclipse,"During the solar eclipse, the sky darkened, and birds stopped singing."
8585,eclipse,Her achievements in science completely eclipsed her brother's more modest success in business.
8585,eclipse,"The moon will eclipse the sun on April 8th, so make sure you have your eclipse glasses ready!"
8585,eclipse,He felt his enthusiasm for the project begin to eclipse as the deadline loomed closer and closer.
8586,gust,A sudden gust of wind nearly blew my umbrella inside out as I walked down the street.
8586,gust,The ship leaned precariously to one side after a powerful gust hit its sails.
8586,gust,"He approached the challenge with gusto, eager to prove his abilities."
8586,gust,The audience responded with a gust of laughter at the comedian's unexpected joke.
8586,gust,"Despite his initial reluctance, he ate the spicy noodles with surprising gusto."
8587,haze,"A heat haze shimmered above the asphalt, making the road look like it was covered in water."
8587,haze,"After a long day of hiking, I was in a bit of a haze and couldn't remember where I'd parked the car."
8587,haze,"The city was shrouded in a thick haze of pollution, making it difficult to breathe."
8587,haze,"He looked at me with a dreamy haze in his eyes, clearly lost in thought."
8587,haze,The details of that night are still a little hazy; I don't remember everything that happened.
8588,holly,We decorated the fireplace mantel with sprigs of holly and red berries for Christmas.
8588,holly,The gardener recommended planting a holly bush near the back fence to provide year-round greenery and privacy.
8588,holly,"The Christmas carol mentioned 'decking the halls with boughs of holly,' which reminded me to buy some at the market."
8588,holly,"The sharp, prickly leaves of the holly made it difficult to handle when I was making the wreath."
8588,holly,"She admired the deep green color of the holly leaves, contrasting beautifully with the bright red berries, in the garden catalogue."
8589,irrigation,The success of the rice harvest depends heavily on proper irrigation techniques.
8589,irrigation,Farmers in this arid region rely on irrigation to cultivate their crops.
8589,irrigation,We need to invest in better irrigation systems to prevent future droughts from devastating our agricultural lands.
8589,irrigation,The local government is discussing the environmental impact of the new irrigation project.
8589,irrigation,He's studying the principles of irrigation engineering at the university.
8590,peat,"The Scottish Highlands are known for their vast peat bogs, which provide a unique habitat for many species."
8590,peat,We used peat moss in the garden to improve the soil's drainage and retain moisture for the plants.
8590,peat,The smoky flavor of the Scotch whisky comes from drying the barley over a peat fire.
8590,peat,"Archaeologists carefully excavated the peat layer, hoping to uncover well-preserved artifacts from centuries ago."
8590,peat,"Burning peat as a fuel source releases significant amounts of carbon dioxide into the atmosphere, contributing to climate change."
8591,plume,The peacock proudly displayed its magnificent plume of iridescent feathers during the mating ritual.
8591,plume,"A plume of smoke rose from the forest fire, darkening the afternoon sky."
8591,plume,"She wore a hat adorned with a delicate white plume, giving her an air of elegance."
8591,plume,"He was in his full plume of glory after winning the championship, basking in the praise and admiration of the crowd."
8591,plume,"The volcano erupted with a massive plume of ash and lava, forcing the evacuation of nearby villages."
8592,puddle,The kids were happily splashing in the puddle after the rain stopped.
8592,puddle,Be careful not to step in that puddle; it looks deeper than it is.
8592,puddle,The leaky faucet left a small puddle on the bathroom floor.
8592,puddle,"After a week of heavy rain, the field was more of a lake than a field, with puddles everywhere."
8592,puddle,"He was knee-deep in a puddle of self-pity, unable to see a way out of his problems."
8593,sap,The heavy workload began to sap her energy and enthusiasm for the job.
8593,sap,We tapped the maple tree to collect its sap and make syrup.
8593,sap,His constant complaining was starting to sap my patience.
8593,sap,The con artist tried to sap him of his life savings by gaining his trust.
8593,sap,Years of fighting had sapped the army's morale and resources.
8594,silicon,"The computer chip is made of silicon, which is essential for its processing power."
8594,silicon,Silicon Valley is known worldwide as the hub of technological innovation and startups.
8594,silicon,She had silicon implants to enhance her breasts.
8594,silicon,The sealant around the bathtub is made of silicon to prevent water damage.
8594,silicon,Geologists analyzed the soil sample and found a high concentration of silicon dioxide.
8595,splinter,"I got a splinter in my finger while building the birdhouse, and now it's really irritating."
8595,splinter,"The old wooden fence was falling apart, with splinters sticking out everywhere."
8595,splinter,"The political party began to splinter after the controversial vote, leading to the formation of several smaller factions."
8595,splinter,"After the car accident, the shattered glass left dangerous splinters all over the road."
8595,splinter,"He tried to remove the splinter with tweezers, but it was too deep and he had to go to the doctor."
8596,absurdity,The sheer absurdity of the situation – being fined for feeding pigeons in a park – made him burst out laughing.
8596,absurdity,Trying to argue with someone who refuses to acknowledge basic facts is an exercise in absurdity.
8596,absurdity,"He recognized the absurdity of his childhood fears now that he was an adult, but they still lingered in his memory."
8596,absurdity,"The play was a brilliant exploration of the human condition, using absurdity and dark humor to highlight our foibles."
8596,absurdity,It's an absurdity to suggest that cutting funding for education will improve the quality of our schools; it simply doesn't make sense.
8597,actuality,The movie's depiction of the war was far removed from the grim actuality faced by the soldiers.
8597,actuality,"Despite his initial optimism, the project's actuality proved to be much more complex than he had anticipated."
8597,actuality,"In actuality, the situation is even worse than the news reports suggest."
8597,actuality,Bringing this ambitious plan to actuality will require significant investment and dedication from everyone involved.
8597,actuality,Let's not get carried away with hypotheticals; we need to focus on the actuality of the situation and what we can do right now.
8598,admittance,Admittance to the museum is free on Tuesdays after 5 PM.
8598,admittance,"The bouncer checked IDs carefully, denying admittance to anyone under 21."
8598,admittance,"After a long period of denial, he finally gained admittance to his problem and sought help."
8598,admittance,"She initially failed the exam, but after retaking it, she secured admittance to the university's prestigious program."
8598,admittance,"The sign clearly stated: ""No admittance except on official business."""
8599,affirmation,"Her daily affirmation was ""I am capable and worthy of success,"" which she repeated every morning in the mirror."
8599,affirmation,"The judge required an affirmation from the witness, as they objected to swearing an oath on religious grounds."
8599,affirmation,"Despite the setbacks, his unwavering belief in his own abilities served as a constant affirmation of his potential."
8599,affirmation,The company's decision to invest in renewable energy is a strong affirmation of their commitment to environmental sustainability.
8599,affirmation,"After a long and difficult process, receiving the acceptance letter felt like the ultimate affirmation of all her hard work and dedication."
8600,apprenticeship,"After completing his apprenticeship at the local bakery, he was finally ready to open his own shop."
8600,apprenticeship,She's considering an apprenticeship in plumbing as a practical alternative to university.
8600,apprenticeship,My grandfather always said that the best way to learn a trade is through a traditional apprenticeship under a master craftsman.
8600,apprenticeship,"The company offers a comprehensive apprenticeship program, providing both theoretical knowledge and hands-on experience."
8600,apprenticeship,"Although it was unpaid, her summer apprenticeship at the museum proved invaluable for her future career in art history."
8601,bondage,The historical drama explored the themes of slavery and the physical and emotional bondage it inflicted on its victims.
8601,bondage,"The escaped prisoner described his years in bondage as a living hell, fueling his determination to rebuild his life."
8601,bondage,Some BDSM practitioners engage in consensual bondage as a form of sexual expression and exploration of power dynamics.
8601,bondage,"Despite escaping the cult, she felt trapped in a psychological bondage to its teachings, struggling to break free from its influence."
8601,bondage,"The company's restrictive employment contract effectively put employees in economic bondage, limiting their ability to seek better opportunities elsewhere."
8602,camouflage,The soldiers wore camouflage uniforms to blend in with the forest.
8602,camouflage,Many insects use camouflage as a defense mechanism against predators.
8602,camouflage,"His friendly demeanor was just a camouflage for his true, manipulative intentions."
8602,camouflage,The new paint job on the car was designed to camouflage the scratches and dents.
8602,camouflage,The artist used a variety of greens and browns to camouflage the birdhouse in the tree.
8603,cleanliiness,The hotel prided itself on its cleanliness and impeccable service.
8603,cleanliiness,Maintaining cleanliness in the kitchen is essential for preventing foodborne illnesses.
8603,cleanliiness,Her commitment to cleanliness was evident in every corner of her spotless apartment.
8603,cleanliiness,"While some find minimalism aesthetically pleasing, others value cleanliness more than a sparse decor."
8603,cleanliiness,The inspector noted several violations related to cleanliness during the restaurant's health inspection.
8604,conditioning,"The athlete underwent rigorous conditioning to prepare for the marathon, focusing on both endurance and strength training."
8604,conditioning,My hair was so dry and brittle that I needed a deep conditioning treatment to restore its moisture.
8604,conditioning,"Classical conditioning, as demonstrated by Pavlov's experiments with dogs, shows how associations can be learned."
8604,conditioning,"Growing up in a strict household, I experienced a lot of social conditioning that I'm still trying to unpack."
8604,conditioning,"Before painting the metal surface, proper conditioning is essential to ensure the paint adheres correctly and prevents rust."
8605,contour,"The hiking trail followed the contour of the mountain, offering stunning views at every turn."
8605,contour,"The makeup artist used a darker shade of foundation to contour her cheekbones and jawline, creating a more defined look."
8605,contour,The political debate began to take a clearer contour as each candidate laid out their key policy positions.
8605,contour,"From the airplane window, I could see the distinct contour of the coastline meeting the vast expanse of the ocean."
8605,contour,"The sculptor carefully shaped the clay, paying close attention to the subtle contour of the human form."
8606,credibility,"The politician's credibility was damaged after the scandal broke, making it difficult for people to trust him."
8606,credibility,She built her credibility as a scientist through years of rigorous research and peer-reviewed publications.
8606,credibility,I question the credibility of that news source; they've been known to publish misleading information in the past.
8606,credibility,"To maintain credibility in the courtroom, the witness needed to provide consistent and accurate testimony."
8606,credibility,"His outlandish claims strained his credibility with his colleagues, who began to doubt everything he said."
8607,designation,"The official designation for the new park is ""Harmony Green."""
8607,designation,She earned the prestigious designation of Certified Public Accountant (CPA) after years of hard work.
8607,designation,"What's your job designation at the company, and what are your primary responsibilities?"
8607,designation,"The area received a national heritage site designation, which protects it from development."
8607,designation,"Despite his initial designation as the team's backup quarterback, he quickly proved himself and became the starter."
8608,detection,Early detection of cancer significantly increases the chances of successful treatment.
8608,detection,The security system is equipped with advanced motion detection technology.
8608,detection,His lie was obvious; the detection of his deception was almost immediate.
8608,detection,The software is designed for fraud detection and prevention in financial transactions.
8608,detection,"After the storm, the Coast Guard focused on the detection and rescue of stranded boaters."
8609,disclosure,The company made a full disclosure of its financial liabilities to the investors.
8609,disclosure,"Transparency requires the disclosure of information, even if it's unflattering."
8609,disclosure,"After the accident, the driver's disclosure of his medical condition surprised everyone."
8609,disclosure,The website's privacy policy outlines how they handle the disclosure of your personal data.
8609,disclosure,"Honesty is the best policy, and I think full disclosure is important in our relationship."
8610,evacuation,"The fire alarm sounded, and we proceeded with a calm and orderly evacuation of the building."
8610,evacuation,"After the hurricane, the mandatory evacuation order left the coastal towns deserted."
8610,evacuation,The doctor recommended bowel evacuation before the procedure to ensure accurate results.
8610,evacuation,"During the war, the evacuation of children to the countryside was a heartbreaking but necessary measure."
8610,evacuation,The company is practicing an emergency evacuation plan to ensure employee safety in case of a gas leak.
8611,feat,Climbing Mount Everest is an incredible feat of endurance and determination.
8611,feat,Landing the plane safely on the Hudson River was a remarkable feat of airmanship.
8611,feat,"Pulling off the surprise party without her finding out was quite a feat, considering how observant she is."
8611,feat,"The magician's final feat involved making an elephant disappear, leaving the audience stunned."
8611,feat,It's no small feat to balance a full-time job with raising three young children.
8612,flashing,"The police car arrived with its lights flashing, signaling an emergency."
8612,flashing,"I saw a brief image of a man flashing someone in the park, and I immediately called the authorities."
8612,flashing,"The website kept flashing a warning about a potential security breach, urging users to change their passwords."
8612,flashing,"During the thunderstorm, lightning was flashing across the sky, illuminating the dark clouds."
8612,flashing,"He gave me a flashing smile before turning away, leaving me wondering what he was thinking."
8613,heroism,The firefighter's heroism in rescuing the child from the burning building was widely recognized.
8613,heroism,"Despite the danger, the medic displayed remarkable heroism on the battlefield, tending to the wounded under heavy fire."
8613,heroism,"Acts of heroism, both big and small, are what make our community a better place."
8613,heroism,"We often hear about heroism in wartime, but everyday heroism can be found in the simple acts of kindness and courage people show to one another."
8613,heroism,"The stories of heroism from the Titanic disaster continue to inspire people today, highlighting the selflessness of those who helped others."
8614,homosexuality,The documentary explored the historical persecution of individuals due to their homosexuality.
8614,homosexuality,"There's been a growing acceptance of homosexuality in many parts of the world, though discrimination still exists."
8614,homosexuality,"He felt conflicted about his homosexuality, struggling to reconcile his feelings with his religious beliefs."
8614,homosexuality,The politician's stance on homosexuality was criticized as being outdated and discriminatory.
8614,homosexuality,The study examined the impact of societal attitudes on the mental health of individuals experiencing same-sex attraction and homosexuality.
8615,honk,I had to honk my horn at the pedestrian who stepped out into the street without looking.
8615,honk,"If you hear a lot of geese honking, it probably means they're about to take flight."
8615,honk,Don't honk at me! I'm going as fast as I can in this traffic.
8615,honk,The comedian's joke didn't land well; all I heard was a metaphorical 'honk' from the audience - a sound of disapproval.
8615,honk,"During the political rally, supporters would honk their car horns to show their agreement with the speaker."
8616,misbehavior,The teacher warned the class that any further misbehavior would result in detention.
8616,misbehavior,His constant misbehavior at school led to a meeting with the principal and his parents.
8616,misbehavior,"Despite her initial misbehavior, the puppy eventually learned to follow commands and became a well-behaved member of the family."
8616,misbehavior,The police were called to address the disorderly conduct and general misbehavior in the park after the concert.
8616,misbehavior,I won't tolerate any more of your misbehavior; either shape up or ship out!
8617,ordeal,"The surgery was a terrible ordeal, but I'm finally on the road to recovery."
8617,ordeal,Waiting for the test results was an emotional ordeal that seemed to last forever.
8617,ordeal,"After a week-long ordeal stranded in the desert, the hikers were finally rescued."
8617,ordeal,She described her experience giving evidence in court as a terrifying ordeal.
8617,ordeal,"He knew that climbing Mount Everest would be an ordeal, both physically and mentally, but he was determined to succeed."
8618,pollutant,The factory was fined heavily for releasing excessive amounts of a dangerous pollutant into the river.
8618,pollutant,"Air quality alerts are common in the city due to high levels of ground-level ozone, a major air pollutant."
8618,pollutant,We need to find a sustainable alternative to these pesticides; they are a significant pollutant in our agricultural runoff.
8618,pollutant,"My doctor suspects that long-term exposure to indoor air pollutants, like mold and dust mites, is contributing to my persistent cough."
8618,pollutant,"The environmental agency is working to identify and mitigate the sources of this new, unidentified pollutant found in the local water supply."
8619,preview,You can preview the document before printing to make sure everything is formatted correctly.
8619,preview,The studio released a short preview of the upcoming movie to generate excitement.
8619,preview,"I got to preview the new software, and I think it has a lot of potential."
8619,preview,"Before committing to the full course, students can preview the first module for free."
8619,preview,Let's preview the agenda for tomorrow's meeting so everyone knows what to expect.
8620,redemption,"After years of struggling with addiction, he found redemption through a strong support system and unwavering commitment to sobriety."
8620,redemption,"The film explores themes of guilt, forgiveness, and ultimately, the possibility of redemption for even the most flawed characters."
8620,redemption,"The company offered a bond redemption program, allowing investors to cash in their bonds early at a slightly reduced rate."
8620,redemption,"She saw his act of volunteering as a sign of redemption, a way for him to atone for his past mistakes."
8620,redemption,He knew his only path to redemption was to confess his wrongdoing and accept the consequences of his actions.
8621,reminder,This email serves as a friendly reminder that the deadline for submitting your application is next Friday.
8621,reminder,I set a daily reminder on my phone to take my medication.
8621,reminder,Looking at these old photos is a bittersweet reminder of the wonderful times we had together.
8621,reminder,The overflowing trash can is a constant reminder that I need to take out the garbage.
8621,reminder,"As a gentle reminder, please silence your cell phones before the performance begins."
8622,reunion,We're planning a family reunion at the lake house this summer; it's been too long since we've all been together.
8622,reunion,"The band announced a reunion tour, much to the delight of their longtime fans who thought they'd never see them perform live again."
8622,reunion,"After years apart, their reunion at the airport was incredibly emotional, filled with hugs and tears."
8622,reunion,The alumni association is organizing a class reunion for the tenth anniversary of our graduation.
8622,reunion,The two warring factions agreed to a reunion summit in an attempt to negotiate a lasting peace.
8623,reversal,The unexpected reversal of the court's decision surprised many legal experts.
8623,reversal,"After weeks of declining sales, the company is hoping for a reversal of fortune in the next quarter."
8623,reversal,"He suffered a temporary reversal of memory after the accident, unable to recall the events leading up to it."
8623,reversal,The politician's sudden change of heart was seen as a complete reversal of his previous stance on the issue.
8623,reversal,"The intricate plot twist involved a shocking reversal of roles, where the villain became the hero."
8624,setback,The project suffered a major setback when the funding was withdrawn unexpectedly.
8624,setback,"Although the injury was a setback, she was determined to come back stronger than ever."
8624,setback,"He viewed the failed business venture as a temporary setback, not a permanent defeat."
8624,setback,"Despite the initial setbacks, the team persevered and eventually achieved their goals."
8624,setback,The negotiations experienced a setback due to disagreements over the proposed terms.
8625,silhouette,The lone tree on the hilltop created a striking silhouette against the fiery sunset.
8625,silhouette,"I could see the silhouette of a figure standing in the window, but I couldn't make out who it was."
8625,silhouette,"The artist specialized in creating paper silhouettes, meticulously cutting out intricate designs."
8625,silhouette,"The city skyline, a dark silhouette against the twilight sky, looked both beautiful and ominous."
8625,silhouette,"Her face was obscured by the harsh backlight, leaving only a silhouette that hinted at her expression."
8626,simulation,The flight simulator provided a realistic simulation of landing in a snowstorm.
8626,simulation,Economists use computer simulations to predict the effects of different tax policies.
8626,simulation,The company ran a simulation of the new marketing campaign to identify potential weaknesses before launch.
8626,simulation,"In a medical simulation, students practiced performing a complex surgery on a mannequin."
8626,simulation,"The game offers a detailed simulation of city life, allowing players to manage everything from traffic flow to waste disposal."
8627,spontaneity,The best part of the trip was the spontaneity; we just decided to drive wherever the road took us.
8627,spontaneity,I admire her spontaneity; she never hesitates to try new things.
8627,spontaneity,"While planning is important, sometimes a little spontaneity can lead to unexpected and wonderful experiences."
8627,spontaneity,"The comedian's act relied heavily on spontaneity, reacting to the audience and improvising jokes on the spot."
8627,spontaneity,"The CEO encouraged spontaneity and innovation in the workplace, believing that rigid structures stifle creativity."
8628,temperance,"Practicing temperance in all things, from food to spending, has greatly improved my overall well-being."
8628,temperance,The temperance movement of the 19th century aimed to reduce or eliminate the consumption of alcohol.
8628,temperance,"While I enjoy a glass of wine with dinner, I strive for temperance and never overindulge."
8628,temperance,"The judge praised the defendant's temperance and good behavior since the incident, which influenced the sentencing."
8628,temperance,Achieving a healthy work-life balance requires temperance; you can't let your job consume every aspect of your life.
8629,wiring,The electrician is coming tomorrow to fix the faulty wiring in our kitchen; the lights keep flickering.
8629,wiring,"After the accident, she felt her brain's wiring was somehow different, making it harder to concentrate."
8629,wiring,"The new smart home system requires extensive wiring, so we'll need to consult a professional installer."
8629,wiring,He seems to be wired differently; he can stay up all night working and still be energetic the next day.
8629,wiring,The company specializes in the design and installation of complex wiring systems for industrial machinery.
8630,allocation,"The initial allocation of resources to the project proved insufficient, so we requested additional funding."
8630,allocation,My company offers a generous allocation of stock options to its employees as part of their compensation package.
8630,allocation,"Due to the overwhelming demand, the allocation of tickets will be decided by a lottery system."
8630,allocation,We need to discuss the allocation of responsibilities for the upcoming marketing campaign to ensure everyone knows their role.
8630,allocation,The charity ensures a fair allocation of food and supplies to those affected by the natural disaster.
8631,boon,"The invention of the internet has been a real boon to communication, connecting people across the globe instantly."
8631,boon,"For the farmers, the unexpected rainfall was a welcome boon, saving their crops from drought."
8631,boon,Living close to public transportation is a major boon when you don't own a car.
8631,boon,"The city's recent economic boom proved to be a mixed boon, bringing prosperity but also increased traffic and housing costs."
8631,boon,"Her fluency in several languages proved a boon during her international business travels, allowing her to negotiate deals more effectively."
8632,clearance,"The store is having a huge clearance sale this weekend, with discounts up to 70% off."
8632,clearance,"Before starting the demolition, we need to get environmental clearance from the city council."
8632,clearance,I'm still waiting for security clearance to access the restricted area of the building.
8632,clearance,The pilot requested clearance for takeoff from air traffic control.
8632,clearance,Make sure there's enough clearance between the furniture and the doorway before you try to move it.
8633,computing,Cloud computing has revolutionized the way businesses store and access data.
8633,computing,My new laptop is great for everyday computing tasks like browsing the internet and writing emails.
8633,computing,"The university offers a wide range of courses in computing, from introductory programming to advanced artificial intelligence."
8633,computing,Distributed computing allows us to tackle complex problems by breaking them down into smaller parts that can be solved concurrently.
8633,computing,"She's very knowledgeable in the field of scientific computing, especially when it comes to simulations."
8634,contention,The main contention of his argument was that climate change is primarily driven by human activity.
8634,contention,"The proposed budget cuts became a major point of contention between the two political parties, leading to heated debates."
8634,contention,"Despite the long-standing contention over the land rights, the two communities agreed to meet for peaceful negotiations."
8634,contention,One area of contention during the contract negotiations was the issue of employee benefits and healthcare coverage.
8634,contention,"There's a lot of contention about who makes the best pizza in New York City, but everyone has their own favorite place."
8635,curfew,"The city imposed a strict curfew after the riots broke out, ordering everyone off the streets by 8 PM."
8635,curfew,"My parents gave me a 10 PM curfew when I started high school, which felt incredibly unfair at the time."
8635,curfew,"Breaking curfew had serious consequences in the military academy, often resulting in extra duties and demerits."
8635,curfew,"During the pandemic, many countries implemented curfews to limit social gatherings and slow the spread of the virus."
8635,curfew,"Even though I'm an adult now, I still feel a little rebellious staying out past what used to be my childhood curfew."
8636,deduction,"Based on the evidence, my deduction is that the butler committed the crime."
8636,deduction,The company offers a tax deduction for charitable donations.
8636,deduction,"After careful deduction, we realized the mistake was in the initial calculation."
8636,deduction,He made a logical deduction and correctly guessed the password.
8636,deduction,The monthly deduction from my paycheck covers health insurance and retirement contributions.
8637,deposition,"The lawyer prepared diligently for the witness's deposition, anticipating tough questions."
8637,deposition,The slow deposition of silt over centuries created the fertile land we now farm.
8637,deposition,"She gave her deposition under oath, recounting the events of that night as accurately as she could."
8637,deposition,The geologist studied the rock layers to understand the history of sediment deposition in the area.
8637,deposition,"The company's CEO refused to give a deposition, citing his Fifth Amendment rights."
8638,dissent,There was a palpable feeling of dissent in the room as the manager announced the unpopular policy change.
8638,dissent,"The Supreme Court justice wrote a powerful dissenting opinion, outlining her reasons for disagreement with the majority's ruling."
8638,dissent,"Despite the pressure to conform, a small group of students voiced their dissent against the administration's decision to cut funding for the arts."
8638,dissent,"His dissent was not born out of malice, but from a genuine desire to improve the project and avoid potential pitfalls."
8638,dissent,"In a totalitarian regime, even the slightest hint of dissent can be met with severe consequences."
8639,downfall,"His arrogance ultimately proved to be his downfall, as he ignored warnings and made a series of disastrous decisions."
8639,downfall,The company's downfall began with a poorly executed marketing campaign and a failure to adapt to changing consumer preferences.
8639,downfall,Many historians believe that excessive taxation contributed to the downfall of the Roman Empire.
8639,downfall,I fear that his gambling addiction will be his downfall if he doesn't seek help soon.
8639,downfall,"The politician's downfall was swift and brutal after the scandal broke, revealing years of corruption and abuse of power."
8640,endorsement,The celebrity's endorsement of the new energy drink led to a significant increase in sales.
8640,endorsement,Getting the professor's endorsement on my research proposal was a huge step towards securing funding.
8640,endorsement,"While I appreciate the offer, I can't give my endorsement to a product I haven't personally tested."
8640,endorsement,The political candidate is hoping to secure the endorsement of the local teachers' union before the election.
8640,endorsement,He needed an endorsement on the back of the check before he could deposit it into his account.
8641,flaw,"The diamond's only flaw was a tiny inclusion, barely visible to the naked eye."
8641,flaw,"His argument was well-reasoned, but I found a fundamental flaw in his logic."
8641,flaw,"Despite her many talents, her tendency to procrastinate is a major flaw that holds her back."
8641,flaw,The software update was released prematurely and contained a critical flaw that caused the system to crash.
8641,flaw,"Nobody's perfect; we all have our flaws, it's how we learn from them that matters."
8642,fusion,"The restaurant is known for its innovative fusion cuisine, blending French and Asian flavors."
8642,fusion,Scientists are working on achieving nuclear fusion as a clean and sustainable energy source.
8642,fusion,"The merger of the two companies was a fusion of different corporate cultures, which initially caused some friction."
8642,fusion,Her artwork represents a unique fusion of traditional techniques and modern sensibilities.
8642,fusion,"The band's music is a powerful fusion of rock, jazz, and blues, creating a truly original sound."
8643,gentry,"The old manor house had been in the family for generations, a testament to their gentry status in the county."
8643,gentry,He spoke with the affected accent of someone trying to appear as though he belonged to the landed gentry.
8643,gentry,"While the aristocracy held titles and vast estates, the gentry were often wealthy landowners without noble rank."
8643,gentry,"In Jane Austen's novels, much of the social drama revolves around the lives and loves of the English gentry."
8643,gentry,The local gentry organized a charity ball to raise money for the hospital.
8644,imperialism,Many historians argue that the Scramble for Africa was a prime example of European imperialism in the late 19th century.
8644,imperialism,"The company's aggressive expansion into new markets felt like a form of corporate imperialism, swallowing up smaller competitors."
8644,imperialism,Debates continue about whether certain forms of foreign aid are genuine assistance or simply a new guise for economic imperialism.
8644,imperialism,"While some see globalization as a force for good, others criticize it as a vehicle for cultural imperialism, where dominant cultures overshadow local traditions."
8644,imperialism,The author explored the themes of colonialism and imperialism through the lens of a family torn apart by political upheaval.
8645,inconsistency,"There's an inconsistency in the witness's story; she first said she was home alone, but later mentioned talking to her neighbor."
8645,inconsistency,"The company's financial reports showed a significant inconsistency between their claimed profits and their actual tax payments, raising suspicions of fraud."
8645,inconsistency,"His behavior shows a frustrating inconsistency; one day he's incredibly supportive, and the next he's completely withdrawn."
8645,inconsistency,The inconsistency in the data made it impossible to draw any firm conclusions from the research study.
8645,inconsistency,"To avoid inconsistency, the software development team implemented a strict coding style guide."
8646,individualism,American culture is often characterized by a strong emphasis on individualism and self-reliance.
8646,individualism,The company's focus on teamwork often clashes with the inherent individualism of some of its employees.
8646,individualism,"While collectivism prioritizes the group, individualism emphasizes the rights and freedoms of the individual."
8646,individualism,"He admired her individualism and willingness to stand up for her beliefs, even when they were unpopular."
8646,individualism,The rise of social media has paradoxically both fostered individualism and created new forms of social conformity.
8647,inefficiency,The inefficiency of the old assembly line was costing the company a fortune in wasted time and resources.
8647,inefficiency,"Due to bureaucratic inefficiency, my passport renewal took almost three months to process."
8647,inefficiency,I'm trying to cut down on inefficiency in my daily routine by batching similar tasks together.
8647,inefficiency,The government's inefficiency in handling the crisis drew harsh criticism from the public.
8647,inefficiency,We need to address the inefficiency of our communication channels to ensure everyone is on the same page.
8648,infrastructure,The city desperately needs to invest in its public transportation infrastructure to alleviate traffic congestion.
8648,infrastructure,Our company relies on a robust IT infrastructure to ensure seamless communication and data management across all departments.
8648,infrastructure,"The earthquake severely damaged the region's infrastructure, making it difficult to deliver aid and rebuild communities."
8648,infrastructure,"Building a strong social infrastructure, including community centers and libraries, is vital for fostering a sense of belonging and civic engagement."
8648,infrastructure,"Before launching the new product, we need to assess whether our current infrastructure can handle the anticipated increase in user traffic."
8649,legitimacy,The president's claims about election fraud completely undermined the legitimacy of the entire process.
8649,legitimacy,The company struggled to gain legitimacy in the eyes of consumers due to its shady business practices.
8649,legitimacy,"Before investing, you should always check the legitimacy of the website and its security certificates."
8649,legitimacy,"The new law was passed without proper debate, raising questions about its legitimacy and public acceptance."
8649,legitimacy,Her experience and qualifications gave her immediate legitimacy as a leading expert in the field.
8650,liberalism,"The professor argued that the core tenets of liberalism, such as individual rights and limited government, are essential for a thriving democracy."
8650,liberalism,"After years of right-wing policies, the country seemed to be shifting towards a new era of liberalism, with increased support for social programs."
8650,liberalism,"While I appreciate some aspects of liberalism, I find myself disagreeing with its approach to economic regulation."
8650,liberalism,"Her parents, staunch conservatives, were often frustrated by her increasingly liberal views on social issues."
8650,liberalism,"In political science, we studied the different types of liberalism, from classical liberalism to modern social liberalism."
8651,lordship,"His Lordship, the Duke of Ashland, will be presiding over the charity gala this evening."
8651,lordship,"After years of loyal service, the knight was granted a small lordship in the king's realm."
8651,lordship,"The manager addressed the CEO with utmost respect, always referring to him as 'your Lordship' in formal meetings."
8651,lordship,"She spoke of the old manor house and the surrounding lands, reminiscing about the days when her family held lordship over the entire region."
8651,lordship,"Despite the decline of the aristocracy, some families still maintain their traditional titles and the associated lordship of their ancestral estates."
8652,maneuver,The skilled driver was able to maneuver the large truck through the narrow city streets with surprising ease.
8652,maneuver,"To maneuver around the bureaucratic red tape, we had to get creative with our proposal."
8652,maneuver,The politician tried to maneuver himself into a position of power by subtly undermining his rivals.
8652,maneuver,"During the airshow, the pilot performed a daring maneuver, looping the plane several times."
8652,maneuver,She had to carefully maneuver the conversation away from sensitive topics to avoid upsetting anyone.
8653,manipulation,The politician was accused of manipulation of the facts to sway public opinion.
8653,manipulation,I felt like she was using emotional manipulation to get me to do what she wanted.
8653,manipulation,Careful manipulation of the clay allowed the artist to create a beautiful sculpture.
8653,manipulation,He's a master of social manipulation; he always gets his way.
8653,manipulation,The stock market is vulnerable to manipulation by large investors.
8654,matrix,"The company's organizational structure is a complex matrix, with employees reporting to multiple managers across different departments."
8654,matrix,"In mathematics, we use a matrix to represent a system of linear equations and solve for the unknowns."
8654,matrix,"Navigating the social matrix of a new high school can be daunting, especially when trying to find your place among different cliques."
8654,matrix,"The artist created a stunning visual matrix using various colors and textures, resulting in a captivating abstract painting."
8654,matrix,"He was deeply embedded in the criminal matrix, making it difficult for law enforcement to gather enough evidence for a conviction."
8655,Messrs.,"The contract was drawn up between our company and Messrs. Smith & Jones, Attorneys at Law."
8655,Messrs.,Messrs. Davis and Lee will be presenting their findings at the annual conference next week.
8655,Messrs.,"The invoice was addressed to Messrs. Brown, Miller, and Associates, but I'm not sure who handles the payments."
8655,Messrs.,"After careful consideration, the board decided to award the project to Messrs. Thompson and Sons, given their extensive experience in the field."
8655,Messrs.,"I believe Messrs. Johnson and Wilson are already handling that account, so you should coordinate with them directly."
8656,milestone,Getting my driver's license felt like a real milestone in becoming an adult.
8656,milestone,The company celebrated a major milestone this year: its 50th anniversary.
8656,milestone,Reaching one million subscribers on YouTube was a huge milestone for the content creator.
8656,milestone,"We've passed a significant milestone in the project, but there's still a long way to go before completion."
8656,milestone,"Parents often eagerly anticipate and track their child's developmental milestones, such as crawling and walking."
8657,morale,The team's morale was low after losing three games in a row.
8657,morale,A company-wide bonus can be a great way to boost employee morale.
8657,morale,"Despite the difficult circumstances, the soldiers maintained high morale."
8657,morale,The constant criticism from management had a devastating effect on the morale of the staff.
8657,morale,"To improve morale, the CEO decided to implement a more flexible work schedule."
8658,neutrality,Switzerland is famous for its long-standing policy of neutrality in international conflicts.
8658,neutrality,"As a journalist, it's crucial to maintain neutrality and report the facts objectively, avoiding personal bias."
8658,neutrality,The mediator attempted to ensure neutrality by allowing each party equal time to present their case.
8658,neutrality,"In the debate about climate change, claiming neutrality is no longer an option; we all have a responsibility to act."
8658,neutrality,"Despite pressure from both sides, the small country declared its neutrality and refused to take sides in the war."
8659,precedent,The judge's ruling set a dangerous precedent for future cases involving freedom of speech.
8659,precedent,"We don't have a precedent for handling this type of customer complaint, so we'll have to figure out a new approach."
8659,precedent,"Following the precedent established by previous CEOs, she announced a company-wide bonus."
8659,precedent,"He broke with precedent and decided to wear jeans to the formal gala, much to everyone's surprise."
8659,precedent,"The Supreme Court decision overturned decades of legal precedent, causing widespread debate and concern."
8660,protocol,"According to diplomatic protocol, the visiting dignitary should be greeted at the airport by someone of equal rank."
8660,protocol,Our company has a strict protocol for handling customer complaints; it's all outlined in the employee handbook.
8660,protocol,The scientists followed a detailed experimental protocol to ensure the accuracy and reproducibility of their results.
8660,protocol,"Before we start the video conference, let's quickly review the communication protocol – keep your microphones muted unless you're speaking."
8660,protocol,The doctors decided to try a new treatment protocol after the patient's condition failed to improve with the standard therapy.
8661,racism,The company faced accusations of systemic racism after a report revealed significant disparities in promotion rates for minority employees.
8661,racism,He experienced blatant racism when he was denied service at the restaurant because of his skin color.
8661,racism,"While some argue that colorblindness is the solution, others believe it ignores the ongoing effects of institutional racism."
8661,racism,"She dedicated her life to fighting racism and promoting equality for all people, regardless of their background."
8661,racism,It's important to recognize that racism isn't always overt; sometimes it manifests as microaggressions and unconscious bias.
8662,refund,I had to return the faulty toaster to the store to get a full refund.
8662,refund,"If you cancel your reservation at least 24 hours in advance, you'll be eligible for a refund."
8662,refund,"After discovering the hidden charges, I demanded a refund from the travel agency."
8662,refund,"Unfortunately, since you're outside the return window, we can't offer you a refund, but we can offer store credit."
8662,refund,The company issued a public statement promising a full refund to all customers affected by the data breach.
8663,repression,The government's repression of free speech led to widespread discontent and protests.
8663,repression,"He suffered from emotional repression, rarely expressing his true feelings."
8663,repression,The therapist helped her unpack years of repression stemming from childhood trauma.
8663,repression,"Political repression was common under the authoritarian regime, with dissenters often imprisoned or exiled."
8663,repression,"After years of repression, the artistic community finally found a voice and began to challenge the status quo."
8664,repute,The restaurant has a well-deserved repute for serving the freshest seafood in town.
8664,repute,"Despite his initial success, the politician's repute was tarnished by allegations of corruption."
8664,repute,"She is a doctor of good repute, known for her expertise and compassionate care."
8664,repute,The company is working hard to rebuild its repute after the product recall.
8664,repute,"He gained a repute as something of a maverick, always willing to challenge the status quo."
8665,retention,The company is focused on improving employee retention by offering better benefits and opportunities for advancement.
8665,retention,"Water retention can be a common side effect of certain medications, so be sure to discuss this with your doctor."
8665,retention,The museum's retention of historical artifacts is crucial for preserving cultural heritage for future generations.
8665,retention,My memory isn't what it used to be; my retention of new information seems to be declining.
8665,retention,"To improve student retention of the course material, the professor incorporated more interactive activities and real-world examples into the lectures."
8666,seizure,The doctor suspects the child's fainting spells might be caused by a mild seizure disorder.
8666,seizure,"After the dictator's sudden death, there was a chaotic seizure of power by various factions within the military."
8666,seizure,The police made a seizure of illegal firearms and drugs from the suspect's apartment.
8666,seizure,"He had a grand mal seizure last night, so we rushed him to the emergency room."
8666,seizure,The company's sudden seizure of the market share surprised even its own executives.
8667,shipbuilding,The decline of shipbuilding in the region has led to significant job losses and economic hardship.
8667,shipbuilding,He studied naval architecture with the goal of working in the shipbuilding industry.
8667,shipbuilding,Modern shipbuilding relies heavily on advanced technologies such as computer-aided design and robotic welding.
8667,shipbuilding,"The museum features exhibits on the history of shipbuilding in the area, showcasing the evolution of ship construction techniques."
8667,shipbuilding,"Environmental regulations are increasingly impacting shipbuilding practices, pushing the industry towards more sustainable materials and processes."
8668,spinning,"The ceiling fan was spinning lazily, creating a gentle breeze in the room."
8668,spinning,"After hearing the shocking news, my head was spinning and I needed to sit down."
8668,spinning,The politician was accused of spinning the facts to make himself look better.
8668,spinning,"She enjoys spinning yarn on her antique spinning wheel, a craft passed down through generations."
8668,spinning,The race car's tires were spinning as it tried to accelerate on the slick track.
8669,subgroup,"The study focused on a specific subgroup of the population, namely women over 65 with osteoporosis."
8669,subgroup,Our book club is dividing into smaller subgroups to facilitate more intimate discussions.
8669,subgroup,"Within the larger political party, there's a vocal subgroup advocating for more radical reforms."
8669,subgroup,Researchers identified a genetic marker that was prevalent in a particular subgroup of patients with the disease.
8669,subgroup,The company's marketing team is targeting a specific subgroup of millennials with their new advertising campaign.
8670,tactics,"The lawyer's courtroom tactics were questionable, but ultimately effective in securing an acquittal."
8670,tactics,Our team needs to rethink its sales tactics; we're not reaching our targets this quarter.
8670,tactics,"Negotiating a raise requires careful tactics, such as highlighting your recent accomplishments and demonstrating your value to the company."
8670,tactics,"The general employed brilliant tactics to outmaneuver the enemy, despite being outnumbered."
8670,tactics,"He tried using scare tactics to get me to agree, but I wasn't intimidated."
8671,torrent,"After days of drought, a torrent of rain finally arrived, flooding the streets within minutes."
8671,torrent,He unleashed a torrent of abuse at the referee after the controversial call.
8671,torrent,The news of the celebrity's death triggered a torrent of tributes on social media.
8671,torrent,"A torrent of data is constantly flowing through the company's servers, making analysis a challenge."
8671,torrent,She struggled to hold back the torrent of tears as she recounted the tragic story.
8672,trump,"In the card game of bridge, a spade can trump a heart if spades are the trump suit."
8672,trump,"Her desire to help others ultimately trumped her ambition for personal success, leading her to a career in social work."
8672,trump,"Even though he was the underdog, his raw talent trumped the experience of his competitors."
8672,trump,The company's commitment to environmental sustainability will always trump short-term profit gains.
8672,trump,"During the negotiations, they played their trump card, revealing a key piece of information that changed the entire dynamic."
8673,turf,"The soccer team practiced hard on the freshly laid turf, hoping to improve their passing accuracy."
8673,turf,"After years of gang violence, the police are trying to prevent any more battles over turf in the neighborhood."
8673,turf,"As a new employee, I felt like I was stepping on someone else's turf when I started offering suggestions during the meeting."
8673,turf,"We decided to replace our patchy lawn with artificial turf, so we wouldn't have to water it during the drought."
8673,turf,"The local residents fiercely defended their turf against the proposed development, arguing it would destroy the character of the area."
8674,uranium,The nuclear power plant uses enriched uranium to generate electricity.
8674,uranium,Geologists discovered a new vein of uranium ore in the remote mountain region.
8674,uranium,Concerns about nuclear proliferation have led to stricter regulations on the trade of uranium.
8674,uranium,The half-life of uranium-238 is so long that it's used to date very old rocks.
8674,uranium,I read an article about how some countries are exploring alternative methods for uranium enrichment.
8675,valuation,The real estate agent provided a free valuation of our house to help us decide on a listing price.
8675,valuation,"After the scandal, the company's valuation plummeted, leading to significant losses for investors."
8675,valuation,We need to get a professional valuation of the antique furniture before we can put it up for auction.
8675,valuation,Her high valuation of hard work and dedication is evident in her commitment to the project.
8675,valuation,"The startup is seeking a new round of funding, hoping to achieve a higher valuation based on its recent growth."
8676,bran,Adding bran to your diet is a great way to increase your fiber intake and improve digestion.
8676,bran,"For breakfast, I often have a bowl of bran flakes with milk and a sliced banana."
8676,bran,"The old mill still had remnants of bran clinging to the machinery, a testament to its past use."
8676,bran,He was known for being a bit of a 'bran muffin' – healthy but not particularly exciting.
8676,bran,The baker carefully sifted the flour to remove any coarse bran before making the delicate pastries.
8677,champagne,We celebrated our anniversary with a bottle of vintage champagne.
8677,champagne,"The bride and groom toasted with champagne flutes, their faces beaming with joy."
8677,champagne,"She has champagne tastes on a beer budget, always wanting the best but rarely able to afford it."
8677,champagne,"The victory party was wild, with champagne spraying everywhere as the team celebrated their championship win."
8677,champagne,"For a sophisticated brunch, consider serving mimosas, which are made with champagne and orange juice."
8678,coke,"I'll have a burger and a Coke, please."
8678,coke,"The steel industry uses coke, a fuel derived from coal, in the smelting process."
8678,coke,"After a long hike, nothing tastes better than an ice-cold Coke."
8678,coke,"He snorted coke in the bathroom, oblivious to the consequences."
8678,coke,Let's grab some pizza and Cokes tonight – my treat!
8679,cuisine,Italian cuisine is known for its fresh ingredients and simple yet flavorful dishes.
8679,cuisine,"The restaurant offers a fusion cuisine, blending elements of Asian and European culinary traditions."
8679,cuisine,"While traveling in Thailand, I was eager to experience the authentic local cuisine."
8679,cuisine,"He's a chef specializing in molecular cuisine, using scientific techniques to transform food."
8679,cuisine,"After years of experimenting, she finally mastered her grandmother's traditional cuisine."
8680,gravy,"I could just drink the gravy; it's so rich and flavorful, especially with the mashed potatoes."
8680,gravy,"Landing that contract was pure gravy for the company; we were already doing well, but this will put us way ahead of schedule."
8680,gravy,The cook's secret to perfect gravy is to deglaze the pan with wine and then slowly whisk in the flour.
8680,gravy,"After a long day of hiking, a hearty dinner with plenty of gravy was exactly what we needed to replenish our energy."
8680,gravy,The article delved into the political 'gravy train' of government contracts and the potential for corruption.
8681,lime,Could you grab me a lime from the fridge to put in my margarita?
8681,lime,The construction crew used quicklime to stabilize the soil before laying the foundation.
8681,lime,She added a squeeze of lime juice to the fish tacos for extra zest.
8681,lime,The old oak tree was covered in a thick layer of lime wash to protect it from insects.
8681,lime,The bright lime green of her dress really stood out in the crowd.
8682,nutrient,The doctor recommended a blood test to check for any nutrient deficiencies.
8682,nutrient,"This fertilizer is designed to deliver essential nutrients directly to the plant roots, promoting healthy growth."
8682,nutrient,"While processed foods are convenient, they often lack the vital nutrients found in fresh fruits and vegetables."
8682,nutrient,"The algae bloom depleted the water's nutrients, leading to a decline in the fish population."
8682,nutrient,Proper diet and exercise are crucial for ensuring your body receives the nutrients it needs to function optimally.
8683,sherbet,"After a long day at the beach, nothing tastes better than a refreshing orange sherbet."
8683,sherbet,"The children eagerly awaited the arrival of the ice cream truck, hoping it had their favorite rainbow sherbet."
8683,sherbet,"For dessert, we served a light and palate-cleansing lemon sherbet between courses."
8683,sherbet,"My grandmother always kept a jar of sherbet powder in her purse, a sweet treat for whenever we visited."
8683,sherbet,"Although sorbet and sherbet are both frozen desserts, sherbet typically contains a small amount of dairy."
8684,soybean,The farmer decided to plant soybeans in the east field this year.
8684,soybean,Soybean oil is a common ingredient in many processed foods and cooking oils.
8684,soybean,Concerns have been raised about the environmental impact of large-scale soybean farming.
8684,soybean,"I'm trying to incorporate more plant-based protein into my diet, so I've been experimenting with different soybean recipes."
8684,soybean,The company's profits were significantly impacted by the rising cost of soybeans on the global market.
8685,starch,The chef added a little cornstarch to the sauce to thicken it up.
8685,starch,"My grandmother always used to starch her linen tablecloths to give them a crisp, formal look."
8685,starch,He was so stiff and formal at the party; he seemed to have swallowed a lot of starch.
8685,starch,"Potatoes are a good source of starch, providing us with energy."
8685,starch,This shirt needs a bit of starch before I wear it to the interview; it looks too wrinkled right now.
8686,yeast,The recipe calls for a packet of active dry yeast to help the bread rise properly.
8686,yeast,She's battling a yeast infection and has an appointment with her doctor next week.
8686,yeast,"Brewers use specific strains of yeast to ferment sugars into alcohol, giving beer its characteristic flavor."
8686,yeast,The baker proved the yeast by mixing it with warm water and sugar to see if it foamed.
8686,yeast,"Some people are sensitive to yeast and have to avoid foods like bread, pizza, and beer."
8687,adequacy,"The doctor questioned the adequacy of the patient's diet, suggesting she needed more protein and vitamins."
8687,adequacy,"While the initial response to the crisis was appreciated, its adequacy in the long term is now being debated."
8687,adequacy,"The software's functionality is acceptable, but its speed and memory usage raise concerns about its overall adequacy for our needs."
8687,adequacy,"After the storm, the local government struggled to ensure the adequacy of shelter and supplies for the displaced residents."
8687,adequacy,"I question the adequacy of my qualifications for this senior role, but I'm willing to learn and grow into it."
8688,adherence,Successful recovery from surgery requires strict adherence to the doctor's post-operative instructions.
8688,adherence,The company's adherence to environmental regulations has earned them a positive reputation.
8688,adherence,"Despite his initial reluctance, he showed remarkable adherence to the new diet plan and lost a significant amount of weight."
8688,adherence,The political party demands complete adherence to its core principles from all members.
8688,adherence,"While I appreciate your loyalty, blind adherence to tradition can sometimes hinder progress."
8689,congestion,The doctor prescribed a decongestant to relieve my nasal congestion.
8689,congestion,Traffic congestion on the highway added an hour to my commute this morning.
8689,congestion,The city council is trying to alleviate congestion in the downtown area by improving public transportation.
8689,congestion,"Due to the congestion in the emergency room, we had to wait several hours to be seen by a doctor."
8689,congestion,"The website experienced severe congestion during the online sale, causing many users to have trouble accessing it."
8690,digit,"She struggled to remember the last digit of her PIN number, which was frustrating since she needed to access her bank account."
8690,digit,"The company's profits increased by a double-digit percentage this quarter, indicating strong growth."
8690,digit,"In binary code, each digit is either a 0 or a 1."
8690,digit,"The phone number was missing a digit, so I couldn't call them back."
8690,digit,He was working on a complex mathematical problem that required him to manipulate digits with great precision.
8691,enrichment,The museum offers an arts enrichment program for underprivileged children in the community.
8691,enrichment,Her travels abroad provided a significant enrichment to her understanding of different cultures.
8691,enrichment,We need to focus on job enrichment strategies to make employees feel more valued and engaged in their work.
8691,enrichment,"The city council is considering a uranium enrichment facility, but the environmental impact assessment is causing controversy."
8691,enrichment,"Adding compost to the soil is a natural method of soil enrichment, improving its fertility and structure."
8692,highness,"We must address her as ""Your Highness"" in all official correspondence."
8692,highness,"The mountain's highness was obscured by the thick clouds, making it impossible to see the summit."
8692,highness,"After years of dedicated service, the pilot reached the highness of his career, becoming a flight instructor."
8692,highness,His Royal Highness seemed genuinely interested in the plight of the refugees.
8692,highness,"The musician's highness of emotion was palpable during the performance, bringing many in the audience to tears."
8693,imperfection,"She embraced her so-called imperfections, arguing that they were what made her unique and interesting."
8693,imperfection,"The antique vase, despite a small imperfection on its base, was still incredibly valuable due to its age and craftsmanship."
8693,imperfection,"While the diamond appeared flawless to the naked eye, a trained jeweler could identify a slight imperfection under magnification."
8693,imperfection,"He strived for perfection in his work, but eventually realized that accepting imperfection was key to progress and innovation."
8693,imperfection,The software update aimed to correct several coding imperfections that were causing the system to crash unexpectedly.
8694,interim,An interim solution was agreed upon until a permanent fix could be implemented.
8694,interim,The CEO appointed an interim manager to oversee the department while they searched for a permanent replacement.
8694,interim,"In the interim, while you're waiting for the software to install, you can read the user manual."
8694,interim,The committee released an interim report outlining their initial findings and recommendations.
8694,interim,We'll need to operate under these interim guidelines until the board approves the new policies.
8695,intolerance,The politician's intolerance towards immigrants was widely criticized during the election campaign.
8695,intolerance,I have a high intolerance for spicy food; even a little chili oil makes me uncomfortable.
8695,intolerance,His intolerance of differing opinions made it difficult to have a productive conversation with him.
8695,intolerance,The organization aims to combat intolerance and promote understanding between different cultures and religions.
8695,intolerance,"She has an intolerance to lactose, so she can't eat dairy products like cheese or ice cream."
8696,intricacy,The intricacy of the clock's mechanism was astonishing; each tiny gear played a vital role in keeping accurate time.
8696,intricacy,Understanding the intricacy of the tax code requires a skilled accountant.
8696,intricacy,"She admired the intricacy of the lacework, noting the delicate patterns woven with such precision."
8696,intricacy,The plot of the novel was filled with so much intricacy that it took me a while to understand all the connections between the characters.
8696,intricacy,"Despite its apparent simplicity, the cultural ritual possessed a surprising amount of intricacy and symbolic meaning."
8697,irrelevance,"The speaker's personal anecdotes, while entertaining, had a distinct air of irrelevance to the core argument of the presentation."
8697,irrelevance,"In the face of such a global crisis, local political squabbles seem to fade into utter irrelevance."
8697,irrelevance,"He dismissed my concerns about the budget, stating that they were of complete irrelevance to the larger strategic goals."
8697,irrelevance,The judge ruled the evidence inadmissible due to its irrelevance to the case at hand; it simply didn't prove or disprove anything.
8697,irrelevance,Don't get bogged down in the details; focus on the key issues and avoid getting sidetracked by irrelevance.
8698,jackpot,"She hit the jackpot at the casino, winning over ten thousand dollars on a single slot machine pull."
8698,jackpot,Landing that government contract was a real jackpot for the small business; it secured their financial future for years to come.
8698,jackpot,"After searching for months, I finally found an apartment downtown that's both affordable and spacious – I feel like I've won the jackpot!"
8698,jackpot,"The company struck jackpot with their new product line, which quickly became a best-seller and generated record profits."
8698,jackpot,"He thought he'd found a rare antique at the flea market for next to nothing, but it turned out to be a fake, so he didn't hit the jackpot after all."
8699,monotony,The relentless monotony of his assembly line job led him to seek a more creative outlet.
8699,monotony,"To break the monotony, we decided to take a spontaneous road trip and explore new places."
8699,monotony,"The professor's droning lecture induced a state of monotony in the students, causing many to lose focus."
8699,monotony,She found the daily routine of preparing meals and cleaning the house a source of deep monotony.
8699,monotony,"While some find comfort in routine, others crave novelty and struggle against the stifling monotony of predictability."
8700,norm,It's becoming the norm for companies to offer remote work options to attract and retain talent.
8700,norm,"In this department, starting the workday before 9 AM is the norm, so don't be surprised if everyone is already busy when you arrive."
8700,norm,"After the scandal, the company struggled to re-establish a sense of normalcy; getting back to the norm was a slow process."
8700,norm,"While loud parties were the norm during college, I prefer quieter evenings now."
8700,norm,We need to challenge the norm and explore innovative solutions to address this complex problem; sticking to the status quo won't work.
8701,oblivion,"After years of struggling as a musician, he feared his songs would fade into oblivion."
8701,oblivion,The old factory was left to crumble into oblivion after the company went bankrupt.
8701,oblivion,"Drinking seemed like the only escape, a temporary plunge into oblivion where he didn't have to face his problems."
8701,oblivion,Her name had slipped into complete oblivion; nobody remembered her contributions to the field.
8701,oblivion,The politician's scandal sent his career spiraling into political oblivion.
8702,pinnacle,Reaching the summit of Mount Everest is considered the pinnacle of a mountaineer's career.
8702,pinnacle,"After years of hard work and dedication, she reached the pinnacle of her profession, becoming CEO of the company."
8702,pinnacle,"The artist's later works are often seen as the pinnacle of his creative expression, showcasing his mastery of the medium."
8702,pinnacle,"Their relationship reached its pinnacle during their romantic trip to Italy, but sadly, it didn't last long after they returned."
8702,pinnacle,"The architectural design of the building, with its soaring spire, represents the pinnacle of modern engineering and artistic vision."
8703,preoccupation,Her constant preoccupation with her weight was starting to affect her health and happiness.
8703,preoccupation,"There's been a growing preoccupation in the media with celebrity gossip, often at the expense of serious news."
8703,preoccupation,"His main preoccupation during the lecture seemed to be doodling in his notebook, rather than taking notes."
8703,preoccupation,The company's preoccupation with short-term profits has led to a neglect of long-term research and development.
8703,preoccupation,"Despite the seriousness of the situation, his only preoccupation was whether he'd remembered to turn off the oven."
8704,radius,"The explosion had a radius of approximately 5 miles, affecting several nearby towns."
8704,radius,We agreed to live within a 20-mile radius of the city center to make commuting easier.
8704,radius,"To calculate the circumference of the circle, you need to know its radius."
8704,radius,The architect specified a larger turning radius for the driveway to accommodate delivery trucks.
8704,radius,"Despite the relatively small radius of the planet, its density is incredibly high."
8705,redundancy,The company announced widespread redundancies due to the economic downturn.
8705,redundancy,"To avoid redundancy, the project manager made sure each team member had clearly defined responsibilities."
8705,redundancy,The report was criticized for its redundancy; it repeated the same information in several different sections.
8705,redundancy,"After the merger, many employees in the finance department were facing redundancy."
8705,redundancy,"The emergency backup system provided vital redundancy, ensuring the system remained operational even when the primary server failed."
8706,residue,"After the flood receded, a thick residue of mud and debris coated everything in the town."
8706,residue,"The investigation found no residue of explosives at the scene, suggesting a different cause for the fire."
8706,residue,There's a sticky residue left in the pan after cooking that caramel sauce; I'll soak it overnight.
8706,residue,"Despite his efforts to move on, a residue of bitterness remained after the painful breakup."
8706,residue,"The environmental study showed a significant residue of pesticides in the river, raising concerns about the water quality."
8707,severity,"The severity of the hurricane caught many residents off guard, leading to widespread evacuations."
8707,severity,Doctors are concerned about the severity of her symptoms and are running further tests to determine the cause.
8707,severity,"While the initial damage appeared minor, the severity of the underlying structural problems became clear during the inspection."
8707,severity,The judge took into account the defendant's clean record when determining the severity of the punishment.
8707,severity,"I underestimated the severity of my cold; I thought I could go to work, but I ended up having to come home early."
8708,subtlety,"The chef's mastery was evident in the subtlety of flavors in the sauce, a delicate balance of sweet, sour, and savory."
8708,subtlety,"He missed the subtlety of her sarcasm, taking her comment at face value and causing an awkward silence."
8708,subtlety,"The artist's use of light and shadow added a layer of subtlety to the portrait, revealing the subject's inner emotions."
8708,subtlety,Detecting the subtlety of changes in market trends is crucial for making informed investment decisions.
8708,subtlety,"There's a certain subtlety to her acting; she doesn't overplay the emotions, but you can still feel the character's pain."
8709,trillion,"The national debt has ballooned to over thirty trillion dollars, a figure that many economists find deeply concerning."
8709,trillion,"If I won the lottery, I'd want, like, a trillion dollars – enough to solve world hunger and still buy a private island."
8709,trillion,"Scientists estimate that there are trillions of stars in our galaxy alone, and countless more in the universe."
8709,trillion,"The company's market capitalization reached a trillion dollars, making it one of the most valuable businesses in the world."
8709,trillion,"He exaggerated the number of attendees at the rally, claiming there were 'a trillion people' when there were probably only a few thousand."
8710,watt,"This LED bulb only uses 9 watts, making it very energy-efficient."
8710,watt,"The amplifier is rated at 100 watts per channel, so it should be powerful enough for my speakers."
8710,watt,I need a higher-wattage light bulb for my desk lamp because this one is too dim.
8710,watt,"He's got a lot of ideas, but sometimes he lacks the 'oomph' – you know, the wattage – to really make them happen."
8710,watt,The solar panel can generate up to 300 watts of power under ideal conditions.
8711,crest,"The surfer expertly rode the crest of the wave, enjoying the exhilarating moment before it crashed."
8711,crest,"We finally reached the crest of the hill, and the panoramic view was absolutely breathtaking."
8711,crest,"After weeks of declining sales, the company is hoping to see a crest in demand during the holiday season."
8711,crest,"The family crest, featuring a lion rampant, was proudly displayed above the fireplace."
8711,crest,She wore a beautiful gold brooch with a delicate floral crest on her lapel.
8712,curb,The city council is trying to curb pollution by encouraging the use of public transportation.
8712,curb,I really need to curb my spending habits; I'm always broke by the end of the month.
8712,curb,He parked his car too far from the curb and got a ticket.
8712,curb,The new regulations are designed to curb the spread of misinformation online.
8712,curb,"After a heated argument, she had to curb her anger before saying something she'd regret."
8713,fore,"The golfer yelled ""Fore!"" as his ball sliced sharply to the left, heading towards the group on the adjacent fairway."
8713,fore,"In his foreword to the book, the author thanked his editors and family for their unwavering support."
8713,fore,"The company's CEO had a foreboding feeling about the upcoming quarterly earnings report, sensing that the numbers would be significantly lower than projected."
8713,fore,He paid the money to the bank to foreclose on the house.
8713,fore,"Long fore the day he was born, his parents had dreamed of him becoming a doctor."
8714,foreground,The artist used bright colors in the foreground to draw the viewer's eye to the main subject of the painting.
8714,foreground,"In the debate, the candidate tried to foreground their economic plan while downplaying their stance on social issues."
8714,foreground,The report aims to foreground the experiences of marginalized communities in order to better understand the impact of the policy.
8714,foreground,"Let's not foreground the potential problems right now; instead, let's focus on the positive aspects of this project and brainstorm solutions later."
8714,foreground,"With the scandal in the background, the company is working hard to foreground its commitment to ethical business practices."
8715,haven,"After a long day of traveling, the quiet hotel room felt like a haven."
8715,haven,"The library became her haven, a place where she could escape the pressures of school and immerse herself in books."
8715,haven,"During the storm, the small boat sought haven in the sheltered cove."
8715,haven,"The animal shelter provides a haven for abandoned and neglected pets, offering them food, medical care, and a chance at a new home."
8715,haven,"For many refugees, the country offered a haven from political persecution and violence."
8716,kiosk,I bought a coffee and a newspaper from the kiosk near the train station this morning.
8716,kiosk,The national park installed an information kiosk at the trailhead to help hikers navigate the trails.
8716,kiosk,"You can usually find a phone charging kiosk at airports these days, but they often come with a fee."
8716,kiosk,She stopped by the flower kiosk to pick up a bouquet of roses for her mother's birthday.
8716,kiosk,"Despite the rise of online shopping, the local news kiosk remains a popular spot for residents to catch up on current events."
8717,ledge,"The cat perched precariously on the window ledge, watching the birds in the garden."
8717,ledge,"He was on the ledge of despair, feeling like nothing would ever get better."
8717,ledge,"The climbers carefully traversed the narrow ledge, knowing one wrong step could be fatal."
8717,ledge,The architect designed the building with decorative ledges to add visual interest to the facade.
8717,ledge,"She kept a small potted plant on the bathroom ledge, adding a touch of green to the otherwise sterile space."
8718,midweek,"I'm already looking forward to the weekend, this midweek slump is really getting to me."
8718,midweek,"The company announced a surprise restructuring plan midweek, causing a significant drop in stock prices."
8718,midweek,We're planning a midweek getaway to the coast to avoid the weekend crowds.
8718,midweek,Many restaurants offer special midweek deals to attract more customers during the slower days.
8718,midweek,"The project deadline is next Monday, so we'll need to have a major meeting midweek to review our progress."
8719,nucleus,The nucleus of the cell contains the genetic material that determines an organism's traits.
8719,nucleus,The artist's studio became the nucleus of a thriving creative community in the city.
8719,nucleus,At the heart of the debate is the question of whether the government should have greater control over the nuclear industry.
8719,nucleus,The team needs a strong nucleus of experienced players to guide the younger members.
8719,nucleus,"After the initial disagreement, a small nucleus of support remained steadfast behind the proposal."
8720,observatory,The Griffith Observatory in Los Angeles offers stunning views of the city and the night sky.
8720,observatory,Scientists at the observatory are tracking a newly discovered asteroid that could potentially pass close to Earth.
8720,observatory,Our astronomy club is planning a field trip to the local observatory to view the upcoming meteor shower.
8720,observatory,"After years of fundraising, the university finally completed the construction of its new observatory, equipped with state-of-the-art telescopes."
8720,observatory,"From the observatory, we could see the faint glow of the Milky Way stretching across the horizon."
8721,plateau,"After months of intense training, the athlete reached a plateau in her performance, unable to improve her times any further."
8721,plateau,"The Colorado Plateau is a vast, elevated region in the southwestern United States, known for its dramatic canyons and mesas."
8721,plateau,"Sales figures plateaued in the second quarter, indicating a need for a new marketing strategy."
8721,plateau,"The negotiations have reached a plateau; neither side seems willing to compromise, and progress has stalled."
8721,plateau,"My weight loss journey hit a plateau, so I decided to change my diet and exercise routine to try and break through it."
8722,ramp,The construction crew installed a ramp to provide wheelchair access to the building.
8722,ramp,The company decided to ramp up production to meet the increased demand during the holiday season.
8722,ramp,He used a portable ramp to load his motorcycle into the back of the truck.
8722,ramp,"As the speaker's excitement began to ramp up, the audience leaned forward in anticipation."
8722,ramp,"The off-ramp was surprisingly steep, so I had to brake carefully."
8723,rink,The local ice rink offers public skating sessions every weekend.
8723,rink,"Growing up in Canada, I practically lived at the rink, playing hockey all winter long."
8723,rink,"The roller rink was hosting a retro night, complete with disco balls and 80s music."
8723,rink,"After a heated debate, the politician skated around the issue, refusing to enter the policy rink."
8723,rink,"The figure skater practiced her routine diligently at the rink, hoping to qualify for the national competition."
8724,sanctuary,The birdwatcher found a rare species in the local bird sanctuary.
8724,sanctuary,"After facing relentless criticism, the politician sought sanctuary in a remote cabin."
8724,sanctuary,The church offered sanctuary to the refugees fleeing the war-torn country.
8724,sanctuary,"My bedroom is my sanctuary, a place where I can relax and escape from the stresses of the day."
8724,sanctuary,"The wildlife sanctuary provides a safe haven for endangered animals, protecting them from poaching and habitat destruction."
8725,stairway,"The old house had a narrow, winding stairway leading up to the attic."
8725,stairway,She tripped on the last step of the stairway and nearly fell.
8725,stairway,We need to install a handrail on the stairway to make it safer for elderly residents.
8725,stairway,The band played a soulful rendition of 'Stairway to Heaven' at the concert.
8725,stairway,The architect designed a grand stairway as the focal point of the building's entrance.
8726,suite,The hotel upgraded us to a beautiful suite with a stunning ocean view.
8726,suite,Our company uses the Adobe Creative Suite for all of our graphic design needs.
8726,suite,The lawyer presented a compelling suite of evidence that ultimately won the case.
8726,suite,"The executive suite is located on the top floor, offering panoramic city views and exclusive amenities."
8726,suite,We're looking to rent an office suite that can accommodate at least ten employees.
8727,verge,"After working tirelessly for weeks on the project, she was on the verge of burnout."
8727,verge,"The old building is on the verge of collapse, so they've fenced it off for safety."
8727,verge,His constant complaining put me on the verge of losing my temper.
8727,verge,The new scientific discovery is on the verge of revolutionizing the field of medicine.
8727,verge,"We stood on the verge of the canyon, gazing at the breathtaking view."
8728,authoritarian,"The company's authoritarian management style, where decisions were made without employee input, led to low morale and high turnover."
8728,authoritarian,"Critics accused the government of becoming increasingly authoritarian, citing restrictions on free speech and assembly."
8728,authoritarian,"Growing up in an authoritarian household, I wasn't allowed to question my parents' rules, even when they seemed unfair."
8728,authoritarian,Some argue that a more authoritarian approach is necessary to maintain order and security in times of crisis.
8728,authoritarian,"While some level of discipline is important, it's crucial to avoid being overly authoritarian with children, as it can stifle their creativity and independence."
8729,bitch,"She's been acting like such a bitch lately, I can't stand to be around her."
8729,bitch,"Life's a bitch, and then you die."
8729,bitch,I heard he was a real son of a bitch to work for; always demanding and never appreciative.
8729,bitch,The algorithm is being a real bitch to debug; I've been at it for hours.
8729,bitch,"Despite her stern demeanor, she's really not a bitch; she just has high standards."
8730,bowler,The bowler delivered a fast ball that knocked the batsman's bails off.
8730,bowler,He's got a fantastic action; I think he'll become a leading bowler in the national team.
8730,bowler,"My grandfather always wore a bowler hat to church, even in the summer."
8730,bowler,"After a disastrous start to the season, the team needs a strike bowler to turn things around."
8730,bowler,"The old gentleman, distinguished by his bowler and cane, looked out of place in the modern shopping mall."
8731,communicator,"She's a gifted communicator, able to explain complex topics in a way that everyone understands."
8731,communicator,Effective communicators are essential for building strong teams and resolving conflicts in the workplace.
8731,communicator,The company is looking for a marketing communicator to manage their social media presence and create engaging content.
8731,communicator,"Despite his shyness, he proved to be a surprisingly good communicator when presenting his research."
8731,communicator,"Years ago, people might have considered the telegraph a cutting-edge communicator, but today it's a relic of the past."
8732,cultivator,The farmer used a cultivator to prepare the soil for planting corn.
8732,cultivator,"She's a real cultivator of talent, always encouraging and mentoring young artists."
8732,cultivator,"As a cultivator of fine arts, the museum actively seeks out emerging artists to showcase their work."
8732,cultivator,"The garden was overgrown, so I rented a small cultivator to break up the compacted soil and remove the weeds."
8732,cultivator,"He saw himself as a cultivator of knowledge, constantly learning and sharing his insights with others."
8733,devotee,"She's a devotee of classical music, attending every concert the local orchestra puts on."
8733,devotee,"He's a lifelong devotee of the Chicago Cubs, sticking with them through thick and thin."
8733,devotee,The guru had many devotees who followed his teachings and lived according to his principles.
8733,devotee,"As a devotee of healthy living, she spends hours at the gym and carefully plans her meals."
8733,devotee,"He's a self-proclaimed devotee of Quentin Tarantino films, having watched each one multiple times and owning all the special editions."
8734,egoist,He's such an egoist; he always talks about himself and never listens to anyone else.
8734,egoist,"The CEO's egoist tendencies led him to make decisions that benefited him personally, but harmed the company."
8734,egoist,"While some see her confidence as strength, others perceive it as the arrogance of an egoist."
8734,egoist,"It's a fine line between healthy self-esteem and being a complete egoist, and he often crosses it."
8734,egoist,You can't negotiate with an egoist who believes they are always right and everyone else is wrong.
8735,empress,"The empress, known for her wisdom and compassion, ruled her vast empire with a steady hand."
8735,empress,"Rumors swirled around the court, suggesting a power struggle between the empress and her ambitious advisors."
8735,empress,Many historians consider Empress Theodora to be one of the most influential women in Byzantine history.
8735,empress,The fashion designer drew inspiration from the elaborate gowns worn by historical empresses.
8735,empress,"She carried herself with the poise of an empress, even though she was just a small-town librarian."
8736,hippie,"My uncle used to be a hippie back in the '60s, traveling around in a VW bus and spreading peace and love."
8736,hippie,"The festival had a distinctly hippie vibe, with tie-dye clothing, organic food stalls, and acoustic music everywhere."
8736,hippie,"While she appreciates the hippie ideals of environmentalism and community, she found their approach to personal hygiene a bit off-putting."
8736,hippie,He accused the politician of having 'hippie' economic policies that would lead to widespread poverty and unemployment.
8736,hippie,"The old bookstore had a certain charm, with its mismatched furniture and bohemian atmosphere – it felt like a refuge for hippies and intellectuals alike."
8737,humanist,"As a humanist, she believes in the inherent worth and dignity of every individual, regardless of their background."
8737,humanist,"The university's philosophy department is known for its strong humanist tradition, emphasizing ethics and critical thinking."
8737,humanist,"He considers himself a humanist, focusing on reason and compassion to guide his decisions rather than religious dogma."
8737,humanist,"The humanist movement advocates for social justice and equality, working to create a more equitable world for all."
8737,humanist,"While some argue that technology dehumanizes society, others, like this humanist scholar, believe it can be used to enhance human potential and well-being."
8738,idealist,"While some saw him as naive, he was an idealist who genuinely believed in the power of human kindness to solve the world's problems."
8738,idealist,"The political party attracted many young idealists, eager to reform the system and fight for social justice."
8738,idealist,"She knew her plan was ambitious, but as an idealist, she was willing to face any challenge to make her vision a reality."
8738,idealist,"He was often called an idealist in the business world, prioritizing ethical practices and employee well-being over pure profit margins."
8738,idealist,"The professor, an idealist at heart, encouraged his students to imagine a better future and to actively work towards building it."
8739,interviewee,The interviewee was well-prepared and answered all the questions thoughtfully.
8739,interviewee,We provided the interviewee with a detailed agenda prior to the meeting so they knew what to expect.
8739,interviewee,"Based on her impressive resume and confident demeanor during the interview, the interviewee seems like a strong candidate for the position."
8739,interviewee,"The journalist pressed the interviewee for more details about the scandal, but they remained tight-lipped."
8739,interviewee,"Before the interview, the recruiter briefed the interviewee on the company culture and benefits package."
8740,janitor,The school hired a new janitor to keep the classrooms clean after hours.
8740,janitor,I saw the janitor mopping the hallway floor near the library this morning.
8740,janitor,My uncle worked as a janitor for over 20 years to support his family.
8740,janitor,The company is looking for a reliable janitor with experience in commercial cleaning.
8740,janitor,"Despite his humble job as a janitor, he was the most well-read person I knew."
8741,layman,The doctor tried to explain the diagnosis in layman's terms so I could understand it better.
8741,layman,"As a layman in the field of astrophysics, I find it difficult to comprehend the complexities of black holes."
8741,layman,The software company needs someone who can translate technical jargon into language a layman can easily grasp.
8741,layman,"To the layman, the stock market seems like a confusing and risky gamble."
8741,layman,"Despite his expertise, he always made an effort to explain things in a way that even a layman could follow."
8742,miser,Old Man Hemlock was such a miser that he reused tea bags until they were practically see-through.
8742,miser,Don't be such a miser with the sugar; everyone deserves a little sweetness in their coffee.
8742,miser,"Although he was a millionaire, he lived like a pauper, earning him a reputation as a notorious miser."
8742,miser,"The townspeople whispered that the reclusive billionaire was a miser, hoarding his wealth instead of contributing to the community."
8742,miser,"Scrooge, the quintessential literary miser, ultimately learned the value of generosity and compassion."
8743,negotiator,"The union sent a skilled negotiator to the bargaining table, hoping to reach a fair agreement with the company."
8743,negotiator,"As a seasoned negotiator, she knew how to remain calm and collected even under immense pressure."
8743,negotiator,"He acted as a negotiator between the feuding neighbors, trying to mediate a peaceful resolution to their ongoing dispute."
8743,negotiator,Our real estate agent is a tough negotiator; she managed to get us a significantly lower price on the house.
8743,negotiator,The hostage situation required a trained negotiator to communicate with the captors and secure the safe release of the victims.
8744,posterity,"The historian meticulously documented the events, hoping to preserve them for posterity."
8744,posterity,We must act now to protect the environment for posterity; future generations depend on it.
8744,posterity,"The artist believed her paintings would speak to posterity, long after she was gone."
8744,posterity,"The museum carefully archives its collection, aiming to make these artifacts accessible to posterity."
8744,posterity,"He donated his extensive library to the university, ensuring that its knowledge would benefit posterity."
8745,snob,He's such a snob; he only drinks imported water and turns his nose up at anything less.
8745,snob,"Don't be such a snob about coffee; it's just a beverage, and the cheap stuff tastes fine to me."
8745,snob,The art critic was accused of being a snob for dismissing anything that wasn't abstract expressionism.
8745,snob,"Although she came from humble beginnings, she quickly became a social snob after marrying into a wealthy family."
8745,snob,"He pretends to be a wine snob, but I suspect he just likes the feeling of holding the fancy glass."
8746,spokesperson ,The company's spokesperson declined to comment on the ongoing investigation.
8746,spokesperson ,"According to the campaign spokesperson, the candidate will be focusing on economic issues in the coming weeks."
8746,spokesperson ,Who is the official spokesperson for the environmental group; I need to get a statement from them.
8746,spokesperson ,"She's often seen as the spokesperson for her generation, articulating their hopes and fears so eloquently."
8746,spokesperson ,We need a strong spokesperson who can effectively communicate our message to the public and handle tough questions from the media.
8747,subscriber,"As a subscriber to the streaming service, I get access to a wide range of movies and TV shows."
8747,subscriber,The newspaper is offering a special discount to new subscribers who sign up before the end of the month.
8747,subscriber,"Our email list has grown significantly, with over 10,000 subscribers now receiving our weekly newsletter."
8747,subscriber,The author has a dedicated base of subscribers on Patreon who support their creative work through monthly contributions.
8747,subscriber,The telecommunications company reported a slight increase in its number of mobile phone subscribers this quarter.
8748,adornment,"The Christmas tree was a sight to behold, covered in colorful lights and various adornments."
8748,adornment,She chose a simple silver necklace as her only adornment for the elegant evening gown.
8748,adornment,"Beyond its practical use, the intricate carvings on the antique chest served as a beautiful form of adornment."
8748,adornment,"While some prefer minimalist decor, others find joy in filling their homes with decorative adornments."
8748,adornment,"He considered tattoos a form of personal adornment, each one telling a story about his life and experiences."
8749,barometer,The stock market is often seen as a barometer of the overall economic health of a country.
8749,barometer,He used a barometer to measure the atmospheric pressure before going on his hike.
8749,barometer,The public's reaction to the new policy served as a barometer of its potential success.
8749,barometer,The company's employee satisfaction survey is a good barometer of the workplace environment.
8749,barometer,"Her mood was a reliable barometer of how well the team was performing; if she was happy, things were generally going smoothly."
8750,binder,I need to buy a new three-ring binder for my history notes; this old one is falling apart.
8750,binder,The contractor presented a detailed binder of specifications and drawings for the renovation project.
8750,binder,She's such a neat freak; all her documents are meticulously organized in color-coded binders.
8750,binder,"In the construction industry, concrete needs a binder, such as cement, to hold the aggregate together."
8750,binder,The company uses a special type of binder jetting 3D printer to create metal prototypes.
8751,duplicate,Please don't duplicate the data entry; we only need it recorded once.
8751,duplicate,I need you to make a duplicate key for the back door in case I lose mine.
8751,duplicate,The software detected a duplicate file and asked if I wanted to delete it.
8751,duplicate,"He tried to duplicate the famous chef's recipe, but it didn't taste quite the same."
8751,duplicate,"Unfortunately, due to a system error, the transaction was processed twice, resulting in a duplicate charge on your account."
8752,harness,The company is investing heavily in research to harness the power of artificial intelligence for personalized medicine.
8752,harness,"Before we go horseback riding, let's make sure everyone knows how to properly harness their horse."
8752,harness,The politician tried to harness the public's anger and frustration to gain support for his policies.
8752,harness,We need to harness all our resources and work together to complete this project on time.
8752,harness,The engineer designed a system to harness solar energy and convert it into electricity for the entire building.
8753,hoe,"After the heavy rain, we had to hoe the garden to break up the compacted soil and let the plants breathe."
8753,hoe,"My grandfather taught me how to properly use a hoe for weeding, emphasizing the importance of not damaging the roots of the vegetables."
8753,hoe,The farm workers used hoes to create rows in the field before planting the corn seeds.
8753,hoe,He's been sowing and hoeing all day; he deserves a good rest.
8753,hoe,"Although modern machinery has largely replaced manual labor, the trusty hoe remains a useful tool for small-scale gardening and targeted weed removal."
8754,jack,I need to jack up the car to change the tire.
8754,jack,"He's a jack-of-all-trades, but master of none."
8754,jack,The company's stock price took a big jack after the earnings announcement.
8754,jack,Could you hand me the hydraulic jack from the garage?
8754,jack,"Jack, can you help me with this heavy box?"
8755,latch,Make sure to latch the gate properly so the dog doesn't get out.
8755,latch,"She tried to latch onto any opportunity to advance her career, even if it meant working long hours."
8755,latch,The old wooden chest had a heavy iron latch that was difficult to open.
8755,latch,"He was so desperate for attention that he would latch onto any conversation, regardless of the topic."
8755,latch,"After the argument, she slammed the door and I heard the distinct click of the latch securing it."
8756,modem,I need to replace my old modem; the internet keeps cutting out.
8756,modem,"Before troubleshooting the Wi-Fi, make sure your modem is properly connected and powered on."
8756,modem,"The technician said the problem wasn't with our router, but with the modem provided by the internet service provider."
8756,modem,"In the early days of the internet, the screeching sound of a dial-up modem was a common household noise."
8756,modem,The latest cable modems offer significantly faster speeds than their DSL counterparts.
8757,mosaic,The cathedral's stained glass window was a stunning mosaic of biblical scenes.
8757,mosaic,Our patio is decorated with a beautiful mosaic table that I made myself.
8757,mosaic,"The city is a mosaic of different cultures, each contributing to its unique character."
8757,mosaic,"The evidence presented at trial painted a mosaic of events leading up to the crime, though no single piece was conclusive."
8757,mosaic,I'm working on a mosaic tile project for my bathroom backsplash; it's quite time-consuming but I think the result will be worth it.
8758,obstruction,"The fallen tree caused a major obstruction on the highway, leading to significant traffic delays."
8758,obstruction,The lawyer argued that the prosecution's questioning was a deliberate obstruction of justice.
8758,obstruction,"I tried to explain my point of view, but he kept putting up one obstruction after another to understanding me."
8758,obstruction,That pile of boxes is a real obstruction; could you please move it so people can walk through here safely?
8758,obstruction,"Despite facing constant obstruction from his political opponents, the senator managed to pass the key legislation."
8759,oddity,"His collection of vintage bottle openers was a charming oddity, reflecting his quirky personality."
8759,oddity,The sudden snowstorm in July was a meteorological oddity that no one could explain.
8759,oddity,"Despite being a successful businessman, his insistence on wearing mismatched socks was a noticeable oddity."
8759,oddity,"The museum featured several historical oddities, including a two-headed calf preserved in formaldehyde."
8759,oddity,It's an oddity that she would leave without saying goodbye; she's usually so considerate.
8760,pedestal,The museum displayed the ancient statue on a marble pedestal.
8760,pedestal,"She's a talented artist, but her friends tend to put her on a pedestal, which makes her uncomfortable."
8760,pedestal,"After his scandalous behavior, the public quickly knocked the politician off his pedestal."
8760,pedestal,"The small, antique clock sat on a wooden pedestal in the corner of the room."
8760,pedestal,It's important to remember that even our heroes are human; we shouldn't place them on a pedestal and expect perfection.
8761,placard,The protesters carried placards with slogans demanding fair wages and better working conditions.
8761,placard,Each train car had a placard indicating its destination and the types of seating available.
8761,placard,Please ensure the hazardous materials placard is clearly visible on the truck before departure.
8761,placard,"During the parade, the children proudly displayed their handmade placards, decorated with drawings and glitter."
8761,placard,"I saw a small placard taped to the bakery window that read, 'Closed for Renovations, Reopening Soon!'"
8762,plaque,The dentist said I need to floss more to remove the plaque buildup on my teeth.
8762,plaque,The historical society plans to install a plaque commemorating the town's founding fathers.
8762,plaque,"Despite her efforts, the archaeologist couldn't decipher the inscription on the ancient plaque."
8762,plaque,He received a plaque recognizing his outstanding contributions to the company over the past twenty years.
8762,plaque,"Doctors are concerned about the plaque in his arteries, which could lead to a heart attack if left untreated."
8763,propeller,"The small airplane sputtered to life as the propeller began to spin, kicking up dust from the runway."
8763,propeller,"The boat's propeller was damaged after hitting a submerged log, forcing us to limp back to shore."
8763,propeller,I could hear the distant whir of a helicopter propeller as it approached the landing pad.
8763,propeller,"During the storm, a loose piece of debris struck the wind turbine's propeller, causing it to shut down automatically."
8763,propeller,The engineer carefully examined the propeller's pitch to ensure optimal performance and fuel efficiency.
8764,rectangle,"The garden was designed as a perfect rectangle, with a small fountain in the center."
8764,rectangle,"Could you please cut the pastry into rectangles, approximately two inches wide?"
8764,rectangle,The artist framed the landscape painting with a simple wooden rectangle.
8764,rectangle,We need to order a new rug for the living room; I think a rectangle would fit the space best.
8764,rectangle,"The old chalkboard was a large, green rectangle, covered in equations and diagrams."
8765,remnant,"After the fire, only a charred remnant of the house remained."
8765,remnant,The store was selling remnants of fabric at a discounted price; I managed to find enough to make a small quilt.
8765,remnant,"Despite the regime change, remnants of the old bureaucracy still lingered, slowing down progress."
8765,remnant,"These ancient ruins are the only remnant of a once-great civilization, a testament to its rise and fall."
8765,remnant,"A remnant of doubt lingered in her mind, even after he apologized, making it difficult to fully trust him again."
8766,replica,"The museum displayed a near-perfect replica of the Hope Diamond, allowing visitors to appreciate its beauty without risking the original."
8766,replica,"He bought a replica vintage guitar online, hoping to capture the sound of his favorite musician without spending a fortune."
8766,replica,The historical society is creating a replica of the original town hall to showcase what life was like in the 1800s.
8766,replica,"Is that watch real, or is it just a replica?"
8766,replica,"Despite being a replica, the movie prop sword felt surprisingly heavy and well-made."
8767,shoelace,I tripped on my shoelace and almost fell down the stairs.
8767,shoelace,Could you please tie my shoelace for me? I'm having trouble reaching it.
8767,shoelace,"The new hiking boots came with extra-long shoelaces, which I had to trim."
8767,shoelace,Figuring out the algorithm felt like trying to untangle a hopelessly knotted shoelace.
8767,shoelace,"Her outfit was stylish, but the one detail that let it down was a frayed and broken shoelace."
8768,signpost,"The old wooden signpost at the crossroads was barely legible, but we managed to decipher the directions to the hidden village."
8768,signpost,"The professor's lecture served as a signpost, guiding students through the complex theories of quantum physics."
8768,signpost,"Reaching that sales target was a significant signpost, showing us we were on the right track with our new marketing strategy."
8768,signpost,The economic downturn can be seen as a signpost indicating the need for significant policy changes.
8768,signpost,"After arguing for hours, his willingness to apologize was a signpost that the relationship might be salvageable."
8769,slab,The construction crew poured a thick slab of concrete for the foundation of the new building.
8769,slab,He fell asleep on the beach and got a nasty sunburn; he was basically a slab of red meat by the end of the day.
8769,slab,"The butcher placed a large slab of beef on the counter, ready to be cut into steaks."
8769,slab,I tripped on a loose slab of paving stone while walking down the street and nearly broke my ankle.
8769,slab,"After a long day of hiking, I collapsed onto a slab of rock and enjoyed the stunning view."
8770,spiral,The price of gasoline began to spiral out of control after the hurricane hit the Gulf Coast.
8770,spiral,The artist created a beautiful sculpture with a delicate spiral design.
8770,spiral,"As he thought more about his problems, he felt himself spiral into depression."
8770,spiral,The children were fascinated as they watched the water spiral down the drain.
8770,spiral,"The mountain road followed a tight spiral, offering stunning views at every turn."
8771,spreadsheet,I spent all afternoon working on a spreadsheet to track our team's progress on the project.
8771,spreadsheet,The accountant uses a spreadsheet to manage all of the company's financial transactions.
8771,spreadsheet,Could you please send me the spreadsheet with the sales data from last quarter?
8771,spreadsheet,"To get a better overview of our budget, I created a spreadsheet breaking down all income and expenses."
8771,spreadsheet,"The spreadsheet software crashed, and I lost all my unsaved work!"
8772,thong,"She wore a simple black dress with delicate spaghetti straps, careful to avoid any visible thong lines."
8772,thong,"He flipped his thong, sending sand flying everywhere as he walked down the beach."
8772,thong,The hardware store had a variety of leather thongs for lacing the new boots.
8772,thong,My grandpa used to wear a leather thong to keep his hat from blowing away in the wind.
8772,thong,"After stepping on a sharp piece of glass, she decided that wearing thongs to the beach wasn't the best idea."
8773,transmitter,The radio station uses a powerful transmitter to broadcast its signal across the entire region.
8773,transmitter,He suspects his neighbor is using a hidden transmitter to eavesdrop on his conversations.
8773,transmitter,"In the brain, a neuron acts as a transmitter, passing electrical signals to other neurons."
8773,transmitter,The car's key fob has a small transmitter that sends a signal to unlock the doors.
8773,transmitter,"We need to replace the faulty transmitter; otherwise, we won't be able to send the data back to headquarters."
8774,yoke,"The farmer placed the yoke on the oxen, preparing them for a long day of plowing."
8774,yoke,He felt the yoke of responsibility weighing heavily on his shoulders after being promoted to manager.
8774,yoke,"The new regulations placed a significant yoke on small businesses, making it difficult for them to compete."
8774,yoke,"Despite their differences, they decided to throw off the yoke of tradition and forge their own path."
8774,yoke,"The two countries, once under the yoke of a single empire, now enjoy complete independence."
8775,adjacent,"Our hotel room was adjacent to the elevator, which was convenient but a little noisy."
8775,adjacent,"The park is adjacent to the school, making it easy for students to access during breaks."
8775,adjacent,"In the spreadsheet, ensure the 'Name' column is adjacent to the 'Email' column for easier data entry."
8775,adjacent,"The fire quickly spread to the adjacent building, causing significant damage."
8775,adjacent,He bought two adjacent plots of land with the intention of building a large garden.
8776,akin,"His musical style is akin to early jazz, with a strong emphasis on improvisation."
8776,akin,"The feelings I had were akin to grief, even though no one had died."
8776,akin,Lying to your boss is akin to professional suicide in many companies.
8776,akin,"The two political ideologies are akin in their focus on individual liberty, though they diverge on economic policy."
8776,akin,Some researchers believe that human consciousness is akin to a complex computer program.
8777,analogous,"The human brain and a computer, while vastly different in complexity, are analogous in that both process information and produce outputs."
8777,analogous,Her experience in customer service is analogous to the skills needed for a successful career in sales; both require strong communication and problem-solving abilities.
8777,analogous,"The relationship between a conductor and an orchestra is often considered analogous to that of a CEO and their company, where one provides direction and the other executes the plan."
8777,analogous,Using a map to navigate a city is analogous to using a recipe to bake a cake; both provide a structured guide to achieve a desired outcome.
8777,analogous,"In an atom, the electrons orbiting the nucleus are analogous to planets orbiting the sun, although the forces involved are quite different."
8778,contradictory,"His actions often seemed contradictory to his stated beliefs, making it hard to trust him."
8778,contradictory,"The witness gave contradictory accounts of the accident, raising doubts about her reliability."
8778,contradictory,The politician's promises of lower taxes and increased government spending seemed inherently contradictory.
8778,contradictory,"I found the reviews of the movie to be quite contradictory; some people loved it, while others hated it."
8778,contradictory,"The research findings presented a contradictory picture, with some studies supporting the hypothesis and others refuting it."
8779,differential,The small differential in price between the two products wasn't enough to sway my decision; I went with the higher quality item.
8779,differential,"In calculus, we use differential equations to model systems that change over time."
8779,differential,The company offers a salary differential for employees who work the night shift to compensate for the inconvenience.
8779,differential,"While both candidates are qualified, her experience in international negotiations gives her a significant differential advantage."
8779,differential,Understanding the differential diagnosis is crucial for doctors to accurately determine the cause of a patient's symptoms.
8780,downstream,"The factory's waste disposal practices caused significant pollution downstream, impacting the river's ecosystem for miles."
8780,downstream,We need to analyze the data from the initial marketing campaign to understand the downstream effects on sales and brand awareness.
8780,downstream,"The hikers decided to follow the river downstream, hoping it would eventually lead them back to civilization."
8780,downstream,"Once the merger goes through, we anticipate some downstream cost savings due to economies of scale."
8780,downstream,The new regulations are designed to prevent any further environmental damage downstream from the chemical plant.
8781,frontal,"The architect presented a frontal view of the building in the blueprint, highlighting its main entrance."
8781,frontal,"After the car accident, the doctor ordered a frontal X-ray to check for any skull fractures."
8781,frontal,The politician launched a frontal assault on his opponent's economic policies during the debate.
8781,frontal,"She decided to get bangs, giving her hairstyle a completely different frontal appearance."
8781,frontal,"The company took a frontal approach to addressing the customer complaints, acknowledging the issues directly and offering immediate solutions."
8782,incidental,The cost of the hotel was incidental to the overall expense of the business trip; the flights were the real killer.
8782,incidental,"I hope you don't mind, but I picked up a few groceries while I was at the store – it was purely incidental, as I was already there."
8782,incidental,The discovery of penicillin was largely incidental to Fleming's original research on influenza.
8782,incidental,"Incidental music can add a lot to the atmosphere of a play or film, even if you don't consciously notice it."
8782,incidental,"He mentioned, almost as an incidental detail, that he'd won the lottery last week."
8783,incompatible,Their personalities are completely incompatible; they argue about everything.
8783,incompatible,"The new software is incompatible with our existing hardware, so we'll have to upgrade the entire system."
8783,incompatible,His liberal political views were incompatible with the conservative values of his family.
8783,incompatible,She discovered that she and her partner were incompatible when it came to their long-term goals.
8783,incompatible,"Mixing bleach and ammonia is dangerous because the resulting chemical reaction produces toxic gases, making them completely incompatible substances."
8784,maternal,"Her maternal instincts kicked in the moment she saw the lost child, and she rushed to comfort him."
8784,maternal,The study explored the link between maternal stress during pregnancy and developmental outcomes in children.
8784,maternal,"She has a strong maternal bond with her daughter, evident in their close relationship and constant communication."
8784,maternal,"Although he was raised by his father, he always felt a deep longing for a maternal figure in his life."
8784,maternal,"The nurse displayed a maternal attitude towards her patients, providing them with not only medical care but also emotional support and reassurance."
8785,median,The median house price in our neighborhood has increased significantly over the past year.
8785,median,"To improve road safety, the city council is planning to install a raised median on Elm Street."
8785,median,"After removing the outliers, the median score on the exam was 78, giving us a better understanding of the class's overall performance."
8785,median,"The article claims that the median income in this state is much higher than the national average, but I'm skeptical of those numbers."
8785,median,"During rush hour, crossing the median on foot is extremely dangerous and should be avoided at all costs."
8786,northeastern,"We're planning a road trip through the northeastern states this summer, hoping to see the fall foliage."
8786,northeastern,"The company is expanding its operations, with a new distribution center planned for the northeastern region of the country."
8786,northeastern,"Having grown up in a small town, he had a distinctive northeastern accent that was quite charming."
8786,northeastern,"The archaeological dig uncovered pottery shards, suggesting a connection to northeastern tribes from centuries ago."
8786,northeastern,"She attended a prestigious university in Boston, known for its strong academics and its location in the heart of the northeastern United States."
8787,predominant,"In this region, agriculture is the predominant industry, employing a significant portion of the population."
8787,predominant,"The predominant color in her painting was blue, creating a calming and serene atmosphere."
8787,predominant,"Despite some disagreement, the predominant feeling at the meeting was one of optimism about the project's future."
8787,predominant,"During the Victorian era, a strict moral code was the predominant influence on social behavior."
8787,predominant,"Although there are other factors to consider, cost remains the predominant concern for most consumers when choosing a new car."
8788,reciprocal,"The two countries signed a reciprocal trade agreement, reducing tariffs on each other's goods."
8788,reciprocal,Their relationship wasn't working because the affection wasn't reciprocal; one person was giving much more than the other.
8788,reciprocal,"In mathematics, the reciprocal of a number is simply one divided by that number; for example, the reciprocal of 5 is 1/5."
8788,reciprocal,"We appreciate your support, and we hope that the feeling is reciprocal."
8788,reciprocal,"The community has a reciprocal arrangement with the local farm, where residents volunteer in exchange for fresh produce."
8789,separable,"Although they work together, their personal and professional lives are entirely separable."
8789,separable,"In mathematics, a separable differential equation is one that can be solved by separating the variables."
8789,separable,"The conjoined twins were not separable due to the shared vital organs, making surgery impossible."
8789,separable,"Legally, the company argued that the subsidiary was a separable entity and therefore not liable for the parent company's debts."
8789,separable,"Despite their close bond, she realized that she needed to view herself as a separable individual in order to develop her own identity."
8790,southeastern,"We're planning a road trip through the southeastern United States next summer, focusing on the coastal areas."
8790,southeastern,"The company's southeastern regional office is responsible for all sales and marketing efforts in Florida, Georgia, and the Carolinas."
8790,southeastern,Experts predict that the southeastern portion of the island will experience the heaviest rainfall from the approaching hurricane.
8790,southeastern,"The antique map showed a detailed depiction of the southeastern coastline, highlighting several small fishing villages."
8790,southeastern,"If you're looking for warmer weather in the winter, consider relocating to a southeastern state like Arizona or New Mexico."
8791,southwestern,"We're planning a road trip through the southwestern United States next summer, focusing on national parks like the Grand Canyon and Zion."
8791,southwestern,"The restaurant is famous for its southwestern cuisine, especially the green chile cheeseburgers and blue corn enchiladas."
8791,southwestern,The archaeologist discovered fragments of pottery that suggested a previously unknown southwestern tribe inhabited the area centuries ago.
8791,southwestern,"Her living room is decorated in a southwestern style, with earth tones, woven rugs, and pottery from Santa Fe."
8791,southwestern,"The prevailing winds often bring hot, dry air from the southwestern deserts, making the summers here particularly uncomfortable."
8792,supplementary,The teacher provided supplementary materials to help the students better understand the complex topic.
8792,supplementary,We need to find a supplementary source of income to cover the unexpected medical bills.
8792,supplementary,"The doctor recommended I take a supplementary vitamin D tablet, especially during the winter months when sunlight exposure is limited."
8792,supplementary,"The evidence presented was largely circumstantial, so the prosecution needed to find supplementary proof to convince the jury."
8792,supplementary,"The company offered a supplementary insurance plan that covered dental and vision care, which was a great benefit for employees."
8793,evolutionary,"The development of the internet has been an evolutionary process, with new technologies constantly building upon the old."
8793,evolutionary,"From an evolutionary perspective, our fear of spiders might be an inherited trait that helped our ancestors survive."
8793,evolutionary,"The company underwent an evolutionary change in management style, shifting from a top-down approach to a more collaborative model."
8793,evolutionary,"While some believe in revolutionary change, I think a more evolutionary approach, with gradual improvements, is often more sustainable."
8793,evolutionary,The evolutionary arms race between predators and prey drives the development of increasingly sophisticated survival strategies in both groups.
8794,fictional,Sherlock Holmes is a fictional detective created by Sir Arthur Conan Doyle.
8794,fictional,"The author insisted that any resemblance to actual persons, living or dead, was purely coincidental and that all characters were entirely fictional."
8794,fictional,I prefer reading fictional accounts of historical events rather than dry textbooks.
8794,fictional,"Although the film is based on real events, some elements have been fictionalized for dramatic effect."
8794,fictional,"Many children develop imaginary friends, populating their lives with fictional companions."
8795,geological,The professor specialized in geological formations and their impact on local ecosystems.
8795,geological,"After the earthquake, a geological survey was conducted to assess the stability of the surrounding area."
8795,geological,The Grand Canyon is a stunning example of geological processes at work over millions of years.
8795,geological,"I'm not a geologist, but I find the geological history of this region fascinating."
8795,geological,"They discovered a unique geological feature while excavating for the new building, which may delay the project."
8796,lyrical,The poet's use of imagery was so lyrical that it transported me to another world.
8796,lyrical,"Her singing voice had a beautiful, lyrical quality that captivated the entire audience."
8796,lyrical,"The movie's soundtrack was surprisingly lyrical, adding depth and emotion to the scenes."
8796,lyrical,"He described their first meeting in such lyrical detail, it felt like something out of a romantic novel."
8796,lyrical,"Although the subject matter was difficult, the author managed to maintain a lyrical tone throughout the book."
8797,notional,"The notional value of the derivatives portfolio was much larger than the actual cash invested, creating a significant risk."
8797,notional,"We had a notional agreement on the project scope, but we still needed to finalize the details."
8797,notional,"For tax purposes, we calculated a notional interest rate based on the prevailing market conditions."
8797,notional,"The company allocated a notional budget for employee training, but it was often the first thing to be cut when finances were tight."
8797,notional,"Although he was listed as the CEO, his power was largely notional, as the board of directors made all the key decisions."
8798,optical,The optical illusion made it seem like the hallway was much longer than it actually was.
8798,optical,Optical fibers are used to transmit data at high speeds in modern telecommunications networks.
8798,optical,"When purchasing new glasses, it's important to visit an optical store for a professional eye exam."
8798,optical,"The camera has excellent optical zoom, allowing you to capture detailed photos even from a distance."
8798,optical,"From an optical perspective, the painting was a masterpiece, with its use of light and shadow creating a stunning visual effect."
8799,orchestral,The film's soundtrack featured a beautiful orchestral score that perfectly captured the mood of each scene.
8799,orchestral,"The band's new album incorporates orchestral elements, adding a layer of depth and complexity to their usual rock sound."
8799,orchestral,"Conducting an orchestral performance requires immense skill and precision, as you're responsible for coordinating dozens of musicians."
8799,orchestral,"The composer's later works are characterized by their grand, orchestral scale, a departure from his earlier chamber pieces."
8799,orchestral,"Although she prefers listening to classical music, she finds some modern orchestral pieces to be quite innovative and exciting."
8800, phonetic,The phonetic spelling of her name is much easier to understand than the actual spelling.
8800, phonetic,I'm trying to learn the International Phonetic Alphabet to improve my pronunciation of foreign languages.
8800, phonetic,"The software uses phonetic algorithms to suggest corrections for misspelled words, even if they're not spelled similarly."
8800, phonetic,"Although the words 'there', 'their', and 'they're' are spelled differently, they have the same phonetic sound, which can be confusing."
8800, phonetic,Can you provide a phonetic transcription of that word? I'm not sure how to pronounce it correctly.
8801,scholarly,Her scholarly approach to the research project impressed all of her professors.
8801,scholarly,The library is known for its vast collection of scholarly journals and rare manuscripts.
8801,scholarly,"Despite his age, he maintained a scholarly interest in ancient languages and cultures."
8801,scholarly,"The debate became quite scholarly, delving into complex philosophical arguments and historical precedents."
8801,scholarly,He presented a well-reasoned and scholarly analysis of the economic impact of the new policy.
8802,secular,"The country's constitution establishes a secular government, ensuring no single religion dictates policy."
8802,secular,"Many modern societies are moving towards more secular values, with less emphasis on traditional religious beliefs."
8802,secular,"He argued for a secular education system, one that teaches critical thinking and scientific reasoning without religious bias."
8802,secular,"Despite the increasing secularization of society, many people still find comfort and meaning in their faith."
8802,secular,The debate centered on whether the school's holiday concert should include only secular songs or also religious carols.
8803,surgical,The doctor recommended surgical intervention as the only way to remove the tumor.
8803,surgical,"She made a surgical strike at the weaknesses in his argument, dismantling it piece by piece."
8803,surgical,The company needs to make some surgical cuts to its budget in order to stay afloat.
8803,surgical,"After the accident, he required several surgical procedures to repair the damage to his leg."
8803,surgical,"He approached the delicate negotiation with surgical precision, carefully choosing his words to avoid causing offense."
8804,tutorial,I found a great tutorial online that finally explained how to use this complicated software.
8804,tutorial,The university offers a writing tutorial for students who need extra help with their essays.
8804,tutorial,"Before you start assembling the furniture, make sure to watch the tutorial video; it'll save you a lot of time and frustration."
8804,tutorial,The game has a built-in tutorial mode to teach new players the basic mechanics.
8804,tutorial,She decided to write a tutorial on advanced knitting techniques for her blog.
8805,utopian,"The founders envisioned a utopian society where everyone lived in peace and harmony, but the reality proved far more complex."
8805,utopian,"His plans for the new eco-village, while ambitious, seemed a bit utopian and disconnected from practical concerns."
8805,utopian,Many argue that the concept of a completely classless society is inherently utopian and unattainable.
8805,utopian,She dismissed the politician's promises of universal healthcare and free college as nothing more than utopian dreams designed to win votes.
8805,utopian,"While a truly utopian world is likely impossible, striving for a better, more equitable society is still a worthwhile goal."
8806,agonizing,"The decision of whether to sell the family home was an agonizing one, filled with sleepless nights and endless debate."
8806,agonizing,"He spent an agonizing hour waiting for the test results, his anxiety building with each passing minute."
8806,agonizing,"The athlete suffered an agonizing injury to his knee during the final moments of the game, ending his chances of winning."
8806,agonizing,It was agonizing to watch the company slowly crumble despite our best efforts to save it.
8806,agonizing,The agonizing choice between pursuing her dream job and staying close to her family weighed heavily on her mind.
8807,awesome,That concert was awesome; the band played all their classic hits!
8807,awesome,"We had an awesome time at the beach, surfing and building sandcastles."
8807,awesome,She did an awesome job leading the project; everyone was impressed with her organizational skills.
8807,awesome,"The view from the mountaintop was absolutely awesome, stretching for miles in every direction."
8807,awesome,Our new software has some awesome features that will dramatically improve our workflow.
8808,cheery,"The cafe was decorated with cheery yellow walls and bright artwork, creating a welcoming atmosphere."
8808,cheery,"Despite the pouring rain, she maintained a cheery disposition and greeted everyone with a smile."
8808,cheery,"He gave a cheery wave as he drove off, promising to call later."
8808,cheery,The doctor's cheery bedside manner helped to ease my anxiety about the procedure.
8808,cheery,"After a long winter, the first signs of spring, with their cheery blossoms, were a welcome sight."
8809,complacent,"The team became complacent after their initial victories, leading to a series of unexpected losses."
8809,complacent,Don't get complacent just because you aced the first test; the course only gets harder from here.
8809,complacent,"He warned against becoming complacent about environmental issues, emphasizing that continued vigilance is crucial."
8809,complacent,The government's complacent attitude towards the growing unemployment rate is a serious cause for concern.
8809,complacent,"Despite the company's success, the CEO cautioned against complacency, urging employees to constantly innovate and improve."
8810,conceited,"He's so conceited; he spends hours in front of the mirror every day, admiring himself."
8810,conceited,"I tried to offer him some constructive criticism, but he's too conceited to listen to anyone else's opinion."
8810,conceited,"While she's undeniably talented, her conceited attitude makes it difficult to work with her on group projects."
8810,conceited,"The reviewer described the author as 'conceited and self-absorbed,' which ultimately damaged the book's reputation."
8810,conceited,Don't be so conceited as to think you're the only one who can handle this project; there are plenty of capable people on the team.
8811,comtemptuous,Her contemptuous sneer made it clear she thought the suggestion was ridiculous.
8811,comtemptuous,The politician's contemptuous dismissal of the protesters' concerns only fueled their anger.
8811,comtemptuous,He adopted a contemptuous tone when discussing his rival's lack of experience.
8811,comtemptuous,"With a contemptuous flick of her wrist, she tossed the unwanted gift into the trash."
8811,comtemptuous,I could see the contemptuous look in his eyes as he surveyed my modest apartment.
8812,damned,"He's a damned good lawyer, but incredibly expensive."
8812,damned,I'll be damned if I let them get away with that!
8812,damned,"The evidence was damning, and the defendant was found guilty."
8812,damned,This damned computer keeps freezing up at the worst possible times.
8812,damned,She gave a damning critique of the government's economic policies.
8813,desirous,He was desirous of making a good impression on his first day at the new company.
8813,desirous,Many young graduates are desirous of finding employment in the tech industry.
8813,desirous,"She remained desirous of a quiet life, despite the allure of fame and fortune."
8813,desirous,The company is desirous to improve its customer service ratings and is investing in employee training.
8813,desirous,"If you are desirous of learning more about our products, please visit our website or contact us directly."
8814,dubious,I'm dubious about his claims of winning the lottery; he's always exaggerating.
8814,dubious,"The company's accounting practices seemed dubious, so we decided not to invest."
8814,dubious,"Her explanation for being late sounded a bit dubious, but I decided to give her the benefit of the doubt."
8814,dubious,He gave me a dubious look when I suggested going camping in the rain.
8814,dubious,The evidence presented in court was dubious at best and ultimately deemed inadmissible.
8815,ecstatic,She was ecstatic when she found out she got the job; her face lit up with pure joy.
8815,ecstatic,The crowd was ecstatic after the team scored the winning goal in the final seconds of the game.
8815,ecstatic,"Winning the lottery left him ecstatic, and he immediately started making plans for his newfound wealth."
8815,ecstatic,"While most of us were pleased with the outcome, Sarah was absolutely ecstatic – she couldn't stop smiling all day."
8815,ecstatic,"The critics were ecstatic about the new play, calling it a masterpiece of modern theater."
8816,foreseeable,The foreseeable future looks bright for renewable energy sources as governments invest more in sustainable technologies.
8816,foreseeable,"It's not foreseeable that we'll be able to travel to Mars within the next decade, given current technological limitations."
8816,foreseeable,"Due to the company's poor financial performance, layoffs are a foreseeable outcome, unfortunately."
8816,foreseeable,"In the foreseeable circumstances, we should proceed with caution and have a backup plan in place."
8816,foreseeable,"While I can't predict the exact date, it's foreseeable that interest rates will rise again sometime this year."
8817,hospitable,"The locals were incredibly hospitable, offering us tea and showing us around their village."
8817,hospitable,"We found the hotel staff to be quite hospitable, always ready to assist with our needs."
8817,hospitable,The Smith family is known for their hospitable nature; they always make guests feel welcome in their home.
8817,hospitable,"Despite the company's recent financial troubles, they maintained a hospitable environment for their employees."
8817,hospitable,The conference organizers aimed to create a hospitable atmosphere conducive to networking and collaboration.
8818,intuitive,The software's interface is very intuitive; even first-time users can navigate it easily without a manual.
8818,intuitive,"He had an intuitive understanding of the market, which allowed him to make incredibly successful investments."
8818,intuitive,"Despite her lack of formal training, she possessed an intuitive sense of color and composition in her paintings."
8818,intuitive,"Sometimes, you just have to trust your intuitive feeling, even if you can't explain it logically."
8818,intuitive,"While data analysis is crucial, don't underestimate the power of intuitive decision-making, especially when time is short."
8819,platonic,"Despite spending so much time together, their relationship remained strictly platonic."
8819,platonic,I value our platonic friendship; I can always count on her for honest advice without any romantic expectations.
8819,platonic,"She was hoping their coffee date would lead to something more, but he made it clear he only saw her as a platonic friend."
8819,platonic,"The professor described Plato's theory of Forms, highlighting the concept of platonic ideals."
8819,platonic,"Their deep connection and intellectual compatibility suggested a platonic soulmate bond, a rare and cherished relationship based on mutual respect and understanding."
8820,puzzling,His sudden change of heart was quite puzzling; I can't understand what prompted it.
8820,puzzling,"The detective found the arrangement of the objects in the room puzzling, as if someone had deliberately tried to mislead them."
8820,puzzling,It's puzzling how she manages to stay so calm under so much pressure.
8820,puzzling,"The instructions for this new gadget are incredibly puzzling, I can't even figure out how to turn it on!"
8820,puzzling,"After hours of research, the origins of the mysterious artifact remained puzzling and elusive."
8821,radiant,The bride looked absolutely radiant as she walked down the aisle.
8821,radiant,"After a week of rain, the sun was radiant, making everyone want to be outside."
8821,radiant,"Her radiant smile lit up the entire room, instantly making everyone feel welcome."
8821,radiant,"The scientist described the star as a radiant source of energy, emitting light across the electromagnetic spectrum."
8821,radiant,"Even though she was exhausted, she had a radiant glow about her, a sign of inner peace and contentment."
8822,retrospective,The team held a retrospective after the project to discuss what went well and what could be improved.
8822,retrospective,"The museum is hosting a retrospective exhibition of the artist's entire career, showcasing works from his early sketches to his latest masterpieces."
8822,retrospective,"Looking back, in retrospective, I realize I should have taken that job offer; it would have been a much better fit for me."
8822,retrospective,Let's not get stuck in retrospective analysis; we need to focus on moving forward and solving the current problems.
8822,retrospective,"The new law will be applied retrospectively, meaning it will affect cases that were already in progress before the law was enacted."
8823,sensory,"The museum offered a sensory experience, with exhibits designed to stimulate sight, sound, and touch."
8823,sensory,"As we age, it's common to experience some decline in sensory perception, such as hearing or vision."
8823,sensory,"The aromatherapy session was designed to provide a relaxing sensory overload, from calming music to soothing scents."
8823,sensory,"For children with autism, sensory processing issues can make everyday environments overwhelming and challenging."
8823,sensory,"The chef's innovative dish was a sensory delight, combining unexpected textures and flavors to create a unique culinary experience."
8824,speechless,The magician's final trick left the entire audience speechless; no one could believe what they had just witnessed.
8824,speechless,"When he proposed, I was completely speechless with joy and could only nod yes through my tears."
8824,speechless,The sheer scale of the Grand Canyon rendered us speechless; it was even more breathtaking in person than in photographs.
8824,speechless,"After hearing the devastating news, she was speechless for a long moment, struggling to process the information."
8824,speechless,"He was so angry that he was temporarily speechless, unable to articulate the fury he felt."
8825,stirring,The general's stirring speech motivated the troops to fight with renewed vigor.
8825,stirring,Watching the sunset over the ocean was a stirring experience that made me feel deeply connected to nature.
8825,stirring,She was accused of stirring up trouble with her controversial opinions.
8825,stirring,"The aroma of freshly baked bread and cinnamon was stirring in the kitchen, making everyone hungry."
8825,stirring,"He gave a stirring performance of the national anthem, bringing tears to many eyes."
8826,subdued,"After the argument, the children were unusually subdued, speaking in whispers and avoiding eye contact."
8826,subdued,"The lighting in the restaurant was subdued, creating a romantic and intimate atmosphere."
8826,subdued,The army managed to subdue the rebellion after a long and bloody conflict.
8826,subdued,Her initial excitement about the trip was subdued when she learned about the potential dangers involved.
8826,subdued,"He adopted a more subdued tone during the meeting, realizing his initial aggressive approach was not effective."
8827,unintentional,His unintentional comment about her weight made the situation incredibly awkward.
8827,unintentional,The spill was unintentional; I didn't mean to knock over the glass.
8827,unintentional,"The company argued that the environmental damage was an unintentional consequence of their operations, not a deliberate act."
8827,unintentional,"Sometimes, unintentional humor can be the funniest kind, like when you mishear a word and completely misunderstand the joke."
8827,unintentional,"While he apologized for the offense, the damage was done, and it was hard to believe his actions were entirely unintentional."
8828,unloved,"The old teddy bear sat alone on the shelf, dusty and unloved, a relic of a childhood long past."
8828,unloved,"Despite her efforts to please everyone, she still felt unloved and unwanted by her family."
8828,unloved,"The abandoned building stood as a stark reminder of a community's decline, an unloved and forgotten space in the heart of the city."
8828,unloved,"He poured his heart and soul into the project, but it remained unloved by the critics, who dismissed it as derivative and uninspired."
8828,unloved,"I know it's just a car, but I feel like my old pickup truck is getting unloved now that I have the new sports car."
8829,unnoticed,He slipped out of the room unnoticed while everyone was distracted by the argument.
8829,unnoticed,The subtle changes in her behavior went unnoticed by her family until it was too late.
8829,unnoticed,Many important scientific discoveries go unnoticed for years before their significance is recognized.
8829,unnoticed,"She hoped to remain unnoticed in the crowd, but her bright red coat made that impossible."
8829,unnoticed,"Despite his best efforts, his good deeds often went unnoticed and unappreciated."
8830,unwelcome,His unwelcome advances at the office party made several colleagues uncomfortable.
8830,unwelcome,"The news of the company's downsizing was unwelcome, especially after everyone had worked so hard."
8830,unwelcome,Heavy rain is especially unwelcome during a camping trip; it can ruin the whole experience.
8830,unwelcome,"I hope I'm not unwelcome, but I brought a bottle of wine to share."
8830,unwelcome,An unwelcome silence fell over the room after he revealed his controversial opinion.
8831,angelic,"The baby had an angelic face, with rosy cheeks and wide, innocent eyes."
8831,angelic,"Despite his angelic singing voice, he was known to be quite mischievous backstage."
8831,angelic,"She looked angelic in her white dress, floating down the aisle during the wedding ceremony."
8831,angelic,"After a lifetime of selfless service, she was described as having an angelic spirit."
8831,angelic,"The choir's angelic harmonies filled the cathedral, creating a truly breathtaking experience."
8832,automotive,The automotive industry is facing a major shift towards electric vehicles.
8832,automotive,He's got a real passion for automotive engineering and dreams of designing race cars.
8832,automotive,We offer a wide range of automotive parts and accessories in our online store.
8832,automotive,"After the accident, she developed a phobia of driving and now avoids anything automotive."
8832,automotive,The automotive trade show was packed with the latest models and technological innovations.
8833,circumstantial,The evidence against him was purely circumstantial; there were no witnesses and no direct proof.
8833,circumstantial,"While the manager acknowledged the issue, he said the budget cuts were circumstantial and not intended to impact employee morale directly."
8833,circumstantial,"Based on the circumstantial details, it seemed likely that he had known about the theft beforehand, even if he didn't participate."
8833,circumstantial,"Her success was circumstantial, a matter of being in the right place at the right time, rather than pure talent."
8833,circumstantial,The lawyer argued that the prosecution's case relied too heavily on circumstantial evidence and failed to establish a definitive link to the crime.
8834,compulsive,He had a compulsive need to check the locks on the doors three times before leaving the house.
8834,compulsive,Her compulsive shopping habits were starting to seriously impact her finances and relationships.
8834,compulsive,"The documentary explored the lives of individuals struggling with compulsive hoarding, revealing the underlying anxieties driving their behavior."
8834,compulsive,"Despite knowing it was unhealthy, she had a compulsive urge to bite her nails whenever she felt stressed."
8834,compulsive,"His compulsive attention to detail, while sometimes frustrating, ultimately made him an excellent editor."
8835,connected,I feel really connected to nature when I go hiking in the mountains.
8835,connected,The two companies are connected through a complex web of subsidiaries and investments.
8835,connected,Are you connected to the internet? I can't seem to load any web pages.
8835,connected,"The detective suspected the two seemingly unrelated crimes were connected, and he was determined to prove it."
8835,connected,"Although we live far apart, we've stayed connected through social media and regular video calls."
8836,crimson,The sunset painted the sky in vibrant hues of orange and crimson.
8836,crimson,"A single crimson rose lay on the mahogany table, a stark contrast to its dark surface."
8836,crimson,He blushed crimson when she complimented his new haircut.
8836,crimson,The report detailed the crimson tide that had devastated the local marine ecosystem.
8836,crimson,"The university's colors are crimson and gold, a combination that proudly adorns their sports uniforms."
8837,devoid ,The politician's speech was completely devoid of any concrete proposals; it was just empty rhetoric.
8837,devoid ,"After years of drought, the land was devoid of vegetation, a barren wasteland stretching to the horizon."
8837,devoid ,"His face was devoid of emotion as he listened to the bad news, making it impossible to gauge his reaction."
8837,devoid ,"The argument was devoid of logic and based purely on personal feelings, so it was difficult to take seriously."
8837,devoid ,I find that kind of humor devoid of any wit; it's just crude and offensive.
8838,erroneous,The newspaper issued a retraction after publishing the erroneous report about the company's financial losses.
8838,erroneous,"I received an erroneous bill from the hospital, so I'm calling to dispute the charges."
8838,erroneous,His initial assumption about the cause of the accident proved to be erroneous after further investigation.
8838,erroneous,"The software flagged several entries as potentially erroneous, requiring manual review."
8838,erroneous,It's easy to draw erroneous conclusions if you don't have all the facts.
8839,fishy,"The whole situation seemed a bit fishy to me, especially since he couldn't explain where he was all night."
8839,fishy,"I received an email offering a free cruise, but it looked fishy, so I deleted it without opening the attachment."
8839,fishy,There's something fishy going on with the company's financial reports; the numbers just don't add up.
8839,fishy,"He gave me a fishy look when I asked about the missing money, which made me even more suspicious."
8839,fishy,"After being left in the fridge for a week, the salmon started to smell a little fishy."
8840,floating,The astronaut described the sensation of floating in zero gravity as incredibly freeing.
8840,floating,I love watching the clouds floating lazily across the summer sky.
8840,floating,"Rumors of the company's acquisition have been floating around for weeks, but nothing's been confirmed yet."
8840,floating,"The dead leaves were floating on the surface of the pond, creating a colorful mosaic."
8840,floating,"After the argument, a heavy silence was floating in the room, making everyone uncomfortable."
8841,fragrant,"The fragrant aroma of freshly baked bread wafted from the bakery, making my stomach rumble."
8841,fragrant,She received a bouquet of fragrant roses for her birthday.
8841,fragrant,The air in the garden was fragrant with the scent of lavender and honeysuckle.
8841,fragrant,"The chef added a sprig of rosemary to the dish, hoping to impart a fragrant, earthy note."
8841,fragrant,"Although the cleaning product was effective, its overly fragrant scent gave me a headache."
8842,grotesque,"The gargoyles on the old cathedral were truly grotesque, their exaggerated features meant to ward off evil spirits."
8842,grotesque,His face was grotesquely distorted by the grimace of pain as he tried to lift the heavy box.
8842,grotesque,"The play was a grotesque parody of modern politics, exaggerating the flaws of each candidate to absurd levels."
8842,grotesque,She found the taxidermied animals in the museum utterly grotesque and unsettling.
8842,grotesque,"After the accident, his leg was grotesquely swollen and misshapen, requiring immediate medical attention."
8843,handmade,"She wore a beautiful, handmade dress to the gala, which everyone admired for its intricate details."
8843,handmade,"The local craft fair is a great place to find unique, handmade gifts for friends and family."
8843,handmade,"He prefers to drink his coffee from a handmade ceramic mug, claiming it enhances the flavor."
8843,handmade,"Although mass-produced goods are cheaper, there's a certain quality and charm that you can only find in handmade items."
8843,handmade,"The baker prides himself on his handmade pastries, using traditional recipes passed down through generations."
8844,insecure,"He felt insecure about his public speaking skills, constantly worrying about making mistakes in front of a crowd."
8844,insecure,"The company's network was insecure, making it vulnerable to cyberattacks and data breaches."
8844,insecure,She admitted to feeling insecure about her weight after seeing photos of herself on vacation.
8844,insecure,"Living in such an insecure neighborhood, they installed a sophisticated alarm system and reinforced their doors and windows."
8844,insecure,"Despite his confident facade, he was deeply insecure and constantly sought validation from others."
8845,jointed,"The antique doll had beautifully jointed limbs, allowing it to be posed in a variety of lifelike positions."
8845,jointed,"The plumber used a special tool to tighten the jointed pipes under the sink, preventing further leaks."
8845,jointed,"After years of wear and tear, the wooden floorboards had become loose and jointed, creating an uneven surface."
8845,jointed,"We decided on a jointed research project with the university, combining our resources and expertise."
8845,jointed,"The professor explained how the exoskeleton of insects is jointed, enabling them to move with surprising agility."
8846,lifelike,"The museum displayed a lifelike wax sculpture of Abraham Lincoln, so realistic it startled many visitors."
8846,lifelike,"The artist painstakingly crafted a lifelike portrait of his grandmother, capturing every wrinkle and subtle expression."
8846,lifelike,"The new video game boasts lifelike graphics and realistic physics, creating an immersive gaming experience."
8846,lifelike,"Despite the artificial intelligence, the chatbot struggled to provide lifelike responses, often sounding robotic and impersonal."
8846,lifelike,"After years of practice, her clay figures had become incredibly lifelike, each one possessing a unique personality and charm."
8847,loaded,The politician's speech was loaded with thinly veiled threats and accusations.
8847,loaded,"After working a double shift, I was so loaded with caffeine that I couldn't sleep for hours."
8847,loaded,"He came to the party loaded with gifts, it was quite generous."
8847,loaded,"That question is loaded – no matter how I answer, someone will be unhappy."
8847,loaded,The truck was loaded down with furniture for the family's move across the country.
8848,occidental,The museum featured a fascinating exhibit comparing Occidental and Oriental art traditions.
8848,occidental,His travels through Asia led him to question many of his previously held Occidental biases.
8848,occidental,She found that studying classical Occidental philosophy provided a strong foundation for her later work in Eastern thought.
8848,occidental,The hotel chain aimed to blend Occidental comfort with local architectural styles to create a unique experience for its guests.
8848,occidental,"While some argue about a clash of civilizations, many believe that Occidental and Eastern cultures can enrich each other through mutual understanding and respect."
8849,packed,The stadium was packed with excited fans eager to see the concert.
8849,packed,"I've packed my suitcase, but I'm worried it's still overweight for the flight."
8849,packed,"After a long day of hiking, we packed up our gear and headed back to the campsite."
8849,packed,"The restaurant is always packed at lunchtime, so it's best to arrive early or make a reservation."
8849,packed,"He packed a powerful punch, knocking his opponent to the ground in the first round."
8850,polished,"The antique table was beautifully polished, reflecting the light from the window."
8850,polished,"After years of practice, her piano playing had become incredibly polished and refined."
8850,polished,"He gave a polished presentation, answering all questions with confidence and ease."
8850,polished,"The candidate's speech was well-written and polished, but it lacked genuine emotion."
8850,polished,She polished off the entire plate of cookies in one sitting.
8851,precarious,"The stack of books on the wobbly table looked precarious, and I was afraid they would fall at any moment."
8851,precarious,"After losing his job and falling behind on his mortgage payments, his financial situation became increasingly precarious."
8851,precarious,"The climbers found themselves in a precarious position on the icy cliff face, with no easy way to ascend or descend."
8851,precarious,Negotiations between the two countries are at a precarious stage; one wrong move could derail the entire peace process.
8851,precarious,"His health was precarious after the surgery, requiring constant monitoring by the medical staff."
8852,radioactive,"The abandoned mine was found to contain radioactive materials, posing a significant health risk to the nearby community."
8852,radioactive,"After the nuclear accident, the government issued warnings about consuming food grown in the radioactive zone."
8852,radioactive,My doctor ordered a radioactive iodine uptake test to check the function of my thyroid gland.
8852,radioactive,"Some people believe that prolonged exposure to electromagnetic fields from cell phones could have radioactive-like effects, although this is scientifically debated."
8852,radioactive,"The scientist carefully handled the radioactive sample, ensuring all safety protocols were followed to prevent contamination."
8853,reproductive,The scientist studied the reproductive behavior of sea turtles in their natural habitat.
8853,reproductive,Concerns about the pesticide's impact on wildlife reproductive systems led to its ban.
8853,reproductive,"She decided to postpone having children due to career commitments, prioritizing personal goals over reproductive timing."
8853,reproductive,"The museum exhibit explored the reproductive strategies of various plant species, from pollination to seed dispersal."
8853,reproductive,Advances in reproductive technology have offered new hope to couples struggling with infertility.
8854,seeming,"Despite the seeming chaos, the team was actually quite organized and efficient."
8854,seeming,Her seeming indifference to the award ceremony was just a facade; she was actually very nervous.
8854,seeming,The project's seeming simplicity masked a number of complex technical challenges.
8854,seeming,"It had a seeming effect on him, but in reality, he was pretending to be tired so his friends would leave him alone."
8854,seeming,The witness's seeming hesitation to testify raised suspicions about their involvement in the crime.
8855,shaped,The potter carefully shaped the clay into a beautiful vase.
8855,shaped,My childhood experiences significantly shaped my perspective on the world.
8855,shaped,The economic downturn has shaped the company's strategy for the next fiscal year.
8855,shaped,The cookies were shaped like stars for the Christmas party.
8855,shaped,Public opinion on the matter was largely shaped by the media coverage.
8856,silvery,The silvery moonlight bathed the quiet town in an ethereal glow.
8856,silvery,She wore a silvery dress that shimmered under the disco ball.
8856,silvery,"The old coin had a silvery patina, a testament to its age and history."
8856,silvery,He has a silvery tongue; he could convince anyone of anything.
8856,silvery,The artist captured the silvery sheen of the lake's surface in his painting.
8857,sinister,"The old mansion on the hill had a sinister reputation, with rumors of strange occurrences within its walls."
8857,sinister,There was something sinister about the way he smiled; it didn't reach his eyes and felt utterly insincere.
8857,sinister,"The fog rolling in from the sea gave the coastline a sinister appearance, obscuring familiar landmarks and creating an eerie atmosphere."
8857,sinister,"Despite the company's claims, the fine print in the contract hinted at a more sinister motive behind their offer."
8857,sinister,"He had a sinister chuckle that sent shivers down my spine, making me wonder what he was truly planning."
8858,slack,"There's a lot of slack in the rope, so be careful not to trip."
8858,slack,I've been cutting him some slack because he's been going through a tough time lately.
8858,slack,The company uses Slack for internal communication; it's much more efficient than email.
8858,slack,"If sales continue to slack off this quarter, we may need to re-evaluate our marketing strategy."
8858,slack,I need to tighten the chain on my bike; there's too much slack.
8859,specialized,She needed to find a doctor with specialized knowledge in rare blood disorders.
8859,specialized,This software is too complicated for general use; it's designed for specialized tasks in engineering.
8859,specialized,He took a specialized course in forensic accounting to improve his career prospects.
8859,specialized,My dad has a specialized set of tools for woodworking that he's been collecting for years.
8859,specialized,The company offers specialized training programs tailored to the specific needs of each department.
8860,sturdy,"The antique table, though weathered, was remarkably sturdy and could easily hold a large feast."
8860,sturdy,"We need to build a sturdy fence to keep the deer out of the garden; otherwise, they'll eat all the vegetables."
8860,sturdy,"Despite the rough seas, the little boat proved surprisingly sturdy and handled the waves with ease."
8860,sturdy,He comes from sturdy stock; his parents and grandparents all lived well into their nineties.
8860,sturdy,"After years of hard work and dedicated savings, she built a sturdy financial foundation for her family's future."
8861,suggestive,"The lyrics of the song were quite suggestive, hinting at a deeper, more sensual meaning."
8861,suggestive,"Her outfit, while not overtly revealing, was suggestive enough to raise a few eyebrows at the office party."
8861,suggestive,The archaeological findings are suggestive of a previously unknown civilization in this region.
8861,suggestive,I found his comments about my work to be suggestive of a lack of confidence in my abilities.
8861,suggestive,"The doctor's diagnosis, while not definitive, was strongly suggestive of a vitamin deficiency; further tests are needed to confirm."
8862,sunken,"The old rowboat was half-sunken in the lake, a testament to years of neglect."
8862,sunken,"After a week of relentless rain, the garden was sunken and waterlogged, making it impossible to plant anything."
8862,sunken,"He had sunken eyes and hollow cheeks, a clear sign of exhaustion and lack of sleep."
8862,sunken,"The treasure was recovered from the sunken galleon, a priceless artifact from a bygone era."
8862,sunken,"She felt a little sunken after receiving the disappointing news, but tried to remain optimistic."
8863,swollen,"After the bee sting, her finger was swollen and throbbing."
8863,swollen,"The river was swollen due to the heavy rainfall, overflowing its banks and flooding nearby fields."
8863,swollen,He had a swollen ego after receiving so much praise for his presentation.
8863,swollen,"The budget deficit has swollen to an unsustainable level, requiring immediate action from the government."
8863,swollen,"My ankles always get swollen when I fly, so I make sure to wear compression socks."
8864,synthetic,The company is developing a new synthetic material that mimics the properties of spider silk.
8864,synthetic,Many processed foods contain synthetic flavors and colors to make them more appealing.
8864,synthetic,"Her emotional response to the situation felt somewhat synthetic, as if she were forcing herself to cry."
8864,synthetic,"The art historian argued that the painting was a fake, pointing to the use of synthetic pigments that weren't available during the artist's lifetime."
8864,synthetic,"While natural diamonds are rare and expensive, synthetic diamonds are becoming increasingly popular in industrial applications and even in jewelry."
8865,tasteless,I found the soup incredibly tasteless; it needed a lot more salt and pepper.
8865,tasteless,His joke about the tragedy was completely tasteless and inappropriate.
8865,tasteless,The new office decor is shockingly tasteless; who chose that shade of orange?
8865,tasteless,Some critics found the movie's humor to be tasteless and reliant on cheap stereotypes.
8865,tasteless,She accused him of writing a tasteless article that exploited the victim's family for sensationalism.
8866,thermal,The hikers wore thermal underwear to protect themselves from the cold mountain air.
8866,thermal,This new building is designed with excellent thermal insulation to reduce energy consumption.
8866,thermal,We observed a strong thermal updraft that allowed the glider to gain altitude quickly.
8866,thermal,The doctor recommended a thermal compress to reduce the swelling in my knee.
8866,thermal,"After the fire, investigators used thermal imaging cameras to identify remaining hotspots within the building."
8867,thunderous,The audience erupted in thunderous applause after the band's encore.
8867,thunderous,"A thunderous crash of lightning shook the house, followed by torrential rain."
8867,thunderous,His thunderous voice echoed through the courtroom as he delivered his closing argument.
8867,thunderous,"Despite the coach's thunderous disapproval, the player continued to argue the penalty."
8867,thunderous,"The army advanced with a thunderous roar, the ground trembling beneath their feet."
8868,turbulent,"The flight was turbulent, and I spilled my coffee all over myself."
8868,turbulent,"After a turbulent childhood, she finally found stability and happiness in her adult life."
8868,turbulent,"The stock market has been turbulent recently, making it difficult for investors to predict future performance."
8868,turbulent,The turbulent river rapids were a challenge for even the most experienced kayakers.
8868,turbulent,"The political climate in the country is turbulent, with protests and demonstrations occurring daily."
8869,undone,I felt completely undone after hearing the news; it was as if my world had crumbled.
8869,undone,"He left his tie undone, giving him a more relaxed and approachable appearance."
8869,undone,"The damage caused by the flood was extensive, and it would take years to undo all the destruction."
8869,undone,The reforms implemented by the previous administration were quickly undone by the new government.
8869,undone,"She spent hours carefully constructing the intricate Lego model, only to have her toddler gleefully undo it in seconds."
8870,wanting,"The old dog was found wandering the streets, clearly wanting a home and some affection."
8870,wanting,"She was found wanting in her duties as a manager, failing to meet key performance indicators."
8870,wanting,He spent the entire evening wanting to be anywhere but at that boring party.
8870,wanting,"Despite his apparent confidence, he was wanting for real experience in the field."
8870,wanting,The charity is wanting volunteers to help with their annual fundraising event next month.
8871,watertight,"The prosecution thought they had a watertight case against the defendant, but the defense attorney found several inconsistencies."
8871,watertight,We need to ensure that the container is completely watertight before shipping the delicate equipment.
8871,watertight,Her alibi wasn't entirely watertight; there were some gaps in her story that the police found suspicious.
8871,watertight,"Before you go kayaking, check that the dry bag is watertight to protect your phone and wallet from getting wet."
8871,watertight,"The company claimed their new technology was watertight against cyber attacks, but a recent breach proved otherwise."
8872,watery,"The soup was surprisingly watery, lacking the rich, creamy texture I expected."
8872,watery,"After a week of rain, the ground was so watery that it was difficult to walk without sinking into the mud."
8872,watery,"He had watery eyes and a runny nose, clear signs of a bad cold."
8872,watery,"The watercolor paints produced a lovely, watery effect on the paper, perfect for capturing the subtle hues of the sunset."
8872,watery,"The company's financial report revealed a watery explanation for the declining profits, failing to address the core issues."
8873,yielding,"The negotiations were difficult, but the opposing side was finally yielding to our demands for a fair settlement."
8873,yielding,"After hours of baking, the dough was finally yielding and easy to shape into loaves."
8873,yielding,"Yielding to peer pressure, he reluctantly agreed to skip class, a decision he later regretted."
8873,yielding,"The farmer expects a high yielding crop this year, thanks to the favorable weather conditions."
8873,yielding,"Yielding the right-of-way to the pedestrian, the driver waited patiently for them to cross the street."
8874,ceaseless,The ceaseless rain made it impossible to enjoy our camping trip.
8874,ceaseless,The inventor dedicated his life to the ceaseless pursuit of a perpetual motion machine.
8874,ceaseless,"Despite the doctor's warnings, he continued his ceaseless smoking habit, seemingly unable to quit."
8874,ceaseless,The baby's ceaseless crying kept us up all night; we were desperate for some sleep.
8874,ceaseless,"The politician faced ceaseless criticism from the opposition party, but he remained steadfast in his beliefs."
8875,instantaneous,The news of his victory was met with instantaneous celebration throughout the country.
8875,instantaneous,"With the advent of high-speed internet, we expect instantaneous access to information."
8875,instantaneous,The athlete experienced instantaneous relief from the pain after receiving treatment from the team doctor.
8875,instantaneous,"While some problems require careful consideration, others demand an instantaneous decision."
8875,instantaneous,"Although I wish I could provide instantaneous results, healing from this injury will take time and patience."
8876,overdue,"The library book is overdue, and I need to return it as soon as possible to avoid fines."
8876,overdue,The project report is already a week overdue; we need to get it finalized and submitted immediately.
8876,overdue,"After years of hard work and dedication, a vacation is long overdue."
8876,overdue,"The company's financial statements are overdue, causing concern among investors."
8876,overdue,He's overdue for a promotion; his contributions to the team have been exceptional.
8877,periodic,"The scientist observed periodic fluctuations in the star's brightness, suggesting the presence of a planet."
8877,periodic,"She experienced periodic migraines that would last for several days, disrupting her work and social life."
8877,periodic,The company conducts periodic performance reviews to assess employee progress and identify areas for improvement.
8877,periodic,We need to schedule periodic maintenance on the car to ensure it runs smoothly and avoid costly repairs later.
8877,periodic,"After a long period of silence, the volcano showed signs of periodic activity, alarming the nearby residents."
8878,populous,"China is the world's most populous country, with over a billion inhabitants."
8878,populous,"The eastern seaboard of the United States is a highly populous region, especially around major cities like New York and Boston."
8878,populous,"As more people move to urban areas, the countryside becomes less populous, leading to concerns about rural decline."
8878,populous,The debate centers on whether to build the new airport in the more populous southern region or the less inhabited northern area.
8878,populous,"Despite being a relatively small island, Java is incredibly populous due to its fertile land and long history of agriculture."
8879,premature,Declaring victory at this stage would be premature; we need to see the final results before celebrating.
8879,premature,"The baby was born premature, weighing only four pounds, and required intensive care."
8879,premature,Their engagement ended because they felt marriage would be premature given their young age and short relationship.
8879,premature,The company's premature announcement of the new product backfired when the prototype failed during a public demonstration.
8879,premature,Don't jump to conclusions; it's premature to assume the worst without all the facts.
8880,temporal,"The archaeologist studied the temporal patterns of settlement in the valley, noting how they changed over centuries."
8880,temporal,"Despite the company's long-term goals, we also need to consider the temporal constraints of this quarter's budget."
8880,temporal,He found it difficult to reconcile his temporal ambitions with his spiritual beliefs.
8880,temporal,"The software analyzes temporal data, such as website traffic and user activity, to identify trends and anomalies."
8880,temporal,"A classic science fiction trope involves temporal paradoxes, where actions in the past alter the present in unforeseen ways."
8881,transitional,The company is undergoing a transitional period as it shifts its focus from manufacturing to software development.
8881,transitional,"This neighborhood is in a transitional zone, with older homes being gradually replaced by modern apartments."
8881,transitional,The course includes a transitional module designed to help students bridge the gap between high school and university-level mathematics.
8881,transitional,"After the accident, he was placed in a transitional care unit to help him regain his independence before returning home."
8881,transitional,Using phrases like 'however' and 'therefore' are great transitional devices to improve the flow of your essay.
8882,treble,The choir's treble section soared during the high notes of the anthem.
8882,treble,He adjusted the equalizer to boost the treble and make the music sound crisper.
8882,treble,The company aimed to treble its profits within the next five years through aggressive marketing.
8882,treble,"After discovering the accounting error, they had to treble-check all the figures to ensure accuracy."
8882,treble,"The singer's voice, a pure treble, filled the concert hall with youthful energy."
8883,unprepared,"The speaker was completely unprepared, stumbling over his words and losing his place several times."
8883,unprepared,"Feeling unprepared for the exam, she stayed up all night studying, hoping to cram in as much information as possible."
8883,unprepared,"He arrived at the interview unprepared to answer basic questions about his previous experience, which cost him the job."
8883,unprepared,"The hikers were unprepared for the sudden change in weather, and they quickly became lost in the thick fog."
8883,unprepared,"After the company's announcement of poor sales figures, investors were unprepared for the CEO's resignation, leading to further market instability."
8884,addicted,He's completely addicted to his phone; he checks it every few minutes.
8884,addicted,Many people find themselves addicted to caffeine and need a cup of coffee to function in the morning.
8884,addicted,The scientist warned that the rats would become addicted to the drug after repeated exposure.
8884,addicted,She was addicted to the thrill of skydiving and went every weekend.
8884,addicted,"After years of struggling, he finally overcame his addiction with the help of a support group."
8885,addictive,That new mobile game is incredibly addictive; I've been playing it for hours every day this week.
8885,addictive,"Social media can be addictive, especially for teenagers who are constantly seeking validation."
8885,addictive,The author's writing style is so addictive that I couldn't put the book down until I finished it.
8885,addictive,"Many processed foods are designed to be addictive through the use of sugar, salt, and fat combinations."
8885,addictive,"While the initial investment may seem small, the long-term costs of smoking can become quite addictive, both financially and physically."
8886,amiable,"Despite his gruff exterior, the old mechanic was an amiable fellow who always offered a helping hand."
8886,amiable,"The conference speaker had an amiable demeanor, which immediately put the audience at ease."
8886,amiable,Our new neighbor seems quite amiable; she brought over a plate of cookies when we moved in.
8886,amiable,The manager fostered an amiable working environment where employees felt comfortable sharing ideas.
8886,amiable,"He was known for his amiable personality and ability to get along with just about anyone, making him a natural diplomat."
8887,artful,The negotiator employed an artful blend of charm and veiled threats to secure the deal.
8887,artful,"She gave an artful smile, but I could tell she was hiding something."
8887,artful,His artful dodging of the question made it clear he didn't want to reveal the truth.
8887,artful,The director used artful lighting and camera angles to create a sense of suspense in the film.
8887,artful,"He crafted an artful excuse for being late, blaming it on unexpected traffic and a flat tire."
8888,assertive,She needed to be more assertive in meetings if she wanted her ideas to be heard.
8888,assertive,He took an assertiveness training course to help him communicate his needs more effectively.
8888,assertive,"The lawyer presented an assertive defense, clearly stating the evidence that supported his client's innocence."
8888,assertive,"While I appreciate your enthusiasm, your assertive approach to the project is overwhelming the team; try to be more collaborative."
8888,assertive,"Despite her quiet nature, she was assertive about her boundaries and wouldn't let anyone take advantage of her."
8889,behavioral,The company is implementing a new behavioral training program to improve customer service skills.
8889,behavioral,Her doctor suggested behavioral therapy to help manage her anxiety.
8889,behavioral,Researchers are studying the behavioral effects of social media on teenagers.
8889,behavioral,"Due to his disruptive behavioral issues in class, the teacher contacted his parents."
8889,behavioral,Behavioral economics explores how psychological factors influence people's financial decisions.
8890,carefree,"She spent her summer days in a carefree haze, swimming in the lake and reading under the trees."
8890,carefree,"After retiring, he embraced a more carefree lifestyle, traveling the world and pursuing his hobbies."
8890,carefree,"The children ran through the park, their laughter echoing with carefree joy."
8890,carefree,I envy her carefree attitude; she never seems to worry about anything.
8890,carefree,"Despite the challenges, he approached life with a carefree spirit and a positive outlook."
8891,compassionate,"The doctor was known for her compassionate care, always taking the time to listen to her patients' concerns."
8891,compassionate,"It's important to be compassionate towards those who are struggling, even if you don't fully understand their situation."
8891,compassionate,A truly compassionate leader should prioritize the well-being of their constituents.
8891,compassionate,I felt a compassionate urge to help the homeless man after hearing his story.
8891,compassionate,"Despite his gruff exterior, he had a compassionate heart and secretly donated to several charities."
8892,discreet,He made a discreet inquiry about her background before offering her the job.
8892,discreet,"The waiter was very discreet, ensuring our glasses were always full without being intrusive."
8892,discreet,"If you want to keep this a secret, you need to be more discreet with whom you share the information."
8892,discreet,"She wore a discreet diamond necklace, adding a touch of elegance without being ostentatious."
8892,discreet,The politician made a discreet exit from the back door to avoid the reporters.
8893,faithless,The knight was branded faithless after betraying his king and joining the enemy forces.
8893,faithless,I can't believe he was so faithless to his wife after all those years of marriage.
8893,faithless,Some historians argue that the Roman emperors' faithless adherence to tradition ultimately led to the empire's decline.
8893,faithless,She accused him of being a faithless friend when he didn't support her during her difficult time.
8893,faithless,"Despite the doctor's grim prognosis, she remained hopeful, refusing to become faithless in the power of medicine and her own will to live."
8894,frivolous,"I think spending that much money on designer shoes is frivolous, especially when you have so many pairs already."
8894,frivolous,"The judge dismissed the lawsuit as frivolous, citing a lack of credible evidence to support the plaintiff's claims."
8894,frivolous,"During the serious meeting about the company's future, John's frivolous remarks were met with disapproving glares."
8894,frivolous,"She accused him of being frivolous with his affections, leading her on without any intention of commitment."
8894,frivolous,"While some consider collecting stamps a frivolous hobby, it brings immense joy and relaxation to many people."
8895,gifted,She's a gifted pianist; her performances are always breathtaking.
8895,gifted,The school has a special program for gifted and talented students.
8895,gifted,"He was gifted with a natural ability to learn languages, picking up new ones in a matter of months."
8895,gifted,I was gifted this beautiful antique clock by my grandmother before she passed away.
8895,gifted,"Despite being gifted intellectually, he struggled with social interactions."
8896,immune,"After getting the chickenpox as a child, I'm now immune to it for the rest of my life."
8896,immune,"The company thought they were immune to the economic downturn, but they were sadly mistaken."
8896,immune,"The politician seemed immune to criticism, brushing off every accusation with a smile."
8896,immune,"Because of the new regulations, no one is immune from having their data monitored online."
8896,immune,The doctor explained that the vaccine would make me immune to the flu for at least a year.
8897,imprudent,"Investing all your savings in a single, unproven startup would be an imprudent decision."
8897,imprudent,It would be imprudent to ignore the warnings of the approaching hurricane; we need to evacuate immediately.
8897,imprudent,She admitted that her hasty words were imprudent and apologized for causing offense.
8897,imprudent,"Driving after drinking, even a small amount, is not only illegal but also deeply imprudent."
8897,imprudent,"He made the imprudent choice to skip his final exams, thinking he could pass the course anyway."
8898,inappropriate,His joke about the tragedy was completely inappropriate and offended many people.
8898,inappropriate,Wearing a swimsuit to a formal business meeting would be considered inappropriate attire.
8898,inappropriate,I felt it was inappropriate to discuss my colleague's personal life with other coworkers.
8898,inappropriate,The manager's behavior towards his subordinates was highly inappropriate and crossed several ethical lines.
8898,inappropriate,She received a warning for making inappropriate comments during the online class.
8899,inborn,"She seemed to have an inborn talent for music, effortlessly playing complex melodies."
8899,inborn,His inborn curiosity led him to constantly question the world around him.
8899,inborn,"While some skills can be learned, a natural leader often possesses inborn charisma."
8899,inborn,The doctor suspected an inborn error of metabolism after observing the baby's symptoms.
8899,inborn,"Despite her challenging upbringing, she never lost her inborn sense of optimism and kindness."
8900,inconclusive,"The DNA evidence was inconclusive, so the suspect was released."
8900,inconclusive,"After hours of debate, the committee's vote remained inconclusive, leaving the issue unresolved."
8900,inconclusive,"Her medical tests came back inconclusive, so the doctor ordered further investigations to determine the cause of her symptoms."
8900,inconclusive,"The initial market research provided inconclusive results, making it difficult to decide whether to launch the new product."
8900,inconclusive,"While I appreciate your efforts, the data you presented is ultimately inconclusive and doesn't support your hypothesis."
8901,insincere,"His apologies sounded insincere, as if he were just going through the motions to avoid further conflict."
8901,insincere,I detected an insincere note in her voice when she congratulated me on the promotion; I don't think she was truly happy for me.
8901,insincere,"The politician's promises about lowering taxes seemed particularly insincere, given his track record of raising them."
8901,insincere,"She flashed an insincere smile, but I could see the disappointment in her eyes."
8901,insincere,"Despite his insincere flattery, I knew he was only trying to get a favor from me."
8902,lavish,"The hotel room was lavishly decorated, with silk curtains and an enormous chandelier."
8902,lavish,"They lavish praise on him for even the smallest accomplishments, which I think is a bit much."
8902,lavish,"The company threw a lavish party to celebrate their anniversary, complete with a live band and gourmet food."
8902,lavish,"She lavished attention on her grandchildren, always buying them gifts and telling them stories."
8902,lavish,"Despite the economic downturn, the CEO continued to live a lavish lifestyle, flying on private jets and staying in five-star hotels."
8903,lesbian,She came out as a lesbian in college and found a supportive community.
8903,lesbian,The documentary explored the history of lesbian activism in the United States.
8903,lesbian,My aunt and her wife are a lesbian couple who have been together for over twenty years.
8903,lesbian,"There's a misconception that all lesbian women are butch, but that's simply not true; sexuality is diverse."
8903,lesbian,The author's latest novel features a complex and nuanced portrayal of a lesbian relationship.
8904,martial,The museum has a fascinating exhibit on martial arts traditions from around the world.
8904,martial,"After the earthquake, the governor declared martial law to maintain order and prevent looting."
8904,martial,"He displayed a very martial attitude towards the competition, focused solely on victory."
8904,martial,"She's studying to become a black belt in Taekwondo, a Korean martial art known for its powerful kicks."
8904,martial,"The general's speech had a martial tone, emphasizing discipline and readiness for combat."
8905,misguided,His misguided attempt to fix the plumbing resulted in a flooded bathroom.
8905,misguided,I think their policy of cutting funding to education is misguided and will hurt future generations.
8905,misguided,She had a misguided belief that she could become a famous singer overnight without any training.
8905,misguided,"While his intentions were good, his actions were ultimately misguided and caused more harm than good."
8905,misguided,"The protesters, though passionate, were often seen as misguided by the general public due to their extreme tactics."
8906,perverse,"It's perverse, but I actually enjoy doing laundry; it's a form of mindless relaxation for me."
8906,perverse,"There's a perverse pleasure in proving people wrong, even if it's about something trivial."
8906,perverse,The judge ruled that the company's actions were a perverse attempt to undermine competition in the market.
8906,perverse,"Despite the evidence suggesting otherwise, he took a perverse delight in believing the conspiracy theory."
8906,perverse,It seems almost perverse to celebrate individual achievement when so many are struggling to survive.
8907,prone,My laptop is prone to overheating if I run too many programs at once.
8907,prone,"He's prone to exaggeration, so take everything he says with a grain of salt."
8907,prone,"Due to its geographical location, the region is prone to earthquakes and tsunamis."
8907,prone,"After his injury, he was forced to lie prone on the examination table while the doctor assessed his condition."
8907,prone,People with weakened immune systems are more prone to infections.
8908,psychic,"She claims to be psychic and can predict the future, but I'm skeptical."
8908,psychic,"The police consulted a psychic in the hopes of finding the missing child, but the leads didn't pan out."
8908,psychic,"I don't believe in psychic powers, but I do think that some people are more intuitive than others."
8908,psychic,"Despite the scientific community's general dismissal of psychic phenomena, many people find comfort and guidance in readings."
8908,psychic,He had a psychic connection with his twin sister; they often knew what the other was thinking or feeling.
8909,renewable,Our company is committed to investing in renewable energy sources like solar and wind power to reduce our carbon footprint.
8909,renewable,"The library card is renewable every three years, so remember to update yours before it expires."
8909,renewable,The contract includes a clause stating that it's automatically renewable unless either party provides written notice of termination.
8909,renewable,"Living near the park provides a renewable sense of peace and tranquility, a feeling that always comes back after a stressful day."
8909,renewable,"While fossil fuels are finite, renewable resources offer a sustainable path toward meeting future energy demands."
8910,rigorous,The university's physics program is known for its rigorous curriculum and demanding professors.
8910,rigorous,"Before launching the product, we need to conduct a rigorous testing phase to ensure it meets our quality standards."
8910,rigorous,"He followed a rigorous training schedule in preparation for the marathon, pushing himself to his limits every day."
8910,rigorous,"The detective conducted a rigorous investigation, leaving no stone unturned in his search for the truth."
8910,rigorous,"Although the process was rigorous, the end result was a much more robust and reliable system."
8911,skeptical,"I'm skeptical that the company can double its profits in just one quarter, given their recent performance."
8911,skeptical,"Despite the politician's promises, many voters remain skeptical about his ability to deliver on his campaign pledges."
8911,skeptical,"She was skeptical of his explanation for being late, noting the inconsistencies in his story."
8911,skeptical,"While the new technology sounds promising, I'm adopting a wait-and-see approach and remaining skeptical until I see concrete results."
8911,skeptical,"The scientist approached the new data with a skeptical eye, carefully scrutinizing the methodology and potential biases."
8912,submissive,"He adopted a submissive posture, head bowed and eyes averted, hoping to de-escalate the argument."
8912,submissive,"The dog, once aggressive, became remarkably submissive after weeks of training."
8912,submissive,"In some hierarchical organizations, employees are expected to be submissive to their superiors, regardless of their own opinions."
8912,submissive,"While some find the idea of a submissive role in a relationship appealing, others prefer a more egalitarian dynamic."
8912,submissive,The political party's submissive stance on the issue drew criticism from both its supporters and opponents.
8913,suicidal,He was feeling suicidal after losing his job and going through a difficult breakup.
8913,suicidal,"The company's aggressive cost-cutting measures seemed suicidal, as they risked alienating their loyal customers."
8913,suicidal,She sought help when she started having suicidal thoughts and ideations.
8913,suicidal,Driving that fast on a winding road is practically suicidal; you're risking your life.
8913,suicidal,"The documentary explored the complex factors that can contribute to someone becoming suicidal, emphasizing the importance of mental health support."
8914,unconcerned,"He seemed completely unconcerned about the impending deadline, casually chatting about his weekend plans."
8914,unconcerned,"Despite the rising floodwaters, the cat remained unconcerned, calmly grooming itself on the windowsill."
8914,unconcerned,"The politician appeared unconcerned by the allegations of corruption, dismissing them as politically motivated attacks."
8914,unconcerned,She adopted an unconcerned attitude to hide her disappointment when she didn't get the promotion.
8914,unconcerned,"As long as the bills were paid, he remained largely unconcerned with the specifics of the family budget."
8915,debatable,Whether or not pineapple belongs on pizza is a highly debatable topic.
8915,debatable,"The long-term effects of this new policy are debatable, and further research is needed."
8915,debatable,It's debatable if his actions were motivated by genuine altruism or simply a desire for publicity.
8915,debatable,"While the movie was visually stunning, its plot was debatable, leaving many viewers confused."
8915,debatable,"The professor argued that the historical accuracy of the play was debatable, citing several inconsistencies with contemporary accounts."
8916,exempt,"Because of his disability, he is exempt from military service."
8916,exempt,Small businesses are often exempt from certain regulations to encourage growth.
8916,exempt,The charity is exempt from paying income tax due to its non-profit status.
8916,exempt,Are you exempt from taking the final exam if you have a good attendance record?
8916,exempt,"As a firefighter, he was exempt from jury duty, allowing him to continue his essential work."
8917,feudal,"The small village still operates under a system that feels almost feudal, with the landowner holding considerable sway over the residents' lives."
8917,feudal,"Critics argued that the proposed tax reforms would create a new feudal aristocracy, concentrating wealth in the hands of a select few."
8917,feudal,"Historians often describe medieval Europe as a feudal society, characterized by lords, vassals, and serfs."
8917,feudal,"Although officially abolished centuries ago, some believe remnants of feudal attitudes and power structures persist in certain regions."
8917,feudal,"The company's rigid hierarchy and lack of employee autonomy fostered a feudal atmosphere, stifling innovation and creativity."
8918,illegitimate,The king's illegitimate son was a constant source of political intrigue.
8918,illegitimate,Some people believe that the government's actions were illegitimate and violated fundamental rights.
8918,illegitimate,"She felt that her concerns were dismissed as illegitimate, even though she had valid reasons to be worried."
8918,illegitimate,He argued that the contract was illegitimate because it was signed under duress.
8918,illegitimate,"Declaring the election results illegitimate, the opposition party called for a recount."
8919,judiciary,The independence of the judiciary is crucial for a fair and just society.
8919,judiciary,Several legal scholars have criticized the judiciary's interpretation of the new law.
8919,judiciary,"She's considering a career in law, hoping to eventually work within the judiciary system."
8919,judiciary,"The president's nomination for the Supreme Court is facing intense scrutiny from both sides of the political spectrum, potentially impacting the future of the judiciary."
8919,judiciary,He believes that the judiciary is overstepping its bounds and should defer more to the legislative branch.
8920,lucrative,Becoming a social media influencer can be a surprisingly lucrative career path for those who build a large following.
8920,lucrative,"The antique dealer suspected the painting was a fake, but he knew that if it were genuine, it would be a very lucrative find."
8920,lucrative,"While the work was challenging, the lucrative salary and benefits package made it an attractive opportunity."
8920,lucrative,"He decided to abandon his passion project in favor of a more lucrative business venture, hoping to secure his family's financial future."
8920,lucrative,"Investing in real estate in that up-and-coming neighborhood proved to be a lucrative decision, as property values soared within a few years."
8921,materialistic,"She worried that her children were becoming too materialistic, always wanting the latest toys and gadgets."
8921,materialistic,The professor argued that modern society's focus on consumerism has led to a materialistic culture devoid of deeper meaning.
8921,materialistic,"He may seem materialistic, always talking about money and possessions, but deep down he values relationships more than anything."
8921,materialistic,"While a certain level of ambition is healthy, becoming overly materialistic can lead to unhappiness and a constant feeling of inadequacy."
8921,materialistic,"The artist rejected the materialistic values of the art world, choosing instead to create for the sake of self-expression."
8922,multinational,Nestlé is a multinational corporation with operations in almost every country in the world.
8922,multinational,Working for a multinational company often means opportunities for international travel and career advancement.
8922,multinational,The proposed tax reforms are aimed at preventing multinational companies from shifting their profits to tax havens.
8922,multinational,My friend transferred to the London office as part of the multinational's global mobility program.
8922,multinational,The rise of multinational enterprises has significantly impacted global trade and investment patterns.
8923,negotiable,"The salary for this position is negotiable, depending on your experience and qualifications."
8923,negotiable,"While the initial price seems high, everything is negotiable, so don't be afraid to make an offer."
8923,negotiable,The delivery date is somewhat negotiable; we can potentially adjust it to better suit your schedule.
8923,negotiable,"In conflict resolution, finding mutually negotiable points is crucial for reaching a compromise."
8923,negotiable,My non-negotiable requirement for this job is the ability to work remotely at least three days a week.
8924,operative,"The rescue mission is now operative, and teams are on the ground."
8924,operative,"With the new software fully operative, we expect a significant increase in efficiency."
8924,operative,"The secret operative worked undercover for years, gathering crucial intelligence."
8924,operative,"The key operative word in his statement was 'allegedly,' which suggested he wasn't entirely sure."
8924,operative,The surgeon determined that surgery was the only operative option to repair the damaged tissue.
8925,receivable,Our accounts receivable department is responsible for tracking all outstanding invoices and collecting payments from clients.
8925,receivable,"The company factored its receivables to improve its immediate cash flow, sacrificing a small percentage of the total amount due."
8925,receivable,"Based on the aging schedule, a significant portion of our accounts receivable is over 90 days past due, which is concerning."
8925,receivable,I'm still waiting on a receivable from that freelance job I did last month; I need to follow up with the client.
8925,receivable,"The bank uses the company's receivables as collateral for the loan, reducing the risk for the lender."
8926,repressive,The repressive regime silenced all dissent through censorship and intimidation.
8926,repressive,"Growing up in such a repressive environment, he never learned to express his emotions openly."
8926,repressive,"She accused the company of maintaining a repressive atmosphere, where employees were afraid to speak their minds."
8926,repressive,"Many argue that overly strict parenting can be repressive, hindering a child's development of individuality."
8926,repressive,He found meditation to be a helpful tool in releasing repressed memories and emotions.
8927,rogue,"The rogue wave caught the small fishing boat completely by surprise, capsizing it in seconds."
8927,rogue,That rogue programmer was able to bypass all the security protocols and steal sensitive company data.
8927,rogue,"He admitted he was a bit of a rogue in his younger days, always getting into trouble."
8927,rogue,"The detective suspected the seemingly innocent businessman was actually operating as a rogue agent, selling secrets to the highest bidder."
8927,rogue,"Despite his rogue tendencies, his team valued his unconventional problem-solving skills and willingness to take risks."
8928,sociological,The study offers a sociological perspective on the impact of social media on teenagers' self-esteem.
8928,sociological,"From a sociological standpoint, the rise in single-person households reflects changing societal norms and economic factors."
8928,sociological,"Her research is heavily influenced by sociological theories, particularly those related to social stratification and inequality."
8928,sociological,Understanding the sociological implications of artificial intelligence is crucial for navigating the future of work and society.
8928,sociological,"While the crime itself is a legal issue, the underlying causes often have deep sociological roots in poverty, lack of opportunity, and systemic discrimination."
8929,speculative,"The company's investment in the new technology was highly speculative, with no guarantee of a return."
8929,speculative,"Her theory about the lost city is interesting, but it's purely speculative at this point; she needs more evidence."
8929,speculative,I wouldn't buy that stock; it's considered a speculative investment and you could lose your shirt.
8929,speculative,"We engaged in some speculative discussion about who might win the election, but ultimately, we'll just have to wait and see."
8929,speculative,"The real estate market is becoming increasingly speculative, with prices rising much faster than incomes."
8930,taboo,"In some cultures, discussing death openly is considered taboo."
8930,taboo,"Mental health used to be a taboo subject, but thankfully, that's changing."
8930,taboo,"Breaking the fourth wall, once a taboo in theatre, is now a common technique."
8930,taboo,"The politician's career ended when details of his affair, a major taboo given his family values stance, were leaked to the press."
8930,taboo,"For many years, interracial marriage was a social taboo in the United States."
8931,tyrannical,"The tyrannical boss ruled the office with an iron fist, firing anyone who dared to disagree with him."
8931,tyrannical,History is filled with stories of tyrannical leaders who abused their power and oppressed their people.
8931,tyrannical,"The new regulations felt tyrannical to the small business owners, who claimed they were being unfairly burdened with excessive paperwork."
8931,tyrannical,"While some argue for stricter rules, others fear that such measures could lead to a tyrannical government."
8931,tyrannical,"My parents were a little tyrannical about screen time when I was a kid, but I appreciate it now."
8932,unsold,The bookstore was forced to heavily discount the unsold copies of the author's debut novel.
8932,unsold,"After the concert, there were still a surprising number of unsold tickets, indicating a lower-than-expected turnout."
8932,unsold,We're having a clearance sale to get rid of all the unsold merchandise before the new season's collection arrives.
8932,unsold,"The developer is worried about the large number of unsold apartments in the new building, which could impact their profit margins."
8932,unsold,"Despite the marketing campaign, a significant portion of the farmer's crop remained unsold at the local market."
8933,vocational,"After high school, she decided to pursue a vocational program in culinary arts instead of going to a traditional four-year college."
8933,vocational,"The community college offers a wide range of vocational courses, including plumbing, electrical work, and automotive repair."
8933,vocational,Many argue that vocational training is essential for addressing the skills gap and preparing students for in-demand jobs.
8933,vocational,He found his calling in the vocational field of carpentry and now runs his own successful construction business.
8933,vocational,The government is investing heavily in vocational education to equip young people with practical skills for the workforce.
8934,aquatic,"The local aquarium boasts a diverse collection of aquatic animals, from playful dolphins to colorful coral reef fish."
8934,aquatic,My daughter is fascinated by aquatic plants and wants to build a small pond in our backyard to grow water lilies.
8934,aquatic,"Due to the heavy rainfall, the hiking trail became an aquatic environment, forcing us to turn back."
8934,aquatic,The professor's research focuses on the impact of pollution on aquatic ecosystems and the long-term consequences for biodiversity.
8934,aquatic,"Swimming is a great form of exercise, and I find being in an aquatic environment very relaxing and therapeutic."
8935,celestial,The telescope allowed us to observe celestial bodies like planets and distant galaxies with incredible clarity.
8935,celestial,"Her paintings often depict celestial scenes, filled with swirling nebulae and shimmering stardust."
8935,celestial,The choir's voices blended together in a celestial harmony that filled the cathedral.
8935,celestial,Astronomers dedicated their lives to charting the celestial sphere and understanding the movements of stars.
8935,celestial,"According to ancient mythology, the gods resided in a celestial realm, far removed from the mortal world."
8936,cosmic,"The vastness of space always makes me feel insignificant, a tiny speck in the grand cosmic scheme of things."
8936,cosmic,"Scientists are still trying to unravel the mysteries of dark matter and dark energy, fundamental components of the cosmic web."
8936,cosmic,"Their meeting felt like more than just chance; it was as if the universe had conspired to bring them together, a truly cosmic coincidence."
8936,cosmic,The new telescope promises to give us unprecedented views of distant galaxies and other cosmic phenomena.
8936,cosmic,"After a particularly bad day, she sighed and said, ""I need a cosmic reset; maybe a long vacation will do the trick."""
8937,evergreen,"The garden looked beautiful all year round, thanks to the evergreen shrubs planted along the border."
8937,evergreen,That song is an evergreen; it's been popular for decades and people still love it.
8937,evergreen,We need to develop evergreen content that will continue to attract readers long after it's published.
8937,evergreen,The company's commitment to sustainability is an evergreen principle that guides all of its decisions.
8937,evergreen,"He hoped his romantic gestures would have an evergreen effect on their relationship, keeping the spark alive for years to come."
8938,freezing,It's absolutely freezing outside; I think I need to wear two pairs of socks.
8938,freezing,"The company is freezing hiring until the economy improves, which is disappointing news for recent graduates."
8938,freezing,I'm freezing my credit card because I keep overspending.
8938,freezing,"The plumber warned us that if the pipes aren't properly insulated, they could burst if they start freezing."
8938,freezing,She gave me a freezing look when I accidentally spilled coffee on her new dress.
8939,astronomical,"The cost of the new space telescope is astronomical, but scientists believe the potential discoveries will be worth it."
8939,astronomical,"Winning the lottery would be astronomical luck, a one-in-a-million chance."
8939,astronomical,The popularity of that new song is astronomical; it's topping charts worldwide.
8939,astronomical,The amount of paperwork required to get this permit is astronomical; I've been working on it for weeks!
8939,astronomical,"Compared to the original estimate, the final bill was astronomical, so we're disputing some of the charges."
8940,bizarre,The museum featured a bizarre collection of taxidermied squirrels in human poses.
8940,bizarre,I had the most bizarre dream last night about flying to Mars on a giant taco.
8940,bizarre,"It's bizarre how quickly things can change; one minute you're happy, the next you're not."
8940,bizarre,The fashion show presented some truly bizarre outfits that I can't imagine anyone actually wearing.
8940,bizarre,"He has a bizarre sense of humor that some people find offensive, but I find hilarious."
8941,bottomless,"The brunch buffet included bottomless mimosas, which made it very popular."
8941,bottomless,"Looking into the canyon, it felt like staring into a bottomless pit."
8941,bottomless,Her grief seemed bottomless after the loss of her beloved pet.
8941,bottomless,He had a bottomless appetite and could easily eat two pizzas by himself.
8941,bottomless,The company's bottomless resources allowed them to invest heavily in research and development.
8942,burdensome,The paperwork required to apply for the grant was so burdensome that many people gave up before even finishing.
8942,burdensome,"Caring for her elderly mother had become quite burdensome, both emotionally and physically."
8942,burdensome,"I don't want to be a burdensome guest, so please let me know if there's anything I can do to help around the house."
8942,burdensome,"The new regulations placed a burdensome tax on small businesses, threatening their ability to stay afloat."
8942,burdensome,"He found the constant travel for work increasingly burdensome, as it kept him away from his family for extended periods."
8943,comprehensible,"The professor's lecture was surprisingly comprehensible, even though the topic was quite complex."
8943,comprehensible,"I tried to explain the situation to him, but I'm not sure I made myself comprehensible."
8943,comprehensible,"The user manual needs to be rewritten; as it stands, it's barely comprehensible."
8943,comprehensible,"While her accent was thick, her English was perfectly comprehensible."
8943,comprehensible,"For the sake of clarity and to ensure the message is comprehensible to all parties, please use simple language in your reports."
8944,congenial,"The conference attendees were a congenial group, making networking surprisingly easy and enjoyable."
8944,congenial,He found the atmosphere of the small bookstore to be congenial to quiet reading and browsing.
8944,congenial,"Despite their differing political views, they maintained a congenial working relationship based on mutual respect."
8944,congenial,"After a few minutes of conversation, I realized that my new neighbor was a very congenial person, always ready with a smile and a helping hand."
8944,congenial,"The host created a congenial environment with soft music, warm lighting, and plenty of delicious food."
8945,disruptive,The child's disruptive behavior in class made it difficult for the other students to concentrate.
8945,disruptive,"New technologies are often disruptive to established industries, forcing them to adapt or become obsolete."
8945,disruptive,I found the constant construction noise outside my apartment to be incredibly disruptive to my work.
8945,disruptive,"A sudden power outage can be very disruptive to a business's operations, especially if they rely heavily on computers."
8945,disruptive,He didn't mean to be disruptive; he was just trying to ask a question that he thought was important to the discussion.
8946,effortless,"The dancer moved with such grace that her performance seemed effortless, though I knew she had practiced for years."
8946,effortless,"After weeks of struggling with the code, the solution came to him with effortless clarity during his morning coffee."
8946,effortless,She has an effortless charm that makes people instantly like her.
8946,effortless,"He made the difficult task look effortless, but I suspect he was hiding the amount of hard work it actually took."
8946,effortless,Achieving effortless style requires a good understanding of fashion and a willingness to experiment.
8947,elemental,"The survival course focused on the elemental skills of fire-building, shelter construction, and finding water."
8947,elemental,"She felt an elemental connection to the ocean, a deep and primal sense of belonging."
8947,elemental,"The chef's approach to cooking was to highlight the elemental flavors of each ingredient, allowing their natural tastes to shine."
8947,elemental,"Respect and trust are elemental to any healthy relationship, without them, it's bound to fail."
8947,elemental,Some believe that certain gemstones possess elemental powers that can influence our well-being.
8948,eventful,"The trip to Europe was certainly eventful, with missed flights, unexpected detours, and a chance encounter with a celebrity."
8948,eventful,"After an eventful career in the military, General Thompson decided to retire and dedicate his time to writing his memoirs."
8948,eventful,"The annual town festival proved to be quite eventful this year, featuring a pie-eating contest, a lively parade, and a spectacular fireworks display."
8948,eventful,"Last night was so eventful! First, I spilled coffee all over myself, and then I locked my keys in the car."
8948,eventful,"Despite the initial setbacks, the project had an eventful and ultimately successful launch, exceeding all expectations."
8949,exceeding,The company's profits are exceeding all expectations this quarter.
8949,exceeding,"He was driving at a speed exceeding the legal limit, putting everyone at risk."
8949,exceeding,"The project's complexity is exceeding our initial estimates, so we need to adjust the timeline."
8949,exceeding,"Her kindness was exceeding, she went above and beyond to help those in need."
8949,exceeding,"The noise from the construction site is exceeding acceptable levels, we should file a complaint."
8950,fabulous,The party was absolutely fabulous; everyone had a great time dancing and socializing.
8950,fabulous,She looked fabulous in that red dress; it really accentuated her figure.
8950,fabulous,"We had a fabulous vacation in Italy, exploring ancient ruins and eating delicious food."
8950,fabulous,"The critic described the performance as 'fabulous,' praising the actor's emotional range and stage presence."
8950,fabulous,"I heard they're offering a fabulous salary and benefits package for that position, so you should definitely apply."
8951,forcible,The protesters were removed from the building by forcible eviction.
8951,forcible,The police made a forcible entry into the apartment after obtaining a warrant.
8951,forcible,"She argued that the contract was signed under duress, claiming a forcible influence had been exerted upon her."
8951,forcible,"Despite his resistance, the doctor needed to perform a forcible examination to assess the extent of the injury."
8951,forcible,The dictator maintained power through forcible suppression of any dissent.
8952,frugal,"She's known for being frugal with her money, always looking for the best deals and saving where she can."
8952,frugal,My grandmother was incredibly frugal; she'd reuse tea bags and mend clothes until they were practically threadbare.
8952,frugal,"Although he's wealthy, he maintains a frugal lifestyle, driving an older car and avoiding extravagant purchases."
8952,frugal,"The company adopted a more frugal approach to spending after the economic downturn, cutting back on travel and entertainment expenses."
8952,frugal,Being frugal doesn't mean you're cheap; it just means you're mindful of your spending and value every dollar.
8953,futile,It's futile to argue with him when he's already made up his mind.
8953,futile,"Resisting the urge to check my phone during the meeting felt futile, as everyone else was doing it."
8953,futile,"The rescue team admitted that after days of searching, their efforts to find the missing hikers were becoming increasingly futile."
8953,futile,"Despite my best efforts, all attempts to revive the old computer proved futile, and I had to buy a new one."
8953,futile,"He knew it was a futile gesture, but he couldn't help but try to apologize one last time."
8954,generic,"The pharmacy offered a generic version of the brand-name drug, which was significantly cheaper."
8954,generic,I prefer to buy generic brands of cereal; they taste just as good and save me money.
8954,generic,"The presentation was quite generic, lacking any specific details or insightful analysis."
8954,generic,"He gave a generic apology that didn't address the actual harm he caused, so it felt insincere."
8954,generic,The software company needed to create a more unique selling proposition; their current marketing materials were too generic and didn't stand out from the competition.
8955,hazardous,"The abandoned factory was filled with hazardous materials, posing a significant risk to the local community."
8955,hazardous,Cleaning up the chemical spill required specialized equipment and protective gear due to the hazardous nature of the substance.
8955,hazardous,I wouldn't drive that road in this weather; the icy conditions make it extremely hazardous.
8955,hazardous,Construction workers are trained to identify and avoid hazardous situations on the job site.
8955,hazardous,"Smoking is a hazardous habit that can lead to serious health problems, including lung cancer and heart disease."
8956,hectic,My week has been incredibly hectic with back-to-back meetings and project deadlines.
8956,hectic,"The shopping mall was hectic on Christmas Eve, with crowds of people rushing to find last-minute gifts."
8956,hectic,"After a hectic day at work, all I want to do is relax and unwind with a good book."
8956,hectic,The emergency room was unusually hectic last night due to a major traffic accident.
8956,hectic,"Despite the hectic pace of city life, she found moments of peace in her morning walks through the park."
8957,impotent,"He felt impotent to stop the company's decline, despite his best efforts and innovative ideas."
8957,impotent,"The treaty left the international peacekeeping force impotent, lacking the authority to effectively intervene in the escalating conflict."
8957,impotent,"After the accident, he struggled with feelings of being physically impotent, unable to perform even simple tasks."
8957,impotent,"She was frustrated by her feelings of impotent rage as she watched the injustice unfold, unable to effect any change."
8957,impotent,"The government's economic policies proved impotent in curbing inflation, leading to widespread public discontent."
8958,inconceivable,It's inconceivable that he would betray his own brother after everything they've been through.
8958,inconceivable,"The idea of traveling to Mars seemed inconceivable just a few decades ago, but now it's becoming a real possibility."
8958,inconceivable,"Due to the strict regulations, it's almost inconceivable for a new company to break into the market."
8958,inconceivable,"After such a brilliant performance, his failure to win the award was simply inconceivable to everyone watching."
8958,inconceivable,Inconceivable! You can't just change the rules of the game halfway through!
8959,inescapable,"For many, the relentless march of time feels inescapable."
8959,inescapable,The detective knew that the suspect was trapped; the evidence made his guilt inescapable.
8959,inescapable,"Even though she tried to avoid it, the feeling of sadness was inescapable after the movie ended."
8959,inescapable,"With the rising cost of living, the need to find a better-paying job is becoming inescapable."
8959,inescapable,"In the small town, gossip was inescapable, and everyone knew everyone else's business."
8960,infrequent,"Due to the high cost of fuel, long road trips have become an infrequent occurrence for our family."
8960,infrequent,"While she enjoys going out, social gatherings are infrequent events in her busy schedule."
8960,infrequent,"Rainfall is infrequent in this region, so farmers rely heavily on irrigation."
8960,infrequent,"He makes infrequent appearances at the office, preferring to work remotely."
8960,infrequent,"Despite their initial disagreements, the two companies now have infrequent but productive meetings to explore potential collaborations."
8961,irresistible,"The aroma of freshly baked bread was irresistible, drawing me into the bakery."
8961,irresistible,He found her charm irresistible and quickly fell in love.
8961,irresistible,"The store was having an irresistible sale, so I ended up buying more than I needed."
8961,irresistible,"For many, the allure of a tropical vacation is simply irresistible, offering a much-needed escape from the daily grind."
8961,irresistible,"The chocolate cake looked absolutely irresistible, even though I was trying to eat healthy."
8962,lukewarm,"The coffee was lukewarm, which was disappointing because I was really looking forward to a hot drink."
8962,lukewarm,"His proposal received a lukewarm response from the board, suggesting they weren't entirely convinced."
8962,lukewarm,"I'm feeling lukewarm about the movie; it wasn't bad, but it wasn't great either."
8962,lukewarm,"She gave him a lukewarm smile, indicating she wasn't particularly happy to see him."
8962,lukewarm,"For best results, wash the delicate fabric in lukewarm water to prevent shrinking or damage."
8963,meager,"After years of working at the company, his retirement savings were surprisingly meager."
8963,meager,The hikers survived in the wilderness for days on a meager ration of berries and nuts.
8963,meager,"Despite her hard work, she received only a meager raise, barely enough to cover the rising cost of living."
8963,meager,The evidence presented in court was considered meager and insufficient to prove the defendant's guilt beyond a reasonable doubt.
8963,meager,"He subsisted on a meager diet of bread and water, barely clinging to life."
8964,mediocre,The food at the new restaurant was mediocre at best; I wouldn't recommend it.
8964,mediocre,"He was a mediocre student, never excelling but never failing either."
8964,mediocre,"Despite all the hype, the movie turned out to be quite mediocre and forgettable."
8964,mediocre,"The company's performance this quarter was mediocre, showing little to no growth in profits."
8964,mediocre,She didn't want to settle for a mediocre job; she was determined to find something she was truly passionate about.
8965,noteworthy,"Her performance in the play was particularly noteworthy, earning her rave reviews from the critics."
8965,noteworthy,The project's noteworthy success is a testament to the team's hard work and dedication.
8965,noteworthy,It's noteworthy that he managed to finish the marathon despite his recent injury.
8965,noteworthy,"While the other suggestions were good, none were as noteworthy as Sarah's innovative proposal."
8965,noteworthy,This small museum houses a noteworthy collection of impressionist paintings.
8966,obligatory,Attendance at the safety briefing is obligatory for all new employees.
8966,obligatory,"While tipping isn't strictly obligatory in this cafe, it's customary to leave a small amount if you're happy with the service."
8966,obligatory,"The film included the obligatory car chase scene, which felt a bit cliché."
8966,obligatory,"For many students, completing the assigned readings is obligatory if they want to pass the course."
8966,obligatory,"After dinner, it was obligatory to help with the dishes, a tradition passed down through generations."
8967,obsolete,"Floppy disks are now completely obsolete, replaced by USB drives and cloud storage."
8967,obsolete,The company needs to modernize its equipment; much of it is obsolete and inefficient.
8967,obsolete,"Many fear that with the rise of AI, certain job roles will become obsolete in the near future."
8967,obsolete,He argued that the law was obsolete and no longer reflected the values of modern society.
8967,obsolete,That model of phone is already obsolete; it was released last year!
8968,outrageous,The referee's call was absolutely outrageous; I can't believe he missed that blatant foul.
8968,outrageous,It's outrageous that CEOs are earning millions while their employees struggle to make ends meet.
8968,outrageous,"She wore an outrageous outfit to the party, complete with neon colors and feather boas."
8968,outrageous,The politician's outrageous claims about the economy were quickly debunked by economists.
8968,outrageous,The price of gasoline has become outrageous; it's getting harder and harder to afford to drive.
8969,overt,"The company made no overt attempt to influence the election, but their donations to certain candidates spoke volumes."
8969,overt,His feelings for her were overt; everyone in the office knew he had a crush.
8969,overt,The dictator's overt hostility towards neighboring countries raised concerns about a potential war.
8969,overt,"She displayed overt signs of boredom during the lecture, yawning and checking her phone repeatedly."
8969,overt,"While the message was subtle, the underlying threat was overt and impossible to ignore."
8970,passable,"Although the acting was a bit wooden, the dialogue was passable."
8970,passable,"The road was barely passable after the heavy snowfall, and we needed chains to continue."
8970,passable,"Her French is passable for ordering food and asking for directions, but she struggles with more complex conversations."
8970,passable,"The old bridge was deemed passable after some emergency repairs, but a complete replacement is still needed."
8970,passable,"While the essay wasn't brilliant, it was passable and earned him a C."
8971,pointless,Arguing about who gets the last slice of pizza seems pointless when we have a whole box of cookies.
8971,pointless,It felt pointless to continue the project after the funding was withdrawn.
8971,pointless,Trying to convince him to change his mind is pointless; he's incredibly stubborn.
8971,pointless,The manager called a pointless meeting that could have been summarized in an email.
8971,pointless,Many view the ongoing debate about the exact shade of blue used in the company logo as utterly pointless.
8972,potent,The herbal remedy proved to be a potent treatment for his persistent cough.
8972,potent,That new advertising campaign is incredibly potent; everyone's talking about the product now.
8972,potent,Her speech was a potent reminder of the sacrifices made for freedom.
8972,potent,"The combination of those two chemicals is a potent explosive, so handle them with extreme care."
8972,potent,"Even a small dose of that drug can be quite potent, so be careful not to take too much."
8973,readable,The professor praised the student's essay for being exceptionally readable and well-argued.
8973,readable,"Although the old manuscript was damaged, the handwriting was surprisingly readable, allowing historians to decipher its contents."
8973,readable,I found the novel to be quite readable; I finished it in just one sitting because I couldn't put it down.
8973,readable,Please ensure the font size on the presentation slides is readable from the back of the room.
8973,readable,"The code was a mess of spaghetti, completely unreadable and impossible to debug."
8974,righteous,"The community lauded the doctor's righteous indignation at the insurance company's denial of care, recognizing his unwavering commitment to his patients."
8974,righteous,"She felt a righteous anger when she discovered the company was polluting the river, and vowed to fight them in court."
8974,righteous,"Despite the challenges, he remained a righteous man, always striving to do what was morally right, even when it was difficult."
8974,righteous,"The judge, known for his righteous rulings, ensured that justice was served fairly and impartially."
8974,righteous,"Some believe that a righteous life guarantees a place in heaven, while others focus on the importance of ethical behavior regardless of religious reward."
8975,robust,The company's robust financial performance this year allowed them to invest in new research and development.
8975,robust,We need a more robust system for backing up our data in case of a server failure.
8975,robust,"Despite the criticism, her argument was surprisingly robust and held up well under scrutiny."
8975,robust,"He appears quite robust for his age, still walking several miles each day."
8975,robust,The new smartphone is designed with a robust casing to withstand drops and extreme temperatures.
8976,sustainable,The company is committed to developing sustainable business practices that minimize environmental impact.
8976,sustainable,"We need to find a sustainable solution to the city's traffic problems, one that doesn't just shift the burden elsewhere."
8976,sustainable,Investing in renewable energy sources is crucial for a sustainable future.
8976,sustainable,The small island community is striving to develop a sustainable tourism model that benefits both the environment and the local economy.
8976,sustainable,"While the initial growth was impressive, it's unclear whether that level of expansion is sustainable in the long run."
8977,tangible,"Unlike her abstract theories, his research produced tangible results that could be immediately applied to real-world problems."
8977,tangible,The museum curator emphasized the importance of preserving these tangible artifacts as a connection to our cultural heritage.
8977,tangible,"While the company's stock price fluctuated wildly, their real estate holdings provided a tangible asset and a sense of security."
8977,tangible,"He longed for a tangible expression of her love, something he could hold onto and remember her by when they were apart."
8977,tangible,"The benefits of the new wellness program are not always tangible, but employees report feeling more energetic and less stressed."
8978,tentative,"We have a tentative agreement on the price, but the details still need to be finalized."
8978,tentative,"The doctor gave me a tentative diagnosis of a viral infection, pending further tests."
8978,tentative,"I'm making tentative plans to visit my family over the holidays, but it depends on my work schedule."
8978,tentative,"She took a tentative step forward, unsure of the path ahead in the dimly lit room."
8978,tentative,"The committee reached a tentative conclusion after hours of debate, but they will revisit the issue next week."
8979,undeniable,The evidence was undeniable; he was clearly guilty.
8979,undeniable,"Her talent as a singer is undeniable, even if she's just starting out."
8979,undeniable,There's an undeniable connection between them; you can see it in the way they look at each other.
8979,undeniable,The importance of education in a child's development is undeniable.
8979,undeniable,"While I disagree with his methods, his dedication to the cause is undeniable."
8980,workable,"The proposed solution isn't ideal, but it's a workable compromise that everyone can live with."
8980,workable,"After several revisions, we finally have a workable plan to address the budget deficit."
8980,workable,"While the initial design was impressive, it proved not to be workable in a real-world manufacturing environment."
8980,workable,"Is this software program workable with our existing systems, or will we need to upgrade everything?"
8980,workable,Let's try to find a workable solution that balances environmental concerns with the needs of the local community.
8981,afar,"We watched the fireworks explode afar, their vibrant colors painting the night sky."
8981,afar,"The lighthouse keeper could see the ships sailing afar, tiny specks on the vast horizon."
8981,afar,"Though she had moved afar, she still kept in close contact with her family back home."
8981,afar,"From afar, the mountain looked deceptively small, but as we approached, its immense size became clear."
8981,afar,"He came from afar, bringing with him tales of exotic lands and forgotten customs."
8982,aloof,"Despite being the team captain, he remained aloof from the celebrations, preferring to analyze the game footage in solitude."
8982,aloof,"Her aloof demeanor made it difficult to get close to her, even though everyone admired her intelligence."
8982,aloof,The CEO's aloof attitude towards the employees created a sense of distance and mistrust within the company.
8982,aloof,"He tried to appear aloof and uninterested in the conversation, but his eyes betrayed his curiosity."
8982,aloof,"While some considered her aloofness a sign of arrogance, others saw it as a quiet strength and independence."
8983,astray,The hiker went astray from the marked trail and ended up getting lost in the woods.
8983,astray,"I think my email went astray; I never received a reply, and it was important."
8983,astray,The company's ethical compass went astray when they started prioritizing profits over employee well-being.
8983,astray,Try not to let your thoughts wander astray during the meeting; we need your full attention.
8983,astray,"If you see a child who looks lost or astray, please offer them assistance and help them find their parents."
8984,conversely,"Some studies show a correlation between screen time and anxiety; conversely, others find no significant link."
8984,conversely,"He's always complaining about being broke, but conversely, he spends a fortune on expensive gadgets."
8984,conversely,"The company expected profits to increase this quarter; conversely, they suffered a significant loss due to unexpected market volatility."
8984,conversely,"Many people enjoy the hustle and bustle of city life; conversely, others prefer the peace and quiet of the countryside."
8984,conversely,"You can choose to accept the offer as is, or conversely, you can negotiate the terms if you feel they are not suitable."
8985,squarely,"The responsibility for the project's failure rests squarely on his shoulders, as he was the team leader."
8985,squarely,She looked him squarely in the eye and told him she was leaving.
8985,squarely,The company is squarely focused on developing sustainable energy solutions for the future.
8985,squarely,"He landed squarely on his feet after the jump, avoiding a potential injury."
8985,squarely,We need to address the issue of employee morale squarely and find effective ways to improve it.
8986,anytime,Feel free to call me anytime if you have any questions about the project.
8986,anytime,I'm free anytime next week to meet for coffee and discuss the details.
8986,anytime,"Anytime you're feeling overwhelmed, remember to take a deep breath and focus on one task at a time."
8986,anytime,"Thank you for your help, I appreciate it. Anytime!"
8986,anytime,"The museum is open daily, so you can visit anytime between 10 AM and 5 PM."
8987,indefinitely,The project has been postponed indefinitely due to unforeseen circumstances.
8987,indefinitely,She said she was leaving her options open indefinitely and wasn't ready to commit to anything.
8987,indefinitely,The museum's collection of ancient artifacts will be on loan to the Smithsonian indefinitely.
8987,indefinitely,"After the scandal, he was suspended from his position indefinitely, pending a full investigation."
8987,indefinitely,We can't keep waiting indefinitely; we need to make a decision soon.
8988,gaily,"The children skipped gaily through the park, their laughter echoing in the crisp autumn air."
8988,gaily,"Decorated with ribbons and balloons, the parade marched gaily down Main Street, celebrating the town's centennial."
8988,gaily,"Despite the somber occasion, she wore a gaily patterned scarf, a splash of color against her dark coat."
8988,gaily,"The lyrics of the song were deceptively simple, but the melody danced gaily in my head for days afterward."
8988,gaily,"Knowing that the project was finally finished, he gaily announced the news to the team, ready to celebrate their success."
8989,idly,"He sat idly by, watching the ants struggle with a crumb of bread."
8989,idly,Don't just stand there idly; help me move this furniture!
8989,idly,The factory workers were laid off and left to wait idly for news of potential re-employment.
8989,idly,She wondered idly what her life would have been like if she had made different choices.
8989,idly,The cat batted idly at the dust motes dancing in the sunbeam.
8990,principally,The company's revenue comes principally from its software subscriptions.
8990,principally,The museum is principally dedicated to showcasing the works of local artists.
8990,principally,"While I enjoy all types of music, I listen principally to jazz and classical."
8990,principally,"The new law principally affects small businesses, requiring them to update their accounting practices."
8990,principally,"The dish is delicious, principally because of the fresh herbs used in the sauce."
8991,respectfully,I respectfully disagree with your assessment of the situation; I believe there are other factors at play.
8991,respectfully,The student respectfully asked the professor for clarification on a complex concept discussed in the lecture.
8991,respectfully,"After respectfully listening to both sides of the argument, the mediator proposed a compromise that satisfied everyone."
8991,respectfully,We respectfully request that you refrain from smoking in the designated non-smoking areas.
8991,respectfully,"He bowed respectfully before the queen, acknowledging her authority and grace."
8992,whatsoever,I have no idea whatsoever what you're talking about; could you please explain it more clearly?
8992,whatsoever,"He showed no remorse whatsoever for his actions, which was deeply concerning to everyone involved."
8992,whatsoever,There is no reason whatsoever to be late for the meeting; it's a matter of professional courtesy.
8992,whatsoever,"I'm not worried about the cost whatsoever, as long as the job is done properly and to the highest standard."
8992,whatsoever,"Do not, under any circumstances whatsoever, open that package until Christmas morning."
8993,alternately,"The flashing lights blinked alternately red and blue, creating a dizzying effect."
8993,alternately,"During the hike, we walked alternately in the sun and shade to avoid overheating."
8993,alternately,"The recipe says to alternately add the dry and wet ingredients, mixing well after each addition."
8993,alternately,He felt alternately hopeful and despairing as he waited for the test results; the uncertainty was agonizing.
8993,alternately,"The lawyer argued that the witness was alternately cooperative and evasive, making their testimony unreliable."
8994,apiece,The apples were selling for two dollars apiece at the farmers market.
8994,apiece,"The company gave each employee a bonus of $1,000 apiece."
8994,apiece,"We bought three tickets to the concert, costing us fifty dollars apiece."
8994,apiece,"The antique dealer was selling the teacups for a surprisingly high price, at least $50 apiece."
8994,apiece,"After the performance, the actors received a bouquet of flowers apiece from the enthusiastic audience."
8995,thereby,"He lost his temper and shouted at the customer, thereby jeopardizing the deal."
8995,thereby,"The new law restricts parking in the downtown area, thereby reducing traffic congestion."
8995,thereby,"By investing in renewable energy sources, we can reduce our carbon footprint, thereby mitigating the effects of climate change."
8995,thereby,"She studied diligently for months, thereby increasing her chances of passing the exam."
8995,thereby,"The company implemented a new security protocol, thereby enhancing data protection and preventing unauthorized access."
8996,variously,"The critics variously described the movie as a masterpiece, a disaster, and everything in between."
8996,variously,"The children entertained themselves variously with games, stories, and silly songs during the long car ride."
8996,variously,"The company's success can be attributed variously to their innovative products, strong marketing, and dedicated employees."
8996,variously,"The flowers in the garden bloomed in a variety of colors, variously arranged by the gardener's artistic eye."
8996,variously,"The witnesses described the suspect's clothing variously, making it difficult for the police to create an accurate composite sketch."
8997,whereby,They devised a system whereby employees could submit their ideas anonymously.
8997,whereby,The company implemented a new policy whereby all staff receive two weeks of paid sick leave.
8997,whereby,We need to establish a clear framework whereby these disputes can be resolved quickly and fairly.
8997,whereby,The contract includes a clause whereby the supplier guarantees the quality of the materials.
8997,whereby,She outlined a strategy whereby they could increase sales by targeting a new demographic.
8998,thou,"Art thou truly going to brave the storm alone, or wilt thou accept my humble offer of shelter?"
8998,thou,"Though I disagree with thy methods, I cannot deny that thou art achieving results."
8998,thou,"Remember the words of the Bard: 'To thine own self be true, and it must follow, as the night the day, thou canst not then be false to any man.'"
8998,thou,"If thou wishest to succeed, thou must dedicate thyself to the craft and never cease learning."
8998,thou,"Tell me, stranger, art thou friend or foe? Show thyself!"
8999,ye,"Hear ye, hear ye, all rise for the honorable judge!"
8999,ye,Know ye that the contract is legally binding upon signing.
8999,ye,Ye olde tavern was known for its hearty ale and lively music.
8999,ye,"Are ye going to the market today, or will you wait until tomorrow?"
8999,ye,"Though ye may doubt my words, I assure you they are true."
9000,ha,"""Ha! I knew it!"" she exclaimed, pointing at the winning lottery numbers."
9000,ha,"The comedian paused for the audience to react, but all he got was a nervous 'ha' from the back row."
9000,ha,"Ha, as if I'd ever agree to those terms – you're dreaming if you think I'm that gullible."
9000,ha,"He tried to play it cool, but I could see the fear in his eyes, and I let out a quiet 'ha' of amusement."
9000,ha,I'm not sure I understand what you mean by 'ha' in that context; could you please elaborate?
