word_id,word,source
40001,a cappella,supervocab
40002,aberrant,supervocab
40003,aberration,supervocab
40004,abettor,supervocab
40005,abhor,supervocab
40006,abide by,supervocab
40007,abominate,supervocab
40008,Aborigine,supervocab
40009,abrogate,supervocab
40010,absentee vote,supervocab
40011,absenteeism,supervocab
40012,absolutism,supervocab
40013,abstain from,supervocab
40014,abstinence,supervocab
40015,abstruse,supervocab
40016,abuse,supervocab
40017,academic clique,supervocab
40018,accede to,supervocab
40019,acceleration,supervocab
40020,accelerometer,supervocab
40021,accentuate,supervocab
40022,acceptance letter,supervocab
40023,accessory,supervocab
40024,accidentally,supervocab
40025,accommodate,supervocab
40026,accomplice,supervocab
40027,acerbic,supervocab
40028,acetic acid,supervocab
40029,Achilles' tendon,supervocab
40030,acid,supervocab
40031,acknowledge,supervocab
40032,acoustics,supervocab
40033,acquiesce,supervocab
40034,acquiesce in,supervocab
40035,acquiescent,supervocab
40036,acquitted of,supervocab
40037,acrid,supervocab
40038,acrimonious,supervocab
40039,acronym,supervocab
40040,act out,supervocab
40041,act up,supervocab
40042,acting chairperson,supervocab
40043,active fault,supervocab
40044,active power,supervocab
40045,acumen,supervocab
40046,acupuncture,supervocab
40047,acute,supervocab
40048,acute appendicitis,supervocab
40049,adage,supervocab
40050,adamant,supervocab
40051,adaptation,supervocab
40052,adapted for,supervocab
40053,add up to,supervocab
40054,address,supervocab
40055,administer,supervocab
40056,admonish,supervocab
40057,adolescence,supervocab
40058,adolescent,supervocab
40059,adoption agency,supervocab
40060,adorn,supervocab
40061,adroit,supervocab
40062,adulate,supervocab
40063,adulation,supervocab
40064,adulterate,supervocab
40065,advent,supervocab
40066,adverse,supervocab
40067,advocacy,supervocab
40068,advocacy group,supervocab
40069,aerial cable,supervocab
40070,aerodynamics,supervocab
40071,affable,supervocab
40072,affected,supervocab
40073,affecting,supervocab
40074,affiliated company,supervocab
40075,affinity,supervocab
40076,afflicted with,supervocab
40077,affluent,supervocab
40078,aftermath,supervocab
40079,Agent Orange,supervocab
40080,aggravated,supervocab
40081,agility,supervocab
40082,agitate,supervocab
40083,agnosticism,supervocab
40084,ailing,supervocab
40085,air,supervocab
40086,air bladder,supervocab
40087,Air Force One,supervocab
40088,air turbulence,supervocab
40089,akin,supervocab
40090,alacrity,supervocab
40091,Alfred Adler,supervocab
40092,alien species,supervocab
40093,alkaline battery,supervocab
40094,allegedly,supervocab
40095,alligator,supervocab
40096,alliteration,supervocab
40097,alloy,supervocab
40098,alma mater,supervocab
40099,also-ran,supervocab
40100,altercation,supervocab
40101,alternating current,supervocab
40102,altruism,supervocab
40103,amalgamate,supervocab
40104,ambiguous,supervocab
40105,ambitious,supervocab
40106,ambling,supervocab
40107,ambrosial,supervocab
40108,ambush,supervocab
40109,ameliorate,supervocab
40110,amenable,supervocab
40111,amnesia,supervocab
40112,amount to,supervocab
40113,amputate,supervocab
40114,analogous,supervocab
40115,analogy,supervocab
40116,anathema,supervocab
40117,ancestor worship,supervocab
40118,anchor baby,supervocab
40119,ancillary,supervocab
40120,anemia,supervocab
40121,anemic,supervocab
40122,anguish,supervocab
40123,angular velocity,supervocab
40124,animism,supervocab
40125,animosity,supervocab
40126,annelid,supervocab
40127,annex,supervocab
40128,annihilate,supervocab
40129,annoyed,supervocab
40130,anomalous,supervocab
40131,anorexia nervosa,supervocab
40132,answer,supervocab
40133,antagonism,supervocab
40134,antagonistic,supervocab
40135,ante up,supervocab
40136,anthropology,supervocab
40137,antibiotic,supervocab
40138,antipathy,supervocab
40139,antiquated,supervocab
40140,apartheid,supervocab
40141,apathetic,supervocab
40142,aphorism,supervocab
40143,apocalyptic vision,supervocab
40144,apogee,supervocab
40145,apothegm,supervocab
40146,apparition,supervocab
40147,appeal,supervocab
40148,appeasement policy,supervocab
40149,applied voltage,supervocab
40150,apply,supervocab
40151,apportion,supervocab
40152,approach,supervocab
40153,appropriate,supervocab
40154,appropriation,supervocab
40155,apriori,supervocab
40156,aquatic plants and animals,supervocab
40157,aquifer,supervocab
40158,arbitrage,supervocab
40159,arbitrary layoff,supervocab
40160,arbitrate,supervocab
40161,arc welding,supervocab
40162,arcane,supervocab
40163,archive,supervocab
40164,archivolt,supervocab
40165,arduous,supervocab
40166,arid,supervocab
40167,arithmetic progression,supervocab
40168,Armageddon,supervocab
40169,arouse,supervocab
40170,arrant,supervocab
40171,arrest,supervocab
40172,arrogance,supervocab
40173,Art Nouveau,supervocab
40174,arthropod,supervocab
40175,articulate,supervocab
40176,artificial insemination,supervocab
40177,ascending order,supervocab
40178,ascetic,supervocab
40179,asexual reproduction,supervocab
40180,aspect,supervocab
40181,asphyxiate,supervocab
40182,assail,supervocab
40183,assault,supervocab
40184,assent to,supervocab
40185,assets and liabilities,supervocab
40186,assimilate,supervocab
40187,associate,supervocab
40188,association,supervocab
40189,assorted,supervocab
40190,assuage,supervocab
40191,astute,supervocab
40192,atavism,supervocab
40193,athlete's foot,supervocab
40194,atmospheric pressure,supervocab
40195,atoll,supervocab
40196,atone for,supervocab
40197,atopic dermatitis,supervocab
40198,atrocious,supervocab
40199,attenuator,supervocab
40200,attest to,supervocab
40201,audacious,supervocab
40202,audacity,supervocab
40203,audit,supervocab
40204,auditor,supervocab
40205,augment,supervocab
40206,Auschwitz Concentration Camp,supervocab
40207,austere,supervocab
40208,authentic,supervocab
40209,autocratic,supervocab
40210,automated meteorological data acquisition system,supervocab
40211,automatic transmission,supervocab
40212,autonomic imbalance,supervocab
40213,avalanche,supervocab
40214,avaricious,supervocab
40215,avatar,supervocab
40216,aversion,supervocab
40217,bachelor's degree,supervocab
40218,back on,supervocab
40219,back out,supervocab
40220,back tax,supervocab
40221,baffled,supervocab
40222,bail out,supervocab
40223,balance of payment,supervocab
40224,baleful,supervocab
40225,balk,supervocab
40226,balk at,supervocab
40227,Balkanization,supervocab
40228,ball bearing,supervocab
40229,banal,supervocab
40230,bank on,supervocab
40231,banter,supervocab
40232,baptism,supervocab
40233,bar chart,supervocab
40234,Bar Mitzvah,supervocab
40235,bare,supervocab
40236,bargain on,supervocab
40237,bargaining power,supervocab
40238,barometric altimeter,supervocab
40239,Baroque,supervocab
40240,barren,supervocab
40241,basalt,supervocab
40242,bashful,supervocab
40243,basic catalyst,supervocab
40244,basilica,supervocab
40245,bask in,supervocab
40246,battered wife,supervocab
40247,bawdy,supervocab
40248,be angling for,supervocab
40249,be cut out for,supervocab
40250,be decked out,supervocab
40251,be dying for,supervocab
40252,be fired up for,supervocab
40253,be gunning for,supervocab
40254,be hemmed in by,supervocab
40255,be itching for,supervocab
40256,be laid up,supervocab
40257,be psyched up for,supervocab
40258,be roped into,supervocab
40259,be sold on,supervocab
40260,be spoiling for,supervocab
40261,be steeped in,supervocab
40262,be sucked in,supervocab
40263,beak,supervocab
40264,bear on,supervocab
40265,bear out,supervocab
40266,bearing,supervocab
40267,bearish market,supervocab
40268,beat oneself up,supervocab
40269,bedeviled with,supervocab
40270,beef up,supervocab
40271,beefy,supervocab
40272,beget,supervocab
40273,belch,supervocab
40274,belie,supervocab
40275,bellicose,supervocab
40276,belligerent,supervocab
40277,belligerent countries,supervocab
40278,bellow,supervocab
40279,benign,supervocab
40280,bequeath,supervocab
40281,berserk,supervocab
40282,beset with,supervocab
40283,bestial,supervocab
40284,bestow,supervocab
40285,bevel gear,supervocab
40286,biased,supervocab
40287,big stick policy,supervocab
40288,bigoted,supervocab
40289,bigotry,supervocab
40290,bilateral talks,supervocab
40291,billed as,supervocab
40292,binary system,supervocab
40293,binge,supervocab
40294,binuclear family,supervocab
40295,biodegradable plastic,supervocab
40296,biodiversity,supervocab
40297,biomass energy,supervocab
40298,biomimicry,supervocab
40299,biosphere,supervocab
40300,bird of prey,supervocab
40301,biting,supervocab
40302,Black Monday,supervocab
40303,black out,supervocab
40304,blackmail,supervocab
40305,blank out,supervocab
40306,blare,supervocab
40307,blasphemous,supervocab
40308,blasphemy,supervocab
40309,blatant,supervocab
40310,blather away,supervocab
40311,bleak,supervocab
40312,blissful,supervocab
40313,blitz tactics,supervocab
40314,blizzard,supervocab
40315,bloat,supervocab
40316,bloated,supervocab
40317,blood-pressure gauge,supervocab
40318,blot out,supervocab
40319,blow over,supervocab
40320,Blue House,supervocab
40321,blue whale,supervocab
40322,bluff,supervocab
40323,blunt,supervocab
40324,blurt out,supervocab
40325,bluster,supervocab
40326,board meeting,supervocab
40327,board of trustees,supervocab
40328,bodily secretion,supervocab
40329,body fat percentage,supervocab
40330,body mass index,supervocab
40331,bog down,supervocab
40332,bogus,supervocab
40333,boil down to,supervocab
40334,boisterous,supervocab
40335,bold,supervocab
40336,boldness,supervocab
40337,bolster,supervocab
40338,bona fide,supervocab
40339,Bone Marrow Bank,supervocab
40340,bone up on,supervocab
40341,book,supervocab
40342,booked for,supervocab
40343,bookkeeper,supervocab
40344,boom-and-bust cycle,supervocab
40345,boomerang kid,supervocab
40346,boorish,supervocab
40347,boost,supervocab
40348,boot,supervocab
40349,border on,supervocab
40350,border skirmish,supervocab
40351,botch up,supervocab
40352,bottle up,supervocab
40353,bottom out,supervocab
40354,bounced bill,supervocab
40355,bourse,supervocab
40356,bovine spongiform encephalopathy,supervocab
40357,bow out,supervocab
40358,bow out of,supervocab
40359,bow to,supervocab
40360,Brahma,supervocab
40361,Braille,supervocab
40362,brash,supervocab
40363,brawl,supervocab
40364,brawny,supervocab
40365,break in,supervocab
40366,break into,supervocab
40367,breathe A into B,supervocab
40368,breeding,supervocab
40369,breeze through,supervocab
40370,briefing,supervocab
40371,bring A around to B,supervocab
40372,bring off,supervocab
40373,bring out,supervocab
40374,brisk,supervocab
40375,brittle,supervocab
40376,broach,supervocab
40377,bronchitis,supervocab
40378,brood over,supervocab
40379,browbeat,supervocab
40380,bruise,supervocab
40381,brush off,supervocab
40382,brusque,supervocab
40383,Brussels,supervocab
40384,brutal,supervocab
40385,buckle down to,supervocab
40386,bucolic,supervocab
40387,budget,supervocab
40388,buff up,supervocab
40389,bug,supervocab
40390,build up,supervocab
40391,bulk up,supervocab
40392,bum around,supervocab
40393,bum off,supervocab
40394,bump,supervocab
40395,buoy up,supervocab
40396,buoyancy,supervocab
40397,buoyancy gauge,supervocab
40398,burly,supervocab
40399,busy,supervocab
40400,butt in on,supervocab
40401,butter up,supervocab
40402,buttress,supervocab
40403,by-election result,supervocab
40404,Byzantine art,supervocab
40405,cacophony,supervocab
40406,cajole,supervocab
40407,caliper,supervocab
40408,caliph,supervocab
40409,call market,supervocab
40410,callous,supervocab
40411,calorimeter,supervocab
40412,cam gear,supervocab
40413,came out,supervocab
40414,camouflage,supervocab
40415,cancel,supervocab
40416,cancel out,supervocab
40417,candid,supervocab
40418,canker sore,supervocab
40419,canny,supervocab
40420,cantankerous,supervocab
40421,cap it off,supervocab
40422,capacitance,supervocab
40423,cape,supervocab
40424,capillary action,supervocab
40425,capital gain,supervocab
40426,capitalize on,supervocab
40427,capitulate,supervocab
40428,capricious,supervocab
40429,captious,supervocab
40430,carapace,supervocab
40431,carbohydrate,supervocab
40432,carbon footprint,supervocab
40433,carbon nanotube,supervocab
40434,cardiac disease,supervocab
40435,cardiopulmonary resuscitation,supervocab
40436,career track,supervocab
40437,caress,supervocab
40438,caretaker government,supervocab
40439,Carl Jung,supervocab
40440,carnivorous animal,supervocab
40441,carping,supervocab
40442,carrel,supervocab
40443,carry out,supervocab
40444,carry over,supervocab
40445,carry through,supervocab
40446,carve out,supervocab
40447,case,supervocab
40448,cash crop,supervocab
40449,cash in on,supervocab
40450,castigate,supervocab
40451,castrate,supervocab
40452,castration,supervocab
40453,casual,supervocab
40454,cataclysm,supervocab
40455,cataract induction,supervocab
40456,categorical imperative,supervocab
40457,cater to,supervocab
40458,catfish,supervocab
40459,catharsis,supervocab
40460,cathode-ray tube,supervocab
40461,catholic,supervocab
40462,Catholicism,supervocab
40463,Caucasoid,supervocab
40464,caustic,supervocab
40465,cave in to,supervocab
40466,caviling,supervocab
40467,cease-fire,supervocab
40468,cedar pollen allergy,supervocab
40469,cede,supervocab
40470,celestial body,supervocab
40471,centipede,supervocab
40472,centrifugal dehydrator,supervocab
40473,centrifugal force,supervocab
40474,ceramic capacitor,supervocab
40475,cerebellum,supervocab
40476,cerebral cortex,supervocab
40477,cerebral hemorrhage,supervocab
40478,cessation,supervocab
40479,chagrined,supervocab
40480,chair,supervocab
40481,chalk up,supervocab
40482,challenge,supervocab
40483,challenging,supervocab
40484,champion,supervocab
40485,channel,supervocab
40486,channel A into B,supervocab
40487,charge d'affaires,supervocab
40488,charged particles,supervocab
40489,charlatan,supervocab
40490,charter school,supervocab
40491,chary,supervocab
40492,chasm,supervocab
40493,chaste,supervocab
40494,chastise,supervocab
40495,cheeky,supervocab
40496,chemical compound,supervocab
40497,chemical fertilizer,supervocab
40498,chemical formula,supervocab
40499,cherish,supervocab
40500,chew on,supervocab
40501,chew over,supervocab
40502,chicanery,supervocab
40503,Chicanos,supervocab
40504,chicken out,supervocab
40505,chicken pox,supervocab
40506,chide,supervocab
40507,chill out,supervocab
40508,chime in on,supervocab
40509,chimerical,supervocab
40510,chip in,supervocab
40511,chlorine water,supervocab
40512,choke back,supervocab
40513,choke up,supervocab
40514,choleric,supervocab
40515,choosy,supervocab
40516,christen,supervocab
40517,chronic,supervocab
40518,churn out,supervocab
40519,CIF,supervocab
40520,circuit breaker,supervocab
40521,circulate,supervocab
40522,circumference,supervocab
40523,circumvent,supervocab
40524,citadel,supervocab
40525,cite,supervocab
40526,citizen judge system,supervocab
40527,civilian control,supervocab
40528,claim,supervocab
40529,clairvoyant,supervocab
40530,clam up,supervocab
40531,clamber,supervocab
40532,clamorous,supervocab
40533,clamp down on,supervocab
40534,clandestine,supervocab
40535,classified ad,supervocab
40536,claustrophobia,supervocab
40537,clean up,supervocab
40538,clear,supervocab
40539,clerical error,supervocab
40540,cliffhanger election,supervocab
40541,cloak-and-dagger story,supervocab
40542,clobber,supervocab
40543,clockwise rotation,supervocab
40544,clown around,supervocab
40545,clue A in on B,supervocab
40546,clutter,supervocab
40547,co-education,supervocab
40548,coalesce,supervocab
40549,coarse,supervocab
40550,coaxial cable,supervocab
40551,coddle,supervocab
40552,cogeneration,supervocab
40553,cogent,supervocab
40554,cognate,supervocab
40555,cognitive linguistics,supervocab
40556,coherent,supervocab
40557,coin,supervocab
40558,cold wave,supervocab
40559,collate,supervocab
40560,collateral,supervocab
40561,colloidal solution,supervocab
40562,colossal,supervocab
40563,column,supervocab
40564,comatose patient,supervocab
40565,comb,supervocab
40566,comb through,supervocab
40567,combative,supervocab
40568,combustible,supervocab
40569,come around to,supervocab
40570,come away with,supervocab
40571,come forward,supervocab
40572,come right out,supervocab
40573,come through,supervocab
40574,come up to,supervocab
40575,command,supervocab
40576,commensurate,supervocab
40577,commission,supervocab
40578,commit A to B,supervocab
40579,common,supervocab
40580,Commonwealth of Independent State,supervocab
40581,commute,supervocab
40582,commuting allowance,supervocab
40583,companionable,supervocab
40584,comparable,supervocab
40585,comparatively,supervocab
40586,compatibility,supervocab
40587,compelling,supervocab
40588,compensation,supervocab
40589,compile,supervocab
40590,complaisant,supervocab
40591,complete medical check-up,supervocab
40592,complex fracture,supervocab
40593,complicity,supervocab
40594,compliment,supervocab
40595,complimentary,supervocab
40596,comply with,supervocab
40597,composure,supervocab
40598,comprise,supervocab
40599,compromise,supervocab
40600,compulsive,supervocab
40601,compulsory education,supervocab
40602,compunction,supervocab
40603,con man,supervocab
40604,conceal,supervocab
40605,conceited,supervocab
40606,concerto,supervocab
40607,concoct,supervocab
40608,concur,supervocab
40609,concur with,supervocab
40610,condemn,supervocab
40611,condemnation,supervocab
40612,condescending,supervocab
40613,condone,supervocab
40614,conduct,supervocab
40615,confederate,supervocab
40616,confirmed,supervocab
40617,conform to,supervocab
40618,confounded,supervocab
40619,Confucianism,supervocab
40620,congenial,supervocab
40621,Congregational Church,supervocab
40622,coniferous trees,supervocab
40623,conjecture,supervocab
40624,conjugal,supervocab
40625,conjure up,supervocab
40626,conk out,supervocab
40627,connect with,supervocab
40628,connecting rod,supervocab
40629,connotation,supervocab
40630,conscientious,supervocab
40631,conscientious objector,supervocab
40632,conscionable,supervocab
40633,consent to,supervocab
40634,conservative,supervocab
40635,consignment sale,supervocab
40636,consistent,supervocab
40637,consortium,supervocab
40638,conspirator,supervocab
40639,constipation,supervocab
40640,consulate general,supervocab
40641,consult,supervocab
40642,consume,supervocab
40643,consummate,supervocab
40644,contemplate,supervocab
40645,contend with,supervocab
40646,contentious,supervocab
40647,Continental Rationalism,supervocab
40648,continental shelf,supervocab
40649,continuing education,supervocab
40650,continuous,supervocab
40651,contour line,supervocab
40652,contraband,supervocab
40653,contract,supervocab
40654,contradict,supervocab
40655,contraption,supervocab
40656,contravene,supervocab
40657,contrite,supervocab
40658,convalescent,supervocab
40659,convection oven,supervocab
40660,convene,supervocab
40661,convenient,supervocab
40662,convergence,supervocab
40663,convert A into B,supervocab
40664,convert to,supervocab
40665,convertible currency,supervocab
40666,convex lens,supervocab
40667,convivial,supervocab
40668,convoke,supervocab
40669,convulsion,supervocab
40670,cook up,supervocab
40671,cooped up,supervocab
40672,coordinate axis,supervocab
40673,cop out of,supervocab
40674,copious,supervocab
40675,coral reef,supervocab
40676,cordillera,supervocab
40677,cordon off,supervocab
40678,core,supervocab
40679,corneal transplant,supervocab
40680,corner,supervocab
40681,corollary,supervocab
40682,corona,supervocab
40683,coronary aneurysm,supervocab
40684,corporal punishment,supervocab
40685,corporate headquarters,supervocab
40686,corpulent,supervocab
40687,corroborate,supervocab
40688,corrode,supervocab
40689,corrupt autocracy,supervocab
40690,cosmic rays,supervocab
40691,cosmology,supervocab
40692,cosset,supervocab
40693,cotton on to,supervocab
40694,cough up,supervocab
40695,could do with,supervocab
40696,count in,supervocab
40697,count out,supervocab
40698,countermand,supervocab
40699,counterpart,supervocab
40700,course syllabus,supervocab
40701,court injunction,supervocab
40702,courtesy call,supervocab
40703,courtly,supervocab
40704,covalent bond,supervocab
40705,cover,supervocab
40706,cover up,supervocab
40707,covetous,supervocab
40708,cower,supervocab
40709,crack down on,supervocab
40710,crack up,supervocab
40711,crank out,supervocab
40712,crank up,supervocab
40713,crash diet,supervocab
40714,crash program,supervocab
40715,crass,supervocab
40716,craven,supervocab
40717,cream,supervocab
40718,creationism,supervocab
40719,creative,supervocab
40720,credit,supervocab
40721,Credit Default Swap,supervocab
40722,credit sale,supervocab
40723,credit-system high school,supervocab
40724,credulous,supervocab
40725,creole,supervocab
40726,crescent moon,supervocab
40727,cringe,supervocab
40728,crippled,supervocab
40729,critical,supervocab
40730,crooked,supervocab
40731,crop up,supervocab
40732,cross out,supervocab
40733,cross section,supervocab
40734,cross-pollination,supervocab
40735,crotchety,supervocab
40736,crucial,supervocab
40737,crystal,supervocab
40738,cubic centimeter,supervocab
40739,Cubism,supervocab
40740,cumulonimbus,supervocab
40741,cupidity,supervocab
40742,cupola,supervocab
40743,curator,supervocab
40744,curb,supervocab
40745,curt,supervocab
40746,cynical,supervocab
40747,czar,supervocab
40748,dabble at,supervocab
40749,dabble in,supervocab
40750,Dadaism,supervocab
40751,dandruff,supervocab
40752,dappled,supervocab
40753,dark energy,supervocab
40754,dark matter,supervocab
40755,dauntless,supervocab
40756,dawdle,supervocab
40757,dawn,supervocab
40758,DC dynamo,supervocab
40759,de-emphasize,supervocab
40760,dean,supervocab
40761,death with dignity,supervocab
40762,debacle,supervocab
40763,debase,supervocab
40764,debauchery,supervocab
40765,debenture,supervocab
40766,debilitate,supervocab
40767,debonair,supervocab
40768,debriefing,supervocab
40769,debt waiver,supervocab
40770,decent,supervocab
40771,decimal point,supervocab
40772,decimate,supervocab
40773,decorous,supervocab
40774,decry,supervocab
40775,deduce,supervocab
40776,deep,supervocab
40777,deep ecology,supervocab
40778,defective,supervocab
40779,defer to,supervocab
40780,deferential,supervocab
40781,deficit-ridden company,supervocab
40782,defilement,supervocab
40783,deflect,supervocab
40784,deforestation,supervocab
40785,defraud,supervocab
40786,defy,supervocab
40787,degenerate,supervocab
40788,degrade,supervocab
40789,degrading,supervocab
40790,deify,supervocab
40791,deism,supervocab
40792,deixis,supervocab
40793,déjàvu,supervocab
40794,delectable,supervocab
40795,delegate,supervocab
40796,delete,supervocab
40797,deleterious,supervocab
40798,delirium,supervocab
40799,deliver,supervocab
40800,deliver on,supervocab
40801,delude,supervocab
40802,deluged,supervocab
40803,delve into,supervocab
40804,demagogic,supervocab
40805,demanding,supervocab
40806,demeaning,supervocab
40807,demeanor,supervocab
40808,demolish,supervocab
40809,demote,supervocab
40810,demur,supervocab
40811,demure,supervocab
40812,denigrate,supervocab
40813,denomination,supervocab
40814,density,supervocab
40815,dental cavity,supervocab
40816,dental hygienist,supervocab
40817,depict,supervocab
40818,deplete,supervocab
40819,deplore,supervocab
40820,deportee,supervocab
40821,deportment,supervocab
40822,deposition,supervocab
40823,depravity,supervocab
40824,deprecate,supervocab
40825,depreciation,supervocab
40826,depreciation and amortization,supervocab
40827,depression-associated insomnia,supervocab
40828,derelict,supervocab
40829,derisive,supervocab
40830,derivation,supervocab
40831,derivative,supervocab
40832,derogatory,supervocab
40833,desalination plant,supervocab
40834,descend on,supervocab
40835,deshop,supervocab
40836,desolate,supervocab
40837,despicable,supervocab
40838,despised,supervocab
40839,despondent,supervocab
40840,despotic,supervocab
40841,destined,supervocab
40842,desultory,supervocab
40843,detached retina,supervocab
40844,detain,supervocab
40845,detained,supervocab
40846,deter,supervocab
40847,deteriorate,supervocab
40848,determinism,supervocab
40849,detest,supervocab
40850,detrimental,supervocab
40851,devalue,supervocab
40852,devastate,supervocab
40853,development disorder,supervocab
40854,devious,supervocab
40855,devour,supervocab
40856,devout,supervocab
40857,dew point,supervocab
40858,diagonal line,supervocab
40859,dial down,supervocab
40860,dialectic,supervocab
40861,diaspora,supervocab
40862,die away,supervocab
40863,die down,supervocab
40864,die out,supervocab
40865,differential equation,supervocab
40866,diffident,supervocab
40867,diffuse,supervocab
40868,diffusion current,supervocab
40869,dig into,supervocab
40870,dig up,supervocab
40871,diglossia,supervocab
40872,digressive,supervocab
40873,dike,supervocab
40874,dilapidated,supervocab
40875,dim,supervocab
40876,diminish,supervocab
40877,dimple,supervocab
40878,dinosaur,supervocab
40879,dip into,supervocab
40880,diphthong,supervocab
40881,diplomatic immunity,supervocab
40882,direct proportion,supervocab
40883,disabled,supervocab
40884,discharge,supervocab
40885,disclose,supervocab
40886,discomfort index,supervocab
40887,discount,supervocab
40888,discrepancy,supervocab
40889,discriminating,supervocab
40890,discursive,supervocab
40891,disgruntled,supervocab
40892,disguise,supervocab
40893,disgusting,supervocab
40894,dish out,supervocab
40895,disinfection,supervocab
40896,disinformation alert,supervocab
40897,disinvestment,supervocab
40898,dismal,supervocab
40899,dismember,supervocab
40900,dismiss,supervocab
40901,disparage,supervocab
40902,disparity,supervocab
40903,dispatch,supervocab
40904,displace,supervocab
40905,displacement,supervocab
40906,disputatious,supervocab
40907,disregard,supervocab
40908,dissertation,supervocab
40909,dissociation,supervocab
40910,dissolution,supervocab
40911,distinguished,supervocab
40912,distorted,supervocab
40913,distraught,supervocab
40914,diverse,supervocab
40915,divest,supervocab
40916,divestiture,supervocab
40917,dividend,supervocab
40918,divulge,supervocab
40919,dizzy,supervocab
40920,doctor,supervocab
40921,dogged,supervocab
40922,dogmatism,supervocab
40923,dole out,supervocab
40924,doleful,supervocab
40925,doomed,supervocab
40926,dormant volcano,supervocab
40927,dormitory,supervocab
40928,dorsal fin,supervocab
40929,dote on,supervocab
40930,double up,supervocab
40931,dour,supervocab
40932,Down Under,supervocab
40933,downplay,supervocab
40934,downright,supervocab
40935,downtime,supervocab
40936,draconian,supervocab
40937,drastic,supervocab
40938,draw on,supervocab
40939,draw out,supervocab
40940,draw up,supervocab
40941,drawback,supervocab
40942,dream up,supervocab
40943,dredge up,supervocab
40944,drench,supervocab
40945,drink to,supervocab
40946,drive at,supervocab
40947,drive up,supervocab
40948,drought,supervocab
40949,drown out,supervocab
40950,drowsy,supervocab
40951,drudgery,supervocab
40952,drum up,supervocab
40953,dry battery,supervocab
40954,dualism,supervocab
40955,ductility,supervocab
40956,dwarf planet,supervocab
40957,dwell on,supervocab
40958,dwindle,supervocab
40959,dyslexia,supervocab
40960,early college entrance,supervocab
40961,earmark,supervocab
40962,earnest,supervocab
40963,earthquake-proof construction,supervocab
40964,ease up,supervocab
40965,eat into,supervocab
40966,ebb and flow,supervocab
40967,ebullient,supervocab
40968,eccentric,supervocab
40969,eclectic,supervocab
40970,ecofeminism,supervocab
40971,economic blockade,supervocab
40972,ecumenism,supervocab
40973,eddy,supervocab
40974,edge out,supervocab
40975,edifying,supervocab
40976,efface,supervocab
40977,effective,supervocab
40978,effrontery,supervocab
40979,egg A on to do,supervocab
40980,egg yolk,supervocab
40981,elaborate,supervocab
40982,elasticity,supervocab
40983,election returns,supervocab
40984,electoral college,supervocab
40985,electric charge,supervocab
40986,electric discharge,supervocab
40987,electric potential,supervocab
40988,electric scalpel,supervocab
40989,electrocardiogram,supervocab
40990,electrolysis,supervocab
40991,electromagnetic field,supervocab
40992,element,supervocab
40993,elementary particle,supervocab
40994,elevation above sea level,supervocab
40995,eleventh-hour,supervocab
40996,elicit,supervocab
40997,eligible voters,supervocab
40998,elitism,supervocab
40999,elk,supervocab
41000,ellipse,supervocab
41001,elocution,supervocab
41002,elongation,supervocab
41003,eloquent,supervocab
41004,elucidate,supervocab
41005,elude,supervocab
41006,emancipate,supervocab
41007,embark on,supervocab
41008,embassy civilians,supervocab
41009,embellish,supervocab
41010,embezzle,supervocab
41011,embolden,supervocab
41012,embrace,supervocab
41013,embroiled in,supervocab
41014,embryonic stem cell,supervocab
41015,emeritus professor,supervocab
41016,emery paper,supervocab
41017,eminence,supervocab
41018,eminent,supervocab
41019,emission standards,supervocab
41020,emission trading,supervocab
41021,emoticon,supervocab
41022,emotionally charged,supervocab
41023,empathetic,supervocab
41024,empathy,supervocab
41025,emphasize,supervocab
41026,empiricism,supervocab
41027,employee pension,supervocab
41028,emulate,supervocab
41029,emulsion paint,supervocab
41030,enact,supervocab
41031,enamored,supervocab
41032,enchant,supervocab
41033,encompass,supervocab
41034,encounter group,supervocab
41035,encroach,supervocab
41036,encumber,supervocab
41037,end rhyme,supervocab
41038,endanger,supervocab
41039,endangered species,supervocab
41040,endorse,supervocab
41041,endoscopic treatment,supervocab
41042,endothermic reaction,supervocab
41043,endow,supervocab
41044,enduring,supervocab
41045,enervate,supervocab
41046,enforce,supervocab
41047,engage,supervocab
41048,enigmatic,supervocab
41049,enlightening,supervocab
41050,enmity,supervocab
41051,entangled in,supervocab
41052,enticing,supervocab
41053,enunciate,supervocab
41054,envelope,supervocab
41055,enveloped in,supervocab
41056,enviable,supervocab
41057,ephemeral,supervocab
41058,epicentral earthquake,supervocab
41059,epicureanism,supervocab
41060,epilepsy,supervocab
41061,episodic memory,supervocab
41062,epistemology,supervocab
41063,epitome,supervocab
41064,epitomize,supervocab
41065,equanimity,supervocab
41066,equilateral triangle,supervocab
41067,equilibrium,supervocab
41068,equitable,supervocab
41069,equivocal,supervocab
41070,eradicate,supervocab
41071,ergonomics,supervocab
41072,erode,supervocab
41073,erratic,supervocab
41074,erudite,supervocab
41075,escape velocity,supervocab
41076,eschatology,supervocab
41077,eschew,supervocab
41078,escrow,supervocab
41079,esoteric,supervocab
41080,espouse,supervocab
41081,estuary,supervocab
41082,ethanol,supervocab
41083,ethical commitment,supervocab
41084,etymological,supervocab
41085,eulogize,supervocab
41086,euphoric,supervocab
41087,euthanasia,supervocab
41088,evanescent,supervocab
41089,Evangelicalism,supervocab
41090,evaporate,supervocab
41091,evaporation,supervocab
41092,even number,supervocab
41093,even out,supervocab
41094,even up on,supervocab
41095,even-handed,supervocab
41096,event horizon,supervocab
41097,eventually,supervocab
41098,evict,supervocab
41099,evil,supervocab
41100,exacting,supervocab
41101,exalted,supervocab
41102,exasperated,supervocab
41103,excavate,supervocab
41104,excess packaging,supervocab
41105,exclusive,supervocab
41106,exclusive contract,supervocab
41107,exclusively,supervocab
41108,excommunication,supervocab
41109,excoriate,supervocab
41110,excruciating,supervocab
41111,exemplify,supervocab
41112,exercise,supervocab
41113,exert,supervocab
41114,exhilarating,supervocab
41115,exhume,supervocab
41116,exiguous,supervocab
41117,existentialism,supervocab
41118,exogamy,supervocab
41119,exonerate,supervocab
41120,exonerated from,supervocab
41121,exorbitant,supervocab
41122,expatiate,supervocab
41123,expedient,supervocab
41124,expense accounters,supervocab
41125,expiate,supervocab
41126,explicit,supervocab
41127,exponential function,supervocab
41128,exponentially,supervocab
41129,expose,supervocab
41130,expound,supervocab
41131,Expressionism,supervocab
41132,expunge,supervocab
41133,exquisite,supervocab
41134,extemporaneous,supervocab
41135,extend,supervocab
41136,extension courses,supervocab
41137,extension number,supervocab
41138,extensive,supervocab
41139,extol,supervocab
41140,extract,supervocab
41141,extradition,supervocab
41142,extradition of terrorists,supervocab
41143,extraneous,supervocab
41144,extrapolate,supervocab
41145,extraterrestrial,supervocab
41146,extraterritorial rights,supervocab
41147,extravagant,supervocab
41148,extroverted,supervocab
41149,extroverted nature,supervocab
41150,exuberant,supervocab
41151,exude,supervocab
41152,fabricate,supervocab
41153,facade,supervocab
41154,factor in,supervocab
41155,factoring,supervocab
41156,fail,supervocab
41157,fall for,supervocab
41158,fall on,supervocab
41159,fall out with,supervocab
41160,fall over oneself to do,supervocab
41161,fall through,supervocab
41162,familiar,supervocab
41163,fan out,supervocab
41164,fanciful,supervocab
41165,far-reaching,supervocab
41166,far-sighted,supervocab
41167,farm out,supervocab
41168,fascinate,supervocab
41169,fast,supervocab
41170,fastidious,supervocab
41171,fat tax,supervocab
41172,fatigue failure,supervocab
41173,fatigued,supervocab
41174,Fauvism,supervocab
41175,featherbedding,supervocab
41176,feeble,supervocab
41177,feel up to,supervocab
41178,feisty,supervocab
41179,fend off,supervocab
41180,fermentation,supervocab
41181,ferret out,supervocab
41182,fervor,supervocab
41183,festoon,supervocab
41184,fetishism,supervocab
41185,fiasco,supervocab
41186,fictional,supervocab
41187,fictitious,supervocab
41188,fiddle with,supervocab
41189,fidgety,supervocab
41190,field,supervocab
41191,field study,supervocab
41192,figure out,supervocab
41193,file,supervocab
41194,filial piety,supervocab
41195,filibuster,supervocab
41196,filter out,supervocab
41197,filthy,supervocab
41198,financial meltdown,supervocab
41199,finicky,supervocab
41200,fire away,supervocab
41201,fire off,supervocab
41202,fire up,supervocab
41203,first-aid kit,supervocab
41204,fiscal investment and loan payment,supervocab
41205,fiscal policy,supervocab
41206,fish for,supervocab
41207,fission,supervocab
41208,fixation,supervocab
41209,fixed assets,supervocab
41210,fixed star,supervocab
41211,fizzle out,supervocab
41212,flabbergasted,supervocab
41213,flake out,supervocab
41214,flamboyant,supervocab
41215,flappers,supervocab
41216,flare up,supervocab
41217,flashy,supervocab
41218,flat,supervocab
41219,flaunt,supervocab
41220,fleece,supervocab
41221,fleeting,supervocab
41222,flight,supervocab
41223,flighty,supervocab
41224,flimsy,supervocab
41225,flinch,supervocab
41226,flip through,supervocab
41227,flippant,supervocab
41228,flirt with,supervocab
41229,float,supervocab
41230,floating ice,supervocab
41231,flooding,supervocab
41232,flora and fauna,supervocab
41233,flourish,supervocab
41234,flout,supervocab
41235,fluorescent lamp,supervocab
41236,focal length,supervocab
41237,Foggy Bottom,supervocab
41238,foible,supervocab
41239,foment,supervocab
41240,fondle,supervocab
41241,food chain,supervocab
41242,food self-sufficiency rate,supervocab
41243,forced repatriation,supervocab
41244,forceful,supervocab
41245,foreboding,supervocab
41246,foreign exchange rate,supervocab
41247,forensic club,supervocab
41248,forerunner,supervocab
41249,forestall,supervocab
41250,forge,supervocab
41251,forged steel,supervocab
41252,forgo,supervocab
41253,fork out,supervocab
41254,fork over,supervocab
41255,forlorn,supervocab
41256,forthcoming,supervocab
41257,forthcoming book,supervocab
41258,forward,supervocab
41259,foster,supervocab
41260,foul up,supervocab
41261,fracas,supervocab
41262,fragrant,supervocab
41263,frail,supervocab
41264,frantic,supervocab
41265,fray,supervocab
41266,free,supervocab
41267,freeze out,supervocab
41268,frequency,supervocab
41269,friction,supervocab
41270,friction coefficient,supervocab
41271,fritter away,supervocab
41272,frivolous,supervocab
41273,frown,supervocab
41274,frown on,supervocab
41275,frugal,supervocab
41276,fruitful,supervocab
41277,fuel cell,supervocab
41278,full scale,supervocab
41279,functionalism,supervocab
41280,fundamentalism,supervocab
41281,furious,supervocab
41282,furtive,supervocab
41283,fuse,supervocab
41284,fuselage,supervocab
41285,fussy,supervocab
41286,Futurism,supervocab
41287,gable,supervocab
41288,gaffe,supervocab
41289,gain on,supervocab
41290,galaxy formation,supervocab
41291,gale,supervocab
41292,gall,supervocab
41293,gallstone,supervocab
41294,galvanize,supervocab
41295,gang up on,supervocab
41296,gap year,supervocab
41297,garbage dump,supervocab
41298,garbled,supervocab
41299,gargantuan,supervocab
41300,gargoyle,supervocab
41301,garish,supervocab
41302,gash,supervocab
41303,gastric hyperacidity,supervocab
41304,gaudy,supervocab
41305,gear oneself up for,supervocab
41306,gecko,supervocab
41307,geld,supervocab
41308,gender identity disorder,supervocab
41309,general,supervocab
41310,generative grammar,supervocab
41311,generic drug,supervocab
41312,genetic manipulation,supervocab
41313,genitals,supervocab
41314,genteel,supervocab
41315,germ-free,supervocab
41316,germane,supervocab
41317,Geronimo,supervocab
41318,gerrymandering,supervocab
41319,gesticulate,supervocab
41320,get A around to B,supervocab
41321,get around,supervocab
41322,get back at,supervocab
41323,get down to,supervocab
41324,get on with,supervocab
41325,get out of here,supervocab
41326,get over,supervocab
41327,geyser,supervocab
41328,gigantic,supervocab
41329,gill,supervocab
41330,gilt-edged bond,supervocab
41331,ginger up,supervocab
41332,glacier,supervocab
41333,glance off,supervocab
41334,glaring,supervocab
41335,glass ceiling,supervocab
41336,glib,supervocab
41337,glitter,supervocab
41338,glitzy,supervocab
41339,globocop,supervocab
41340,gloomy,supervocab
41341,glorify,supervocab
41342,gloss over,supervocab
41343,go back on,supervocab
41344,go by,supervocab
41345,go down,supervocab
41346,go for,supervocab
41347,go off,supervocab
41348,go on and on,supervocab
41349,go over,supervocab
41350,go through,supervocab
41351,gobble up,supervocab
41352,goods and chattels,supervocab
41353,goof around,supervocab
41354,goof up,supervocab
41355,goose pimples,supervocab
41356,Gospel,supervocab
41357,gout,supervocab
41358,government bailout,supervocab
41359,government bond,supervocab
41360,GPA,supervocab
41361,grace,supervocab
41362,grammable,supervocab
41363,grandparent scam,supervocab
41364,grant,supervocab
41365,graphic,supervocab
41366,graphite,supervocab
41367,gratify,supervocab
41368,grating,supervocab
41369,gravitate to,supervocab
41370,gravitate toward,supervocab
41371,gravitational collapse,supervocab
41372,greedy,supervocab
41373,greenmail,supervocab
41374,gregarious,supervocab
41375,Gregorian chant,supervocab
41376,ground,supervocab
41377,groundless,supervocab
41378,grow on,supervocab
41379,grudge,supervocab
41380,gruesome,supervocab
41381,guinea pig,supervocab
41382,gulf,supervocab
41383,gunboat diplomacy,supervocab
41384,hackneyed,supervocab
41385,haggle,supervocab
41386,hail,supervocab
41387,hail from,supervocab
41388,hairsplitting,supervocab
41389,hajj,supervocab
41390,halal,supervocab
41391,halcyon,supervocab
41392,half-life,supervocab
41393,hallucination,supervocab
41394,hammer out,supervocab
41395,hamper,supervocab
41396,hand down,supervocab
41397,hand grenade,supervocab
41398,hand over,supervocab
41399,handsome,supervocab
41400,handy,supervocab
41401,hang around,supervocab
41402,hapless,supervocab
41403,happy,supervocab
41404,harangue,supervocab
41405,harbinger,supervocab
41406,harbor,supervocab
41407,hardness meter,supervocab
41408,hark back to,supervocab
41409,harness,supervocab
41410,harp on,supervocab
41411,harrowing,supervocab
41412,hash out,supervocab
41413,have it out with,supervocab
41414,head off,supervocab
41415,headlong,supervocab
41416,healthspan,supervocab
41417,heat decomposition,supervocab
41418,heavily indebted poor country,supervocab
41419,hedge fund,supervocab
41420,heedless of,supervocab
41421,hegemony,supervocab
41422,hemophilia,supervocab
41423,hepatitis,supervocab
41424,herald,supervocab
41425,herbicide,supervocab
41426,herd mentality,supervocab
41427,hereditary disease,supervocab
41428,heredity,supervocab
41429,hermit,supervocab
41430,hiatus,supervocab
41431,hibernation,supervocab
41432,hieroglyph,supervocab
41433,high resolution,supervocab
41434,hinge on,supervocab
41435,histogram,supervocab
41436,hit it off with,supervocab
41437,hives,supervocab
41438,hold back,supervocab
41439,hold up,supervocab
41440,holistic approach,supervocab
41441,hollow out,supervocab
41442,home equity loan,supervocab
41443,home in on,supervocab
41444,homeland security,supervocab
41445,hone,supervocab
41446,hone in on,supervocab
41447,honor,supervocab
41448,honorific words,supervocab
41449,honors student,supervocab
41450,hopefully,supervocab
41451,horizontal axis,supervocab
41452,hormone-disrupting chemicals,supervocab
41453,horse around,supervocab
41454,host,supervocab
41455,hot compress,supervocab
41456,Hubble Space Telescope,supervocab
41457,huffy,supervocab
41458,humanism,supervocab
41459,humdrum,supervocab
41460,humidity,supervocab
41461,humiliating,supervocab
41462,hunker down for,supervocab
41463,hushed,supervocab
41464,husky,supervocab
41465,hydrated lime,supervocab
41466,hydraulic drive system,supervocab
41467,hydraulic power,supervocab
41468,hydroelectric power generation,supervocab
41469,hydroponics,supervocab
41470,hygienic,supervocab
41471,hype up,supervocab
41472,hyperbole,supervocab
41473,hyperinflation,supervocab
41474,hypnotic therapy,supervocab
41475,hypothalamus,supervocab
41476,hysteria,supervocab
41477,ibis,supervocab
41478,icicle,supervocab
41479,id,supervocab
41480,identify with,supervocab
41481,idiosyncratic,supervocab
41482,idle away,supervocab
41483,idolatry,supervocab
41484,idolize,supervocab
41485,idyllic,supervocab
41486,igneous rock,supervocab
41487,ignominious,supervocab
41488,illicit,supervocab
41489,illuminate,supervocab
41490,illuminating,supervocab
41491,illusory,supervocab
41492,illustrious,supervocab
41493,imaginative,supervocab
41494,imam,supervocab
41495,imbibe,supervocab
41496,imbue,supervocab
41497,immaculacy,supervocab
41498,immaculate,supervocab
41499,immediate,supervocab
41500,immersion,supervocab
41501,imminent,supervocab
41502,immune therapy,supervocab
41503,immutable,supervocab
41504,impair,supervocab
41505,impartial,supervocab
41506,impassioned,supervocab
41507,impeachment trial,supervocab
41508,impedance,supervocab
41509,impel,supervocab
41510,impending,supervocab
41511,imperative,supervocab
41512,imperil,supervocab
41513,impertinent,supervocab
41514,impetuous,supervocab
41515,impetus,supervocab
41516,impinge,supervocab
41517,impious,supervocab
41518,implacable,supervocab
41519,implement,supervocab
41520,implicated in,supervocab
41521,implosion therapy,supervocab
41522,import quota,supervocab
41523,impose,supervocab
41524,impostor,supervocab
41525,impound,supervocab
41526,Impressionism,supervocab
41527,impressive,supervocab
41528,imprison,supervocab
41529,impromptu,supervocab
41530,impromptu speech,supervocab
41531,improvisation,supervocab
41532,improvised,supervocab
41533,impudent,supervocab
41534,impulse,supervocab
41535,impulsive,supervocab
41536,impulsive will to live,supervocab
41537,inactivation,supervocab
41538,inadvertent,supervocab
41539,inane,supervocab
41540,incarcerate,supervocab
41541,incarcerated,supervocab
41542,incarceration,supervocab
41543,incarnation,supervocab
41544,incendiary,supervocab
41545,inception,supervocab
41546,incessant,supervocab
41547,incineration site,supervocab
41548,incisive,supervocab
41549,incite,supervocab
41550,inclement,supervocab
41551,incoming,supervocab
41552,incongruous,supervocab
41553,inconsequential,supervocab
41554,incorrigible,supervocab
41555,increasingly,supervocab
41556,incubation period,supervocab
41557,inculcate,supervocab
41558,indecisive,supervocab
41559,indelible,supervocab
41560,independent,supervocab
41561,indexation,supervocab
41562,indifferent,supervocab
41563,indigenous tribes,supervocab
41564,indignant,supervocab
41565,individually,supervocab
41566,indoctrinate,supervocab
41567,indomitable,supervocab
41568,induce,supervocab
41569,indulge,supervocab
41570,indulge in,supervocab
41571,indulgent,supervocab
41572,industrial complex,supervocab
41573,inebriated,supervocab
41574,ineffable,supervocab
41575,ineffaceable,supervocab
41576,ineluctable,supervocab
41577,inequality,supervocab
41578,inert gas,supervocab
41579,inevitable,supervocab
41580,infallible,supervocab
41581,infantile,supervocab
41582,infinite,supervocab
41583,inflammatory,supervocab
41584,inflationary spiral,supervocab
41585,inflection,supervocab
41586,inflict,supervocab
41587,information retrieval,supervocab
41588,infrared rays,supervocab
41589,infringe,supervocab
41590,ingenious,supervocab
41591,ingredient,supervocab
41592,inhibited,supervocab
41593,inhibition,supervocab
41594,inimical,supervocab
41595,iniquitous,supervocab
41596,innocuous,supervocab
41597,innovative,supervocab
41598,innumerable,supervocab
41599,inordinate,supervocab
41600,inquisitive,supervocab
41601,insatiable,supervocab
41602,inscrutable,supervocab
41603,insipid,supervocab
41604,Installation Art,supervocab
41605,installment plan,supervocab
41606,instigate,supervocab
41607,institutional investor,supervocab
41608,insulate,supervocab
41609,insulation tape,supervocab
41610,integral,supervocab
41611,integrate,supervocab
41612,integrated circuit,supervocab
41613,integrity,supervocab
41614,intensify,supervocab
41615,intercontinental ballistic missile,supervocab
41616,interdisciplinary approach,supervocab
41617,internal combustion engine,supervocab
41618,interpose in,supervocab
41619,intimidate,supervocab
41620,intimidating,supervocab
41621,intractable,supervocab
41622,intrepid,supervocab
41623,intricate,supervocab
41624,intrinsic,supervocab
41625,introspection,supervocab
41626,intrude,supervocab
41627,intuition,supervocab
41628,inundated,supervocab
41629,inundation,supervocab
41630,invaluable,supervocab
41631,investigate,supervocab
41632,inveterate,supervocab
41633,invoice,supervocab
41634,invoke,supervocab
41635,iPS cells,supervocab
41636,irascible,supervocab
41637,irate,supervocab
41638,irksome,supervocab
41639,iron ore,supervocab
41640,iron out,supervocab
41641,irrelevant,supervocab
41642,irresolute,supervocab
41643,irreverent,supervocab
41644,irrigation,supervocab
41645,isobar,supervocab
41646,isotope,supervocab
41647,Israel enclave,supervocab
41648,jack up,supervocab
41649,Jainism,supervocab
41650,jam,supervocab
41651,jarring,supervocab
41652,jaundiced,supervocab
41653,jaunty,supervocab
41654,jazz up,supervocab
41655,jazzy,supervocab
41656,jejune,supervocab
41657,jeopardize,supervocab
41658,jeopardy,supervocab
41659,jettison,supervocab
41660,Jewish émigré,supervocab
41661,jihad,supervocab
41662,Jim Crow laws,supervocab
41663,jingoism,supervocab
41664,jittery,supervocab
41665,job action,supervocab
41666,job opening,supervocab
41667,jockey for,supervocab
41668,jocose,supervocab
41669,jocular,supervocab
41670,joint custody,supervocab
41671,jolly,supervocab
41672,jot down,supervocab
41673,jovial,supervocab
41674,juggle,supervocab
41675,jumpy,supervocab
41676,junta,supervocab
41677,just-in-time marketing,supervocab
41678,justification,supervocab
41679,juvenile,supervocab
41680,karma,supervocab
41681,keep at,supervocab
41682,kerosene,supervocab
41683,key,supervocab
41684,kick around,supervocab
41685,kick in,supervocab
41686,kick off,supervocab
41687,kidney dialysis,supervocab
41688,kinesics,supervocab
41689,kinetic energy,supervocab
41690,kiss up to,supervocab
41691,kleptomania,supervocab
41692,knack,supervocab
41693,knock off,supervocab
41694,knock up,supervocab
41695,knotty,supervocab
41696,knuckle down to,supervocab
41697,kosher,supervocab
41698,labor union,supervocab
41699,lacerate,supervocab
41700,lackadaisical,supervocab
41701,lackluster,supervocab
41702,laconic,supervocab
41703,lactation,supervocab
41704,ladder of nature,supervocab
41705,laissez-faire,supervocab
41706,lambaste,supervocab
41707,lame duck,supervocab
41708,land,supervocab
41709,land reclamation,supervocab
41710,land subsidence,supervocab
41711,languid,supervocab
41712,languishment,supervocab
41713,lanky,supervocab
41714,lapse,supervocab
41715,larva,supervocab
41716,lascivious,supervocab
41717,lash out against,supervocab
41718,lash out at,supervocab
41719,last-ditch,supervocab
41720,last-minute,supervocab
41721,latch onto,supervocab
41722,lathe,supervocab
41723,laudable,supervocab
41724,launch into,supervocab
41725,lay aside,supervocab
41726,lay down,supervocab
41727,lay into,supervocab
41728,lay out,supervocab
41729,leaf through,supervocab
41730,leaflet,supervocab
41731,leave off,supervocab
41732,leech off,supervocab
41733,legitimate self-defense,supervocab
41734,legumes,supervocab
41735,lenient,supervocab
41736,let down,supervocab
41737,let off,supervocab
41738,let up,supervocab
41739,lethargic,supervocab
41740,lethargy,supervocab
41741,leukemia,supervocab
41742,level off,supervocab
41743,level with,supervocab
41744,levy,supervocab
41745,lewd,supervocab
41746,lexicography,supervocab
41747,licentious,supervocab
41748,life-size statue,supervocab
41749,lift-off,supervocab
41750,light emitting diode,supervocab
41751,lightning rod,supervocab
41752,likely,supervocab
41753,limbo,supervocab
41754,limpid,supervocab
41755,line,supervocab
41756,linger,supervocab
41757,linger on,supervocab
41758,lingua franca,supervocab
41759,linguistic xenophobia,supervocab
41760,liquefaction,supervocab
41761,liquefied natural gas,supervocab
41762,liquidated company,supervocab
41763,listed stock,supervocab
41764,listless,supervocab
41765,literacy rate,supervocab
41766,lithium battery,supervocab
41767,litigate,supervocab
41768,live down,supervocab
41769,live it up,supervocab
41770,live off,supervocab
41771,live through,supervocab
41772,live up to,supervocab
41773,live with,supervocab
41774,liven up,supervocab
41775,livid,supervocab
41776,living will,supervocab
41777,lizard,supervocab
41778,load,supervocab
41779,loaded question,supervocab
41780,loathe,supervocab
41781,local anesthesia,supervocab
41782,local autonomy,supervocab
41783,local content legislation,supervocab
41784,locally,supervocab
41785,locavore,supervocab
41786,locust,supervocab
41787,log,supervocab
41788,logarithm,supervocab
41789,logical manipulation,supervocab
41790,logical thinking,supervocab
41791,logistic support,supervocab
41792,loitering,supervocab
41793,long for,supervocab
41794,long tail marketing,supervocab
41795,loom,supervocab
41796,looming,supervocab
41797,loose,supervocab
41798,lopsided,supervocab
41799,lord it over,supervocab
41800,Lost Generation,supervocab
41801,low-end product,supervocab
41802,lubricant,supervocab
41803,lucid,supervocab
41804,luck out,supervocab
41805,lucrative,supervocab
41806,ludicrous,supervocab
41807,Luminism,supervocab
41808,luminous,supervocab
41809,luminous intensity,supervocab
41810,lunar module,supervocab
41811,lunar phase,supervocab
41812,luster,supervocab
41813,lymphatic gland,supervocab
41814,madrasa,supervocab
41815,magnanimity,supervocab
41816,magnetic flux,supervocab
41817,Mahayana Buddhism,supervocab
41818,mail-order business,supervocab
41819,maim,supervocab
41820,maimed,supervocab
41821,main switchboard,supervocab
41822,major contender,supervocab
41823,make amends for,supervocab
41824,make for,supervocab
41825,make of,supervocab
41826,make out,supervocab
41827,make over,supervocab
41828,make-believe,supervocab
41829,Malcolm X,supervocab
41830,male stamens,supervocab
41831,malevolent,supervocab
41832,malicious,supervocab
41833,malignant tumor,supervocab
41834,malpractice,supervocab
41835,managing director,supervocab
41836,mandate,supervocab
41837,mandatory retirement,supervocab
41838,mangle,supervocab
41839,manic depression,supervocab
41840,manipulate,supervocab
41841,Mannerism,supervocab
41842,mantle,supervocab
41843,mantra,supervocab
41844,manuscript,supervocab
41845,map out,supervocab
41846,margin trading,supervocab
41847,marginal,supervocab
41848,mariculture,supervocab
41849,mark,supervocab
41850,mark up,supervocab
41851,market equilibrium,supervocab
41852,marketable,supervocab
41853,martial law,supervocab
41854,martyr,supervocab
41855,massive,supervocab
41856,mastectomy,supervocab
41857,maternalism,supervocab
41858,maternity leave,supervocab
41859,matrilineal family,supervocab
41860,mature,supervocab
41861,mausoleum,supervocab
41862,maxim,supervocab
41863,maxims of conversation,supervocab
41864,McCarthyism,supervocab
41865,meager,supervocab
41866,mean value,supervocab
41867,meandering,supervocab
41868,measure up to,supervocab
41869,meddle in,supervocab
41870,mediate,supervocab
41871,medieval,supervocab
41872,mediocre,supervocab
41873,meditate on,supervocab
41874,meek,supervocab
41875,melee,supervocab
41876,mellow,supervocab
41877,melting point,supervocab
41878,menace,supervocab
41879,menacing,supervocab
41880,Mencius,supervocab
41881,mended,supervocab
41882,menopausal discomfort,supervocab
41883,mental disorder,supervocab
41884,mercantilism,supervocab
41885,mercurial,supervocab
41886,meretricious,supervocab
41887,meridian,supervocab
41888,merit,supervocab
41889,mess up,supervocab
41890,metalanguage,supervocab
41891,metamorphose,supervocab
41892,metamorphosis,supervocab
41893,metaphysics,supervocab
41894,mete out,supervocab
41895,metempsychosis,supervocab
41896,meteor showers,supervocab
41897,meteorology,supervocab
41898,methane gas,supervocab
41899,methane hydrate,supervocab
41900,methanol,supervocab
41901,Methodism,supervocab
41902,metonymy,supervocab
41903,microfinance,supervocab
41904,microorganism,supervocab
41905,mid-career recruiting,supervocab
41906,middle ear inflammation,supervocab
41907,mien,supervocab
41908,miffed,supervocab
41909,migraine,supervocab
41910,migration,supervocab
41911,military intervention,supervocab
41912,militated against,supervocab
41913,militia,supervocab
41914,milk,supervocab
41915,mill about,supervocab
41916,mill around,supervocab
41917,milling machine,supervocab
41918,Minimalism,supervocab
41919,minimize,supervocab
41920,minimum clearance,supervocab
41921,minimum wage,supervocab
41922,ministerial-level talks,supervocab
41923,mirage,supervocab
41924,misanthrope,supervocab
41925,misappropriate,supervocab
41926,miserly,supervocab
41927,misgiving,supervocab
41928,misplace,supervocab
41929,misrepresented,supervocab
41930,missile deployment,supervocab
41931,mitigate,supervocab
41932,mnemonic device,supervocab
41933,modality,supervocab
41934,moderate,supervocab
41935,modest,supervocab
41936,modulus,supervocab
41937,mollify,supervocab
41938,molten lava,supervocab
41939,momentum,supervocab
41940,monastic,supervocab
41941,Monday-morning quarterback,supervocab
41942,monetarism,supervocab
41943,money-back guarantee,supervocab
41944,monkey around,supervocab
41945,monkey with,supervocab
41946,monograph,supervocab
41947,monopolize,supervocab
41948,mooch off,supervocab
41949,moonlighting,supervocab
41950,moonshot,supervocab
41951,moor,supervocab
41952,moral obligation,supervocab
41953,morale,supervocab
41954,morning sickness,supervocab
41955,morphology,supervocab
41956,Mortgage-Backed Securities,supervocab
41957,mortifying,supervocab
41958,most-favored-nation treatment,supervocab
41959,moth-eaten,supervocab
41960,mountain range,supervocab
41961,mountebank,supervocab
41962,mouth off,supervocab
41963,move up,supervocab
41964,muddled,supervocab
41965,mudslinging barrage,supervocab
41966,muffle,supervocab
41967,muggy,supervocab
41968,mulct,supervocab
41969,mull over,supervocab
41970,multicellular organism,supervocab
41971,multifarious,supervocab
41972,multiple independently-targetable reentry vehicle,supervocab
41973,multiple-choice exam,supervocab
41974,multiply,supervocab
41975,multiplying factor,supervocab
41976,mumblecore,supervocab
41977,mundane,supervocab
41978,munificent,supervocab
41979,muse on,supervocab
41980,muster up,supervocab
41981,mutate,supervocab
41982,mutation,supervocab
41983,mutilate,supervocab
41984,mutual funds,supervocab
41985,mutually,supervocab
41986,myriad,supervocab
41987,mystified,supervocab
41988,nail,supervocab
41989,nail down,supervocab
41990,nanotechnology,supervocab
41991,narrow down,supervocab
41992,national treasury,supervocab
41993,natural convection,supervocab
41994,natural habitat,supervocab
41995,natural selection,supervocab
41996,naturalism,supervocab
41997,nebular gas,supervocab
41998,nebulous,supervocab
41999,nefarious,supervocab
42000,neglect,supervocab
42001,negligible,supervocab
42002,negotiate,supervocab
42003,Neo-Impressionism,supervocab
42004,neophyte,supervocab
42005,nerve,supervocab
42006,nestling,supervocab
42007,net,supervocab
42008,nettlesome,supervocab
42009,neurosis,supervocab
42010,neuter,supervocab
42011,neutrino astronomy,supervocab
42012,newt,supervocab
42013,nexus,supervocab
42014,niche industry,supervocab
42015,night shift,supervocab
42016,night watchman,supervocab
42017,nirvana,supervocab
42018,nitpicking,supervocab
42019,nitrogen oxides,supervocab
42020,no-frills flight,supervocab
42021,nocturnal animal,supervocab
42022,noisome,supervocab
42023,nomad,supervocab
42024,non-aggression treaty,supervocab
42025,non-committal,supervocab
42026,non-ferrous metals,supervocab
42027,nonaffiliated voters,supervocab
42028,nonaligned neutrality,supervocab
42029,nonchalant,supervocab
42030,nonentity,supervocab
42031,nose into,supervocab
42032,nose-diving,supervocab
42033,notable,supervocab
42034,notch up,supervocab
42035,note,supervocab
42036,noted,supervocab
42037,nothingburger,supervocab
42038,novelty,supervocab
42039,novice,supervocab
42040,noxious,supervocab
42041,nuclear club,supervocab
42042,nuclear deterrence,supervocab
42043,nudge,supervocab
42044,nullify,supervocab
42045,numerator,supervocab
42046,numerical control machine,supervocab
42047,numerous,supervocab
42048,nursery school,supervocab
42049,nursing care insurance,supervocab
42050,nutritious,supervocab
42051,obfuscate,supervocab
42052,obliterate,supervocab
42053,oblivion,supervocab
42054,oblivious to,supervocab
42055,obnoxious,supervocab
42056,obscure,supervocab
42057,obsequious,supervocab
42058,obsessive,supervocab
42059,obsolete,supervocab
42060,obstinate,supervocab
42061,obstreperous,supervocab
42062,obtrusive,supervocab
42063,obviate,supervocab
42064,occultism,supervocab
42065,ocean trench,supervocab
42066,oceanography,supervocab
42067,octane number,supervocab
42068,off-year election,supervocab
42069,offhand,supervocab
42070,office supplies,supervocab
42071,official discount rate,supervocab
42072,official party endorsement,supervocab
42073,offshore funds,supervocab
42074,offspring,supervocab
42075,oil slick,supervocab
42076,oily,supervocab
42077,oleaginous,supervocab
42078,oligopoly market,supervocab
42079,ombudsman,supervocab
42080,ominous,supervocab
42081,omnidirectional microphone,supervocab
42082,one-China policy,supervocab
42083,one-percenter,supervocab
42084,onerous,supervocab
42085,online ghost,supervocab
42086,onomatopoeia,supervocab
42087,onset,supervocab
42088,ontology,supervocab
42089,open carry,supervocab
42090,open-book examination,supervocab
42091,ophthalmologist,supervocab
42092,oppressive,supervocab
42093,opprobrious,supervocab
42094,optics,supervocab
42095,opulent,supervocab
42096,oral contraceptive,supervocab
42097,ordinal number,supervocab
42098,ordinance,supervocab
42099,ornament,supervocab
42100,orthodontist,supervocab
42101,oscillating circuit,supervocab
42102,osmotic pressure,supervocab
42103,ostentatious,supervocab
42104,osteoporosis,supervocab
42105,Ostpolitik,supervocab
42106,ostracize,supervocab
42107,ostrich,supervocab
42108,otherwise,supervocab
42109,otorhinolaryngologist,supervocab
42110,oust,supervocab
42111,out-and-out,supervocab
42112,outdated,supervocab
42113,outgoing,supervocab
42114,outgrow,supervocab
42115,outlandish,supervocab
42116,outmoded,supervocab
42117,outpatient department,supervocab
42118,outstanding,supervocab
42119,outwit,supervocab
42120,overcurrent,supervocab
42121,overhead,supervocab
42122,overnight,supervocab
42123,overrule,supervocab
42124,oversee,supervocab
42125,overt,supervocab
42126,overthrow,supervocab
42127,overturn,supervocab
42128,overvoltage,supervocab
42129,own up to,supervocab
42130,oxidize,supervocab
42131,oxymoron,supervocab
42132,ozone depletion,supervocab
42133,paid vacation,supervocab
42134,palatable,supervocab
42135,palm A off with B,supervocab
42136,palpable,supervocab
42137,paltry,supervocab
42138,pamper,supervocab
42139,pan out,supervocab
42140,pancreas,supervocab
42141,pandemonium,supervocab
42142,pander to,supervocab
42143,pang of conscience,supervocab
42144,panic attack,supervocab
42145,pantheism,supervocab
42146,papal emissary,supervocab
42147,paper over,supervocab
42148,parabola,supervocab
42149,parade,supervocab
42150,paralanguage,supervocab
42151,parallel,supervocab
42152,parallel circuit,supervocab
42153,parallelogram,supervocab
42154,paralyze,supervocab
42155,paramount,supervocab
42156,parasitic fungi,supervocab
42157,pare down,supervocab
42158,Paris Club,supervocab
42159,parity,supervocab
42160,parliamentary immunity,supervocab
42161,parliamentary system,supervocab
42162,parochial,supervocab
42163,paroxysm,supervocab
42164,parsimonious,supervocab
42165,parsing,supervocab
42166,part from,supervocab
42167,part with,supervocab
42168,pass for,supervocab
42169,pass over,supervocab
42170,pass up,supervocab
42171,pastoral,supervocab
42172,pathetic,supervocab
42173,pathfinder,supervocab
42174,Pavlovian conditioning,supervocab
42175,peace envoy,supervocab
42176,peaceful coexistence,supervocab
42177,pedagogy,supervocab
42178,pediatrician,supervocab
42179,peg away at,supervocab
42180,pejorative,supervocab
42181,penalize,supervocab
42182,penchant,supervocab
42183,penetrate,supervocab
42184,penetration rate,supervocab
42185,penitent,supervocab
42186,penurious,supervocab
42187,pep rally,supervocab
42188,peptide bond,supervocab
42189,per capita income,supervocab
42190,performance appraisal,supervocab
42191,performing verb,supervocab
42192,perfunctory,supervocab
42193,periodically,supervocab
42194,peripatetic,supervocab
42195,perish,supervocab
42196,perk up,supervocab
42197,permafrost,supervocab
42198,permanent magnet,supervocab
42199,permeate,supervocab
42200,permutation,supervocab
42201,perpendicular,supervocab
42202,perpetual,supervocab
42203,perplexed,supervocab
42204,perquisite,supervocab
42205,perseverance,supervocab
42206,persevering,supervocab
42207,personnel cost,supervocab
42208,persuasive,supervocab
42209,perturb,supervocab
42210,pervade,supervocab
42211,pervasive,supervocab
42212,pesky,supervocab
42213,peter out,supervocab
42214,petition,supervocab
42215,petulant,supervocab
42216,phantom,supervocab
42217,phase out,supervocab
42218,phenomenology,supervocab
42219,philanthropic,supervocab
42220,philistine,supervocab
42221,Philosopher King,supervocab
42222,phlegm,supervocab
42223,phonics,supervocab
42224,phonology,supervocab
42225,photochemical smog,supervocab
42226,photosynthesis,supervocab
42227,photovoltaic cell,supervocab
42228,physical therapist,supervocab
42229,pick on,supervocab
42230,pick up on,supervocab
42231,picky,supervocab
42232,pictograph,supervocab
42233,pidgin,supervocab
42234,pier,supervocab
42235,pig out on,supervocab
42236,pilfer,supervocab
42237,pillage,supervocab
42238,pilot,supervocab
42239,pin down,supervocab
42240,pine for,supervocab
42241,pipe down,supervocab
42242,piquant,supervocab
42243,pitch,supervocab
42244,pitch in,supervocab
42245,pithy,supervocab
42246,pittance,supervocab
42247,pivot on,supervocab
42248,pivotal,supervocab
42249,pixel,supervocab
42250,placate,supervocab
42251,place,supervocab
42252,placebo effect,supervocab
42253,plagiarize,supervocab
42254,planned obsolescence,supervocab
42255,plant,supervocab
42256,plaque,supervocab
42257,platitude,supervocab
42258,platypus,supervocab
42259,plausible,supervocab
42260,play down,supervocab
42261,play on,supervocab
42262,play up,supervocab
42263,play up to,supervocab
42264,play well with,supervocab
42265,plea bargaining,supervocab
42266,plebiscite,supervocab
42267,pledge,supervocab
42268,plenary session,supervocab
42269,plight,supervocab
42270,plow A back into B,supervocab
42271,pluck up,supervocab
42272,plummet,supervocab
42273,plummeting,supervocab
42274,plunging,supervocab
42275,Pluto,supervocab
42276,poignancy,supervocab
42277,poignant,supervocab
42278,point of sale,supervocab
42279,Pointillism,supervocab
42280,poise,supervocab
42281,poke around,supervocab
42282,Polaris,supervocab
42283,polarization,supervocab
42284,polarize,supervocab
42285,polemic,supervocab
42286,Politburo,supervocab
42287,political assassination,supervocab
42288,political backlash,supervocab
42289,political contribution,supervocab
42290,political correctness,supervocab
42291,political dissidents,supervocab
42292,political manifesto,supervocab
42293,polysemy,supervocab
42294,polytheism,supervocab
42295,pompous,supervocab
42296,pontificate,supervocab
42297,pop up,supervocab
42298,Pope,supervocab
42299,popular sovereignty,supervocab
42300,porcupine,supervocab
42301,pore over,supervocab
42302,pork-barrel politics,supervocab
42303,portend,supervocab
42304,portentous,supervocab
42305,portray,supervocab
42306,positive charge,supervocab
42307,positivism,supervocab
42308,post,supervocab
42309,post-traumatic stress disorder,supervocab
42310,Post-Impressionism,supervocab
42311,postmodernism,supervocab
42312,postulate,supervocab
42313,potential energy,supervocab
42314,power amplifier,supervocab
42315,power failure,supervocab
42316,power transmission,supervocab
42317,powerful,supervocab
42318,practice,supervocab
42319,practicing doctor,supervocab
42320,pragmatics,supervocab
42321,pragmatism,supervocab
42322,pre-listed stocks,supervocab
42323,precious metal,supervocab
42324,precipitate,supervocab
42325,precipitation,supervocab
42326,precise,supervocab
42327,precision instrument,supervocab
42328,preclude,supervocab
42329,precursor,supervocab
42330,predecessor,supervocab
42331,predicament,supervocab
42332,predilection,supervocab
42333,preemptive,supervocab
42334,preemptive strike,supervocab
42335,preferably,supervocab
42336,preferential tariff,supervocab
42337,preliminary hearing,supervocab
42338,preoccupy,supervocab
42339,preordained,supervocab
42340,preposterous,supervocab
42341,presage,supervocab
42342,Presbyterianism,supervocab
42343,prescience,supervocab
42344,prescient,supervocab
42345,presidential primary,supervocab
42346,pressure trough,supervocab
42347,prestigious university,supervocab
42348,presume,supervocab
42349,presumptuous,supervocab
42350,pretax profit,supervocab
42351,pretentious,supervocab
42352,price busting,supervocab
42353,priceless,supervocab
42354,prick up,supervocab
42355,print,supervocab
42356,prisoner of war,supervocab
42357,private,supervocab
42358,probability,supervocab
42359,probationary period,supervocab
42360,probationary acceptance,supervocab
42361,proceeds,supervocab
42362,process,supervocab
42363,proclivity,supervocab
42364,prod,supervocab
42365,produce,supervocab
42366,product,supervocab
42367,profane,supervocab
42368,profligate,supervocab
42369,profound,supervocab
42370,profusion,supervocab
42371,progeny,supervocab
42372,prognosticate,supervocab
42373,progressive taxation,supervocab
42374,Prohibition,supervocab
42375,project,supervocab
42376,proliferate,supervocab
42377,prolix,supervocab
42378,prolong,supervocab
42379,prominent,supervocab
42380,promising,supervocab
42381,promotion transfer,supervocab
42382,promulgate,supervocab
42383,prop up,supervocab
42384,propaganda,supervocab
42385,propaganda war,supervocab
42386,propagate,supervocab
42387,proper,supervocab
42388,propitious,supervocab
42389,proponent,supervocab
42390,prosaic,supervocab
42391,prosody,supervocab
42392,prospect,supervocab
42393,prospective,supervocab
42394,prosthetic limb,supervocab
42395,protean,supervocab
42396,protectionism,supervocab
42397,Protestant denominations,supervocab
42398,protocol,supervocab
42399,protractor,supervocab
42400,provident,supervocab
42401,provincial,supervocab
42402,provincial government,supervocab
42403,provoke,supervocab
42404,proxemics,supervocab
42405,proxy war,supervocab
42406,prudent,supervocab
42407,prudish,supervocab
42408,pry,supervocab
42409,psych out,supervocab
42410,psychiatric center,supervocab
42411,psychosis,supervocab
42412,pugnacious,supervocab
42413,pull off,supervocab
42414,pull out,supervocab
42415,pull over,supervocab
42416,pull through,supervocab
42417,pumice,supervocab
42418,pump-priming measures,supervocab
42419,pupa,supervocab
42420,pure reason,supervocab
42421,puritanical,supervocab
42422,put down,supervocab
42423,quack,supervocab
42424,quadratic equation,supervocab
42425,Quaker,supervocab
42426,qualify,supervocab
42427,qualify for,supervocab
42428,quantitative monetary easing,supervocab
42429,quantum mechanics,supervocab
42430,quarantine,supervocab
42431,quasar,supervocab
42432,quash,supervocab
42433,quell,supervocab
42434,quenching,supervocab
42435,quick,supervocab
42436,quixotic,supervocab
42437,quotation,supervocab
42438,quote,supervocab
42439,Quran,supervocab
42440,rabble,supervocab
42441,rabble-rousing,supervocab
42442,racial integration,supervocab
42443,rack up,supervocab
42444,radical,supervocab
42445,radio wave,supervocab
42446,radioactive contamination,supervocab
42447,rage,supervocab
42448,rail against,supervocab
42449,rail at,supervocab
42450,rain down on,supervocab
42451,rake in,supervocab
42452,Ramadan,supervocab
42453,rambling,supervocab
42454,ramification,supervocab
42455,ramp up,supervocab
42456,ramshackle,supervocab
42457,rank and file,supervocab
42458,ransack,supervocab
42459,rapacious,supervocab
42460,rapprochement talks,supervocab
42461,rash,supervocab
42462,rasping,supervocab
42463,rat on,supervocab
42464,ratchet up,supervocab
42465,rational,supervocab
42466,rationalization,supervocab
42467,rattle off,supervocab
42468,ravine,supervocab
42469,raw,supervocab
42470,reach out for,supervocab
42471,readily,supervocab
42472,real image,supervocab
42473,real number,supervocab
42474,Realism,supervocab
42475,rebuff,supervocab
42476,rebuke,supervocab
42477,recalcitrant,supervocab
42478,recant,supervocab
42479,receptacle,supervocab
42480,receptive,supervocab
42481,rechargeable battery,supervocab
42482,recidivism,supervocab
42483,reciprocating pump,supervocab
42484,reconcile,supervocab
42485,recondite,supervocab
42486,reconnaissance plane,supervocab
42487,recrimination,supervocab
42488,recrystallization,supervocab
42489,rectify,supervocab
42490,rectifying circuit,supervocab
42491,redress,supervocab
42492,reduced to,supervocab
42493,reduction,supervocab
42494,redundant,supervocab
42495,reel off,supervocab
42496,reeling,supervocab
42497,refer,supervocab
42498,reference letter,supervocab
42499,refined,supervocab
42500,reflexology,supervocab
42501,refraction,supervocab
42502,refraction angle,supervocab
42503,refractory,supervocab
42504,refrigerant,supervocab
42505,refuge,supervocab
42506,refurbish,supervocab
42507,regenerative medicine,supervocab
42508,register,supervocab
42509,regression,supervocab
42510,regurgitate,supervocab
42511,reimburse,supervocab
42512,reinforce,supervocab
42513,reinstate,supervocab
42514,reject,supervocab
42515,relativism,supervocab
42516,relax,supervocab
42517,release,supervocab
42518,relentless,supervocab
42519,relinquish,supervocab
42520,remedial education,supervocab
42521,remedy,supervocab
42522,reminder,supervocab
42523,remission status,supervocab
42524,remnant,supervocab
42525,remodel,supervocab
42526,remonstrate,supervocab
42527,remorse,supervocab
42528,remorseful,supervocab
42529,remote,supervocab
42530,remunerative,supervocab
42531,renegade,supervocab
42532,renewable energy,supervocab
42533,renovate,supervocab
42534,renowned,supervocab
42535,repatriate,supervocab
42536,repeal,supervocab
42537,repentant,supervocab
42538,repercussion,supervocab
42539,report to,supervocab
42540,represent,supervocab
42541,repress,supervocab
42542,repression,supervocab
42543,reprieve,supervocab
42544,reprimand,supervocab
42545,reproach,supervocab
42546,repugnant,supervocab
42547,required course,supervocab
42548,rescind,supervocab
42549,reserve,supervocab
42550,resistivity,supervocab
42551,resolve,supervocab
42552,resonance frequency,supervocab
42553,resonate with,supervocab
42554,resplendent,supervocab
42555,rest on,supervocab
42556,rest with,supervocab
42557,restive,supervocab
42558,resultant resistance,supervocab
42559,resume,supervocab
42560,retain,supervocab
42561,reticent,supervocab
42562,retract,supervocab
42563,retrospective exhibition,supervocab
42564,return,supervocab
42565,return privilege,supervocab
42566,rev up,supervocab
42567,revaluation,supervocab
42568,revamp,supervocab
42569,revenue stamp,supervocab
42570,revere,supervocab
42571,reverence,supervocab
42572,revoke,supervocab
42573,revolution,supervocab
42574,revolutions per minute,supervocab
42575,revulsion,supervocab
42576,rheumatoid arthritis,supervocab
42577,rib,supervocab
42578,rickety,supervocab
42579,ride out,supervocab
42580,rifle through,supervocab
42581,rift,supervocab
42582,rigorous,supervocab
42583,riled,supervocab
42584,rip into,supervocab
42585,rise up against,supervocab
42586,risible,supervocab
42587,ritual,supervocab
42588,river,supervocab
42589,roaming,supervocab
42590,Robocalypse,supervocab
42591,robust,supervocab
42592,rocket trajectory,supervocab
42593,Rococo,supervocab
42594,roll back,supervocab
42595,roll off,supervocab
42596,roll out,supervocab
42597,Romanticism,supervocab
42598,room and board,supervocab
42599,root for,supervocab
42600,root out,supervocab
42601,rote memorization,supervocab
42602,rouge state,supervocab
42603,round out,supervocab
42604,round up,supervocab
42605,rout,supervocab
42606,royalty,supervocab
42607,rub it in,supervocab
42608,rub off on,supervocab
42609,rude,supervocab
42610,rudimentary,supervocab
42611,rueful,supervocab
42612,rugged,supervocab
42613,rule out,supervocab
42614,ruminate on,supervocab
42615,rummage,supervocab
42616,run down,supervocab
42617,run through,supervocab
42618,run-up,supervocab
42619,running mate,supervocab
42620,runoff voting,supervocab
42621,rust,supervocab
42622,rustic,supervocab
42623,rustle up,supervocab
42624,Sabbath,supervocab
42625,sabbatical term,supervocab
42626,saccharide,supervocab
42627,sacrament,supervocab
42628,sacrilegious,supervocab
42629,sacrosanct,supervocab
42630,sail into,supervocab
42631,salamander,supervocab
42632,sales channel,supervocab
42633,saline water,supervocab
42634,SALT,supervocab
42635,salt away,supervocab
42636,salubrious,supervocab
42637,salutary,supervocab
42638,salvage,supervocab
42639,salvation,supervocab
42640,salvo,supervocab
42641,samsara,supervocab
42642,sanctuary city,supervocab
42643,sand dune,supervocab
42644,sandbar,supervocab
42645,sanguine,supervocab
42646,sanitary,supervocab
42647,sarcastic,supervocab
42648,sardonic,supervocab
42649,satirical,supervocab
42650,saturate,supervocab
42651,saturation point,supervocab
42652,savvy,supervocab
42653,scale down,supervocab
42654,scales,supervocab
42655,scanty,supervocab
42656,scarce,supervocab
42657,scathing,supervocab
42658,schism,supervocab
42659,schizophrenia,supervocab
42660,school report,supervocab
42661,scientology,supervocab
42662,scoff,supervocab
42663,scoff at,supervocab
42664,scoot out for,supervocab
42665,scour,supervocab
42666,scourge,supervocab
42667,scrabble,supervocab
42668,scrape up,supervocab
42669,scratch out,supervocab
42670,scrawl,supervocab
42671,screen,supervocab
42672,screenager,supervocab
42673,screw up,supervocab
42674,scribble,supervocab
42675,scrounge around,supervocab
42676,scruple,supervocab
42677,scrupulous,supervocab
42678,scrutinize,supervocab
42679,scuffle,supervocab
42680,Sea Lines of Communication,supervocab
42681,seal,supervocab
42682,search engine optimization,supervocab
42683,seasonal rain front,supervocab
42684,seasonal wind,supervocab
42685,secession from the party,supervocab
42686,seclude,supervocab
42687,secrete,supervocab
42688,sectarian strife,supervocab
42689,secular,supervocab
42690,seditious,supervocab
42691,seductive,supervocab
42692,see through,supervocab
42693,seedy,supervocab
42694,seemingly,supervocab
42695,seethe,supervocab
42696,segregate,supervocab
42697,seismic center,supervocab
42698,seismic disturbance,supervocab
42699,seismic wave,supervocab
42700,selective,supervocab
42701,self-important,supervocab
42702,self-supporting accounting system,supervocab
42703,sell out,supervocab
42704,selling point,supervocab
42705,semantic,supervocab
42706,semantics,supervocab
42707,semiconductor,supervocab
42708,seniority system,supervocab
42709,sententious,supervocab
42710,separately,supervocab
42711,separation of powers,supervocab
42712,serendipity,supervocab
42713,serf,supervocab
42714,serial novels,supervocab
42715,serve,supervocab
42716,serve on,supervocab
42717,set A apart from B,supervocab
42718,set about,supervocab
42719,set back,supervocab
42720,set in,supervocab
42721,set out,supervocab
42722,settle,supervocab
42723,settle down,supervocab
42724,settle for,supervocab
42725,severance pay,supervocab
42726,sew up,supervocab
42727,sewage treatment,supervocab
42728,shadow,supervocab
42729,shake down,supervocab
42730,shake up,supervocab
42731,shakeout,supervocab
42732,shale gas,supervocab
42733,Sharia,supervocab
42734,sharp,supervocab
42735,shatter,supervocab
42736,shed,supervocab
42737,shed light on,supervocab
42738,sheer,supervocab
42739,shell company,supervocab
42740,shell out,supervocab
42741,ship out,supervocab
42742,shiver,supervocab
42743,shoddy,supervocab
42744,shoestring,supervocab
42745,shoo-in,supervocab
42746,shoot for,supervocab
42747,shoot off,supervocab
42748,shoot up to,supervocab
42749,shore up,supervocab
42750,shortcoming,supervocab
42751,shorting a security,supervocab
42752,shrewd,supervocab
42753,shrimp,supervocab
42754,shrink from,supervocab
42755,shrug off,supervocab
42756,shudder,supervocab
42757,sibling rivalry,supervocab
42758,sift through,supervocab
42759,sign off on,supervocab
42760,sign over,supervocab
42761,signatory,supervocab
42762,Sikhism,supervocab
42763,simmer down,supervocab
42764,sine wave,supervocab
42765,sinewy,supervocab
42766,single A out for B,supervocab
42767,single eye,supervocab
42768,sinister,supervocab
42769,sink in,supervocab
42770,sinusitis,supervocab
42771,siphon off,supervocab
42772,sit back,supervocab
42773,sit down with,supervocab
42774,sit for,supervocab
42775,sit in on,supervocab
42776,sit through,supervocab
42777,size up,supervocab
42778,skeleton staff,supervocab
42779,skepticism,supervocab
42780,skimp,supervocab
42781,skinny,supervocab
42782,skirmish,supervocab
42783,skirt around,supervocab
42784,skittish,supervocab
42785,slack off,supervocab
42786,slanted,supervocab
42787,slapstick comedy,supervocab
42788,slash,supervocab
42789,slash and burn agriculture,supervocab
42790,slaughter,supervocab
42791,sleazy,supervocab
42792,sleep apnea syndrome,supervocab
42793,sleep on,supervocab
42794,slender,supervocab
42795,slim,supervocab
42796,slipshod,supervocab
42797,slovenly,supervocab
42798,sludge,supervocab
42799,sluggish,supervocab
42800,smack of,supervocab
42801,small-and-medium-sized business,supervocab
42802,small-minded,supervocab
42803,smear,supervocab
42804,smear campaign,supervocab
42805,smoke out,supervocab
42806,smooth,supervocab
42807,smooth out,supervocab
42808,smooth over,supervocab
42809,smother,supervocab
42810,snap at,supervocab
42811,snatch,supervocab
42812,sneak up to,supervocab
42813,sneer at,supervocab
42814,sneeze at,supervocab
42815,snide,supervocab
42816,sniff out,supervocab
42817,snuff out,supervocab
42818,soak up,supervocab
42819,soar,supervocab
42820,sociolinguistics,supervocab
42821,sodium chloride,supervocab
42822,soil erosion,supervocab
42823,solar prominence,supervocab
42824,soldering iron,supervocab
42825,solvency margin,supervocab
42826,solvent,supervocab
42827,soothing,supervocab
42828,sophism,supervocab
42829,sophisticated,supervocab
42830,soporific,supervocab
42831,sort out,supervocab
42832,sound,supervocab
42833,sound bite,supervocab
42834,sound clips,supervocab
42835,sound off,supervocab
42836,sound out,supervocab
42837,sour on,supervocab
42838,space debris,supervocab
42839,space expansion,supervocab
42840,spacewalk,supervocab
42841,sparse,supervocab
42842,spasm,supervocab
42843,specific gravity,supervocab
42844,specimen,supervocab
42845,specious,supervocab
42846,spectator,supervocab
42847,specter,supervocab
42848,speculative stocks,supervocab
42849,speculator,supervocab
42850,speech act,supervocab
42851,speedometer,supervocab
42852,spell out,supervocab
42853,spent nuclear fuel reprocessing plant,supervocab
42854,spice up,supervocab
42855,spin doctor,supervocab
42856,spine,supervocab
42857,spiral galaxy,supervocab
42858,spiteful,supervocab
42859,splash out on,supervocab
42860,sponge off,supervocab
42861,spontaneous,supervocab
42862,spook,supervocab
42863,spore-bearing plants,supervocab
42864,spot,supervocab
42865,spouse tax deduction,supervocab
42866,spreadsheet application,supervocab
42867,spring up,supervocab
42868,spruce up,supervocab
42869,spur,supervocab
42870,spurious,supervocab
42871,spurn,supervocab
42872,square root,supervocab
42873,square up to,supervocab
42874,square with,supervocab
42875,squeal on,supervocab
42876,stag beetle,supervocab
42877,stagflation,supervocab
42878,stagger,supervocab
42879,staggering,supervocab
42880,stagnant,supervocab
42881,staid,supervocab
42882,stalactite cave,supervocab
42883,stalwart,supervocab
42884,stamp out,supervocab
42885,stand by,supervocab
42886,stand down as,supervocab
42887,stand with,supervocab
42888,standard deviation,supervocab
42889,standby power,supervocab
42890,stark,supervocab
42891,stash away,supervocab
42892,stately,supervocab
42893,static electricity,supervocab
42894,station,supervocab
42895,stationary satellite,supervocab
42896,statute,supervocab
42897,stave off,supervocab
42898,steadfast,supervocab
42899,steady,supervocab
42900,steep,supervocab
42901,stench,supervocab
42902,step up,supervocab
42903,sterile,supervocab
42904,stick around,supervocab
42905,stick up for,supervocab
42906,sticky,supervocab
42907,stiff,supervocab
42908,stifle,supervocab
42909,stigmatize,supervocab
42910,stipend,supervocab
42911,stipulate,supervocab
42912,stir up,supervocab
42913,stock buyout,supervocab
42914,stock option,supervocab
42915,stolid,supervocab
42916,storage capacity,supervocab
42917,storm,supervocab
42918,stormy,supervocab
42919,stow away,supervocab
42920,straighten out,supervocab
42921,straighten up,supervocab
42922,strain,supervocab
42923,strait,supervocab
42924,strapping,supervocab
42925,stratospheric ozone,supervocab
42926,stratum,supervocab
42927,straw poll,supervocab
42928,streamline,supervocab
42929,strenuous,supervocab
42930,stress,supervocab
42931,stretch,supervocab
42932,stretcher,supervocab
42933,strident,supervocab
42934,strike down,supervocab
42935,strike out,supervocab
42936,stringent,supervocab
42937,stroke,supervocab
42938,strong,supervocab
42939,structuralism,supervocab
42940,students,supervocab
42941,stupa,supervocab
42942,sturdy,supervocab
42943,subcontractor,supervocab
42944,subdue,supervocab
42945,subjective case,supervocab
42946,sublimation,supervocab
42947,sublime,supervocab
42948,subliminal perception,supervocab
42949,subsistence economy,supervocab
42950,substitute teacher,supervocab
42951,subtle,supervocab
42952,subtraction,supervocab
42953,subvert,supervocab
42954,succinct,supervocab
42955,succulent perennials,supervocab
42956,succumb,supervocab
42957,succumb to,supervocab
42958,suck up to,supervocab
42959,suffocate,supervocab
42960,Sufism,supervocab
42961,sulfuric acid,supervocab
42962,sulky,supervocab
42963,sullen,supervocab
42964,sultry,supervocab
42965,sum up,supervocab
42966,summon,supervocab
42967,summon up,supervocab
42968,sumptuous,supervocab
42969,Sunni Islam,supervocab
42970,sunstroke,supervocab
42971,superannuated,supervocab
42972,supercilious,supervocab
42973,superclusters,supervocab
42974,superconductivity,supervocab
42975,superintend,supervocab
42976,supernova,supervocab
42977,supersede,supervocab
42978,supervise,supervocab
42979,supplant,supervocab
42980,supply depot,supervocab
42981,supreme,supervocab
42982,surface tension,supervocab
42983,surfactant,supervocab
42984,surly,supervocab
42985,surpass,supervocab
42986,Surrealism,supervocab
42987,surrender value,supervocab
42988,surreptitious,supervocab
42989,survive,supervocab
42990,suspend,supervocab
42991,sustain,supervocab
42992,sustenance,supervocab
42993,swamped,supervocab
42994,swear off,supervocab
42995,sweat it out,supervocab
42996,sweep,supervocab
42997,sweeping,supervocab
42998,sweltering,supervocab
42999,swerve,supervocab
43000,swift,supervocab
43001,swindle,supervocab
43002,swollen-headed,supervocab
43003,swoop,supervocab
43004,sycophantic,supervocab
43005,syllabary,supervocab
43006,sympathy vote,supervocab
43007,synagogue,supervocab
43008,syntax,supervocab
43009,synthetic resin,supervocab
43010,tachometer,supervocab
43011,taciturn,supervocab
43012,tacky,supervocab
43013,tadpole,supervocab
43014,tailor,supervocab
43015,taint,supervocab
43016,take back,supervocab
43017,take in,supervocab
43018,take it out on,supervocab
43019,take on,supervocab
43020,take out,supervocab
43021,take over,supervocab
43022,take to,supervocab
43023,take up,supervocab
43024,Talmud,supervocab
43025,tamper with,supervocab
43026,tangential,supervocab
43027,tantalizing,supervocab
43028,Taoism,supervocab
43029,tap into,supervocab
43030,taper off,supervocab
43031,tarnish,supervocab
43032,taunt,supervocab
43033,tautological,supervocab
43034,tautology,supervocab
43035,tawdry,supervocab
43036,tax,supervocab
43037,tax haven,supervocab
43038,tax in arrears,supervocab
43039,tax return,supervocab
43040,teaching practicum,supervocab
43041,tease out,supervocab
43042,tectonic activity,supervocab
43043,tedious,supervocab
43044,tee off,supervocab
43045,tell on,supervocab
43046,telling,supervocab
43047,temerity,supervocab
43048,temperament,supervocab
43049,tempering,supervocab
43050,tempestuous,supervocab
43051,temporarily,supervocab
43052,temporary worker,supervocab
43053,tempting,supervocab
43054,tenable,supervocab
43055,tenacious,supervocab
43056,tender,supervocab
43057,tepid,supervocab
43058,term,supervocab
43059,term paper,supervocab
43060,terminal care,supervocab
43061,termite,supervocab
43062,terrestrial planets,supervocab
43063,terrorizing,supervocab
43064,terse,supervocab
43065,testify to,supervocab
43066,testimonial advertising,supervocab
43067,tetanus vaccination,supervocab
43068,the 49ers,supervocab
43069,the Advent,supervocab
43070,the Age of Enlightenment,supervocab
43071,the Amish,supervocab
43072,the Amsterdam Treaty,supervocab
43073,the Analects of Confucius,supervocab
43074,the Apocalypse,supervocab
43075,the Arab street,supervocab
43076,the asteroid belt,supervocab
43077,the Atonement,supervocab
43078,the axis of evil,supervocab
43079,the Beat Generation,supervocab
43080,the Big Board,supervocab
43081,the bill of rights,supervocab
43082,the Black Death,supervocab
43083,the bystander effect,supervocab
43084,the Caligula Effect,supervocab
43085,the catechism,supervocab
43086,the Cenozoic era,supervocab
43087,the Christian Crusades,supervocab
43088,the Civil War,supervocab
43089,the Code of Hammurabi,supervocab
43090,the Convention on Biological Diversity,supervocab
43091,the Corinthian order,supervocab
43092,the Corporate Rehabilitation Law,supervocab
43093,the Crusades,supervocab
43094,the Cultural Revolution,supervocab
43095,the Dayton Agreement,supervocab
43096,the deductive method,supervocab
43097,the Democratic Caucus,supervocab
43098,the divine right of kings,supervocab
43099,the Doppler effect,supervocab
43100,the earth's crust,supervocab
43101,the Emancipation Proclamation,supervocab
43102,the endocrine system,supervocab
43103,the Episcopal Church,supervocab
43104,the Equal Rights Amendment,supervocab
43105,the Eucharist,supervocab
43106,the extrasensory perception,supervocab
43107,the Federal Reserve Bank,supervocab
43108,The Five Classics,supervocab
43109,the Foehn phenomena,supervocab
43110,the Four Noble Truths and the Eightfold Noble Path,supervocab
43111,the Frigid Zone,supervocab
43112,the futures market,supervocab
43113,the G7 communique,supervocab
43114,the galaxy,supervocab
43115,the Golden Triangle,supervocab
43116,the Gothic style,supervocab
43117,the Grand Old Party,supervocab
43118,the greatest common denominator,supervocab
43119,the Ground-Zero world,supervocab
43120,the heat island phenomenon,supervocab
43121,the Holocaust,supervocab
43122,the Holy See,supervocab
43123,the Homestead Acts,supervocab
43124,the INF treaty,supervocab
43125,the Inquisition,supervocab
43126,the Intergovernmental Panel on Climate Change,supervocab
43127,the International Atomic Energy Agency,supervocab
43128,the International Court of Justice,supervocab
43129,the International Space Station,supervocab
43130,the Japan Aerospace Exploration Agency,supervocab
43131,the Japanese Archipelago,supervocab
43132,the Ku Klux Klan,supervocab
43133,the Kyoto Protocol,supervocab
43134,the large intestine,supervocab
43135,the law of action and reaction,supervocab
43136,the law of conservation of energy,supervocab
43137,the law of inertia,supervocab
43138,the Maastricht Treaty,supervocab
43139,The Marshall Plan,supervocab
43140,the Meteorological Agency,supervocab
43141,the Mint,supervocab
43142,the Monroe Doctrine,supervocab
43143,the Montgomery Bus Boycott,supervocab
43144,the Nankai Trough,supervocab
43145,the Napoleon complex,supervocab
43146,the National Aeronautics and Space Administration,supervocab
43147,the National Rifle Association,supervocab
43148,the National Security Council,supervocab
43149,the New Testament,supervocab
43150,the Nolan Committee,supervocab
43151,the Oedipus complex,supervocab
43152,the Ohm's law,supervocab
43153,the Oslo Agreement,supervocab
43154,the Pacific rim,supervocab
43155,the Paleolithic Age,supervocab
43156,the Paleozoic era,supervocab
43157,the periodic law,supervocab
43158,the pharmaceutical industry,supervocab
43159,the Presidium,supervocab
43160,the primary sector,supervocab
43161,the Protestant Reformation,supervocab
43162,the PTBT,supervocab
43163,the Pygmalion effect,supervocab
43164,the Reconquista,supervocab
43165,the Reformation,supervocab
43166,the Republican National Convention,supervocab
43167,the Resurrection,supervocab
43168,the retail price index,supervocab
43169,the Romanesque style,supervocab
43170,the Scriptures,supervocab
43171,the Secessin,supervocab
43172,the Socratic method,supervocab
43173,the Solar System,supervocab
43174,the State of the Union Message,supervocab
43175,the Ten Commandments,supervocab
43176,the theory of evolution,supervocab
43177,the theory of relativity,supervocab
43178,the Tokyo Metropolitan Police Department,supervocab
43179,the Tokyo Stock Exchange,supervocab
43180,the Torah,supervocab
43181,the Tories,supervocab
43182,the Trinity,supervocab
43183,the U.N. Charter,supervocab
43184,the U.N. General Assembly,supervocab
43185,the United Nations Security Council,supervocab
43186,the United States Census Bureau,supervocab
43187,the Vedas,supervocab
43188,the Whitewater Affair,supervocab
43189,the Wild West,supervocab
43190,the yen's appreciation,supervocab
43191,Theater Missile Defense,supervocab
43192,thermal insulation,supervocab
43193,thesis,supervocab
43194,thin,supervocab
43195,thin out,supervocab
43196,thorny,supervocab
43197,thought-provoking,supervocab
43198,thrash out,supervocab
43199,three-martini lunch,supervocab
43200,threshold,supervocab
43201,thrifty,supervocab
43202,thrive on,supervocab
43203,throw back to,supervocab
43204,throw together,supervocab
43205,thumb through,supervocab
43206,thwart,supervocab
43207,tick off,supervocab
43208,ticklish,supervocab
43209,tidal wave,supervocab
43210,tide over,supervocab
43211,tidy up,supervocab
43212,tight-money policy belt-tightening,supervocab
43213,tinker with,supervocab
43214,title deed,supervocab
43215,toil away at,supervocab
43216,tolerate,supervocab
43217,tone down,supervocab
43218,topography,supervocab
43219,topple,supervocab
43220,torment,supervocab
43221,tormented with,supervocab
43222,tornado,supervocab
43223,torpedo-boat destroyer,supervocab
43224,torpid,supervocab
43225,torque,supervocab
43226,torrential rain,supervocab
43227,tortoise,supervocab
43228,total solar eclipse,supervocab
43229,tottering,supervocab
43230,touch off,supervocab
43231,touch on,supervocab
43232,touching,supervocab
43233,touchy,supervocab
43234,toxic,supervocab
43235,toxic substances,supervocab
43236,toy with,supervocab
43237,track,supervocab
43238,track down,supervocab
43239,tractable,supervocab
43240,trade on,supervocab
43241,traffic,supervocab
43242,trailblazer,supervocab
43243,transcendentalism,supervocab
43244,transfer,supervocab
43245,transfer A to B,supervocab
43246,transform,supervocab
43247,transformer,supervocab
43248,transgress,supervocab
43249,transitory,supervocab
43250,translucent,supervocab
43251,transparent,supervocab
43252,trap,supervocab
43253,travesty,supervocab
43254,treasury bond,supervocab
43255,treatise,supervocab
43256,tremble,supervocab
43257,trenchant,supervocab
43258,trepidation,supervocab
43259,tribulation,supervocab
43260,trickle-down economics,supervocab
43261,trickster,supervocab
43262,trifle with,supervocab
43263,trifling,supervocab
43264,trigonometric function,supervocab
43265,trilogy,supervocab
43266,trite,supervocab
43267,trivial,supervocab
43268,tropic,supervocab
43269,tropical storm,supervocab
43270,troubleshooter,supervocab
43271,trounce,supervocab
43272,truancy,supervocab
43273,true-to-life,supervocab
43274,trump up,supervocab
43275,trust A with B,supervocab
43276,tuberculosis,supervocab
43277,tuck into,supervocab
43278,tune out,supervocab
43279,turbid,supervocab
43280,turn around,supervocab
43281,turn off,supervocab
43282,turn on,supervocab
43283,turn out,supervocab
43284,turn out for,supervocab
43285,turn over,supervocab
43286,turnover rate,supervocab
43287,turret,supervocab
43288,tussle,supervocab
43289,tutelage,supervocab
43290,twenty-twenty vision,supervocab
43291,typify,supervocab
43292,tyrannical,supervocab
43293,tyranny,supervocab
43294,tyro,supervocab
43295,ultimatum,supervocab
43296,umbilical cord,supervocab
43297,umbrage,supervocab
43298,umpteen,supervocab
43299,unanimous,supervocab
43300,unbridled,supervocab
43301,uncanny,supervocab
43302,unchecked,supervocab
43303,Uncle Sam,supervocab
43304,unconditional,supervocab
43305,unconstrained,supervocab
43306,uncouth,supervocab
43307,uncover,supervocab
43308,unctuous,supervocab
43309,underachiever,supervocab
43310,undercover agent,supervocab
43311,underemployed,supervocab
43312,undergraduate student,supervocab
43313,underline,supervocab
43314,underscore,supervocab
43315,underwriter,supervocab
43316,unearned income,supervocab
43317,unearth,supervocab
43318,unemployment allowance,supervocab
43319,unfathomable,supervocab
43320,unflagging,supervocab
43321,unicorn,supervocab
43322,universal care,supervocab
43323,universal gravitation,supervocab
43324,universal suffrage,supervocab
43325,unlawful,supervocab
43326,unleash,supervocab
43327,unmindful of,supervocab
43328,unmitigated,supervocab
43329,unqualified,supervocab
43330,unravel,supervocab
43331,unremitting,supervocab
43332,unrestrained,supervocab
43333,unshakable,supervocab
43334,unvarying,supervocab
43335,unwavering,supervocab
43336,uprising,supervocab
43337,uproarious,supervocab
43338,upscale,supervocab
43339,upset,supervocab
43340,upstage,supervocab
43341,urban mines,supervocab
43342,urbane,supervocab
43343,usher in,supervocab
43344,usurp,supervocab
43345,utensil,supervocab
43346,utilitarianism,supervocab
43347,utility charges,supervocab
43348,utmost,supervocab
43349,utopian,supervocab
43350,vacillating,supervocab
43351,vainglorious,supervocab
43352,valedictorian speech,supervocab
43353,valence,supervocab
43354,Value Added Tax,supervocab
43355,vandalize,supervocab
43356,vanity,supervocab
43357,vanquish,supervocab
43358,vapid,supervocab
43359,variable,supervocab
43360,vascular plant,supervocab
43361,vassal,supervocab
43362,vaunt,supervocab
43363,veer,supervocab
43364,vehement,supervocab
43365,venal,supervocab
43366,venerate,supervocab
43367,venial,supervocab
43368,venom,supervocab
43369,venomous,supervocab
43370,ventilator,supervocab
43371,verb conjugation,supervocab
43372,verbose,supervocab
43373,verge,supervocab
43374,verify,supervocab
43375,veritable,supervocab
43376,vernal equinox,supervocab
43377,vertical,supervocab
43378,vestige,supervocab
43379,vibrant,supervocab
43380,vibration amplitude,supervocab
43381,vicious,supervocab
43382,vicissitude,supervocab
43383,vie,supervocab
43384,vie with,supervocab
43385,vigorous,supervocab
43386,vindicated from,supervocab
43387,vinyl chloride,supervocab
43388,violent,supervocab
43389,viral infection,supervocab
43390,virgin forest,supervocab
43391,virtual water,supervocab
43392,virtuous,supervocab
43393,virulent,supervocab
43394,visceral,supervocab
43395,viscosity coefficient,supervocab
43396,visionary,supervocab
43397,vital,supervocab
43398,vital capacity,supervocab
43399,vitiate,supervocab
43400,vitriolic,supervocab
43401,vivacious,supervocab
43402,vivid,supervocab
43403,viviparity,supervocab
43404,vocational school,supervocab
43405,vociferous,supervocab
43406,voice recognition,supervocab
43407,void,supervocab
43408,volatile,supervocab
43409,volcanic ash,supervocab
43410,volume,supervocab
43411,voluntarily,supervocab
43412,volute,supervocab
43413,voracious,supervocab
43414,vouch for,supervocab
43415,voucher,supervocab
43416,vulgar,supervocab
43417,wade into,supervocab
43418,wade through,supervocab
43419,wage,supervocab
43420,waive,supervocab
43421,walk,supervocab
43422,all,supervocab
43423,over,supervocab
43424,walk out on,supervocab
43425,walk-in,supervocab
43426,walkout,supervocab
43427,wallop,supervocab
43428,wane,supervocab
43429,war dead,supervocab
43430,ward off,supervocab
43431,warlike,supervocab
43432,warm to,supervocab
43433,warm up to,supervocab
43434,warranty,supervocab
43435,wartime atrocity,supervocab
43436,wash out,supervocab
43437,water down,supervocab
43438,waver,supervocab
43439,waylay,supervocab
43440,wear off,supervocab
43441,wear out,supervocab
43442,weather,supervocab
43443,weathering,supervocab
43444,weed out,supervocab
43445,weigh A against B,supervocab
43446,weigh in on,supervocab
43447,weigh on,supervocab
43448,well up,supervocab
43449,well-paying,supervocab
43450,westerlies,supervocab
43451,whale shark,supervocab
43452,while away,supervocab
43453,whine,supervocab
43454,whip up,supervocab
43455,whirlpool,supervocab
43456,whisk away,supervocab
43457,whittle down,supervocab
43458,wholesome,supervocab
43459,wicked,supervocab
43460,wild,supervocab
43461,wind instrument,supervocab
43462,wind up,supervocab
43463,window-dressing statements,supervocab
43464,wink at,supervocab
43465,wipe off,supervocab
43466,wipe out,supervocab
43467,wisdom tooth,supervocab
43468,wise up to,supervocab
43469,wishy-washy,supervocab
43470,wither,supervocab
43471,withhold,supervocab
43472,withholding tax,supervocab
43473,withstand,supervocab
43474,wobbling,supervocab
43475,woeful,supervocab
43476,woo,supervocab
43477,word-of-mouth advertising,supervocab
43478,wordy,supervocab
43479,work off,supervocab
43480,work out,supervocab
43481,work up,supervocab
43482,wrangle,supervocab
43483,wrap up,supervocab
43484,wrinkle,supervocab
43485,write off,supervocab
43486,wrongful,supervocab
43487,yearn for,supervocab
43488,yield,supervocab
43489,yield in to,supervocab
43490,zeal,supervocab
43491,zero in on,supervocab
43492,Zionism,supervocab
43493,Zoroastrianism,supervocab
